1
3
6
8
11
13
16
18
21
23
26
28
31
33
36
38
41
43
46
48
51
53
55
58
60
62
65
67
70
72
74
77
79
81
84
86
89
91
93
96
98
101
101
102
103
104
105
106
107
108
108
109
110
111
112
113
114
115
115
116
117
118
119
120
121
122
122
123
124
125
126
127
128
129
129
130
131
132
133
134
135
136
136
137
138
139
140
141
142
143
143
144
145
146
147
148
149
150
151
152
153
154
155
156
157
158
159
161
162
163
164
165
166
167
168
169
171
172
173
174
175
176
177
178
179
181
182
183
184
185
186
187
188
189
191
192
193
194
195
196
197
198
199
201
201
201
201
201
201
201
201
201
201
201
201
201
202
202
202
202
202
202
202
202
202
202
202
202
203
203
203
203
203
203
203
203
203
203
203
203
203
204
204
204
204
204
204
204
204
204
204
204
204
205
205
205
205
205
205
205
205
205
205
205
205
205
206
206
206
206
206
206
206
206
206
206
206
206
207
207
207
207
207
207
207
207
207
207
207
207
207
208
208
208
208
208
208
208
208
208
208
208
208
209
209
209
209
209
209
209
209
209
209
209
209
209
210
210
210
210
210
210
210
210
210
210
210
210
211
211
211
211
211
211
211
211
211
211
211
211
211
212
212
212
212
212
212
212
212
212
212
212
212
213
213
213
213
213
213
213
213
213
213
213
213
213
214
214
214
214
214
214
214
214
214
214
214
214
215
215
215
215
215
215
215
215
215
215
215
215
215
216
216
216
216
216
216
216
216
216
216
216
216
217
217
217
217
217
217
217
217
217
217
217
217
217
218
218
218
218
218
218
218
218
218
218
218
218
219
219
219
219
219
219
219
219
219
219
219
219
219
220
220
220
220
220
220
220
220
220
220
220
220
221
221
221
221
221
221
221
221
221
221
221
221
221
222
222
222
222
222
222
222
222
222
222
222
222
223
223
223
223
223
223
223
223
223
223
223
223
223
224
224
224
224
224
224
224
224
224
224
224
224
225
225
225
225
225
225
225
225
225
225
225
225
225
226
226
226
226
226
226
226
226
226
226
226
226
227
227
227
227
227
227
227
227
227
227
227
227
227
228
228
228
228
228
228
228
228
228
228
228
228
229
229
229
229
229
229
229
229
229
229
229
229
229
230
230
230
230
230
230
230
230
230
230
230
230
231
231
231
231
231
231
231
231
231
231
231
231
231
232
232
232
232
232
232
232
232
232
232
232
232
233
233
233
233
233
233
233
233
233
233
233
233
233
234
234
234
234
234
234
234
234
234
234
234
234
235
235
235
235
235
235
235
235
235
235
235
235
235
236
236
236
236
236
236
236
236
236
236
236
236
237
237
237
237
237
237
237
237
237
237
237
237
237
238
238
238
238
238
238
238
238
238
238
238
238
239
239
239
239
239
239
239
239
239
239
239
239
239
240
240
240
240
240
240
240
240
240
240
240
240
241
241
241
241
241
241
241
241
241
241
241
241
241
242
242
242
242
242
242
242
242
242
242
242
242
243
243
243
243
243
243
243
243
243
243
243
243
243
244
244
244
244
244
244
244
244
244
244
244
244
245
245
245
245
245
245
245
245
245
245
245
245
245
246
246
246
246
246
246
246
246
246
246
246
246
247
247
247
247
247
247
247
247
247
247
247
247
247
248
248
248
248
248
248
248
248
248
248
248
248
249
249
249
249
249
249
249
249
249
249
249
249
249
250
250
250
250
250
250
250
250
250
250
250
250
251
251
251
251
251
251
251
251
251
251
251
251
251
252
252
252
252
252
252
252
252
252
252
252
252
253
253
253
253
253
253
253
253
253
253
253
253
253
254
254
254
254
254
254
254
254
254
254
254
254
255
255
255
255
255
255
255
255
255
255
255
255
255
256
256
256
256
256
256
256
256
256
256
256
256
257
257
257
257
257
257
257
257
257
257
257
257
257
258
258
258
258
258
258
258
258
258
258
258
258
259
259
259
259
259
259
259
259
259
259
259
259
259
260
260
260
260
260
260
260
260
260
260
260
260
261
261
261
261
261
261
261
261
261
261
261
261
261
262
262
262
262
262
262
262
262
262
262
262
262
263
263
263
263
263
263
263
263
263
263
263
263
263
264
264
264
264
264
264
264
264
264
264
264
264
265
265
265
265
265
265
265
265
265
265
265
265
265
266
266
266
266
266
266
266
266
266
266
266
266
267
267
267
267
267
267
267
267
267
267
267
267
267
268
268
268
268
268
268
268
268
268
268
268
268
269
269
269
269
269
269
269
269
269
269
269
269
269
270
270
270
270
270
270
270
270
270
270
270
270
271
271
271
271
271
271
271
271
271
271
271
271
271
272
272
272
272
272
272
272
272
272
272
272
272
273
273
273
273
273
273
273
273
273
273
273
273
273
274
274
274
274
274
274
274
274
274
274
274
274
275
275
275
275
275
275
275
275
275
275
275
275
275
276
276
276
276
276
276
276
276
276
276
276
276
277
277
277
277
277
277
277
277
277
277
277
277
277
278
278
278
278
278
278
278
278
278
278
278
278
279
279
279
279
279
279
279
279
279
279
279
279
279
280
280
280
280
280
280
280
280
280
280
280
280
281
281
281
281
281
281
281
281
281
281
281
281
281
282
282
282
282
282
282
282
282
282
282
282
282
283
283
283
283
283
283
283
283
283
283
283
283
283
284
284
284
284
284
284
284
284
284
284
284
284
285
285
285
285
285
285
285
285
285
285
285
285
285
286
286
286
286
286
286
286
286
286
286
286
286
287
287
287
287
287
287
287
287
287
287
287
287
287
288
288
288
288
288
288
288
288
288
288
288
288
289
289
289
289
289
289
289
289
289
289
289
289
289
290
290
290
290
290
290
290
290
290
290
290
290
291
291
291
291
291
291
291
291
291
291
291
291
291
292
292
292
292
292
292
292
292
292
292
292
292
293
293
293
293
293
293
293
293
293
293
293
293
293
294
294
294
294
294
294
294
294
294
294
294
294
295
295
295
295
295
295
295
295
295
295
295
295
295
296
296
296
296
296
296
296
296
296
296
296
296
297
297
297
297
297
297
297
297
297
297
297
297
297
298
298
298
298
298
298
298
298
298
298
298
298
299
299
299
299
299
299
299
299
299
299
299
299
299
300
300
300
300
300
300
300
300
300
300
300
300
301
301
301
301
301
301
301
301
301
301
301
301
301
302
302
302
302
302
302
302
302
302
302
302
302
303
303
303
303
303
303
303
303
303
303
303
303
303
304
304
304
304
304
304
304
304
304
304
304
304
305
305
305
305
305
305
305
305
305
305
305
305
305
306
306
306
306
306
306
306
306
306
306
306
306
307
307
307
307
307
307
307
307
307
307
307
307
307
308
308
308
308
308
308
308
308
308
308
308
308
309
309
309
309
309
309
309
309
309
309
309
309
309
310
310
310
310
310
310
310
310
310
310
310
310
311
311
311
311
311
311
311
311
311
311
311
311
311
312
312
312
312
312
312
312
312
312
312
312
312
313
313
313
313
313
313
313
313
313
313
313
313
313
314
314
314
314
314
314
314
314
314
314
314
314
315
315
315
315
315
315
315
315
315
315
315
315
315
316
316
316
316
316
316
316
316
316
316
316
316
317
317
317
317
317
317
317
317
317
317
317
317
317
318
318
318
318
318
318
318
318
318
318
318
318
319
319
319
319
319
319
319
319
319
319
319
319
319
320
320
320
320
320
320
320
320
320
320
320
320
321
321
321
321
321
321
321
321
321
321
321
321
321
322
322
322
322
322
322
322
322
322
322
322
322
323
323
323
323
323
323
323
323
323
323
323
323
323
324
324
324
324
324
324
324
324
324
324
324
324
325
325
325
325
325
325
325
325
325
325
325
325
325
326
326
326
326
326
326
326
326
326
326
326
326
327
327
327
327
327
327
327
327
327
327
327
327
327
328
328
328
328
328
328
328
328
328
328
328
328
329
329
329
329
329
329
329
329
329
329
329
329
329
330
330
330
330
330
330
330
330
330
330
330
330
331
331
331
331
331
331
331
331
331
331
331
331
331
332
332
332
332
332
332
332
332
332
332
332
332
333
333
333
333
333
333
333
333
333
333
333
333
333
334
334
334
334
334
334
334
334
334
334
334
334
335
335
335
335
335
335
335
335
335
335
335
335
335
336
336
336
336
336
336
336
336
336
336
336
336
337
337
337
337
337
337
337
337
337
337
337
337
337
338
338
338
338
338
338
338
338
338
338
338
338
339
339
339
339
339
339
339
339
339
339
339
339
339
340
340
340
340
340
340
340
340
340
340
340
340
341
341
341
341
341
341
341
341
341
341
341
341
341
342
342
342
342
342
342
342
342
342
342
342
342
343
343
343
343
343
343
343
343
343
343
343
343
343
344
344
344
344
344
344
344
344
344
344
344
344
345
345
345
345
345
345
345
345
345
345
345
345
345
346
346
346
346
346
346
346
346
346
346
346
346
347
347
347
347
347
347
347
347
347
347
347
347
347
348
348
348
348
348
348
348
348
348
348
348
348
349
349
349
349
349
349
349
349
349
349
349
349
349
350
350
350
350
350
350
350
350
350
350
350
350
351
351
351
351
351
351
351
351
351
351
351
351
351
352
352
352
352
352
352
352
352
352
352
352
352
353
353
353
353
353
353
353
353
353
353
353
353
353
354
354
354
354
354
354
354
354
354
354
354
354
355
355
355
355
355
355
355
355
355
355
355
355
355
356
356
356
356
356
356
356
356
356
356
356
356
357
357
357
357
357
357
357
357
357
357
357
357
357
358
358
358
358
358
358
358
358
358
358
358
358
359
359
359
359
359
359
359
359
359
359
359
359
359
360
360
360
360
360
360
360
360
360
360
360
360
361
361
361
361
361
361
361
361
361
361
361
361
361
362
362
362
362
362
362
362
362
362
362
362
362
363
363
363
363
363
363
363
363
363
363
363
363
363
364
364
364
364
364
364
364
364
364
364
364
364
365
365
365
365
365
365
365
365
365
365
365
365
365
366
366
366
366
366
366
366
366
366
366
366
366
367
367
367
367
367
367
367
367
367
367
367
367
367
368
368
368
368
368
368
368
368
368
368
368
368
369
369
369
369
369
369
369
369
369
369
369
369
369
370
370
370
370
370
370
370
370
370
370
370
370
371
371
371
371
371
371
371
371
371
371
371
371
371
372
372
372
372
372
372
372
372
372
372
372
372
373
373
373
373
373
373
373
373
373
373
373
373
373
374
374
374
374
374
374
374
374
374
374
374
374
375
375
375
375
375
375
375
375
375
375
375
375
375
376
376
376
376
376
376
376
376
376
376
376
376
377
377
377
377
377
377
377
377
377
377
377
377
377
378
378
378
378
378
378
378
378
378
378
378
378
379
379
379
379
379
379
379
379
379
379
379
379
379
380
380
380
380
380
380
380
380
380
380
380
380
381
381
381
381
381
381
381
381
381
381
381
381
381
382
382
382
382
382
382
382
382
382
382
382
382
383
383
383
383
383
383
383
383
383
383
383
383
383
384
384
384
384
384
384
384
384
384
384
384
384
385
385
385
385
385
385
385
385
385
385
385
385
385
386
386
386
386
386
386
386
386
386
386
386
386
387
387
387
387
387
387
387
387
387
387
387
387
387
388
388
388
388
388
388
388
388
388
388
388
388
389
389
389
389
389
389
389
389
389
389
389
389
389
390
390
390
390
390
390
390
390
390
390
390
390
391
391
391
391
391
391
391
391
391
391
391
391
391
392
392
392
392
392
392
392
392
392
392
392
392
393
393
393
393
393
393
393
393
393
393
393
393
393
394
394
394
394
394
394
394
394
394
394
394
394
395
395
395
395
395
395
395
395
395
395
395
395
395
396
396
396
396
396
396
396
396
396
396
396
396
397
397
397
397
397
397
397
397
397
397
397
397
397
398
398
398
398
398
398
398
398
398
398
398
398
399
399
399
399
399
399
399
399
399
399
399
399
399
400
400
400
400
400
400
400
400
400
400
400
400
401
401
401
401
401
401
401
401
401
402
402
402
402
402
402
402
402
403
403
403
403
403
403
403
403
403
404
404
404
404
404
404
404
404
405
405
405
405
405
405
405
405
406
406
406
406
406
406
406
406
406
407
407
407
407
407
407
407
407
408
408
408
408
408
408
408
408
408
409
409
409
409
409
409
409
409
410
410
410
410
410
410
410
410
411
411
411
411
411
411
411
411
411
412
412
412
412
412
412
412
412
413
413
413
413
413
413
413
413
413
414
414
414
414
414
414
414
414
415
415
415
415
415
415
415
415
416
416
416
416
416
416
416
416
416
417
417
417
417
417
417
417
417
418
418
418
418
418
418
418
418
418
419
419
419
419
419
419
419
419
420
420
420
420
420
420
420
420
421
421
421
421
421
421
421
421
421
422
422
422
422
422
422
422
422
423
423
423
423
423
423
423
423
423
424
424
424
424
424
424
424
424
425
425
425
425
425
425
425
425
426
426
426
426
426
426
426
426
426
427
427
427
427
427
427
427
427
428
428
428
428
428
428
428
428
428
429
429
429
429
429
429
429
429
430
430
430
430
430
430
430
430
431
431
431
431
431
431
431
431
431
432
432
432
432
432
432
432
432
433
433
433
433
433
433
433
433
433
434
434
434
434
434
434
434
434
435
435
435
435
435
435
435
435
436
436
436
436
436
436
436
436
436
437
437
437
437
437
437
437
437
438
438
438
438
438
438
438
438
438
439
439
439
439
439
439
439
439
440
440
440
440
440
440
440
440
441
441
441
441
441
441
441
441
441
442
442
442
442
442
442
442
442
443
443
443
443
443
443
443
443
443
444
444
444
444
444
444
444
444
445
445
445
445
445
445
445
445
446
446
446
446
446
446
446
446
446
447
447
447
447
447
447
447
447
448
448
448
448
448
448
448
448
448
449
449
449
449
449
449
449
449
450
450
450
450
450
450
450
450
451
451
451
451
451
451
452
452
452
452
452
453
453
453
453
453
454
454
454
454
454
455
455
455
455
455
456
456
456
456
456
456
457
457
457
457
457
458
458
458
458
458
459
459
459
459
459
460
460
460
460
460
461
461
461
461
461
462
462
462
462
462
462
463
463
463
463
463
464
464
464
464
464
465
465
465
465
465
466
466
466
466
466
467
467
467
467
467
467
468
468
468
468
468
469
469
469
469
469
470
470
470
470
470
471
471
471
471
471
472
472
472
472
472
473
473
473
473
473
473
474
474
474
474
474
475
475
475
475
475
476
476
476
476
476
477
477
477
477
477
478
478
478
478
478
478
479
479
479
479
479
480
480
480
480
480
481
481
481
481
481
482
482
482
482
482
483
483
483
483
483
484
484
484
484
484
484
485
485
485
485
485
486
486
486
486
486
487
487
487
487
487
488
488
488
488
488
489
489
489
489
489
489
490
490
490
490
490
491
491
491
491
491
492
492
492
492
492
493
493
493
493
493
494
494
494
494
494
495
495
495
495
495
495
496
496
496
496
496
497
497
497
497
497
498
498
498
498
498
499
499
499
499
499
500
500
500
500
500
501
503
505
508
510
512
515
517
520
522
524
527
529
531
534
536
539
541
543
546
548
551
553
555
558
560
562
565
567
570
572
574
577
579
581
584
586
589
591
593
596
598
601
603
605
608
610
612
615
617
620
622
624
627
629
631
634
636
639
641
643
646
648
651
653
655
658
660
662
665
667
670
672
674
677
679
681
684
686
689
691
693
696
698
701
703
706
708
711
713
716
718
721
723
726
728
731
733
736
738
741
743
746
748
751
751
751
751
751
751
751
751
751
751
751
751
751
752
752
752
752
752
752
752
752
752
752
752
752
753
753
753
753
753
753
753
753
753
753
753
753
753
754
754
754
754
754
754
754
754
754
754
754
754
755
755
755
755
755
755
755
755
755
755
755
755
755
756
756
756
756
756
756
756
756
756
756
756
756
757
757
757
757
757
757
757
757
757
757
757
757
757
758
758
758
758
758
758
758
758
758
758
758
758
759
759
759
759
759
759
759
759
759
759
759
759
759
760
760
760
760
760
760
760
760
760
760
760
760
761
761
761
761
761
761
761
761
761
761
761
761
761
762
762
762
762
762
762
762
762
762
762
762
762
763
763
763
763
763
763
763
763
763
763
763
763
763
764
764
764
764
764
764
764
764
764
764
764
764
765
765
765
765
765
765
765
765
765
765
765
765
765
766
766
766
766
766
766
766
766
766
766
766
766
767
767
767
767
767
767
767
767
767
767
767
767
767
768
768
768
768
768
768
768
768
768
768
768
768
769
769
769
769
769
769
769
769
769
769
769
769
769
770
770
770
770
770
770
770
770
770
770
770
770
771
771
771
771
771
771
771
771
771
771
771
771
771
772
772
772
772
772
772
772
772
772
772
772
772
773
773
773
773
773
773
773
773
773
773
773
773
773
774
774
774
774
774
774
774
774
774
774
774
774
775
775
775
775
775
775
775
775
775
775
775
775
775
776
776
776
776
776
776
776
776
776
776
776
776
777
777
777
777
777
777
777
777
777
777
777
777
777
778
778
778
778
778
778
778
778
778
778
778
778
779
779
779
779
779
779
779
779
779
779
779
779
779
780
780
780
780
780
780
780
780
780
780
780
780
781
781
781
781
781
781
781
781
781
781
781
781
781
782
782
782
782
782
782
782
782
782
782
782
782
783
783
783
783
783
783
783
783
783
783
783
783
783
784
784
784
784
784
784
784
784
784
784
784
784
785
785
785
785
785
785
785
785
785
785
785
785
785
786
786
786
786
786
786
786
786
786
786
786
786
787
787
787
787
787
787
787
787
787
787
787
787
787
788
788
788
788
788
788
788
788
788
788
788
788
789
789
789
789
789
789
789
789
789
789
789
789
789
790
790
790
790
790
790
790
790
790
790
790
790
791
791
791
791
791
791
791
791
791
791
791
791
791
792
792
792
792
792
792
792
792
792
792
792
792
793
793
793
793
793
793
793
793
793
793
793
793
793
794
794
794
794
794
794
794
794
794
794
794
794
795
795
795
795
795
795
795
795
795
795
795
795
795
796
796
796
796
796
796
796
796
796
796
796
796
797
797
797
797
797
797
797
797
797
797
797
797
797
798
798
798
798
798
798
798
798
798
798
798
798
799
799
799
799
799
799
799
799
799
799
799
799
799
800
800
800
800
800
800
800
800
800
800
800
800
801
801
801
801
801
801
801
801
801
801
801
801
801
802
802
802
802
802
802
802
802
802
802
802
802
803
803
803
803
803
803
803
803
803
803
803
803
803
804
804
804
804
804
804
804
804
804
804
804
804
805
805
805
805
805
805
805
805
805
805
805
805
805
806
806
806
806
806
806
806
806
806
806
806
806
807
807
807
807
807
807
807
807
807
807
807
807
807
808
808
808
808
808
808
808
808
808
808
808
808
809
809
809
809
809
809
809
809
809
809
809
809
809
810
810
810
810
810
810
810
810
810
810
810
810
811
811
811
811
811
811
811
811
811
811
811
811
811
812
812
812
812
812
812
812
812
812
812
812
812
813
813
813
813
813
813
813
813
813
813
813
813
813
814
814
814
814
814
814
814
814
814
814
814
814
815
815
815
815
815
815
815
815
815
815
815
815
815
816
816
816
816
816
816
816
816
816
816
816
816
817
817
817
817
817
817
817
817
817
817
817
817
817
818
818
818
818
818
818
818
818
818
818
818
818
819
819
819
819
819
819
819
819
819
819
819
819
819
820
820
820
820
820
820
820
820
820
820
820
820
821
821
821
821
821
821
821
821
821
821
821
821
821
822
822
822
822
822
822
822
822
822
822
822
822
823
823
823
823
823
823
823
823
823
823
823
823
823
824
824
824
824
824
824
824
824
824
824
824
824
825
825
825
825
825
825
825
825
825
825
825
825
825
826
826
826
826
826
826
826
826
826
826
826
826
827
827
827
827
827
827
827
827
827
827
827
827
827
828
828
828
828
828
828
828
828
828
828
828
828
829
829
829
829
829
829
829
829
829
829
829
829
829
830
830
830
830
830
830
830
830
830
830
830
830
831
831
831
831
831
831
831
831
831
831
831
831
831
832
832
832
832
832
832
832
832
832
832
832
832
833
833
833
833
833
833
833
833
833
833
833
833
833
834
834
834
834
834
834
834
834
834
834
834
834
835
835
835
835
835
835
835
835
835
835
835
835
835
836
836
836
836
836
836
836
836
836
836
836
836
837
837
837
837
837
837
837
837
837
837
837
837
837
838
838
838
838
838
838
838
838
838
838
838
838
839
839
839
839
839
839
839
839
839
839
839
839
839
840
840
840
840
840
840
840
840
840
840
840
840
841
841
841
841
841
841
841
841
841
841
841
841
841
842
842
842
842
842
842
842
842
842
842
842
842
843
843
843
843
843
843
843
843
843
843
843
843
843
844
844
844
844
844
844
844
844
844
844
844
844
845
845
845
845
845
845
845
845
845
845
845
845
845
846
846
846
846
846
846
846
846
846
846
846
846
847
847
847
847
847
847
847
847
847
847
847
847
847
848
848
848
848
848
848
848
848
848
848
848
848
849
849
849
849
849
849
849
849
849
849
849
849
849
850
850
850
850
850
850
850
850
850
850
850
850
851
851
851
851
851
851
851
851
851
851
851
851
851
852
852
852
852
852
852
852
852
852
852
852
852
853
853
853
853
853
853
853
853
853
853
853
853
853
854
854
854
854
854
854
854
854
854
854
854
854
855
855
855
855
855
855
855
855
855
855
855
855
855
856
856
856
856
856
856
856
856
856
856
856
856
857
857
857
857
857
857
857
857
857
857
857
857
857
858
858
858
858
858
858
858
858
858
858
858
858
859
859
859
859
859
859
859
859
859
859
859
859
859
860
860
860
860
860
860
860
860
860
860
860
860
861
861
861
861
861
861
861
861
861
861
861
861
861
862
862
862
862
862
862
862
862
862
862
862
862
863
863
863
863
863
863
863
863
863
863
863
863
863
864
864
864
864
864
864
864
864
864
864
864
864
865
865
865
865
865
865
865
865
865
865
865
865
865
866
866
866
866
866
866
866
866
866
866
866
866
867
867
867
867
867
867
867
867
867
867
867
867
867
868
868
868
868
868
868
868
868
868
868
868
868
869
869
869
869
869
869
869
869
869
869
869
869
869
870
870
870
870
870
870
870
870
870
870
870
870
871
871
871
871
871
871
871
871
871
871
871
871
871
872
872
872
872
872
872
872
872
872
872
872
872
873
873
873
873
873
873
873
873
873
873
873
873
873
874
874
874
874
874
874
874
874
874
874
874
874
875
875
875
875
875
875
875
875
875
875
875
875
875
876
876
876
876
876
876
876
876
876
876
876
876
877
877
877
877
877
877
877
877
877
877
877
877
877
878
878
878
878
878
878
878
878
878
878
878
878
879
879
879
879
879
879
879
879
879
879
879
879
879
880
880
880
880
880
880
880
880
880
880
880
880
881
881
881
881
881
881
881
881
881
881
881
881
881
882
882
882
882
882
882
882
882
882
882
882
882
883
883
883
883
883
883
883
883
883
883
883
883
883
884
884
884
884
884
884
884
884
884
884
884
884
885
885
885
885
885
885
885
885
885
885
885
885
885
886
886
886
886
886
886
886
886
886
886
886
886
887
887
887
887
887
887
887
887
887
887
887
887
887
888
888
888
888
888
888
888
888
888
888
888
888
889
889
889
889
889
889
889
889
889
889
889
889
889
890
890
890
890
890
890
890
890
890
890
890
890
891
891
891
891
891
891
891
891
891
891
891
891
891
892
892
892
892
892
892
892
892
892
892
892
892
893
893
893
893
893
893
893
893
893
893
893
893
893
894
894
894
894
894
894
894
894
894
894
894
894
895
895
895
895
895
895
895
895
895
895
895
895
895
896
896
896
896
896
896
896
896
896
896
896
896
897
897
897
897
897
897
897
897
897
897
897
897
897
898
898
898
898
898
898
898
898
898
898
898
898
899
899
899
899
899
899
899
899
899
899
899
899
899
900
900
900
900
900
900
900
900
900
900
900
900
901
901
901
901
901
901
901
901
901
901
901
901
901
902
902
902
902
902
902
902
902
902
902
902
902
903
903
903
903
903
903
903
903
903
903
903
903
903
904
904
904
904
904
904
904
904
904
904
904
904
905
905
905
905
905
905
905
905
905
905
905
905
905
906
906
906
906
906
906
906
906
906
906
906
906
907
907
907
907
907
907
907
907
907
907
907
907
907
908
908
908
908
908
908
908
908
908
908
908
908
909
909
909
909
909
909
909
909
909
909
909
909
909
910
910
910
910
910
910
910
910
910
910
910
910
911
911
911
911
911
911
911
911
911
911
911
911
911
912
912
912
912
912
912
912
912
912
912
912
912
913
913
913
913
913
913
913
913
913
913
913
913
913
914
914
914
914
914
914
914
914
914
914
914
914
915
915
915
915
915
915
915
915
915
915
915
915
915
916
916
916
916
916
916
916
916
916
916
916
916
917
917
917
917
917
917
917
917
917
917
917
917
917
918
918
918
918
918
918
918
918
918
918
918
918
919
919
919
919
919
919
919
919
919
919
919
919
919
920
920
920
920
920
920
920
920
920
920
920
920
921
921
921
921
921
921
921
921
921
921
921
921
921
922
922
922
922
922
922
922
922
922
922
922
922
923
923
923
923
923
923
923
923
923
923
923
923
923
924
924
924
924
924
924
924
924
924
924
924
924
925
925
925
925
925
925
925
925
925
925
925
925
925
926
926
926
926
926
926
926
926
926
926
926
926
927
927
927
927
927
927
927
927
927
927
927
927
927
928
928
928
928
928
928
928
928
928
928
928
928
929
929
929
929
929
929
929
929
929
929
929
929
929
930
930
930
930
930
930
930
930
930
930
930
930
931
931
931
931
931
931
931
931
931
931
931
931
931
932
932
932
932
932
932
932
932
932
932
932
932
933
933
933
933
933
933
933
933
933
933
933
933
933
934
934
934
934
934
934
934
934
934
934
934
934
935
935
935
935
935
935
935
935
935
935
935
935
935
936
936
936
936
936
936
936
936
936
936
936
936
937
937
937
937
937
937
937
937
937
937
937
937
937
938
938
938
938
938
938
938
938
938
938
938
938
939
939
939
939
939
939
939
939
939
939
939
939
939
940
940
940
940
940
940
940
940
940
940
940
940
941
941
941
941
941
941
941
941
941
941
941
941
941
942
942
942
942
942
942
942
942
942
942
942
942
943
943
943
943
943
943
943
943
943
943
943
943
943
944
944
944
944
944
944
944
944
944
944
944
944
945
945
945
945
945
945
945
945
945
945
945
945
945
946
946
946
946
946
946
946
946
946
946
946
946
947
947
947
947
947
947
947
947
947
947
947
947
947
948
948
948
948
948
948
948
948
948
948
948
948
949
949
949
949
949
949
949
949
949
949
949
949
949
950
950
950
950
950
950
950
950
950
950
950
950
951
951
951
951
951
951
951
951
951
951
951
951
951
952
952
952
952
952
952
952
952
952
952
952
952
953
953
953
953
953
953
953
953
953
953
953
953
953
954
954
954
954
954
954
954
954
954
954
954
954
955
955
955
955
955
955
955
955
955
955
955
955
955
956
956
956
956
956
956
956
956
956
956
956
956
957
957
957
957
957
957
957
957
957
957
957
957
957
958
958
958
958
958
958
958
958
958
958
958
958
959
959
959
959
959
959
959
959
959
959
959
959
959
960
960
960
960
960
960
960
960
960
960
960
960
961
961
961
961
961
961
961
961
961
961
961
961
961
962
962
962
962
962
962
962
962
962
962
962
962
963
963
963
963
963
963
963
963
963
963
963
963
963
964
964
964
964
964
964
964
964
964
964
964
964
965
965
965
965
965
965
965
965
965
965
965
965
965
966
966
966
966
966
966
966
966
966
966
966
966
967
967
967
967
967
967
967
967
967
967
967
967
967
968
968
968
968
968
968
968
968
968
968
968
968
969
969
969
969
969
969
969
969
969
969
969
969
969
970
970
970
970
970
970
970
970
970
970
970
970
971
971
971
971
971
971
971
971
971
971
971
971
971
972
972
972
972
972
972
972
972
972
972
972
972
973
973
973
973
973
973
973
973
973
973
973
973
973
974
974
974
974
974
974
974
974
974
974
974
974
975
975
975
975
975
975
975
975
975
975
975
975
975
976
976
976
976
976
976
976
976
976
976
976
976
977
977
977
977
977
977
977
977
977
977
977
977
977
978
978
978
978
978
978
978
978
978
978
978
978
979
979
979
979
979
979
979
979
979
979
979
979
979
980
980
980
980
980
980
980
980
980
980
980
980
981
981
981
981
981
981
981
981
981
981
981
981
981
982
982
982
982
982
982
982
982
982
982
982
982
983
983
983
983
983
983
983
983
983
983
983
983
983
984
984
984
984
984
984
984
984
984
984
984
984
985
985
985
985
985
985
985
985
985
985
985
985
985
986
986
986
986
986
986
986
986
986
986
986
986
987
987
987
987
987
987
987
987
987
987
987
987
987
988
988
988
988
988
988
988
988
988
988
988
988
989
989
989
989
989
989
989
989
989
989
989
989
989
990
990
990
990
990
990
990
990
990
990
990
990
991
991
991
991
991
991
991
991
991
991
991
991
991
992
992
992
992
992
992
992
992
992
992
992
992
993
993
993
993
993
993
993
993
993
993
993
993
993
994
994
994
994
994
994
994
994
994
994
994
994
995
995
995
995
995
995
995
995
995
995
995
995
995
996
996
996
996
996
996
996
996
996
996
996
996
997
997
997
997
997
997
997
997
997
997
997
997
997
998
998
998
998
998
998
998
998
998
998
998
998
999
999
999
999
999
999
999
999
999
999
999
999
999
1000
1000
1000
1000
1000
1000
1000
1000
1000
1000
1000
1000
1001
1001
1001
1001
1001
1001
1001
1001
1001
1001
1001
1001
1001
1002
1002
1002
1002
1002
1002
1002
1002
1002
1002
1002
1002
1003
1003
1003
1003
1003
1003
1003
1003
1003
1003
1003
1003
1003
1004
1004
1004
1004
1004
1004
1004
1004
1004
1004
1004
1004
1005
1005
1005
1005
1005
1005
1005
1005
1005
1005
1005
1005
1005
1006
1006
1006
1006
1006
1006
1006
1006
1006
1006
1006
1006
1007
1007
1007
1007
1007
1007
1007
1007
1007
1007
1007
1007
1007
1008
1008
1008
1008
1008
1008
1008
1008
1008
1008
1008
1008
1009
1009
1009
1009
1009
1009
1009
1009
1009
1009
1009
1009
1009
1010
1010
1010
1010
1010
1010
1010
1010
1010
1010
1010
1010
1011
1011
1011
1011
1011
1011
1011
1011
1011
1011
1011
1011
1011
1012
1012
1012
1012
1012
1012
1012
1012
1012
1012
1012
1012
1013
1013
1013
1013
1013
1013
1013
1013
1013
1013
1013
1013
1013
1014
1014
1014
1014
1014
1014
1014
1014
1014
1014
1014
1014
1015
1015
1015
1015
1015
1015
1015
1015
1015
1015
1015
1015
1015
1016
1016
1016
1016
1016
1016
1016
1016
1016
1016
1016
1016
1017
1017
1017
1017
1017
1017
1017
1017
1017
1017
1017
1017
1017
1018
1018
1018
1018
1018
1018
1018
1018
1018
1018
1018
1018
1019
1019
1019
1019
1019
1019
1019
1019
1019
1019
1019
1019
1019
1020
1020
1020
1020
1020
1020
1020
1020
1020
1020
1020
1020
1021
1021
1021
1021
1021
1021
1021
1021
1021
1021
1021
1021
1021
1022
1022
1022
1022
1022
1022
1022
1022
1022
1022
1022
1022
1023
1023
1023
1023
1023
1023
1023
1023
1023
1023
1023
1023
1023
1024
1024
1024
1024
1024
1024
1024
1024
1024
1024
1024
1024
1025
1025
1025
1025
1025
1025
1025
1025
1025
1025
1025
1025
1025
1026
1026
1026
1026
1026
1026
1026
1026
1026
1026
1026
1026
1027
1027
1027
1027
1027
1027
1027
1027
1027
1027
1027
1027
1027
1028
1028
1028
1028
1028
1028
1028
1028
1028
1028
1028
1028
1029
1029
1029
1029
1029
1029
1029
1029
1029
1029
1029
1029
1029
1030
1030
1030
1030
1030
1030
1030
1030
1030
1030
1030
1030
1031
1031
1031
1031
1031
1031
1031
1031
1031
1031
1031
1031
1031
1032
1032
1032
1032
1032
1032
1032
1032
1032
1032
1032
1032
1033
1033
1033
1033
1033
1033
1033
1033
1033
1033
1033
1033
1033
1034
1034
1034
1034
1034
1034
1034
1034
1034
1034
1034
1034
1035
1035
1035
1035
1035
1035
1035
1035
1035
1035
1035
1035
1035
1036
1036
1036
1036
1036
1036
1036
1036
1036
1036
1036
1036
1037
1037
1037
1037
1037
1037
1037
1037
1037
1037
1037
1037
1037
1038
1038
1038
1038
1038
1038
1038
1038
1038
1038
1038
1038
1039
1039
1039
1039
1039
1039
1039
1039
1039
1039
1039
1039
1039
1040
1040
1040
1040
1040
1040
1040
1040
1040
1040
1040
1040
1041
1041
1041
1041
1041
1041
1041
1041
1041
1041
1041
1041
1041
1042
1042
1042
1042
1042
1042
1042
1042
1042
1042
1042
1042
1043
1043
1043
1043
1043
1043
1043
1043
1043
1043
1043
1043
1043
1044
1044
1044
1044
1044
1044
1044
1044
1044
1044
1044
1044
1045
1045
1045
1045
1045
1045
1045
1045
1045
1045
1045
1045
1045
1046
1046
1046
1046
1046
1046
1046
1046
1046
1046
1046
1046
1047
1047
1047
1047
1047
1047
1047
1047
1047
1047
1047
1047
1047
1048
1048
1048
1048
1048
1048
1048
1048
1048
1048
1048
1048
1049
1049
1049
1049
1049
1049
1049
1049
1049
1049
1049
1049
1049
1050
1050
1050
1050
1050
1050
1050
1050
1050
1050
1050
1050
1051
1051
1051
1051
1051
1051
1051
1051
1051
1051
1051
1051
1051
1052
1052
1052
1052
1052
1052
1052
1052
1052
1052
1052
1052
1053
1053
1053
1053
1053
1053
1053
1053
1053
1053
1053
1053
1053
1054
1054
1054
1054
1054
1054
1054
1054
1054
1054
1054
1054
1055
1055
1055
1055
1055
1055
1055
1055
1055
1055
1055
1055
1055
1056
1056
1056
1056
1056
1056
1056
1056
1056
1056
1056
1056
1057
1057
1057
1057
1057
1057
1057
1057
1057
1057
1057
1057
1057
1058
1058
1058
1058
1058
1058
1058
1058
1058
1058
1058
1058
1059
1059
1059
1059
1059
1059
1059
1059
1059
1059
1059
1059
1059
1060
1060
1060
1060
1060
1060
1060
1060
1060
1060
1060
1060
1061
1061
1061
1061
1061
1061
1061
1061
1061
1061
1061
1061
1061
1062
1062
1062
1062
1062
1062
1062
1062
1062
1062
1062
1062
1063
1063
1063
1063
1063
1063
1063
1063
1063
1063
1063
1063
1063
1064
1064
1064
1064
1064
1064
1064
1064
1064
1064
1064
1064
1065
1065
1065
1065
1065
1065
1065
1065
1065
1065
1065
1065
1065
1066
1066
1066
1066
1066
1066
1066
1066
1066
1066
1066
1066
1067
1067
1067
1067
1067
1067
1067
1067
1067
1067
1067
1067
1067
1068
1068
1068
1068
1068
1068
1068
1068
1068
1068
1068
1068
1069
1069
1069
1069
1069
1069
1069
1069
1069
1069
1069
1069
1069
1070
1070
1070
1070
1070
1070
1070
1070
1070
1070
1070
1070
1071
1071
1071
1071
1071
1071
1071
1071
1071
1071
1071
1071
1071
1072
1072
1072
1072
1072
1072
1072
1072
1072
1072
1072
1072
1073
1073
1073
1073
1073
1073
1073
1073
1073
1073
1073
1073
1073
1074
1074
1074
1074
1074
1074
1074
1074
1074
1074
1074
1074
1075
1075
1075
1075
1075
1075
1075
1075
1075
1075
1075
1075
1075
1076
1076
1076
1076
1076
1076
1076
1076
1076
1076
1076
1076
1077
1077
1077
1077
1077
1077
1077
1077
1077
1077
1077
1077
1077
1078
1078
1078
1078
1078
1078
1078
1078
1078
1078
1078
1078
1079
1079
1079
1079
1079
1079
1079
1079
1079
1079
1079
1079
1079
1080
1080
1080
1080
1080
1080
1080
1080
1080
1080
1080
1080
1081
1081
1081
1081
1081
1081
1081
1081
1081
1081
1081
1081
1081
1082
1082
1082
1082
1082
1082
1082
1082
1082
1082
1082
1082
1083
1083
1083
1083
1083
1083
1083
1083
1083
1083
1083
1083
1083
1084
1084
1084
1084
1084
1084
1084
1084
1084
1084
1084
1084
1085
1085
1085
1085
1085
1085
1085
1085
1085
1085
1085
1085
1085
1086
1086
1086
1086
1086
1086
1086
1086
1086
1086
1086
1086
1087
1087
1087
1087
1087
1087
1087
1087
1087
1087
1087
1087
1087
1088
1088
1088
1088
1088
1088
1088
1088
1088
1088
1088
1088
1089
1089
1089
1089
1089
1089
1089
1089
1089
1089
1089
1089
1089
1090
1090
1090
1090
1090
1090
1090
1090
1090
1090
1090
1090
1091
1091
1091
1091
1091
1091
1091
1091
1091
1091
1091
1091
1091
1092
1092
1092
1092
1092
1092
1092
1092
1092
1092
1092
1092
1093
1093
1093
1093
1093
1093
1093
1093
1093
1093
1093
1093
1093
1094
1094
1094
1094
1094
1094
1094
1094
1094
1094
1094
1094
1095
1095
1095
1095
1095
1095
1095
1095
1095
1095
1095
1095
1095
1096
1096
1096
1096
1096
1096
1096
1096
1096
1096
1096
1096
1097
1097
1097
1097
1097
1097
1097
1097
1097
1097
1097
1097
1097
1098
1098
1098
1098
1098
1098
1098
1098
1098
1098
1098
1098
1099
1099
1099
1099
1099
1099
1099
1099
1099
1099
1099
1099
1099
1100
1100
1100
1100
1100
1100
1100
1100
1100
1100
1100
1100
1101
1101
1101
1101
1101
1101
1101
1101
1101
1101
1101
1101
1101
1102
1102
1102
1102
1102
1102
1102
1102
1102
1102
1102
1102
1103
1103
1103
1103
1103
1103
1103
1103
1103
1103
1103
1103
1103
1104
1104
1104
1104
1104
1104
1104
1104
1104
1104
1104
1104
1105
1105
1105
1105
1105
1105
1105
1105
1105
1105
1105
1105
1105
1106
1106
1106
1106
1106
1106
1106
1106
1106
1106
1106
1106
1107
1107
1107
1107
1107
1107
1107
1107
1107
1107
1107
1107
1107
1108
1108
1108
1108
1108
1108
1108
1108
1108
1108
1108
1108
1109
1109
1109
1109
1109
1109
1109
1109
1109
1109
1109
1109
1109
1110
1110
1110
1110
1110
1110
1110
1110
1110
1110
1110
1110
1111
1111
1111
1111
1111
1111
1111
1111
1111
1111
1111
1111
1111
1112
1112
1112
1112
1112
1112
1112
1112
1112
1112
1112
1112
1113
1113
1113
1113
1113
1113
1113
1113
1113
1113
1113
1113
1113
1114
1114
1114
1114
1114
1114
1114
1114
1114
1114
1114
1114
1115
1115
1115
1115
1115
1115
1115
1115
1115
1115
1115
1115
1115
1116
1116
1116
1116
1116
1116
1116
1116
1116
1116
1116
1116
1117
1117
1117
1117
1117
1117
1117
1117
1117
1117
1117
1117
1117
1118
1118
1118
1118
1118
1118
1118
1118
1118
1118
1118
1118
1119
1119
1119
1119
1119
1119
1119
1119
1119
1119
1119
1119
1119
1120
1120
1120
1120
1120
1120
1120
1120
1120
1120
1120
1120
1121
1121
1121
1121
1121
1121
1121
1121
1121
1121
1121
1121
1121
1122
1122
1122
1122
1122
1122
1122
1122
1122
1122
1122
1122
1123
1123
1123
1123
1123
1123
1123
1123
1123
1123
1123
1123
1123
1124
1124
1124
1124
1124
1124
1124
1124
1124
1124
1124
1124
1125
1125
1125
1125
1125
1125
1125
1125
1125
1125
1125
1125
1125
1126
1126
1126
1126
1126
1126
1126
1126
1126
1126
1126
1126
1127
1127
1127
1127
1127
1127
1127
1127
1127
1127
1127
1127
1127
1128
1128
1128
1128
1128
1128
1128
1128
1128
1128
1128
1128
1129
1129
1129
1129
1129
1129
1129
1129
1129
1129
1129
1129
1129
1130
1130
1130
1130
1130
1130
1130
1130
1130
1130
1130
1130
1131
1131
1131
1131
1131
1131
1131
1131
1131
1131
1131
1131
1131
1132
1132
1132
1132
1132
1132
1132
1132
1132
1132
1132
1132
1133
1133
1133
1133
1133
1133
1133
1133
1133
1133
1133
1133
1133
1134
1134
1134
1134
1134
1134
1134
1134
1134
1134
1134
1134
1135
1135
1135
1135
1135
1135
1135
1135
1135
1135
1135
1135
1135
1136
1136
1136
1136
1136
1136
1136
1136
1136
1136
1136
1136
1137
1137
1137
1137
1137
1137
1137
1137
1137
1137
1137
1137
1137
1138
1138
1138
1138
1138
1138
1138
1138
1138
1138
1138
1138
1139
1139
1139
1139
1139
1139
1139
1139
1139
1139
1139
1139
1139
1140
1140
1140
1140
1140
1140
1140
1140
1140
1140
1140
1140
1141
1141
1141
1141
1141
1141
1141
1141
1141
1141
1141
1141
1141
1142
1142
1142
1142
1142
1142
1142
1142
1142
1142
1142
1142
1143
1143
1143
1143
1143
1143
1143
1143
1143
1143
1143
1143
1143
1144
1144
1144
1144
1144
1144
1144
1144
1144
1144
1144
1144
1145
1145
1145
1145
1145
1145
1145
1145
1145
1145
1145
1145
1145
1146
1146
1146
1146
1146
1146
1146
1146
1146
1146
1146
1146
1147
1147
1147
1147
1147
1147
1147
1147
1147
1147
1147
1147
1147
1148
1148
1148
1148
1148
1148
1148
1148
1148
1148
1148
1148
1149
1149
1149
1149
1149
1149
1149
1149
1149
1149
1149
1149
1149
1150
1150
1150
1150
1150
1150
1150
1150
1150
1150
1150
1150
1151
1151
1151
1151
1151
1151
1151
1151
1151
1151
1151
1151
1151
1152
1152
1152
1152
1152
1152
1152
1152
1152
1152
1152
1152
1153
1153
1153
1153
1153
1153
1153
1153
1153
1153
1153
1153
1153
1154
1154
1154
1154
1154
1154
1154
1154
1154
1154
1154
1154
1155
1155
1155
1155
1155
1155
1155
1155
1155
1155
1155
1155
1155
1156
1156
1156
1156
1156
1156
1156
1156
1156
1156
1156
1156
1157
1157
1157
1157
1157
1157
1157
1157
1157
1157
1157
1157
1157
1158
1158
1158
1158
1158
1158
1158
1158
1158
1158
1158
1158
1159
1159
1159
1159
1159
1159
1159
1159
1159
1159
1159
1159
1159
1160
1160
1160
1160
1160
1160
1160
1160
1160
1160
1160
1160
1161
1161
1161
1161
1161
1161
1161
1161
1161
1161
1161
1161
1161
1162
1162
1162
1162
1162
1162
1162
1162
1162
1162
1162
1162
1163
1163
1163
1163
1163
1163
1163
1163
1163
1163
1163
1163
1163
1164
1164
1164
1164
1164
1164
1164
1164
1164
1164
1164
1164
1165
1165
1165
1165
1165
1165
1165
1165
1165
1165
1165
1165
1165
1166
1166
1166
1166
1166
1166
1166
1166
1166
1166
1166
1166
1167
1167
1167
1167
1167
1167
1167
1167
1167
1167
1167
1167
1167
1168
1168
1168
1168
1168
1168
1168
1168
1168
1168
1168
1168
1169
1169
1169
1169
1169
1169
1169
1169
1169
1169
1169
1169
1169
1170
1170
1170
1170
1170
1170
1170
1170
1170
1170
1170
1170
1171
1171
1171
1171
1171
1171
1171
1171
1171
1171
1171
1171
1171
1172
1172
1172
1172
1172
1172
1172
1172
1172
1172
1172
1172
1173
1173
1173
1173
1173
1173
1173
1173
1173
1173
1173
1173
1173
1174
1174
1174
1174
1174
1174
1174
1174
1174
1174
1174
1174
1175
1175
1175
1175
1175
1175
1175
1175
1175
1175
1175
1175
1175
1176
1176
1176
1176
1176
1176
1176
1176
1176
1176
1176
1176
1177
1177
1177
1177
1177
1177
1177
1177
1177
1177
1177
1177
1177
1178
1178
1178
1178
1178
1178
1178
1178
1178
1178
1178
1178
1179
1179
1179
1179
1179
1179
1179
1179
1179
1179
1179
1179
1179
1180
1180
1180
1180
1180
1180
1180
1180
1180
1180
1180
1180
1181
1181
1181
1181
1181
1181
1181
1181
1181
1181
1181
1181
1181
1182
1182
1182
1182
1182
1182
1182
1182
1182
1182
1182
1182
1183
1183
1183
1183
1183
1183
1183
1183
1183
1183
1183
1183
1183
1184
1184
1184
1184
1184
1184
1184
1184
1184
1184
1184
1184
1185
1185
1185
1185
1185
1185
1185
1185
1185
1185
1185
1185
1185
1186
1186
1186
1186
1186
1186
1186
1186
1186
1186
1186
1186
1187
1187
1187
1187
1187
1187
1187
1187
1187
1187
1187
1187
1187
1188
1188
1188
1188
1188
1188
1188
1188
1188
1188
1188
1188
1189
1189
1189
1189
1189
1189
1189
1189
1189
1189
1189
1189
1189
1190
1190
1190
1190
1190
1190
1190
1190
1190
1190
1190
1190
1191
1191
1191
1191
1191
1191
1191
1191
1191
1191
1191
1191
1191
1192
1192
1192
1192
1192
1192
1192
1192
1192
1192
1192
1192
1193
1193
1193
1193
1193
1193
1193
1193
1193
1193
1193
1193
1193
1194
1194
1194
1194
1194
1194
1194
1194
1194
1194
1194
1194
1195
1195
1195
1195
1195
1195
1195
1195
1195
1195
1195
1195
1195
1196
1196
1196
1196
1196
1196
1196
1196
1196
1196
1196
1196
1197
1197
1197
1197
1197
1197
1197
1197
1197
1197
1197
1197
1197
1198
1198
1198
1198
1198
1198
1198
1198
1198
1198
1198
1198
1199
1199
1199
1199
1199
1199
1199
1199
1199
1199
1199
1199
1199
1200
1200
1200
1200
1200
1200
1200
1200
1200
1200
1200
1200
1201
1201
1201
1201
1201
1201
1201
1201
1201
1201
1201
1201
1201
1202
1202
1202
1202
1202
1202
1202
1202
1202
1202
1202
1202
1203
1203
1203
1203
1203
1203
1203
1203
1203
1203
1203
1203
1203
1204
1204
1204
1204
1204
1204
1204
1204
1204
1204
1204
1204
1205
1205
1205
1205
1205
1205
1205
1205
1205
1205
1205
1205
1205
1206
1206
1206
1206
1206
1206
1206
1206
1206
1206
1206
1206
1207
1207
1207
1207
1207
1207
1207
1207
1207
1207
1207
1207
1207
1208
1208
1208
1208
1208
1208
1208
1208
1208
1208
1208
1208
1209
1209
1209
1209
1209
1209
1209
1209
1209
1209
1209
1209
1209
1210
1210
1210
1210
1210
1210
1210
1210
1210
1210
1210
1210
1211
1211
1211
1211
1211
1211
1211
1211
1211
1211
1211
1211
1211
1212
1212
1212
1212
1212
1212
1212
1212
1212
1212
1212
1212
1213
1213
1213
1213
1213
1213
1213
1213
1213
1213
1213
1213
1213
1214
1214
1214
1214
1214
1214
1214
1214
1214
1214
1214
1214
1215
1215
1215
1215
1215
1215
1215
1215
1215
1215
1215
1215
1215
1216
1216
1216
1216
1216
1216
1216
1216
1216
1216
1216
1216
1217
1217
1217
1217
1217
1217
1217
1217
1217
1217
1217
1217
1217
1218
1218
1218
1218
1218
1218
1218
1218
1218
1218
1218
1218
1219
1219
1219
1219
1219
1219
1219
1219
1219
1219
1219
1219
1219
1220
1220
1220
1220
1220
1220
1220
1220
1220
1220
1220
1220
1221
1221
1221
1221
1221
1221
1221
1221
1221
1221
1221
1221
1221
1222
1222
1222
1222
1222
1222
1222
1222
1222
1222
1222
1222
1223
1223
1223
1223
1223
1223
1223
1223
1223
1223
1223
1223
1223
1224
1224
1224
1224
1224
1224
1224
1224
1224
1224
1224
1224
1225
1225
1225
1225
1225
1225
1225
1225
1225
1225
1225
1225
1225
1226
1226
1226
1226
1226
1226
1226
1226
1226
1226
1226
1226
1227
1227
1227
1227
1227
1227
1227
1227
1227
1227
1227
1227
1227
1228
1228
1228
1228
1228
1228
1228
1228
1228
1228
1228
1228
1229
1229
1229
1229
1229
1229
1229
1229
1229
1229
1229
1229
1229
1230
1230
1230
1230
1230
1230
1230
1230
1230
1230
1230
1230
1231
1231
1231
1231
1231
1231
1231
1231
1231
1231
1231
1231
1231
1232
1232
1232
1232
1232
1232
1232
1232
1232
1232
1232
1232
1233
1233
1233
1233
1233
1233
1233
1233
1233
1233
1233
1233
1233
1234
1234
1234
1234
1234
1234
1234
1234
1234
1234
1234
1234
1235
1235
1235
1235
1235
1235
1235
1235
1235
1235
1235
1235
1235
1236
1236
1236
1236
1236
1236
1236
1236
1236
1236
1236
1236
1237
1237
1237
1237
1237
1237
1237
1237
1237
1237
1237
1237
1237
1238
1238
1238
1238
1238
1238
1238
1238
1238
1238
1238
1238
1239
1239
1239
1239
1239
1239
1239
1239
1239
1239
1239
1239
1239
1240
1240
1240
1240
1240
1240
1240
1240
1240
1240
1240
1240
1241
1241
1241
1241
1241
1241
1241
1241
1241
1241
1241
1241
1241
1242
1242
1242
1242
1242
1242
1242
1242
1242
1242
1242
1242
1243
1243
1243
1243
1243
1243
1243
1243
1243
1243
1243
1243
1243
1244
1244
1244
1244
1244
1244
1244
1244
1244
1244
1244
1244
1245
1245
1245
1245
1245
1245
1245
1245
1245
1245
1245
1245
1245
1246
1246
1246
1246
1246
1246
1246
1246
1246
1246
1246
1246
1247
1247
1247
1247
1247
1247
1247
1247
1247
1247
1247
1247
1247
1248
1248
1248
1248
1248
1248
1248
1248
1248
1248
1248
1248
1249
1249
1249
1249
1249
1249
1249
1249
1249
1249
1249
1249
1249
1250
1250
1250
1250
1250
1250
1250
1250
1250
1250
1250
1250
1251
1251
1251
1251
1251
1251
1251
1251
1251
1251
1251
1251
1251
1252
1252
1252
1252
1252
1252
1252
1252
1252
1252
1252
1252
1253
1253
1253
1253
1253
1253
1253
1253
1253
1253
1253
1253
1253
1254
1254
1254
1254
1254
1254
1254
1254
1254
1254
1254
1254
1255
1255
1255
1255
1255
1255
1255
1255
1255
1255
1255
1255
1255
1256
1256
1256
1256
1256
1256
1256
1256
1256
1256
1256
1256
1257
1257
1257
1257
1257
1257
1257
1257
1257
1257
1257
1257
1257
1258
1258
1258
1258
1258
1258
1258
1258
1258
1258
1258
1258
1259
1259
1259
1259
1259
1259
1259
1259
1259
1259
1259
1259
1259
1260
1260
1260
1260
1260
1260
1260
1260
1260
1260
1260
1260
1261
1261
1261
1261
1261
1261
1261
1261
1261
1261
1261
1261
1261
1262
1262
1262
1262
1262
1262
1262
1262
1262
1262
1262
1262
1263
1263
1263
1263
1263
1263
1263
1263
1263
1263
1263
1263
1263
1264
1264
1264
1264
1264
1264
1264
1264
1264
1264
1264
1264
1265
1265
1265
1265
1265
1265
1265
1265
1265
1265
1265
1265
1265
1266
1266
1266
1266
1266
1266
1266
1266
1266
1266
1266
1266
1267
1267
1267
1267
1267
1267
1267
1267
1267
1267
1267
1267
1267
1268
1268
1268
1268
1268
1268
1268
1268
1268
1268
1268
1268
1269
1269
1269
1269
1269
1269
1269
1269
1269
1269
1269
1269
1269
1270
1270
1270
1270
1270
1270
1270
1270
1270
1270
1270
1270
1271
1271
1271
1271
1271
1271
1271
1271
1271
1271
1271
1271
1271
1272
1272
1272
1272
1272
1272
1272
1272
1272
1272
1272
1272
1273
1273
1273
1273
1273
1273
1273
1273
1273
1273
1273
1273
1273
1274
1274
1274
1274
1274
1274
1274
1274
1274
1274
1274
1274
1275
1275
1275
1275
1275
1275
1275
1275
1275
1275
1275
1275
1275
1276
1276
1276
1276
1276
1276
1276
1276
1276
1276
1276
1276
1277
1277
1277
1277
1277
1277
1277
1277
1277
1277
1277
1277
1277
1278
1278
1278
1278
1278
1278
1278
1278
1278
1278
1278
1278
1279
1279
1279
1279
1279
1279
1279
1279
1279
1279
1279
1279
1279
1280
1280
1280
1280
1280
1280
1280
1280
1280
1280
1280
1280
1281
1281
1281
1281
1281
1281
1281
1281
1281
1281
1281
1281
1281
1282
1282
1282
1282
1282
1282
1282
1282
1282
1282
1282
1282
1283
1283
1283
1283
1283
1283
1283
1283
1283
1283
1283
1283
1283
1284
1284
1284
1284
1284
1284
1284
1284
1284
1284
1284
1284
1285
1285
1285
1285
1285
1285
1285
1285
1285
1285
1285
1285
1285
1286
1286
1286
1286
1286
1286
1286
1286
1286
1286
1286
1286
1287
1287
1287
1287
1287
1287
1287
1287
1287
1287
1287
1287
1287
1288
1288
1288
1288
1288
1288
1288
1288
1288
1288
1288
1288
1289
1289
1289
1289
1289
1289
1289
1289
1289
1289
1289
1289
1289
1290
1290
1290
1290
1290
1290
1290
1290
1290
1290
1290
1290
1291
1291
1291
1291
1291
1291
1291
1291
1291
1291
1291
1291
1291
1292
1292
1292
1292
1292
1292
1292
1292
1292
1292
1292
1292
1293
1293
1293
1293
1293
1293
1293
1293
1293
1293
1293
1293
1293
1294
1294
1294
1294
1294
1294
1294
1294
1294
1294
1294
1294
1295
1295
1295
1295
1295
1295
1295
1295
1295
1295
1295
1295
1295
1296
1296
1296
1296
1296
1296
1296
1296
1296
1296
1296
1296
1297
1297
1297
1297
1297
1297
1297
1297
1297
1297
1297
1297
1297
1298
1298
1298
1298
1298
1298
1298
1298
1298
1298
1298
1298
1299
1299
1299
1299
1299
1299
1299
1299
1299
1299
1299
1299
1299
1300
1300
1300
1300
1300
1300
1300
1300
1300
1300
1300
1300
1301
1301
1301
1301
1301
1301
1301
1301
1301
1301
1301
1301
1301
1302
1302
1302
1302
1302
1302
1302
1302
1302
1302
1302
1302
1303
1303
1303
1303
1303
1303
1303
1303
1303
1303
1303
1303
1303
1304
1304
1304
1304
1304
1304
1304
1304
1304
1304
1304
1304
1305
1305
1305
1305
1305
1305
1305
1305
1305
1305
1305
1305
1305
1306
1306
1306
1306
1306
1306
1306
1306
1306
1306
1306
1306
1307
1307
1307
1307
1307
1307
1307
1307
1307
1307
1307
1307
1307
1308
1308
1308
1308
1308
1308
1308
1308
1308
1308
1308
1308
1309
1309
1309
1309
1309
1309
1309
1309
1309
1309
1309
1309
1309
1310
1310
1310
1310
1310
1310
1310
1310
1310
1310
1310
1310
1311
1311
1311
1311
1311
1311
1311
1311
1311
1311
1311
1311
1311
1312
1312
1312
1312
1312
1312
1312
1312
1312
1312
1312
1312
1313
1313
1313
1313
1313
1313
1313
1313
1313
1313
1313
1313
1313
1314
1314
1314
1314
1314
1314
1314
1314
1314
1314
1314
1314
1315
1315
1315
1315
1315
1315
1315
1315
1315
1315
1315
1315
1315
1316
1316
1316
1316
1316
1316
1316
1316
1316
1316
1316
1316
1317
1317
1317
1317
1317
1317
1317
1317
1317
1317
1317
1317
1317
1318
1318
1318
1318
1318
1318
1318
1318
1318
1318
1318
1318
1319
1319
1319
1319
1319
1319
1319
1319
1319
1319
1319
1319
1319
1320
1320
1320
1320
1320
1320
1320
1320
1320
1320
1320
1320
1321
1321
1321
1321
1321
1321
1321
1321
1321
1321
1321
1321
1321
1322
1322
1322
1322
1322
1322
1322
1322
1322
1322
1322
1322
1323
1323
1323
1323
1323
1323
1323
1323
1323
1323
1323
1323
1323
1324
1324
1324
1324
1324
1324
1324
1324
1324
1324
1324
1324
1325
1325
1325
1325
1325
1325
1325
1325
1325
1325
1325
1325
1325
1326
1326
1326
1326
1326
1326
1326
1326
1326
1326
1326
1326
1327
1327
1327
1327
1327
1327
1327
1327
1327
1327
1327
1327
1327
1328
1328
1328
1328
1328
1328
1328
1328
1328
1328
1328
1328
1329
1329
1329
1329
1329
1329
1329
1329
1329
1329
1329
1329
1329
1330
1330
1330
1330
1330
1330
1330
1330
1330
1330
1330
1330
1331
1331
1331
1331
1331
1331
1331
1331
1331
1331
1331
1331
1331
1332
1332
1332
1332
1332
1332
1332
1332
1332
1332
1332
1332
1333
1333
1333
1333
1333
1333
1333
1333
1333
1333
1333
1333
1333
1334
1334
1334
1334
1334
1334
1334
1334
1334
1334
1334
1334
1335
1335
1335
1335
1335
1335
1335
1335
1335
1335
1335
1335
1335
1336
1336
1336
1336
1336
1336
1336
1336
1336
1336
1336
1336
1337
1337
1337
1337
1337
1337
1337
1337
1337
1337
1337
1337
1337
1338
1338
1338
1338
1338
1338
1338
1338
1338
1338
1338
1338
1339
1339
1339
1339
1339
1339
1339
1339
1339
1339
1339
1339
1339
1340
1340
1340
1340
1340
1340
1340
1340
1340
1340
1340
1340
1341
1341
1341
1341
1341
1341
1341
1341
1341
1341
1341
1341
1341
1342
1342
1342
1342
1342
1342
1342
1342
1342
1342
1342
1342
1343
1343
1343
1343
1343
1343
1343
1343
1343
1343
1343
1343
1343
1344
1344
1344
1344
1344
1344
1344
1344
1344
1344
1344
1344
1345
1345
1345
1345
1345
1345
1345
1345
1345
1345
1345
1345
1345
1346
1346
1346
1346
1346
1346
1346
1346
1346
1346
1346
1346
1347
1347
1347
1347
1347
1347
1347
1347
1347
1347
1347
1347
1347
1348
1348
1348
1348
1348
1348
1348
1348
1348
1348
1348
1348
1349
1349
1349
1349
1349
1349
1349
1349
1349
1349
1349
1349
1349
1350
1350
1350
1350
1350
1350
1350
1350
1350
1350
1350
1350
1351
1351
1351
1351
1351
1351
1351
1351
1351
1351
1351
1351
1351
1352
1352
1352
1352
1352
1352
1352
1352
1352
1352
1352
1352
1353
1353
1353
1353
1353
1353
1353
1353
1353
1353
1353
1353
1353
1354
1354
1354
1354
1354
1354
1354
1354
1354
1354
1354
1354
1355
1355
1355
1355
1355
1355
1355
1355
1355
1355
1355
1355
1355
1356
1356
1356
1356
1356
1356
1356
1356
1356
1356
1356
1356
1357
1357
1357
1357
1357
1357
1357
1357
1357
1357
1357
1357
1357
1358
1358
1358
1358
1358
1358
1358
1358
1358
1358
1358
1358
1359
1359
1359
1359
1359
1359
1359
1359
1359
1359
1359
1359
1359
1360
1360
1360
1360
1360
1360
1360
1360
1360
1360
1360
1360
1361
1361
1361
1361
1361
1361
1361
1361
1361
1361
1361
1361
1361
1362
1362
1362
1362
1362
1362
1362
1362
1362
1362
1362
1362
1363
1363
1363
1363
1363
1363
1363
1363
1363
1363
1363
1363
1363
1364
1364
1364
1364
1364
1364
1364
1364
1364
1364
1364
1364
1365
1365
1365
1365
1365
1365
1365
1365
1365
1365
1365
1365
1365
1366
1366
1366
1366
1366
1366
1366
1366
1366
1366
1366
1366
1367
1367
1367
1367
1367
1367
1367
1367
1367
1367
1367
1367
1367
1368
1368
1368
1368
1368
1368
1368
1368
1368
1368
1368
1368
1369
1369
1369
1369
1369
1369
1369
1369
1369
1369
1369
1369
1369
1370
1370
1370
1370
1370
1370
1370
1370
1370
1370
1370
1370
1371
1371
1371
1371
1371
1371
1371
1371
1371
1371
1371
1371
1371
1372
1372
1372
1372
1372
1372
1372
1372
1372
1372
1372
1372
1373
1373
1373
1373
1373
1373
1373
1373
1373
1373
1373
1373
1373
1374
1374
1374
1374
1374
1374
1374
1374
1374
1374
1374
1374
1375
1375
1375
1375
1375
1375
1375
1375
1375
1375
1375
1375
1375
1376
1376
1376
1376
1376
1376
1376
1376
1376
1376
1376
1376
1377
1377
1377
1377
1377
1377
1377
1377
1377
1377
1377
1377
1377
1378
1378
1378
1378
1378
1378
1378
1378
1378
1378
1378
1378
1379
1379
1379
1379
1379
1379
1379
1379
1379
1379
1379
1379
1379
1380
1380
1380
1380
1380
1380
1380
1380
1380
1380
1380
1380
1381
1381
1381
1381
1381
1381
1381
1381
1381
1381
1381
1381
1381
1382
1382
1382
1382
1382
1382
1382
1382
1382
1382
1382
1382
1383
1383
1383
1383
1383
1383
1383
1383
1383
1383
1383
1383
1383
1384
1384
1384
1384
1384
1384
1384
1384
1384
1384
1384
1384
1385
1385
1385
1385
1385
1385
1385
1385
1385
1385
1385
1385
1385
1386
1386
1386
1386
1386
1386
1386
1386
1386
1386
1386
1386
1387
1387
1387
1387
1387
1387
1387
1387
1387
1387
1387
1387
1387
1388
1388
1388
1388
1388
1388
1388
1388
1388
1388
1388
1388
1389
1389
1389
1389
1389
1389
1389
1389
1389
1389
1389
1389
1389
1390
1390
1390
1390
1390
1390
1390
1390
1390
1390
1390
1390
1391
1391
1391
1391
1391
1391
1391
1391
1391
1391
1391
1391
1391
1392
1392
1392
1392
1392
1392
1392
1392
1392
1392
1392
1392
1393
1393
1393
1393
1393
1393
1393
1393
1393
1393
1393
1393
1393
1394
1394
1394
1394
1394
1394
1394
1394
1394
1394
1394
1394
1395
1395
1395
1395
1395
1395
1395
1395
1395
1395
1395
1395
1395
1396
1396
1396
1396
1396
1396
1396
1396
1396
1396
1396
1396
1397
1397
1397
1397
1397
1397
1397
1397
1397
1397
1397
1397
1397
1398
1398
1398
1398
1398
1398
1398
1398
1398
1398
1398
1398
1399
1399
1399
1399
1399
1399
1399
1399
1399
1399
1399
1399
1399
1400
1400
1400
1400
1400
1400
1400
1400
1400
1400
1400
1400
1401
1401
1401
1401
1401
1401
1401
1401
1401
1401
1401
1401
1401
1402
1402
1402
1402
1402
1402
1402
1402
1402
1402
1402
1402
1403
1403
1403
1403
1403
1403
1403
1403
1403
1403
1403
1403
1403
1404
1404
1404
1404
1404
1404
1404
1404
1404
1404
1404
1404
1405
1405
1405
1405
1405
1405
1405
1405
1405
1405
1405
1405
1405
1406
1406
1406
1406
1406
1406
1406
1406
1406
1406
1406
1406
1407
1407
1407
1407
1407
1407
1407
1407
1407
1407
1407
1407
1407
1408
1408
1408
1408
1408
1408
1408
1408
1408
1408
1408
1408
1409
1409
1409
1409
1409
1409
1409
1409
1409
1409
1409
1409
1409
1410
1410
1410
1410
1410
1410
1410
1410
1410
1410
1410
1410
1411
1411
1411
1411
1411
1411
1411
1411
1411
1411
1411
1411
1411
1412
1412
1412
1412
1412
1412
1412
1412
1412
1412
1412
1412
1413
1413
1413
1413
1413
1413
1413
1413
1413
1413
1413
1413
1413
1414
1414
1414
1414
1414
1414
1414
1414
1414
1414
1414
1414
1415
1415
1415
1415
1415
1415
1415
1415
1415
1415
1415
1415
1415
1416
1416
1416
1416
1416
1416
1416
1416
1416
1416
1416
1416
1417
1417
1417
1417
1417
1417
1417
1417
1417
1417
1417
1417
1417
1418
1418
1418
1418
1418
1418
1418
1418
1418
1418
1418
1418
1419
1419
1419
1419
1419
1419
1419
1419
1419
1419
1419
1419
1419
1420
1420
1420
1420
1420
1420
1420
1420
1420
1420
1420
1420
1421
1421
1421
1421
1421
1421
1421
1421
1421
1421
1421
1421
1421
1422
1422
1422
1422
1422
1422
1422
1422
1422
1422
1422
1422
1423
1423
1423
1423
1423
1423
1423
1423
1423
1423
1423
1423
1423
1424
1424
1424
1424
1424
1424
1424
1424
1424
1424
1424
1424
1425
1425
1425
1425
1425
1425
1425
1425
1425
1425
1425
1425
1425
1426
1426
1426
1426
1426
1426
1426
1426
1426
1426
1426
1426
1427
1427
1427
1427
1427
1427
1427
1427
1427
1427
1427
1427
1427
1428
1428
1428
1428
1428
1428
1428
1428
1428
1428
1428
1428
1429
1429
1429
1429
1429
1429
1429
1429
1429
1429
1429
1429
1429
1430
1430
1430
1430
1430
1430
1430
1430
1430
1430
1430
1430
1431
1431
1431
1431
1431
1431
1431
1431
1431
1431
1431
1431
1431
1432
1432
1432
1432
1432
1432
1432
1432
1432
1432
1432
1432
1433
1433
1433
1433
1433
1433
1433
1433
1433
1433
1433
1433
1433
1434
1434
1434
1434
1434
1434
1434
1434
1434
1434
1434
1434
1435
1435
1435
1435
1435
1435
1435
1435
1435
1435
1435
1435
1435
1436
1436
1436
1436
1436
1436
1436
1436
1436
1436
1436
1436
1437
1437
1437
1437
1437
1437
1437
1437
1437
1437
1437
1437
1437
1438
1438
1438
1438
1438
1438
1438
1438
1438
1438
1438
1438
1439
1439
1439
1439
1439
1439
1439
1439
1439
1439
1439
1439
1439
1440
1440
1440
1440
1440
1440
1440
1440
1440
1440
1440
1440
1441
1441
1441
1441
1441
1441
1441
1441
1441
1441
1441
1441
1441
1442
1442
1442
1442
1442
1442
1442
1442
1442
1442
1442
1442
1443
1443
1443
1443
1443
1443
1443
1443
1443
1443
1443
1443
1443
1444
1444
1444
1444
1444
1444
1444
1444
1444
1444
1444
1444
1445
1445
1445
1445
1445
1445
1445
1445
1445
1445
1445
1445
1445
1446
1446
1446
1446
1446
1446
1446
1446
1446
1446
1446
1446
1447
1447
1447
1447
1447
1447
1447
1447
1447
1447
1447
1447
1447
1448
1448
1448
1448
1448
1448
1448
1448
1448
1448
1448
1448
1449
1449
1449
1449
1449
1449
1449
1449
1449
1449
1449
1449
1449
1450
1450
1450
1450
1450
1450
1450
1450
1450
1450
1450
1450
1451
1451
1451
1451
1451
1451
1451
1451
1451
1451
1451
1451
1451
1452
1452
1452
1452
1452
1452
1452
1452
1452
1452
1452
1452
1453
1453
1453
1453
1453
1453
1453
1453
1453
1453
1453
1453
1453
1454
1454
1454
1454
1454
1454
1454
1454
1454
1454
1454
1454
1455
1455
1455
1455
1455
1455
1455
1455
1455
1455
1455
1455
1455
1456
1456
1456
1456
1456
1456
1456
1456
1456
1456
1456
1456
1457
1457
1457
1457
1457
1457
1457
1457
1457
1457
1457
1457
1457
1458
1458
1458
1458
1458
1458
1458
1458
1458
1458
1458
1458
1459
1459
1459
1459
1459
1459
1459
1459
1459
1459
1459
1459
1459
1460
1460
1460
1460
1460
1460
1460
1460
1460
1460
1460
1460
1461
1461
1461
1461
1461
1461
1461
1461
1461
1461
1461
1461
1461
1462
1462
1462
1462
1462
1462
1462
1462
1462
1462
1462
1462
1463
1463
1463
1463
1463
1463
1463
1463
1463
1463
1463
1463
1463
1464
1464
1464
1464
1464
1464
1464
1464
1464
1464
1464
1464
1465
1465
1465
1465
1465
1465
1465
1465
1465
1465
1465
1465
1465
1466
1466
1466
1466
1466
1466
1466
1466
1466
1466
1466
1466
1467
1467
1467
1467
1467
1467
1467
1467
1467
1467
1467
1467
1467
1468
1468
1468
1468
1468
1468
1468
1468
1468
1468
1468
1468
1469
1469
1469
1469
1469
1469
1469
1469
1469
1469
1469
1469
1469
1470
1470
1470
1470
1470
1470
1470
1470
1470
1470
1470
1470
1471
1471
1471
1471
1471
1471
1471
1471
1471
1471
1471
1471
1471
1472
1472
1472
1472
1472
1472
1472
1472
1472
1472
1472
1472
1473
1473
1473
1473
1473
1473
1473
1473
1473
1473
1473
1473
1473
1474
1474
1474
1474
1474
1474
1474
1474
1474
1474
1474
1474
1475
1475
1475
1475
1475
1475
1475
1475
1475
1475
1475
1475
1475
1476
1476
1476
1476
1476
1476
1476
1476
1476
1476
1476
1476
1477
1477
1477
1477
1477
1477
1477
1477
1477
1477
1477
1477
1477
1478
1478
1478
1478
1478
1478
1478
1478
1478
1478
1478
1478
1479
1479
1479
1479
1479
1479
1479
1479
1479
1479
1479
1479
1479
1480
1480
1480
1480
1480
1480
1480
1480
1480
1480
1480
1480
1481
1481
1481
1481
1481
1481
1481
1481
1481
1481
1481
1481
1481
1482
1482
1482
1482
1482
1482
1482
1482
1482
1482
1482
1482
1483
1483
1483
1483
1483
1483
1483
1483
1483
1483
1483
1483
1483
1484
1484
1484
1484
1484
1484
1484
1484
1484
1484
1484
1484
1485
1485
1485
1485
1485
1485
1485
1485
1485
1485
1485
1485
1485
1486
1486
1486
1486
1486
1486
1486
1486
1486
1486
1486
1486
1487
1487
1487
1487
1487
1487
1487
1487
1487
1487
1487
1487
1487
1488
1488
1488
1488
1488
1488
1488
1488
1488
1488
1488
1488
1489
1489
1489
1489
1489
1489
1489
1489
1489
1489
1489
1489
1489
1490
1490
1490
1490
1490
1490
1490
1490
1490
1490
1490
1490
1491
1491
1491
1491
1491
1491
1491
1491
1491
1491
1491
1491
1491
1492
1492
1492
1492
1492
1492
1492
1492
1492
1492
1492
1492
1493
1493
1493
1493
1493
1493
1493
1493
1493
1493
1493
1493
1493
1494
1494
1494
1494
1494
1494
1494
1494
1494
1494
1494
1494
1495
1495
1495
1495
1495
1495
1495
1495
1495
1495
1495
1495
1495
1496
1496
1496
1496
1496
1496
1496
1496
1496
1496
1496
1496
1497
1497
1497
1497
1497
1497
1497
1497
1497
1497
1497
1497
1497
1498
1498
1498
1498
1498
1498
1498
1498
1498
1498
1498
1498
1499
1499
1499
1499
1499
1499
1499
1499
1499
1499
1499
1499
1499
1500
1500
1500
1500
1500
1500
1500
1500
1500
1500
1500
1500
1501
1501
1501
1501
1501
1501
1501
1501
1501
1501
1501
1501
1501
1502
1502
1502
1502
1502
1502
1502
1502
1502
1502
1502
1502
1503
1503
1503
1503
1503
1503
1503
1503
1503
1503
1503
1503
1503
1504
1504
1504
1504
1504
1504
1504
1504
1504
1504
1504
1504
1505
1505
1505
1505
1505
1505
1505
1505
1505
1505
1505
1505
1505
1506
1506
1506
1506
1506
1506
1506
1506
1506
1506
1506
1506
1507
1507
1507
1507
1507
1507
1507
1507
1507
1507
1507
1507
1507
1508
1508
1508
1508
1508
1508
1508
1508
1508
1508
1508
1508
1509
1509
1509
1509
1509
1509
1509
1509
1509
1509
1509
1509
1509
1510
1510
1510
1510
1510
1510
1510
1510
1510
1510
1510
1510
1511
1511
1511
1511
1511
1511
1511
1511
1511
1511
1511
1511
1511
1512
1512
1512
1512
1512
1512
1512
1512
1512
1512
1512
1512
1513
1513
1513
1513
1513
1513
1513
1513
1513
1513
1513
1513
1513
1514
1514
1514
1514
1514
1514
1514
1514
1514
1514
1514
1514
1515
1515
1515
1515
1515
1515
1515
1515
1515
1515
1515
1515
1515
1516
1516
1516
1516
1516
1516
1516
1516
1516
1516
1516
1516
1517
1517
1517
1517
1517
1517
1517
1517
1517
1517
1517
1517
1517
1518
1518
1518
1518
1518
1518
1518
1518
1518
1518
1518
1518
1519
1519
1519
1519
1519
1519
1519
1519
1519
1519
1519
1519
1519
1520
1520
1520
1520
1520
1520
1520
1520
1520
1520
1520
1520
1521
1521
1521
1521
1521
1521
1521
1521
1521
1521
1521
1521
1521
1522
1522
1522
1522
1522
1522
1522
1522
1522
1522
1522
1522
1523
1523
1523
1523
1523
1523
1523
1523
1523
1523
1523
1523
1523
1524
1524
1524
1524
1524
1524
1524
1524
1524
1524
1524
1524
1525
1525
1525
1525
1525
1525
1525
1525
1525
1525
1525
1525
1525
1526
1526
1526
1526
1526
1526
1526
1526
1526
1526
1526
1526
1527
1527
1527
1527
1527
1527
1527
1527
1527
1527
1527
1527
1527
1528
1528
1528
1528
1528
1528
1528
1528
1528
1528
1528
1528
1529
1529
1529
1529
1529
1529
1529
1529
1529
1529
1529
1529
1529
1530
1530
1530
1530
1530
1530
1530
1530
1530
1530
1530
1530
1531
1531
1531
1531
1531
1531
1531
1531
1531
1531
1531
1531
1531
1532
1532
1532
1532
1532
1532
1532
1532
1532
1532
1532
1532
1533
1533
1533
1533
1533
1533
1533
1533
1533
1533
1533
1533
1533
1534
1534
1534
1534
1534
1534
1534
1534
1534
1534
1534
1534
1535
1535
1535
1535
1535
1535
1535
1535
1535
1535
1535
1535
1535
1536
1536
1536
1536
1536
1536
1536
1536
1536
1536
1536
1536
1537
1537
1537
1537
1537
1537
1537
1537
1537
1537
1537
1537
1537
1538
1538
1538
1538
1538
1538
1538
1538
1538
1538
1538
1538
1539
1539
1539
1539
1539
1539
1539
1539
1539
1539
1539
1539
1539
1540
1540
1540
1540
1540
1540
1540
1540
1540
1540
1540
1540
1541
1541
1541
1541
1541
1541
1541
1541
1541
1541
1541
1541
1541
1542
1542
1542
1542
1542
1542
1542
1542
1542
1542
1542
1542
1543
1543
1543
1543
1543
1543
1543
1543
1543
1543
1543
1543
1543
1544
1544
1544
1544
1544
1544
1544
1544
1544
1544
1544
1544
1545
1545
1545
1545
1545
1545
1545
1545
1545
1545
1545
1545
1545
1546
1546
1546
1546
1546
1546
1546
1546
1546
1546
1546
1546
1547
1547
1547
1547
1547
1547
1547
1547
1547
1547
1547
1547
1547
1548
1548
1548
1548
1548
1548
1548
1548
1548
1548
1548
1548
1549
1549
1549
1549
1549
1549
1549
1549
1549
1549
1549
1549
1549
1550
1550
1550
1550
1550
1550
1550
1550
1550
1550
1550
1550
1551
1551
1551
1551
1551
1551
1551
1551
1551
1551
1551
1551
1551
1552
1552
1552
1552
1552
1552
1552
1552
1552
1552
1552
1552
1553
1553
1553
1553
1553
1553
1553
1553
1553
1553
1553
1553
1553
1554
1554
1554
1554
1554
1554
1554
1554
1554
1554
1554
1554
1555
1555
1555
1555
1555
1555
1555
1555
1555
1555
1555
1555
1555
1556
1556
1556
1556
1556
1556
1556
1556
1556
1556
1556
1556
1557
1557
1557
1557
1557
1557
1557
1557
1557
1557
1557
1557
1557
1558
1558
1558
1558
1558
1558
1558
1558
1558
1558
1558
1558
1559
1559
1559
1559
1559
1559
1559
1559
1559
1559
1559
1559
1559
1560
1560
1560
1560
1560
1560
1560
1560
1560
1560
1560
1560
1561
1561
1561
1561
1561
1561
1561
1561
1561
1561
1561
1561
1561
1562
1562
1562
1562
1562
1562
1562
1562
1562
1562
1562
1562
1563
1563
1563
1563
1563
1563
1563
1563
1563
1563
1563
1563
1563
1564
1564
1564
1564
1564
1564
1564
1564
1564
1564
1564
1564
1565
1565
1565
1565
1565
1565
1565
1565
1565
1565
1565
1565
1565
1566
1566
1566
1566
1566
1566
1566
1566
1566
1566
1566
1566
1567
1567
1567
1567
1567
1567
1567
1567
1567
1567
1567
1567
1567
1568
1568
1568
1568
1568
1568
1568
1568
1568
1568
1568
1568
1569
1569
1569
1569
1569
1569
1569
1569
1569
1569
1569
1569
1569
1570
1570
1570
1570
1570
1570
1570
1570
1570
1570
1570
1570
1571
1571
1571
1571
1571
1571
1571
1571
1571
1571
1571
1571
1571
1572
1572
1572
1572
1572
1572
1572
1572
1572
1572
1572
1572
1573
1573
1573
1573
1573
1573
1573
1573
1573
1573
1573
1573
1573
1574
1574
1574
1574
1574
1574
1574
1574
1574
1574
1574
1574
1575
1575
1575
1575
1575
1575
1575
1575
1575
1575
1575
1575
1575
1576
1576
1576
1576
1576
1576
1576
1576
1576
1576
1576
1576
1577
1577
1577
1577
1577
1577
1577
1577
1577
1577
1577
1577
1577
1578
1578
1578
1578
1578
1578
1578
1578
1578
1578
1578
1578
1579
1579
1579
1579
1579
1579
1579
1579
1579
1579
1579
1579
1579
1580
1580
1580
1580
1580
1580
1580
1580
1580
1580
1580
1580
1581
1581
1581
1581
1581
1581
1581
1581
1581
1581
1581
1581
1581
1582
1582
1582
1582
1582
1582
1582
1582
1582
1582
1582
1582
1583
1583
1583
1583
1583
1583
1583
1583
1583
1583
1583
1583
1583
1584
1584
1584
1584
1584
1584
1584
1584
1584
1584
1584
1584
1585
1585
1585
1585
1585
1585
1585
1585
1585
1585
1585
1585
1585
1586
1586
1586
1586
1586
1586
1586
1586
1586
1586
1586
1586
1587
1587
1587
1587
1587
1587
1587
1587
1587
1587
1587
1587
1587
1588
1588
1588
1588
1588
1588
1588
1588
1588
1588
1588
1588
1589
1589
1589
1589
1589
1589
1589
1589
1589
1589
1589
1589
1589
1590
1590
1590
1590
1590
1590
1590
1590
1590
1590
1590
1590
1591
1591
1591
1591
1591
1591
1591
1591
1591
1591
1591
1591
1591
1592
1592
1592
1592
1592
1592
1592
1592
1592
1592
1592
1592
1593
1593
1593
1593
1593
1593
1593
1593
1593
1593
1593
1593
1593
1594
1594
1594
1594
1594
1594
1594
1594
1594
1594
1594
1594
1595
1595
1595
1595
1595
1595
1595
1595
1595
1595
1595
1595
1595
1596
1596
1596
1596
1596
1596
1596
1596
1596
1596
1596
1596
1597
1597
1597
1597
1597
1597
1597
1597
1597
1597
1597
1597
1597
1598
1598
1598
1598
1598
1598
1598
1598
1598
1598
1598
1598
1599
1599
1599
1599
1599
1599
1599
1599
1599
1599
1599
1599
1599
1600
1600
1600
1600
1600
1600
1600
1600
1600
1600
1600
1600
1601
1601
1601
1601
1601
1601
1601
1601
1601
1601
1601
1601
1601
1602
1602
1602
1602
1602
1602
1602
1602
1602
1602
1602
1602
1603
1603
1603
1603
1603
1603
1603
1603
1603
1603
1603
1603
1603
1604
1604
1604
1604
1604
1604
1604
1604
1604
1604
1604
1604
1605
1605
1605
1605
1605
1605
1605
1605
1605
1605
1605
1605
1605
1606
1606
1606
1606
1606
1606
1606
1606
1606
1606
1606
1606
1607
1607
1607
1607
1607
1607
1607
1607
1607
1607
1607
1607
1607
1608
1608
1608
1608
1608
1608
1608
1608
1608
1608
1608
1608
1609
1609
1609
1609
1609
1609
1609
1609
1609
1609
1609
1609
1609
1610
1610
1610
1610
1610
1610
1610
1610
1610
1610
1610
1610
1611
1611
1611
1611
1611
1611
1611
1611
1611
1611
1611
1611
1611
1612
1612
1612
1612
1612
1612
1612
1612
1612
1612
1612
1612
1613
1613
1613
1613
1613
1613
1613
1613
1613
1613
1613
1613
1613
1614
1614
1614
1614
1614
1614
1614
1614
1614
1614
1614
1614
1615
1615
1615
1615
1615
1615
1615
1615
1615
1615
1615
1615
1615
1616
1616
1616
1616
1616
1616
1616
1616
1616
1616
1616
1616
1617
1617
1617
1617
1617
1617
1617
1617
1617
1617
1617
1617
1617
1618
1618
1618
1618
1618
1618
1618
1618
1618
1618
1618
1618
1619
1619
1619
1619
1619
1619
1619
1619
1619
1619
1619
1619
1619
1620
1620
1620
1620
1620
1620
1620
1620
1620
1620
1620
1620
1621
1621
1621
1621
1621
1621
1621
1621
1621
1621
1621
1621
1621
1622
1622
1622
1622
1622
1622
1622
1622
1622
1622
1622
1622
1623
1623
1623
1623
1623
1623
1623
1623
1623
1623
1623
1623
1623
1624
1624
1624
1624
1624
1624
1624
1624
1624
1624
1624
1624
1625
1625
1625
1625
1625
1625
1625
1625
1625
1625
1625
1625
1625
1626
1626
1626
1626
1626
1626
1626
1626
1626
1626
1626
1626
1627
1627
1627
1627
1627
1627
1627
1627
1627
1627
1627
1627
1627
1628
1628
1628
1628
1628
1628
1628
1628
1628
1628
1628
1628
1629
1629
1629
1629
1629
1629
1629
1629
1629
1629
1629
1629
1629
1630
1630
1630
1630
1630
1630
1630
1630
1630
1630
1630
1630
1631
1631
1631
1631
1631
1631
1631
1631
1631
1631
1631
1631
1631
1632
1632
1632
1632
1632
1632
1632
1632
1632
1632
1632
1632
1633
1633
1633
1633
1633
1633
1633
1633
1633
1633
1633
1633
1633
1634
1634
1634
1634
1634
1634
1634
1634
1634
1634
1634
1634
1635
1635
1635
1635
1635
1635
1635
1635
1635
1635
1635
1635
1635
1636
1636
1636
1636
1636
1636
1636
1636
1636
1636
1636
1636
1637
1637
1637
1637
1637
1637
1637
1637
1637
1637
1637
1637
1637
1638
1638
1638
1638
1638
1638
1638
1638
1638
1638
1638
1638
1639
1639
1639
1639
1639
1639
1639
1639
1639
1639
1639
1639
1639
1640
1640
1640
1640
1640
1640
1640
1640
1640
1640
1640
1640
1641
1641
1641
1641
1641
1641
1641
1641
1641
1641
1641
1641
1641
1642
1642
1642
1642
1642
1642
1642
1642
1642
1642
1642
1642
1643
1643
1643
1643
1643
1643
1643
1643
1643
1643
1643
1643
1643
1644
1644
1644
1644
1644
1644
1644
1644
1644
1644
1644
1644
1645
1645
1645
1645
1645
1645
1645
1645
1645
1645
1645
1645
1645
1646
1646
1646
1646
1646
1646
1646
1646
1646
1646
1646
1646
1647
1647
1647
1647
1647
1647
1647
1647
1647
1647
1647
1647
1647
1648
1648
1648
1648
1648
1648
1648
1648
1648
1648
1648
1648
1649
1649
1649
1649
1649
1649
1649
1649
1649
1649
1649
1649
1649
1650
1650
1650
1650
1650
1650
1650
1650
1650
1650
1650
1650
1651
1651
1651
1651
1651
1651
1651
1651
1651
1651
1651
1651
1651
1652
1652
1652
1652
1652
1652
1652
1652
1652
1652
1652
1652
1653
1653
1653
1653
1653
1653
1653
1653
1653
1653
1653
1653
1653
1654
1654
1654
1654
1654
1654
1654
1654
1654
1654
1654
1654
1655
1655
1655
1655
1655
1655
1655
1655
1655
1655
1655
1655
1655
1656
1656
1656
1656
1656
1656
1656
1656
1656
1656
1656
1656
1657
1657
1657
1657
1657
1657
1657
1657
1657
1657
1657
1657
1657
1658
1658
1658
1658
1658
1658
1658
1658
1658
1658
1658
1658
1659
1659
1659
1659
1659
1659
1659
1659
1659
1659
1659
1659
1659
1660
1660
1660
1660
1660
1660
1660
1660
1660
1660
1660
1660
1661
1661
1661
1661
1661
1661
1661
1661
1661
1661
1661
1661
1661
1662
1662
1662
1662
1662
1662
1662
1662
1662
1662
1662
1662
1663
1663
1663
1663
1663
1663
1663
1663
1663
1663
1663
1663
1663
1664
1664
1664
1664
1664
1664
1664
1664
1664
1664
1664
1664
1665
1665
1665
1665
1665
1665
1665
1665
1665
1665
1665
1665
1665
1666
1666
1666
1666
1666
1666
1666
1666
1666
1666
1666
1666
1667
1667
1667
1667
1667
1667
1667
1667
1667
1667
1667
1667
1667
1668
1668
1668
1668
1668
1668
1668
1668
1668
1668
1668
1668
1669
1669
1669
1669
1669
1669
1669
1669
1669
1669
1669
1669
1669
1670
1670
1670
1670
1670
1670
1670
1670
1670
1670
1670
1670
1671
1671
1671
1671
1671
1671
1671
1671
1671
1671
1671
1671
1671
1672
1672
1672
1672
1672
1672
1672
1672
1672
1672
1672
1672
1673
1673
1673
1673
1673
1673
1673
1673
1673
1673
1673
1673
1673
1674
1674
1674
1674
1674
1674
1674
1674
1674
1674
1674
1674
1675
1675
1675
1675
1675
1675
1675
1675
1675
1675
1675
1675
1675
1676
1676
1676
1676
1676
1676
1676
1676
1676
1676
1676
1676
1677
1677
1677
1677
1677
1677
1677
1677
1677
1677
1677
1677
1677
1678
1678
1678
1678
1678
1678
1678
1678
1678
1678
1678
1678
1679
1679
1679
1679
1679
1679
1679
1679
1679
1679
1679
1679
1679
1680
1680
1680
1680
1680
1680
1680
1680
1680
1680
1680
1680
1681
1681
1681
1681
1681
1681
1681
1681
1681
1681
1681
1681
1681
1682
1682
1682
1682
1682
1682
1682
1682
1682
1682
1682
1682
1683
1683
1683
1683
1683
1683
1683
1683
1683
1683
1683
1683
1683
1684
1684
1684
1684
1684
1684
1684
1684
1684
1684
1684
1684
1685
1685
1685
1685
1685
1685
1685
1685
1685
1685
1685
1685
1685
1686
1686
1686
1686
1686
1686
1686
1686
1686
1686
1686
1686
1687
1687
1687
1687
1687
1687
1687
1687
1687
1687
1687
1687
1687
1688
1688
1688
1688
1688
1688
1688
1688
1688
1688
1688
1688
1689
1689
1689
1689
1689
1689
1689
1689
1689
1689
1689
1689
1689
1690
1690
1690
1690
1690
1690
1690
1690
1690
1690
1690
1690
1691
1691
1691
1691
1691
1691
1691
1691
1691
1691
1691
1691
1691
1692
1692
1692
1692
1692
1692
1692
1692
1692
1692
1692
1692
1693
1693
1693
1693
1693
1693
1693
1693
1693
1693
1693
1693
1693
1694
1694
1694
1694
1694
1694
1694
1694
1694
1694
1694
1694
1695
1695
1695
1695
1695
1695
1695
1695
1695
1695
1695
1695
1695
1696
1696
1696
1696
1696
1696
1696
1696
1696
1696
1696
1696
1697
1697
1697
1697
1697
1697
1697
1697
1697
1697
1697
1697
1697
1698
1698
1698
1698
1698
1698
1698
1698
1698
1698
1698
1698
1699
1699
1699
1699
1699
1699
1699
1699
1699
1699
1699
1699
1699
1700
1700
1700
1700
1700
1700
1700
1700
1700
1700
1700
1700
1701
1701
1701
1701
1701
1701
1701
1701
1701
1701
1701
1701
1701
1702
1702
1702
1702
1702
1702
1702
1702
1702
1702
1702
1702
1703
1703
1703
1703
1703
1703
1703
1703
1703
1703
1703
1703
1703
1704
1704
1704
1704
1704
1704
1704
1704
1704
1704
1704
1704
1705
1705
1705
1705
1705
1705
1705
1705
1705
1705
1705
1705
1705
1706
1706
1706
1706
1706
1706
1706
1706
1706
1706
1706
1706
1707
1707
1707
1707
1707
1707
1707
1707
1707
1707
1707
1707
1707
1708
1708
1708
1708
1708
1708
1708
1708
1708
1708
1708
1708
1709
1709
1709
1709
1709
1709
1709
1709
1709
1709
1709
1709
1709
1710
1710
1710
1710
1710
1710
1710
1710
1710
1710
1710
1710
1711
1711
1711
1711
1711
1711
1711
1711
1711
1711
1711
1711
1711
1712
1712
1712
1712
1712
1712
1712
1712
1712
1712
1712
1712
1713
1713
1713
1713
1713
1713
1713
1713
1713
1713
1713
1713
1713
1714
1714
1714
1714
1714
1714
1714
1714
1714
1714
1714
1714
1715
1715
1715
1715
1715
1715
1715
1715
1715
1715
1715
1715
1715
1716
1716
1716
1716
1716
1716
1716
1716
1716
1716
1716
1716
1717
1717
1717
1717
1717
1717
1717
1717
1717
1717
1717
1717
1717
1718
1718
1718
1718
1718
1718
1718
1718
1718
1718
1718
1718
1719
1719
1719
1719
1719
1719
1719
1719
1719
1719
1719
1719
1719
1720
1720
1720
1720
1720
1720
1720
1720
1720
1720
1720
1720
1721
1721
1721
1721
1721
1721
1721
1721
1721
1721
1721
1721
1721
1722
1722
1722
1722
1722
1722
1722
1722
1722
1722
1722
1722
1723
1723
1723
1723
1723
1723
1723
1723
1723
1723
1723
1723
1723
1724
1724
1724
1724
1724
1724
1724
1724
1724
1724
1724
1724
1725
1725
1725
1725
1725
1725
1725
1725
1725
1725
1725
1725
1725
1726
1726
1726
1726
1726
1726
1726
1726
1726
1726
1726
1726
1727
1727
1727
1727
1727
1727
1727
1727
1727
1727
1727
1727
1727
1728
1728
1728
1728
1728
1728
1728
1728
1728
1728
1728
1728
1729
1729
1729
1729
1729
1729
1729
1729
1729
1729
1729
1729
1729
1730
1730
1730
1730
1730
1730
1730
1730
1730
1730
1730
1730
1731
1731
1731
1731
1731
1731
1731
1731
1731
1731
1731
1731
1731
1732
1732
1732
1732
1732
1732
1732
1732
1732
1732
1732
1732
1733
1733
1733
1733
1733
1733
1733
1733
1733
1733
1733
1733
1733
1734
1734
1734
1734
1734
1734
1734
1734
1734
1734
1734
1734
1735
1735
1735
1735
1735
1735
1735
1735
1735
1735
1735
1735
1735
1736
1736
1736
1736
1736
1736
1736
1736
1736
1736
1736
1736
1737
1737
1737
1737
1737
1737
1737
1737
1737
1737
1737
1737
1737
1738
1738
1738
1738
1738
1738
1738
1738
1738
1738
1738
1738
1739
1739
1739
1739
1739
1739
1739
1739
1739
1739
1739
1739
1739
1740
1740
1740
1740
1740
1740
1740
1740
1740
1740
1740
1740
1741
1741
1741
1741
1741
1741
1741
1741
1741
1741
1741
1741
1741
1742
1742
1742
1742
1742
1742
1742
1742
1742
1742
1742
1742
1743
1743
1743
1743
1743
1743
1743
1743
1743
1743
1743
1743
1743
1744
1744
1744
1744
1744
1744
1744
1744
1744
1744
1744
1744
1745
1745
1745
1745
1745
1745
1745
1745
1745
1745
1745
1745
1745
1746
1746
1746
1746
1746
1746
1746
1746
1746
1746
1746
1746
1747
1747
1747
1747
1747
1747
1747
1747
1747
1747
1747
1747
1747
1748
1748
1748
1748
1748
1748
1748
1748
1748
1748
1748
1748
1749
1749
1749
1749
1749
1749
1749
1749
1749
1749
1749
1749
1749
1750
1750
1750
1750
1750
1750
1750
1750
1750
1750
1750
1750
1751
1751
1751
1751
1751
1751
1751
1751
1751
1751
1751
1751
1751
1752
1752
1752
1752
1752
1752
1752
1752
1752
1752
1752
1752
1753
1753
1753
1753
1753
1753
1753
1753
1753
1753
1753
1753
1753
1754
1754
1754
1754
1754
1754
1754
1754
1754
1754
1754
1754
1755
1755
1755
1755
1755
1755
1755
1755
1755
1755
1755
1755
1755
1756
1756
1756
1756
1756
1756
1756
1756
1756
1756
1756
1756
1757
1757
1757
1757
1757
1757
1757
1757
1757
1757
1757
1757
1757
1758
1758
1758
1758
1758
1758
1758
1758
1758
1758
1758
1758
1759
1759
1759
1759
1759
1759
1759
1759
1759
1759
1759
1759
1759
1760
1760
1760
1760
1760
1760
1760
1760
1760
1760
1760
1760
1761
1761
1761
1761
1761
1761
1761
1761
1761
1761
1761
1761
1761
1762
1762
1762
1762
1762
1762
1762
1762
1762
1762
1762
1762
1763
1763
1763
1763
1763
1763
1763
1763
1763
1763
1763
1763
1763
1764
1764
1764
1764
1764
1764
1764
1764
1764
1764
1764
1764
1765
1765
1765
1765
1765
1765
1765
1765
1765
1765
1765
1765
1765
1766
1766
1766
1766
1766
1766
1766
1766
1766
1766
1766
1766
1767
1767
1767
1767
1767
1767
1767
1767
1767
1767
1767
1767
1767
1768
1768
1768
1768
1768
1768
1768
1768
1768
1768
1768
1768
1769
1769
1769
1769
1769
1769
1769
1769
1769
1769
1769
1769
1769
1770
1770
1770
1770
1770
1770
1770
1770
1770
1770
1770
1770
1771
1771
1771
1771
1771
1771
1771
1771
1771
1771
1771
1771
1771
1772
1772
1772
1772
1772
1772
1772
1772
1772
1772
1772
1772
1773
1773
1773
1773
1773
1773
1773
1773
1773
1773
1773
1773
1773
1774
1774
1774
1774
1774
1774
1774
1774
1774
1774
1774
1774
1775
1775
1775
1775
1775
1775
1775
1775
1775
1775
1775
1775
1775
1776
1776
1776
1776
1776
1776
1776
1776
1776
1776
1776
1776
1777
1777
1777
1777
1777
1777
1777
1777
1777
1777
1777
1777
1777
1778
1778
1778
1778
1778
1778
1778
1778
1778
1778
1778
1778
1779
1779
1779
1779
1779
1779
1779
1779
1779
1779
1779
1779
1779
1780
1780
1780
1780
1780
1780
1780
1780
1780
1780
1780
1780
1781
1781
1781
1781
1781
1781
1781
1781
1781
1781
1781
1781
1781
1782
1782
1782
1782
1782
1782
1782
1782
1782
1782
1782
1782
1783
1783
1783
1783
1783
1783
1783
1783
1783
1783
1783
1783
1783
1784
1784
1784
1784
1784
1784
1784
1784
1784
1784
1784
1784
1785
1785
1785
1785
1785
1785
1785
1785
1785
1785
1785
1785
1785
1786
1786
1786
1786
1786
1786
1786
1786
1786
1786
1786
1786
1787
1787
1787
1787
1787
1787
1787
1787
1787
1787
1787
1787
1787
1788
1788
1788
1788
1788
1788
1788
1788
1788
1788
1788
1788
1789
1789
1789
1789
1789
1789
1789
1789
1789
1789
1789
1789
1789
1790
1790
1790
1790
1790
1790
1790
1790
1790
1790
1790
1790
1791
1791
1791
1791
1791
1791
1791
1791
1791
1791
1791
1791
1791
1792
1792
1792
1792
1792
1792
1792
1792
1792
1792
1792
1792
1793
1793
1793
1793
1793
1793
1793
1793
1793
1793
1793
1793
1793
1794
1794
1794
1794
1794
1794
1794
1794
1794
1794
1794
1794
1795
1795
1795
1795
1795
1795
1795
1795
1795
1795
1795
1795
1795
1796
1796
1796
1796
1796
1796
1796
1796
1796
1796
1796
1796
1797
1797
1797
1797
1797
1797
1797
1797
1797
1797
1797
1797
1797
1798
1798
1798
1798
1798
1798
1798
1798
1798
1798
1798
1798
1799
1799
1799
1799
1799
1799
1799
1799
1799
1799
1799
1799
1799
1800
1800
1800
1800
1800
1800
1800
1800
1800
1800
1800
1800
1801
1801
1801
1801
1801
1801
1801
1801
1801
1801
1801
1801
1801
1802
1802
1802
1802
1802
1802
1802
1802
1802
1802
1802
1802
1803
1803
1803
1803
1803
1803
1803
1803
1803
1803
1803
1803
1803
1804
1804
1804
1804
1804
1804
1804
1804
1804
1804
1804
1804
1805
1805
1805
1805
1805
1805
1805
1805
1805
1805
1805
1805
1805
1806
1806
1806
1806
1806
1806
1806
1806
1806
1806
1806
1806
1807
1807
1807
1807
1807
1807
1807
1807
1807
1807
1807
1807
1807
1808
1808
1808
1808
1808
1808
1808
1808
1808
1808
1808
1808
1809
1809
1809
1809
1809
1809
1809
1809
1809
1809
1809
1809
1809
1810
1810
1810
1810
1810
1810
1810
1810
1810
1810
1810
1810
1811
1811
1811
1811
1811
1811
1811
1811
1811
1811
1811
1811
1811
1812
1812
1812
1812
1812
1812
1812
1812
1812
1812
1812
1812
1813
1813
1813
1813
1813
1813
1813
1813
1813
1813
1813
1813
1813
1814
1814
1814
1814
1814
1814
1814
1814
1814
1814
1814
1814
1815
1815
1815
1815
1815
1815
1815
1815
1815
1815
1815
1815
1815
1816
1816
1816
1816
1816
1816
1816
1816
1816
1816
1816
1816
1817
1817
1817
1817
1817
1817
1817
1817
1817
1817
1817
1817
1817
1818
1818
1818
1818
1818
1818
1818
1818
1818
1818
1818
1818
1819
1819
1819
1819
1819
1819
1819
1819
1819
1819
1819
1819
1819
1820
1820
1820
1820
1820
1820
1820
1820
1820
1820
1820
1820
1821
1821
1821
1821
1821
1821
1821
1821
1821
1821
1821
1821
1821
1822
1822
1822
1822
1822
1822
1822
1822
1822
1822
1822
1822
1823
1823
1823
1823
1823
1823
1823
1823
1823
1823
1823
1823
1823
1824
1824
1824
1824
1824
1824
1824
1824
1824
1824
1824
1824
1825
1825
1825
1825
1825
1825
1825
1825
1825
1825
1825
1825
1825
1826
1826
1826
1826
1826
1826
1826
1826
1826
1826
1826
1826
1827
1827
1827
1827
1827
1827
1827
1827
1827
1827
1827
1827
1827
1828
1828
1828
1828
1828
1828
1828
1828
1828
1828
1828
1828
1829
1829
1829
1829
1829
1829
1829
1829
1829
1829
1829
1829
1829
1830
1830
1830
1830
1830
1830
1830
1830
1830
1830
1830
1830
1831
1831
1831
1831
1831
1831
1831
1831
1831
1831
1831
1831
1831
1832
1832
1832
1832
1832
1832
1832
1832
1832
1832
1832
1832
1833
1833
1833
1833
1833
1833
1833
1833
1833
1833
1833
1833
1833
1834
1834
1834
1834
1834
1834
1834
1834
1834
1834
1834
1834
1835
1835
1835
1835
1835
1835
1835
1835
1835
1835
1835
1835
1835
1836
1836
1836
1836
1836
1836
1836
1836
1836
1836
1836
1836
1837
1837
1837
1837
1837
1837
1837
1837
1837
1837
1837
1837
1837
1838
1838
1838
1838
1838
1838
1838
1838
1838
1838
1838
1838
1839
1839
1839
1839
1839
1839
1839
1839
1839
1839
1839
1839
1839
1840
1840
1840
1840
1840
1840
1840
1840
1840
1840
1840
1840
1841
1841
1841
1841
1841
1841
1841
1841
1841
1841
1841
1841
1841
1842
1842
1842
1842
1842
1842
1842
1842
1842
1842
1842
1842
1843
1843
1843
1843
1843
1843
1843
1843
1843
1843
1843
1843
1843
1844
1844
1844
1844
1844
1844
1844
1844
1844
1844
1844
1844
1845
1845
1845
1845
1845
1845
1845
1845
1845
1845
1845
1845
1845
1846
1846
1846
1846
1846
1846
1846
1846
1846
1846
1846
1846
1847
1847
1847
1847
1847
1847
1847
1847
1847
1847
1847
1847
1847
1848
1848
1848
1848
1848
1848
1848
1848
1848
1848
1848
1848
1849
1849
1849
1849
1849
1849
1849
1849
1849
1849
1849
1849
1849
1850
1850
1850
1850
1850
1850
1850
1850
1850
1850
1850
1850
1851
1851
1851
1851
1851
1851
1851
1851
1851
1851
1851
1851
1851
1852
1852
1852
1852
1852
1852
1852
1852
1852
1852
1852
1852
1853
1853
1853
1853
1853
1853
1853
1853
1853
1853
1853
1853
1853
1854
1854
1854
1854
1854
1854
1854
1854
1854
1854
1854
1854
1855
1855
1855
1855
1855
1855
1855
1855
1855
1855
1855
1855
1855
1856
1856
1856
1856
1856
1856
1856
1856
1856
1856
1856
1856
1857
1857
1857
1857
1857
1857
1857
1857
1857
1857
1857
1857
1857
1858
1858
1858
1858
1858
1858
1858
1858
1858
1858
1858
1858
1859
1859
1859
1859
1859
1859
1859
1859
1859
1859
1859
1859
1859
1860
1860
1860
1860
1860
1860
1860
1860
1860
1860
1860
1860
1861
1861
1861
1861
1861
1861
1861
1861
1861
1861
1861
1861
1861
1862
1862
1862
1862
1862
1862
1862
1862
1862
1862
1862
1862
1863
1863
1863
1863
1863
1863
1863
1863
1863
1863
1863
1863
1863
1864
1864
1864
1864
1864
1864
1864
1864
1864
1864
1864
1864
1865
1865
1865
1865
1865
1865
1865
1865
1865
1865
1865
1865
1865
1866
1866
1866
1866
1866
1866
1866
1866
1866
1866
1866
1866
1867
1867
1867
1867
1867
1867
1867
1867
1867
1867
1867
1867
1867
1868
1868
1868
1868
1868
1868
1868
1868
1868
1868
1868
1868
1869
1869
1869
1869
1869
1869
1869
1869
1869
1869
1869
1869
1869
1870
1870
1870
1870
1870
1870
1870
1870
1870
1870
1870
1870
1871
1871
1871
1871
1871
1871
1871
1871
1871
1871
1871
1871
1871
1872
1872
1872
1872
1872
1872
1872
1872
1872
1872
1872
1872
1873
1873
1873
1873
1873
1873
1873
1873
1873
1873
1873
1873
1873
1874
1874
1874
1874
1874
1874
1874
1874
1874
1874
1874
1874
1875
1875
1875
1875
1875
1875
1875
1875
1875
1875
1875
1875
1875
1876
1876
1876
1876
1876
1876
1876
1876
1876
1876
1876
1876
1877
1877
1877
1877
1877
1877
1877
1877
1877
1877
1877
1877
1877
1878
1878
1878
1878
1878
1878
1878
1878
1878
1878
1878
1878
1879
1879
1879
1879
1879
1879
1879
1879
1879
1879
1879
1879
1879
1880
1880
1880
1880
1880
1880
1880
1880
1880
1880
1880
1880
1881
1881
1881
1881
1881
1881
1881
1881
1881
1881
1881
1881
1881
1882
1882
1882
1882
1882
1882
1882
1882
1882
1882
1882
1882
1883
1883
1883
1883
1883
1883
1883
1883
1883
1883
1883
1883
1883
1884
1884
1884
1884
1884
1884
1884
1884
1884
1884
1884
1884
1885
1885
1885
1885
1885
1885
1885
1885
1885
1885
1885
1885
1885
1886
1886
1886
1886
1886
1886
1886
1886
1886
1886
1886
1886
1887
1887
1887
1887
1887
1887
1887
1887
1887
1887
1887
1887
1887
1888
1888
1888
1888
1888
1888
1888
1888
1888
1888
1888
1888
1889
1889
1889
1889
1889
1889
1889
1889
1889
1889
1889
1889
1889
1890
1890
1890
1890
1890
1890
1890
1890
1890
1890
1890
1890
1891
1891
1891
1891
1891
1891
1891
1891
1891
1891
1891
1891
1891
1892
1892
1892
1892
1892
1892
1892
1892
1892
1892
1892
1892
1893
1893
1893
1893
1893
1893
1893
1893
1893
1893
1893
1893
1893
1894
1894
1894
1894
1894
1894
1894
1894
1894
1894
1894
1894
1895
1895
1895
1895
1895
1895
1895
1895
1895
1895
1895
1895
1895
1896
1896
1896
1896
1896
1896
1896
1896
1896
1896
1896
1896
1897
1897
1897
1897
1897
1897
1897
1897
1897
1897
1897
1897
1897
1898
1898
1898
1898
1898
1898
1898
1898
1898
1898
1898
1898
1899
1899
1899
1899
1899
1899
1899
1899
1899
1899
1899
1899
1899
1900
1900
1900
1900
1900
1900
1900
1900
1900
1900
1900
1900
1901
1901
1901
1901
1901
1901
1901
1901
1901
1901
1901
1901
1901
1902
1902
1902
1902
1902
1902
1902
1902
1902
1902
1902
1902
1903
1903
1903
1903
1903
1903
1903
1903
1903
1903
1903
1903
1903
1904
1904
1904
1904
1904
1904
1904
1904
1904
1904
1904
1904
1905
1905
1905
1905
1905
1905
1905
1905
1905
1905
1905
1905
1905
1906
1906
1906
1906
1906
1906
1906
1906
1906
1906
1906
1906
1907
1907
1907
1907
1907
1907
1907
1907
1907
1907
1907
1907
1907
1908
1908
1908
1908
1908
1908
1908
1908
1908
1908
1908
1908
1909
1909
1909
1909
1909
1909
1909
1909
1909
1909
1909
1909
1909
1910
1910
1910
1910
1910
1910
1910
1910
1910
1910
1910
1910
1911
1911
1911
1911
1911
1911
1911
1911
1911
1911
1911
1911
1911
1912
1912
1912
1912
1912
1912
1912
1912
1912
1912
1912
1912
1913
1913
1913
1913
1913
1913
1913
1913
1913
1913
1913
1913
1913
1914
1914
1914
1914
1914
1914
1914
1914
1914
1914
1914
1914
1915
1915
1915
1915
1915
1915
1915
1915
1915
1915
1915
1915
1915
1916
1916
1916
1916
1916
1916
1916
1916
1916
1916
1916
1916
1917
1917
1917
1917
1917
1917
1917
1917
1917
1917
1917
1917
1917
1918
1918
1918
1918
1918
1918
1918
1918
1918
1918
1918
1918
1919
1919
1919
1919
1919
1919
1919
1919
1919
1919
1919
1919
1919
1920
1920
1920
1920
1920
1920
1920
1920
1920
1920
1920
1920
1921
1921
1921
1921
1921
1921
1921
1921
1921
1921
1921
1921
1921
1922
1922
1922
1922
1922
1922
1922
1922
1922
1922
1922
1922
1923
1923
1923
1923
1923
1923
1923
1923
1923
1923
1923
1923
1923
1924
1924
1924
1924
1924
1924
1924
1924
1924
1924
1924
1924
1925
1925
1925
1925
1925
1925
1925
1925
1925
1925
1925
1925
1925
1926
1926
1926
1926
1926
1926
1926
1926
1926
1926
1926
1926
1927
1927
1927
1927
1927
1927
1927
1927
1927
1927
1927
1927
1927
1928
1928
1928
1928
1928
1928
1928
1928
1928
1928
1928
1928
1929
1929
1929
1929
1929
1929
1929
1929
1929
1929
1929
1929
1929
1930
1930
1930
1930
1930
1930
1930
1930
1930
1930
1930
1930
1931
1931
1931
1931
1931
1931
1931
1931
1931
1931
1931
1931
1931
1932
1932
1932
1932
1932
1932
1932
1932
1932
1932
1932
1932
1933
1933
1933
1933
1933
1933
1933
1933
1933
1933
1933
1933
1933
1934
1934
1934
1934
1934
1934
1934
1934
1934
1934
1934
1934
1935
1935
1935
1935
1935
1935
1935
1935
1935
1935
1935
1935
1935
1936
1936
1936
1936
1936
1936
1936
1936
1936
1936
1936
1936
1937
1937
1937
1937
1937
1937
1937
1937
1937
1937
1937
1937
1937
1938
1938
1938
1938
1938
1938
1938
1938
1938
1938
1938
1938
1939
1939
1939
1939
1939
1939
1939
1939
1939
1939
1939
1939
1939
1940
1940
1940
1940
1940
1940
1940
1940
1940
1940
1940
1940
1941
1941
1941
1941
1941
1941
1941
1941
1941
1941
1941
1941
1941
1942
1942
1942
1942
1942
1942
1942
1942
1942
1942
1942
1942
1943
1943
1943
1943
1943
1943
1943
1943
1943
1943
1943
1943
1943
1944
1944
1944
1944
1944
1944
1944
1944
1944
1944
1944
1944
1945
1945
1945
1945
1945
1945
1945
1945
1945
1945
1945
1945
1945
1946
1946
1946
1946
1946
1946
1946
1946
1946
1946
1946
1946
1947
1947
1947
1947
1947
1947
1947
1947
1947
1947
1947
1947
1947
1948
1948
1948
1948
1948
1948
1948
1948
1948
1948
1948
1948
1949
1949
1949
1949
1949
1949
1949
1949
1949
1949
1949
1949
1949
1950
1950
1950
1950
1950
1950
1950
1950
1950
1950
1950
1950
1951
1951
1951
1951
1951
1951
1951
1951
1951
1951
1951
1951
1951
1952
1952
1952
1952
1952
1952
1952
1952
1952
1952
1952
1952
1953
1953
1953
1953
1953
1953
1953
1953
1953
1953
1953
1953
1953
1954
1954
1954
1954
1954
1954
1954
1954
1954
1954
1954
1954
1955
1955
1955
1955
1955
1955
1955
1955
1955
1955
1955
1955
1955
1956
1956
1956
1956
1956
1956
1956
1956
1956
1956
1956
1956
1957
1957
1957
1957
1957
1957
1957
1957
1957
1957
1957
1957
1957
1958
1958
1958
1958
1958
1958
1958
1958
1958
1958
1958
1958
1959
1959
1959
1959
1959
1959
1959
1959
1959
1959
1959
1959
1959
1960
1960
1960
1960
1960
1960
1960
1960
1960
1960
1960
1960
1961
1961
1961
1961
1961
1961
1961
1961
1961
1961
1961
1961
1961
1962
1962
1962
1962
1962
1962
1962
1962
1962
1962
1962
1962
1963
1963
1963
1963
1963
1963
1963
1963
1963
1963
1963
1963
1963
1964
1964
1964
1964
1964
1964
1964
1964
1964
1964
1964
1964
1965
1965
1965
1965
1965
1965
1965
1965
1965
1965
1965
1965
1965
1966
1966
1966
1966
1966
1966
1966
1966
1966
1966
1966
1966
1967
1967
1967
1967
1967
1967
1967
1967
1967
1967
1967
1967
1967
1968
1968
1968
1968
1968
1968
1968
1968
1968
1968
1968
1968
1969
1969
1969
1969
1969
1969
1969
1969
1969
1969
1969
1969
1969
1970
1970
1970
1970
1970
1970
1970
1970
1970
1970
1970
1970
1971
1971
1971
1971
1971
1971
1971
1971
1971
1971
1971
1971
1971
1972
1972
1972
1972
1972
1972
1972
1972
1972
1972
1972
1972
1973
1973
1973
1973
1973
1973
1973
1973
1973
1973
1973
1973
1973
1974
1974
1974
1974
1974
1974
1974
1974
1974
1974
1974
1974
1975
1975
1975
1975
1975
1975
1975
1975
1975
1975
1975
1975
1975
1976
1976
1976
1976
1976
1976
1976
1976
1976
1976
1976
1976
1977
1977
1977
1977
1977
1977
1977
1977
1977
1977
1977
1977
1977
1978
1978
1978
1978
1978
1978
1978
1978
1978
1978
1978
1978
1979
1979
1979
1979
1979
1979
1979
1979
1979
1979
1979
1979
1979
1980
1980
1980
1980
1980
1980
1980
1980
1980
1980
1980
1980
1981
1981
1981
1981
1981
1981
1981
1981
1981
1981
1981
1981
1981
1982
1982
1982
1982
1982
1982
1982
1982
1982
1982
1982
1982
1983
1983
1983
1983
1983
1983
1983
1983
1983
1983
1983
1983
1983
1984
1984
1984
1984
1984
1984
1984
1984
1984
1984
1984
1984
1985
1985
1985
1985
1985
1985
1985
1985
1985
1985
1985
1985
1985
1986
1986
1986
1986
1986
1986
1986
1986
1986
1986
1986
1986
1987
1987
1987
1987
1987
1987
1987
1987
1987
1987
1987
1987
1987
1988
1988
1988
1988
1988
1988
1988
1988
1988
1988
1988
1988
1989
1989
1989
1989
1989
1989
1989
1989
1989
1989
1989
1989
1989
1990
1990
1990
1990
1990
1990
1990
1990
1990
1990
1990
1990
1991
1991
1991
1991
1991
1991
1991
1991
1991
1991
1991
1991
1991
1992
1992
1992
1992
1992
1992
1992
1992
1992
1992
1992
1992
1993
1993
1993
1993
1993
1993
1993
1993
1993
1993
1993
1993
1993
1994
1994
1994
1994
1994
1994
1994
1994
1994
1994
1994
1994
1995
1995
1995
1995
1995
1995
1995
1995
1995
1995
1995
1995
1995
1996
1996
1996
1996
1996
1996
1996
1996
1996
1996
1996
1996
1997
1997
1997
1997
1997
1997
1997
1997
1997
1997
1997
1997
1997
1998
1998
1998
1998
1998
1998
1998
1998
1998
1998
1998
1998
1999
1999
1999
1999
1999
1999
1999
1999
1999
1999
1999
1999
1999
2000
2000
2000
2000
2000
2000
2000
2000
2000
2000
2000
2000
2001
2001
2001
2001
2001
2001
2001
2001
2001
2001
2001
2001
2001
2002
2002
2002
2002
2002
2002
2002
2002
2002
2002
2002
2002
2003
2003
2003
2003
2003
2003
2003
2003
2003
2003
2003
2003
2003
2004
2004
2004
2004
2004
2004
2004
2004
2004
2004
2004
2004
2005
2005
2005
2005
2005
2005
2005
2005
2005
2005
2005
2005
2005
2006
2006
2006
2006
2006
2006
2006
2006
2006
2006
2006
2006
2007
2007
2007
2007
2007
2007
2007
2007
2007
2007
2007
2007
2007
2008
2008
2008
2008
2008
2008
2008
2008
2008
2008
2008
2008
2009
2009
2009
2009
2009
2009
2009
2009
2009
2009
2009
2009
2009
2010
2010
2010
2010
2010
2010
2010
2010
2010
2010
2010
2010
2011
2011
2011
2011
2011
2011
2011
2011
2011
2011
2011
2011
2011
2012
2012
2012
2012
2012
2012
2012
2012
2012
2012
2012
2012
2013
2013
2013
2013
2013
2013
2013
2013
2013
2013
2013
2013
2013
2014
2014
2014
2014
2014
2014
2014
2014
2014
2014
2014
2014
2015
2015
2015
2015
2015
2015
2015
2015
2015
2015
2015
2015
2015
2016
2016
2016
2016
2016
2016
2016
2016
2016
2016
2016
2016
2017
2017
2017
2017
2017
2017
2017
2017
2017
2017
2017
2017
2017
2018
2018
2018
2018
2018
2018
2018
2018
2018
2018
2018
2018
2019
2019
2019
2019
2019
2019
2019
2019
2019
2019
2019
2019
2019
2020
2020
2020
2020
2020
2020
2020
2020
2020
2020
2020
2020
2021
2021
2021
2021
2021
2021
2021
2021
2021
2021
2021
2021
2021
2022
2022
2022
2022
2022
2022
2022
2022
2022
2022
2022
2022
2023
2023
2023
2023
2023
2023
2023
2023
2023
2023
2023
2023
2023
2024
2024
2024
2024
2024
2024
2024
2024
2024
2024
2024
2024
2025
2025
2025
2025
2025
2025
2025
2025
2025
2025
2025
2025
2025
2026
2026
2026
2026
2026
2026
2026
2026
2026
2026
2026
2026
2027
2027
2027
2027
2027
2027
2027
2027
2027
2027
2027
2027
2027
2028
2028
2028
2028
2028
2028
2028
2028
2028
2028
2028
2028
2029
2029
2029
2029
2029
2029
2029
2029
2029
2029
2029
2029
2029
2030
2030
2030
2030
2030
2030
2030
2030
2030
2030
2030
2030
2031
2031
2031
2031
2031
2031
2031
2031
2031
2031
2031
2031
2031
2032
2032
2032
2032
2032
2032
2032
2032
2032
2032
2032
2032
2033
2033
2033
2033
2033
2033
2033
2033
2033
2033
2033
2033
2033
2034
2034
2034
2034
2034
2034
2034
2034
2034
2034
2034
2034
2035
2035
2035
2035
2035
2035
2035
2035
2035
2035
2035
2035
2035
2036
2036
2036
2036
2036
2036
2036
2036
2036
2036
2036
2036
2037
2037
2037
2037
2037
2037
2037
2037
2037
2037
2037
2037
2037
2038
2038
2038
2038
2038
2038
2038
2038
2038
2038
2038
2038
2039
2039
2039
2039
2039
2039
2039
2039
2039
2039
2039
2039
2039
2040
2040
2040
2040
2040
2040
2040
2040
2040
2040
2040
2040
2041
2041
2041
2041
2041
2041
2041
2041
2041
2041
2041
2041
2041
2042
2042
2042
2042
2042
2042
2042
2042
2042
2042
2042
2042
2043
2043
2043
2043
2043
2043
2043
2043
2043
2043
2043
2043
2043
2044
2044
2044
2044
2044
2044
2044
2044
2044
2044
2044
2044
2045
2045
2045
2045
2045
2045
2045
2045
2045
2045
2045
2045
2045
2046
2046
2046
2046
2046
2046
2046
2046
2046
2046
2046
2046
2047
2047
2047
2047
2047
2047
2047
2047
2047
2047
2047
2047
2047
2048
2048
2048
2048
2048
2048
2048
2048
2048
2048
2048
2048
2049
2049
2049
2049
2049
2049
2049
2049
2049
2049
2049
2049
2049
2050
2050
2050
2050
2050
2050
2050
2050
2050
2050
2050
2050
2051
2051
2051
2051
2051
2051
2051
2051
2051
2051
2051
2051
2051
2052
2052
2052
2052
2052
2052
2052
2052
2052
2052
2052
2052
2053
2053
2053
2053
2053
2053
2053
2053
2053
2053
2053
2053
2053
2054
2054
2054
2054
2054
2054
2054
2054
2054
2054
2054
2054
2055
2055
2055
2055
2055
2055
2055
2055
2055
2055
2055
2055
2055
2056
2056
2056
2056
2056
2056
2056
2056
2056
2056
2056
2056
2057
2057
2057
2057
2057
2057
2057
2057
2057
2057
2057
2057
2057
2058
2058
2058
2058
2058
2058
2058
2058
2058
2058
2058
2058
2059
2059
2059
2059
2059
2059
2059
2059
2059
2059
2059
2059
2059
2060
2060
2060
2060
2060
2060
2060
2060
2060
2060
2060
2060
2061
2061
2061
2061
2061
2061
2061
2061
2061
2061
2061
2061
2061
2062
2062
2062
2062
2062
2062
2062
2062
2062
2062
2062
2062
2063
2063
2063
2063
2063
2063
2063
2063
2063
2063
2063
2063
2063
2064
2064
2064
2064
2064
2064
2064
2064
2064
2064
2064
2064
2065
2065
2065
2065
2065
2065
2065
2065
2065
2065
2065
2065
2065
2066
2066
2066
2066
2066
2066
2066
2066
2066
2066
2066
2066
2067
2067
2067
2067
2067
2067
2067
2067
2067
2067
2067
2067
2067
2068
2068
2068
2068
2068
2068
2068
2068
2068
2068
2068
2068
2069
2069
2069
2069
2069
2069
2069
2069
2069
2069
2069
2069
2069
2070
2070
2070
2070
2070
2070
2070
2070
2070
2070
2070
2070
2071
2071
2071
2071
2071
2071
2071
2071
2071
2071
2071
2071
2071
2072
2072
2072
2072
2072
2072
2072
2072
2072
2072
2072
2072
2073
2073
2073
2073
2073
2073
2073
2073
2073
2073
2073
2073
2073
2074
2074
2074
2074
2074
2074
2074
2074
2074
2074
2074
2074
2075
2075
2075
2075
2075
2075
2075
2075
2075
2075
2075
2075
2075
2076
2076
2076
2076
2076
2076
2076
2076
2076
2076
2076
2076
2077
2077
2077
2077
2077
2077
2077
2077
2077
2077
2077
2077
2077
2078
2078
2078
2078
2078
2078
2078
2078
2078
2078
2078
2078
2079
2079
2079
2079
2079
2079
2079
2079
2079
2079
2079
2079
2079
2080
2080
2080
2080
2080
2080
2080
2080
2080
2080
2080
2080
2081
2081
2081
2081
2081
2081
2081
2081
2081
2081
2081
2081
2081
2082
2082
2082
2082
2082
2082
2082
2082
2082
2082
2082
2082
2083
2083
2083
2083
2083
2083
2083
2083
2083
2083
2083
2083
2083
2084
2084
2084
2084
2084
2084
2084
2084
2084
2084
2084
2084
2085
2085
2085
2085
2085
2085
2085
2085
2085
2085
2085
2085
2085
2086
2086
2086
2086
2086
2086
2086
2086
2086
2086
2086
2086
2087
2087
2087
2087
2087
2087
2087
2087
2087
2087
2087
2087
2087
2088
2088
2088
2088
2088
2088
2088
2088
2088
2088
2088
2088
2089
2089
2089
2089
2089
2089
2089
2089
2089
2089
2089
2089
2089
2090
2090
2090
2090
2090
2090
2090
2090
2090
2090
2090
2090
2091
2091
2091
2091
2091
2091
2091
2091
2091
2091
2091
2091
2091
2092
2092
2092
2092
2092
2092
2092
2092
2092
2092
2092
2092
2093
2093
2093
2093
2093
2093
2093
2093
2093
2093
2093
2093
2093
2094
2094
2094
2094
2094
2094
2094
2094
2094
2094
2094
2094
2095
2095
2095
2095
2095
2095
2095
2095
2095
2095
2095
2095
2095
2096
2096
2096
2096
2096
2096
2096
2096
2096
2096
2096
2096
2097
2097
2097
2097
2097
2097
2097
2097
2097
2097
2097
2097
2097
2098
2098
2098
2098
2098
2098
2098
2098
2098
2098
2098
2098
2099
2099
2099
2099
2099
2099
2099
2099
2099
2099
2099
2099
2099
2100
2100
2100
2100
2100
2100
2100
2100
2100
2100
2100
2100
2101
2101
2101
2101
2101
2101
2101
2101
2101
2101
2101
2101
2101
2102
2102
2102
2102
2102
2102
2102
2102
2102
2102
2102
2102
2103
2103
2103
2103
2103
2103
2103
2103
2103
2103
2103
2103
2103
2104
2104
2104
2104
2104
2104
2104
2104
2104
2104
2104
2104
2105
2105
2105
2105
2105
2105
2105
2105
2105
2105
2105
2105
2105
2106
2106
2106
2106
2106
2106
2106
2106
2106
2106
2106
2106
2107
2107
2107
2107
2107
2107
2107
2107
2107
2107
2107
2107
2107
2108
2108
2108
2108
2108
2108
2108
2108
2108
2108
2108
2108
2109
2109
2109
2109
2109
2109
2109
2109
2109
2109
2109
2109
2109
2110
2110
2110
2110
2110
2110
2110
2110
2110
2110
2110
2110
2111
2111
2111
2111
2111
2111
2111
2111
2111
2111
2111
2111
2111
2112
2112
2112
2112
2112
2112
2112
2112
2112
2112
2112
2112
2113
2113
2113
2113
2113
2113
2113
2113
2113
2113
2113
2113
2113
2114
2114
2114
2114
2114
2114
2114
2114
2114
2114
2114
2114
2115
2115
2115
2115
2115
2115
2115
2115
2115
2115
2115
2115
2115
2116
2116
2116
2116
2116
2116
2116
2116
2116
2116
2116
2116
2117
2117
2117
2117
2117
2117
2117
2117
2117
2117
2117
2117
2117
2118
2118
2118
2118
2118
2118
2118
2118
2118
2118
2118
2118
2119
2119
2119
2119
2119
2119
2119
2119
2119
2119
2119
2119
2119
2120
2120
2120
2120
2120
2120
2120
2120
2120
2120
2120
2120
2121
2121
2121
2121
2121
2121
2121
2121
2121
2121
2121
2121
2121
2122
2122
2122
2122
2122
2122
2122
2122
2122
2122
2122
2122
2123
2123
2123
2123
2123
2123
2123
2123
2123
2123
2123
2123
2123
2124
2124
2124
2124
2124
2124
2124
2124
2124
2124
2124
2124
2125
2125
2125
2125
2125
2125
2125
2125
2125
2125
2125
2125
2125
2126
2126
2126
2126
2126
2126
2126
2126
2126
2126
2126
2126
2127
2127
2127
2127
2127
2127
2127
2127
2127
2127
2127
2127
2127
2128
2128
2128
2128
2128
2128
2128
2128
2128
2128
2128
2128
2129
2129
2129
2129
2129
2129
2129
2129
2129
2129
2129
2129
2129
2130
2130
2130
2130
2130
2130
2130
2130
2130
2130
2130
2130
2131
2131
2131
2131
2131
2131
2131
2131
2131
2131
2131
2131
2131
2132
2132
2132
2132
2132
2132
2132
2132
2132
2132
2132
2132
2133
2133
2133
2133
2133
2133
2133
2133
2133
2133
2133
2133
2133
2134
2134
2134
2134
2134
2134
2134
2134
2134
2134
2134
2134
2135
2135
2135
2135
2135
2135
2135
2135
2135
2135
2135
2135
2135
2136
2136
2136
2136
2136
2136
2136
2136
2136
2136
2136
2136
2137
2137
2137
2137
2137
2137
2137
2137
2137
2137
2137
2137
2137
2138
2138
2138
2138
2138
2138
2138
2138
2138
2138
2138
2138
2139
2139
2139
2139
2139
2139
2139
2139
2139
2139
2139
2139
2139
2140
2140
2140
2140
2140
2140
2140
2140
2140
2140
2140
2140
2141
2141
2141
2141
2141
2141
2141
2141
2141
2141
2141
2141
2141
2142
2142
2142
2142
2142
2142
2142
2142
2142
2142
2142
2142
2143
2143
2143
2143
2143
2143
2143
2143
2143
2143
2143
2143
2143
2144
2144
2144
2144
2144
2144
2144
2144
2144
2144
2144
2144
2145
2145
2145
2145
2145
2145
2145
2145
2145
2145
2145
2145
2145
2146
2146
2146
2146
2146
2146
2146
2146
2146
2146
2146
2146
2147
2147
2147
2147
2147
2147
2147
2147
2147
2147
2147
2147
2147
2148
2148
2148
2148
2148
2148
2148
2148
2148
2148
2148
2148
2149
2149
2149
2149
2149
2149
2149
2149
2149
2149
2149
2149
2149
2150
2150
2150
2150
2150
2150
2150
2150
2150
2150
2150
2150
2151
2151
2151
2151
2151
2151
2151
2151
2151
2151
2151
2151
2151
2152
2152
2152
2152
2152
2152
2152
2152
2152
2152
2152
2152
2153
2153
2153
2153
2153
2153
2153
2153
2153
2153
2153
2153
2153
2154
2154
2154
2154
2154
2154
2154
2154
2154
2154
2154
2154
2155
2155
2155
2155
2155
2155
2155
2155
2155
2155
2155
2155
2155
2156
2156
2156
2156
2156
2156
2156
2156
2156
2156
2156
2156
2157
2157
2157
2157
2157
2157
2157
2157
2157
2157
2157
2157
2157
2158
2158
2158
2158
2158
2158
2158
2158
2158
2158
2158
2158
2159
2159
2159
2159
2159
2159
2159
2159
2159
2159
2159
2159
2159
2160
2160
2160
2160
2160
2160
2160
2160
2160
2160
2160
2160
2161
2161
2161
2161
2161
2161
2161
2161
2161
2161
2161
2161
2161
2162
2162
2162
2162
2162
2162
2162
2162
2162
2162
2162
2162
2163
2163
2163
2163
2163
2163
2163
2163
2163
2163
2163
2163
2163
2164
2164
2164
2164
2164
2164
2164
2164
2164
2164
2164
2164
2165
2165
2165
2165
2165
2165
2165
2165
2165
2165
2165
2165
2165
2166
2166
2166
2166
2166
2166
2166
2166
2166
2166
2166
2166
2167
2167
2167
2167
2167
2167
2167
2167
2167
2167
2167
2167
2167
2168
2168
2168
2168
2168
2168
2168
2168
2168
2168
2168
2168
2169
2169
2169
2169
2169
2169
2169
2169
2169
2169
2169
2169
2169
2170
2170
2170
2170
2170
2170
2170
2170
2170
2170
2170
2170
2171
2171
2171
2171
2171
2171
2171
2171
2171
2171
2171
2171
2171
2172
2172
2172
2172
2172
2172
2172
2172
2172
2172
2172
2172
2173
2173
2173
2173
2173
2173
2173
2173
2173
2173
2173
2173
2173
2174
2174
2174
2174
2174
2174
2174
2174
2174
2174
2174
2174
2175
2175
2175
2175
2175
2175
2175
2175
2175
2175
2175
2175
2175
2176
2176
2176
2176
2176
2176
2176
2176
2176
2176
2176
2176
2177
2177
2177
2177
2177
2177
2177
2177
2177
2177
2177
2177
2177
2178
2178
2178
2178
2178
2178
2178
2178
2178
2178
2178
2178
2179
2179
2179
2179
2179
2179
2179
2179
2179
2179
2179
2179
2179
2180
2180
2180
2180
2180
2180
2180
2180
2180
2180
2180
2180
2181
2181
2181
2181
2181
2181
2181
2181
2181
2181
2181
2181
2181
2182
2182
2182
2182
2182
2182
2182
2182
2182
2182
2182
2182
2183
2183
2183
2183
2183
2183
2183
2183
2183
2183
2183
2183
2183
2184
2184
2184
2184
2184
2184
2184
2184
2184
2184
2184
2184
2185
2185
2185
2185
2185
2185
2185
2185
2185
2185
2185
2185
2185
2186
2186
2186
2186
2186
2186
2186
2186
2186
2186
2186
2186
2187
2187
2187
2187
2187
2187
2187
2187
2187
2187
2187
2187
2187
2188
2188
2188
2188
2188
2188
2188
2188
2188
2188
2188
2188
2189
2189
2189
2189
2189
2189
2189
2189
2189
2189
2189
2189
2189
2190
2190
2190
2190
2190
2190
2190
2190
2190
2190
2190
2190
2191
2191
2191
2191
2191
2191
2191
2191
2191
2191
2191
2191
2191
2192
2192
2192
2192
2192
2192
2192
2192
2192
2192
2192
2192
2193
2193
2193
2193
2193
2193
2193
2193
2193
2193
2193
2193
2193
2194
2194
2194
2194
2194
2194
2194
2194
2194
2194
2194
2194
2195
2195
2195
2195
2195
2195
2195
2195
2195
2195
2195
2195
2195
2196
2196
2196
2196
2196
2196
2196
2196
2196
2196
2196
2196
2197
2197
2197
2197
2197
2197
2197
2197
2197
2197
2197
2197
2197
2198
2198
2198
2198
2198
2198
2198
2198
2198
2198
2198
2198
2199
2199
2199
2199
2199
2199
2199
2199
2199
2199
2199
2199
2199
2200
2200
2200
2200
2200
2200
2200
2200
2200
2200
2200
2200
2201
2201
2201
2201
2201
2201
2201
2201
2201
2201
2201
2201
2201
2202
2202
2202
2202
2202
2202
2202
2202
2202
2202
2202
2202
2203
2203
2203
2203
2203
2203
2203
2203
2203
2203
2203
2203
2203
2204
2204
2204
2204
2204
2204
2204
2204
2204
2204
2204
2204
2205
2205
2205
2205
2205
2205
2205
2205
2205
2205
2205
2205
2205
2206
2206
2206
2206
2206
2206
2206
2206
2206
2206
2206
2206
2207
2207
2207
2207
2207
2207
2207
2207
2207
2207
2207
2207
2207
2208
2208
2208
2208
2208
2208
2208
2208
2208
2208
2208
2208
2209
2209
2209
2209
2209
2209
2209
2209
2209
2209
2209
2209
2209
2210
2210
2210
2210
2210
2210
2210
2210
2210
2210
2210
2210
2211
2211
2211
2211
2211
2211
2211
2211
2211
2211
2211
2211
2211
2212
2212
2212
2212
2212
2212
2212
2212
2212
2212
2212
2212
2213
2213
2213
2213
2213
2213
2213
2213
2213
2213
2213
2213
2213
2214
2214
2214
2214
2214
2214
2214
2214
2214
2214
2214
2214
2215
2215
2215
2215
2215
2215
2215
2215
2215
2215
2215
2215
2215
2216
2216
2216
2216
2216
2216
2216
2216
2216
2216
2216
2216
2217
2217
2217
2217
2217
2217
2217
2217
2217
2217
2217
2217
2217
2218
2218
2218
2218
2218
2218
2218
2218
2218
2218
2218
2218
2219
2219
2219
2219
2219
2219
2219
2219
2219
2219
2219
2219
2219
2220
2220
2220
2220
2220
2220
2220
2220
2220
2220
2220
2220
2221
2221
2221
2221
2221
2221
2221
2221
2221
2221
2221
2221
2221
2222
2222
2222
2222
2222
2222
2222
2222
2222
2222
2222
2222
2223
2223
2223
2223
2223
2223
2223
2223
2223
2223
2223
2223
2223
2224
2224
2224
2224
2224
2224
2224
2224
2224
2224
2224
2224
2225
2225
2225
2225
2225
2225
2225
2225
2225
2225
2225
2225
2225
2226
2226
2226
2226
2226
2226
2226
2226
2226
2226
2226
2226
2227
2227
2227
2227
2227
2227
2227
2227
2227
2227
2227
2227
2227
2228
2228
2228
2228
2228
2228
2228
2228
2228
2228
2228
2228
2229
2229
2229
2229
2229
2229
2229
2229
2229
2229
2229
2229
2229
2230
2230
2230
2230
2230
2230
2230
2230
2230
2230
2230
2230
2231
2231
2231
2231
2231
2231
2231
2231
2231
2231
2231
2231
2231
2232
2232
2232
2232
2232
2232
2232
2232
2232
2232
2232
2232
2233
2233
2233
2233
2233
2233
2233
2233
2233
2233
2233
2233
2233
2234
2234
2234
2234
2234
2234
2234
2234
2234
2234
2234
2234
2235
2235
2235
2235
2235
2235
2235
2235
2235
2235
2235
2235
2235
2236
2236
2236
2236
2236
2236
2236
2236
2236
2236
2236
2236
2237
2237
2237
2237
2237
2237
2237
2237
2237
2237
2237
2237
2237
2238
2238
2238
2238
2238
2238
2238
2238
2238
2238
2238
2238
2239
2239
2239
2239
2239
2239
2239
2239
2239
2239
2239
2239
2239
2240
2240
2240
2240
2240
2240
2240
2240
2240
2240
2240
2240
2241
2241
2241
2241
2241
2241
2241
2241
2241
2241
2241
2241
2241
2242
2242
2242
2242
2242
2242
2242
2242
2242
2242
2242
2242
2243
2243
2243
2243
2243
2243
2243
2243
2243
2243
2243
2243
2243
2244
2244
2244
2244
2244
2244
2244
2244
2244
2244
2244
2244
2245
2245
2245
2245
2245
2245
2245
2245
2245
2245
2245
2245
2245
2246
2246
2246
2246
2246
2246
2246
2246
2246
2246
2246
2246
2247
2247
2247
2247
2247
2247
2247
2247
2247
2247
2247
2247
2247
2248
2248
2248
2248
2248
2248
2248
2248
2248
2248
2248
2248
2249
2249
2249
2249
2249
2249
2249
2249
2249
2249
2249
2249
2249
2250
2250
2250
2250
2250
2250
2250
2250
2250
2250
2250
2250
2251
2251
2251
2251
2251
2251
2251
2251
2251
2251
2251
2251
2251
2252
2252
2252
2252
2252
2252
2252
2252
2252
2252
2252
2252
2253
2253
2253
2253
2253
2253
2253
2253
2253
2253
2253
2253
2253
2254
2254
2254
2254
2254
2254
2254
2254
2254
2254
2254
2254
2255
2255
2255
2255
2255
2255
2255
2255
2255
2255
2255
2255
2255
2256
2256
2256
2256
2256
2256
2256
2256
2256
2256
2256
2256
2257
2257
2257
2257
2257
2257
2257
2257
2257
2257
2257
2257
2257
2258
2258
2258
2258
2258
2258
2258
2258
2258
2258
2258
2258
2259
2259
2259
2259
2259
2259
2259
2259
2259
2259
2259
2259
2259
2260
2260
2260
2260
2260
2260
2260
2260
2260
2260
2260
2260
2261
2261
2261
2261
2261
2261
2261
2261
2261
2261
2261
2261
2261
2262
2262
2262
2262
2262
2262
2262
2262
2262
2262
2262
2262
2263
2263
2263
2263
2263
2263
2263
2263
2263
2263
2263
2263
2263
2264
2264
2264
2264
2264
2264
2264
2264
2264
2264
2264
2264
2265
2265
2265
2265
2265
2265
2265
2265
2265
2265
2265
2265
2265
2266
2266
2266
2266
2266
2266
2266
2266
2266
2266
2266
2266
2267
2267
2267
2267
2267
2267
2267
2267
2267
2267
2267
2267
2267
2268
2268
2268
2268
2268
2268
2268
2268
2268
2268
2268
2268
2269
2269
2269
2269
2269
2269
2269
2269
2269
2269
2269
2269
2269
2270
2270
2270
2270
2270
2270
2270
2270
2270
2270
2270
2270
2271
2271
2271
2271
2271
2271
2271
2271
2271
2271
2271
2271
2271
2272
2272
2272
2272
2272
2272
2272
2272
2272
2272
2272
2272
2273
2273
2273
2273
2273
2273
2273
2273
2273
2273
2273
2273
2273
2274
2274
2274
2274
2274
2274
2274
2274
2274
2274
2274
2274
2275
2275
2275
2275
2275
2275
2275
2275
2275
2275
2275
2275
2275
2276
2276
2276
2276
2276
2276
2276
2276
2276
2276
2276
2276
2277
2277
2277
2277
2277
2277
2277
2277
2277
2277
2277
2277
2277
2278
2278
2278
2278
2278
2278
2278
2278
2278
2278
2278
2278
2279
2279
2279
2279
2279
2279
2279
2279
2279
2279
2279
2279
2279
2280
2280
2280
2280
2280
2280
2280
2280
2280
2280
2280
2280
2281
2281
2281
2281
2281
2281
2281
2281
2281
2281
2281
2281
2281
2282
2282
2282
2282
2282
2282
2282
2282
2282
2282
2282
2282
2283
2283
2283
2283
2283
2283
2283
2283
2283
2283
2283
2283
2283
2284
2284
2284
2284
2284
2284
2284
2284
2284
2284
2284
2284
2285
2285
2285
2285
2285
2285
2285
2285
2285
2285
2285
2285
2285
2286
2286
2286
2286
2286
2286
2286
2286
2286
2286
2286
2286
2287
2287
2287
2287
2287
2287
2287
2287
2287
2287
2287
2287
2287
2288
2288
2288
2288
2288
2288
2288
2288
2288
2288
2288
2288
2289
2289
2289
2289
2289
2289
2289
2289
2289
2289
2289
2289
2289
2290
2290
2290
2290
2290
2290
2290
2290
2290
2290
2290
2290
2291
2291
2291
2291
2291
2291
2291
2291
2291
2291
2291
2291
2291
2292
2292
2292
2292
2292
2292
2292
2292
2292
2292
2292
2292
2293
2293
2293
2293
2293
2293
2293
2293
2293
2293
2293
2293
2293
2294
2294
2294
2294
2294
2294
2294
2294
2294
2294
2294
2294
2295
2295
2295
2295
2295
2295
2295
2295
2295
2295
2295
2295
2295
2296
2296
2296
2296
2296
2296
2296
2296
2296
2296
2296
2296
2297
2297
2297
2297
2297
2297
2297
2297
2297
2297
2297
2297
2297
2298
2298
2298
2298
2298
2298
2298
2298
2298
2298
2298
2298
2299
2299
2299
2299
2299
2299
2299
2299
2299
2299
2299
2299
2299
2300
2300
2300
2300
2300
2300
2300
2300
2300
2300
2300
2300
2301
2301
2301
2301
2301
2301
2301
2301
2301
2301
2301
2301
2301
2302
2302
2302
2302
2302
2302
2302
2302
2302
2302
2302
2302
2303
2303
2303
2303
2303
2303
2303
2303
2303
2303
2303
2303
2303
2304
2304
2304
2304
2304
2304
2304
2304
2304
2304
2304
2304
2305
2305
2305
2305
2305
2305
2305
2305
2305
2305
2305
2305
2305
2306
2306
2306
2306
2306
2306
2306
2306
2306
2306
2306
2306
2307
2307
2307
2307
2307
2307
2307
2307
2307
2307
2307
2307
2307
2308
2308
2308
2308
2308
2308
2308
2308
2308
2308
2308
2308
2309
2309
2309
2309
2309
2309
2309
2309
2309
2309
2309
2309
2309
2310
2310
2310
2310
2310
2310
2310
2310
2310
2310
2310
2310
2311
2311
2311
2311
2311
2311
2311
2311
2311
2311
2311
2311
2311
2312
2312
2312
2312
2312
2312
2312
2312
2312
2312
2312
2312
2313
2313
2313
2313
2313
2313
2313
2313
2313
2313
2313
2313
2313
2314
2314
2314
2314
2314
2314
2314
2314
2314
2314
2314
2314
2315
2315
2315
2315
2315
2315
2315
2315
2315
2315
2315
2315
2315
2316
2316
2316
2316
2316
2316
2316
2316
2316
2316
2316
2316
2317
2317
2317
2317
2317
2317
2317
2317
2317
2317
2317
2317
2317
2318
2318
2318
2318
2318
2318
2318
2318
2318
2318
2318
2318
2319
2319
2319
2319
2319
2319
2319
2319
2319
2319
2319
2319
2319
2320
2320
2320
2320
2320
2320
2320
2320
2320
2320
2320
2320
2321
2321
2321
2321
2321
2321
2321
2321
2321
2321
2321
2321
2321
2322
2322
2322
2322
2322
2322
2322
2322
2322
2322
2322
2322
2323
2323
2323
2323
2323
2323
2323
2323
2323
2323
2323
2323
2323
2324
2324
2324
2324
2324
2324
2324
2324
2324
2324
2324
2324
2325
2325
2325
2325
2325
2325
2325
2325
2325
2325
2325
2325
2325
2326
2326
2326
2326
2326
2326
2326
2326
2326
2326
2326
2326
2327
2327
2327
2327
2327
2327
2327
2327
2327
2327
2327
2327
2327
2328
2328
2328
2328
2328
2328
2328
2328
2328
2328
2328
2328
2329
2329
2329
2329
2329
2329
2329
2329
2329
2329
2329
2329
2329
2330
2330
2330
2330
2330
2330
2330
2330
2330
2330
2330
2330
2331
2331
2331
2331
2331
2331
2331
2331
2331
2331
2331
2331
2331
2332
2332
2332
2332
2332
2332
2332
2332
2332
2332
2332
2332
2333
2333
2333
2333
2333
2333
2333
2333
2333
2333
2333
2333
2333
2334
2334
2334
2334
2334
2334
2334
2334
2334
2334
2334
2334
2335
2335
2335
2335
2335
2335
2335
2335
2335
2335
2335
2335
2335
2336
2336
2336
2336
2336
2336
2336
2336
2336
2336
2336
2336
2337
2337
2337
2337
2337
2337
2337
2337
2337
2337
2337
2337
2337
2338
2338
2338
2338
2338
2338
2338
2338
2338
2338
2338
2338
2339
2339
2339
2339
2339
2339
2339
2339
2339
2339
2339
2339
2339
2340
2340
2340
2340
2340
2340
2340
2340
2340
2340
2340
2340
2341
2341
2341
2341
2341
2341
2341
2341
2341
2341
2341
2341
2341
2342
2342
2342
2342
2342
2342
2342
2342
2342
2342
2342
2342
2343
2343
2343
2343
2343
2343
2343
2343
2343
2343
2343
2343
2343
2344
2344
2344
2344
2344
2344
2344
2344
2344
2344
2344
2344
2345
2345
2345
2345
2345
2345
2345
2345
2345
2345
2345
2345
2345
2346
2346
2346
2346
2346
2346
2346
2346
2346
2346
2346
2346
2347
2347
2347
2347
2347
2347
2347
2347
2347
2347
2347
2347
2347
2348
2348
2348
2348
2348
2348
2348
2348
2348
2348
2348
2348
2349
2349
2349
2349
2349
2349
2349
2349
2349
2349
2349
2349
2349
2350
2350
2350
2350
2350
2350
2350
2350
2350
2350
2350
2350
2351
2351
2351
2351
2351
2351
2351
2351
2351
2351
2351
2351
2351
2352
2352
2352
2352
2352
2352
2352
2352
2352
2352
2352
2352
2353
2353
2353
2353
2353
2353
2353
2353
2353
2353
2353
2353
2353
2354
2354
2354
2354
2354
2354
2354
2354
2354
2354
2354
2354
2355
2355
2355
2355
2355
2355
2355
2355
2355
2355
2355
2355
2355
2356
2356
2356
2356
2356
2356
2356
2356
2356
2356
2356
2356
2357
2357
2357
2357
2357
2357
2357
2357
2357
2357
2357
2357
2357
2358
2358
2358
2358
2358
2358
2358
2358
2358
2358
2358
2358
2359
2359
2359
2359
2359
2359
2359
2359
2359
2359
2359
2359
2359
2360
2360
2360
2360
2360
2360
2360
2360
2360
2360
2360
2360
2361
2361
2361
2361
2361
2361
2361
2361
2361
2361
2361
2361
2361
2362
2362
2362
2362
2362
2362
2362
2362
2362
2362
2362
2362
2363
2363
2363
2363
2363
2363
2363
2363
2363
2363
2363
2363
2363
2364
2364
2364
2364
2364
2364
2364
2364
2364
2364
2364
2364
2365
2365
2365
2365
2365
2365
2365
2365
2365
2365
2365
2365
2365
2366
2366
2366
2366
2366
2366
2366
2366
2366
2366
2366
2366
2367
2367
2367
2367
2367
2367
2367
2367
2367
2367
2367
2367
2367
2368
2368
2368
2368
2368
2368
2368
2368
2368
2368
2368
2368
2369
2369
2369
2369
2369
2369
2369
2369
2369
2369
2369
2369
2369
2370
2370
2370
2370
2370
2370
2370
2370
2370
2370
2370
2370
2371
2371
2371
2371
2371
2371
2371
2371
2371
2371
2371
2371
2371
2372
2372
2372
2372
2372
2372
2372
2372
2372
2372
2372
2372
2373
2373
2373
2373
2373
2373
2373
2373
2373
2373
2373
2373
2373
2374
2374
2374
2374
2374
2374
2374
2374
2374
2374
2374
2374
2375
2375
2375
2375
2375
2375
2375
2375
2375
2375
2375
2375
2375
2376
2376
2376
2376
2376
2376
2376
2376
2376
2376
2376
2376
2377
2377
2377
2377
2377
2377
2377
2377
2377
2377
2377
2377
2377
2378
2378
2378
2378
2378
2378
2378
2378
2378
2378
2378
2378
2379
2379
2379
2379
2379
2379
2379
2379
2379
2379
2379
2379
2379
2380
2380
2380
2380
2380
2380
2380
2380
2380
2380
2380
2380
2381
2381
2381
2381
2381
2381
2381
2381
2381
2381
2381
2381
2381
2382
2382
2382
2382
2382
2382
2382
2382
2382
2382
2382
2382
2383
2383
2383
2383
2383
2383
2383
2383
2383
2383
2383
2383
2383
2384
2384
2384
2384
2384
2384
2384
2384
2384
2384
2384
2384
2385
2385
2385
2385
2385
2385
2385
2385
2385
2385
2385
2385
2385
2386
2386
2386
2386
2386
2386
2386
2386
2386
2386
2386
2386
2387
2387
2387
2387
2387
2387
2387
2387
2387
2387
2387
2387
2387
2388
2388
2388
2388
2388
2388
2388
2388
2388
2388
2388
2388
2389
2389
2389
2389
2389
2389
2389
2389
2389
2389
2389
2389
2389
2390
2390
2390
2390
2390
2390
2390
2390
2390
2390
2390
2390
2391
2391
2391
2391
2391
2391
2391
2391
2391
2391
2391
2391
2391
2392
2392
2392
2392
2392
2392
2392
2392
2392
2392
2392
2392
2393
2393
2393
2393
2393
2393
2393
2393
2393
2393
2393
2393
2393
2394
2394
2394
2394
2394
2394
2394
2394
2394
2394
2394
2394
2395
2395
2395
2395
2395
2395
2395
2395
2395
2395
2395
2395
2395
2396
2396
2396
2396
2396
2396
2396
2396
2396
2396
2396
2396
2397
2397
2397
2397
2397
2397
2397
2397
2397
2397
2397
2397
2397
2398
2398
2398
2398
2398
2398
2398
2398
2398
2398
2398
2398
2399
2399
2399
2399
2399
2399
2399
2399
2399
2399
2399
2399
2399
2400
2400
2400
2400
2400
2400
2400
2400
2400
2400
2400
2400
2401
2401
2401
2401
2401
2401
2401
2401
2401
2401
2401
2401
2401
2402
2402
2402
2402
2402
2402
2402
2402
2402
2402
2402
2402
2403
2403
2403
2403
2403
2403
2403
2403
2403
2403
2403
2403
2403
2404
2404
2404
2404
2404
2404
2404
2404
2404
2404
2404
2404
2405
2405
2405
2405
2405
2405
2405
2405
2405
2405
2405
2405
2405
2406
2406
2406
2406
2406
2406
2406
2406
2406
2406
2406
2406
2407
2407
2407
2407
2407
2407
2407
2407
2407
2407
2407
2407
2407
2408
2408
2408
2408
2408
2408
2408
2408
2408
2408
2408
2408
2409
2409
2409
2409
2409
2409
2409
2409
2409
2409
2409
2409
2409
2410
2410
2410
2410
2410
2410
2410
2410
2410
2410
2410
2410
2411
2411
2411
2411
2411
2411
2411
2411
2411
2411
2411
2411
2411
2412
2412
2412
2412
2412
2412
2412
2412
2412
2412
2412
2412
2413
2413
2413
2413
2413
2413
2413
2413
2413
2413
2413
2413
2413
2414
2414
2414
2414
2414
2414
2414
2414
2414
2414
2414
2414
2415
2415
2415
2415
2415
2415
2415
2415
2415
2415
2415
2415
2415
2416
2416
2416
2416
2416
2416
2416
2416
2416
2416
2416
2416
2417
2417
2417
2417
2417
2417
2417
2417
2417
2417
2417
2417
2417
2418
2418
2418
2418
2418
2418
2418
2418
2418
2418
2418
2418
2419
2419
2419
2419
2419
2419
2419
2419
2419
2419
2419
2419
2419
2420
2420
2420
2420
2420
2420
2420
2420
2420
2420
2420
2420
2421
2421
2421
2421
2421
2421
2421
2421
2421
2421
2421
2421
2421
2422
2422
2422
2422
2422
2422
2422
2422
2422
2422
2422
2422
2423
2423
2423
2423
2423
2423
2423
2423
2423
2423
2423
2423
2423
2424
2424
2424
2424
2424
2424
2424
2424
2424
2424
2424
2424
2425
2425
2425
2425
2425
2425
2425
2425
2425
2425
2425
2425
2425
2426
2426
2426
2426
2426
2426
2426
2426
2426
2426
2426
2426
2427
2427
2427
2427
2427
2427
2427
2427
2427
2427
2427
2427
2427
2428
2428
2428
2428
2428
2428
2428
2428
2428
2428
2428
2428
2429
2429
2429
2429
2429
2429
2429
2429
2429
2429
2429
2429
2429
2430
2430
2430
2430
2430
2430
2430
2430
2430
2430
2430
2430
2431
2431
2431
2431
2431
2431
2431
2431
2431
2431
2431
2431
2431
2432
2432
2432
2432
2432
2432
2432
2432
2432
2432
2432
2432
2433
2433
2433
2433
2433
2433
2433
2433
2433
2433
2433
2433
2433
2434
2434
2434
2434
2434
2434
2434
2434
2434
2434
2434
2434
2435
2435
2435
2435
2435
2435
2435
2435
2435
2435
2435
2435
2435
2436
2436
2436
2436
2436
2436
2436
2436
2436
2436
2436
2436
2437
2437
2437
2437
2437
2437
2437
2437
2437
2437
2437
2437
2437
2438
2438
2438
2438
2438
2438
2438
2438
2438
2438
2438
2438
2439
2439
2439
2439
2439
2439
2439
2439
2439
2439
2439
2439
2439
2440
2440
2440
2440
2440
2440
2440
2440
2440
2440
2440
2440
2441
2441
2441
2441
2441
2441
2441
2441
2441
2441
2441
2441
2441
2442
2442
2442
2442
2442
2442
2442
2442
2442
2442
2442
2442
2443
2443
2443
2443
2443
2443
2443
2443
2443
2443
2443
2443
2443
2444
2444
2444
2444
2444
2444
2444
2444
2444
2444
2444
2444
2445
2445
2445
2445
2445
2445
2445
2445
2445
2445
2445
2445
2445
2446
2446
2446
2446
2446
2446
2446
2446
2446
2446
2446
2446
2447
2447
2447
2447
2447
2447
2447
2447
2447
2447
2447
2447
2447
2448
2448
2448
2448
2448
2448
2448
2448
2448
2448
2448
2448
2449
2449
2449
2449
2449
2449
2449
2449
2449
2449
2449
2449
2449
2450
2450
2450
2450
2450
2450
2450
2450
2450
2450
2450
2450
2451
2451
2451
2451
2451
2451
2451
2451
2451
2451
2451
2451
2451
2452
2452
2452
2452
2452
2452
2452
2452
2452
2452
2452
2452
2453
2453
2453
2453
2453
2453
2453
2453
2453
2453
2453
2453
2453
2454
2454
2454
2454
2454
2454
2454
2454
2454
2454
2454
2454
2455
2455
2455
2455
2455
2455
2455
2455
2455
2455
2455
2455
2455
2456
2456
2456
2456
2456
2456
2456
2456
2456
2456
2456
2456
2457
2457
2457
2457
2457
2457
2457
2457
2457
2457
2457
2457
2457
2458
2458
2458
2458
2458
2458
2458
2458
2458
2458
2458
2458
2459
2459
2459
2459
2459
2459
2459
2459
2459
2459
2459
2459
2459
2460
2460
2460
2460
2460
2460
2460
2460
2460
2460
2460
2460
2461
2461
2461
2461
2461
2461
2461
2461
2461
2461
2461
2461
2461
2462
2462
2462
2462
2462
2462
2462
2462
2462
2462
2462
2462
2463
2463
2463
2463
2463
2463
2463
2463
2463
2463
2463
2463
2463
2464
2464
2464
2464
2464
2464
2464
2464
2464
2464
2464
2464
2465
2465
2465
2465
2465
2465
2465
2465
2465
2465
2465
2465
2465
2466
2466
2466
2466
2466
2466
2466
2466
2466
2466
2466
2466
2467
2467
2467
2467
2467
2467
2467
2467
2467
2467
2467
2467
2467
2468
2468
2468
2468
2468
2468
2468
2468
2468
2468
2468
2468
2469
2469
2469
2469
2469
2469
2469
2469
2469
2469
2469
2469
2469
2470
2470
2470
2470
2470
2470
2470
2470
2470
2470
2470
2470
2471
2471
2471
2471
2471
2471
2471
2471
2471
2471
2471
2471
2471
2472
2472
2472
2472
2472
2472
2472
2472
2472
2472
2472
2472
2473
2473
2473
2473
2473
2473
2473
2473
2473
2473
2473
2473
2473
2474
2474
2474
2474
2474
2474
2474
2474
2474
2474
2474
2474
2475
2475
2475
2475
2475
2475
2475
2475
2475
2475
2475
2475
2475
2476
2476
2476
2476
2476
2476
2476
2476
2476
2476
2476
2476
2477
2477
2477
2477
2477
2477
2477
2477
2477
2477
2477
2477
2477
2478
2478
2478
2478
2478
2478
2478
2478
2478
2478
2478
2478
2479
2479
2479
2479
2479
2479
2479
2479
2479
2479
2479
2479
2479
2480
2480
2480
2480
2480
2480
2480
2480
2480
2480
2480
2480
2481
2481
2481
2481
2481
2481
2481
2481
2481
2481
2481
2481
2481
2482
2482
2482
2482
2482
2482
2482
2482
2482
2482
2482
2482
2483
2483
2483
2483
2483
2483
2483
2483
2483
2483
2483
2483
2483
2484
2484
2484
2484
2484
2484
2484
2484
2484
2484
2484
2484
2485
2485
2485
2485
2485
2485
2485
2485
2485
2485
2485
2485
2485
2486
2486
2486
2486
2486
2486
2486
2486
2486
2486
2486
2486
2487
2487
2487
2487
2487
2487
2487
2487
2487
2487
2487
2487
2487
2488
2488
2488
2488
2488
2488
2488
2488
2488
2488
2488
2488
2489
2489
2489
2489
2489
2489
2489
2489
2489
2489
2489
2489
2489
2490
2490
2490
2490
2490
2490
2490
2490
2490
2490
2490
2490
2491
2491
2491
2491
2491
2491
2491
2491
2491
2491
2491
2491
2491
2492
2492
2492
2492
2492
2492
2492
2492
2492
2492
2492
2492
2493
2493
2493
2493
2493
2493
2493
2493
2493
2493
2493
2493
2493
2494
2494
2494
2494
2494
2494
2494
2494
2494
2494
2494
2494
2495
2495
2495
2495
2495
2495
2495
2495
2495
2495
2495
2495
2495
2496
2496
2496
2496
2496
2496
2496
2496
2496
2496
2496
2496
2497
2497
2497
2497
2497
2497
2497
2497
2497
2497
2497
2497
2497
2498
2498
2498
2498
2498
2498
2498
2498
2498
2498
2498
2498
2499
2499
2499
2499
2499
2499
2499
2499
2499
2499
2499
2499
2499
2500
2500
2500
2500
2500
2500
2500
2500
2500
2500
2500
2500
2501
2501
2501
2501
2501
2501
2501
2501
2501
2501
2501
2501
2501
2502
2502
2502
2502
2502
2502
2502
2502
2502
2502
2502
2502
2503
2503
2503
2503
2503
2503
2503
2503
2503
2503
2503
2503
2503
2504
2504
2504
2504
2504
2504
2504
2504
2504
2504
2504
2504
2505
2505
2505
2505
2505
2505
2505
2505
2505
2505
2505
2505
2505
2506
2506
2506
2506
2506
2506
2506
2506
2506
2506
2506
2506
2507
2507
2507
2507
2507
2507
2507
2507
2507
2507
2507
2507
2507
2508
2508
2508
2508
2508
2508
2508
2508
2508
2508
2508
2508
2509
2509
2509
2509
2509
2509
2509
2509
2509
2509
2509
2509
2509
2510
2510
2510
2510
2510
2510
2510
2510
2510
2510
2510
2510
2511
2511
2511
2511
2511
2511
2511
2511
2511
2511
2511
2511
2511
2512
2512
2512
2512
2512
2512
2512
2512
2512
2512
2512
2512
2513
2513
2513
2513
2513
2513
2513
2513
2513
2513
2513
2513
2513
2514
2514
2514
2514
2514
2514
2514
2514
2514
2514
2514
2514
2515
2515
2515
2515
2515
2515
2515
2515
2515
2515
2515
2515
2515
2516
2516
2516
2516
2516
2516
2516
2516
2516
2516
2516
2516
2517
2517
2517
2517
2517
2517
2517
2517
2517
2517
2517
2517
2517
2518
2518
2518
2518
2518
2518
2518
2518
2518
2518
2518
2518
2519
2519
2519
2519
2519
2519
2519
2519
2519
2519
2519
2519
2519
2520
2520
2520
2520
2520
2520
2520
2520
2520
2520
2520
2520
2521
2521
2521
2521
2521
2521
2521
2521
2521
2521
2521
2521
2521
2522
2522
2522
2522
2522
2522
2522
2522
2522
2522
2522
2522
2523
2523
2523
2523
2523
2523
2523
2523
2523
2523
2523
2523
2523
2524
2524
2524
2524
2524
2524
2524
2524
2524
2524
2524
2524
2525
2525
2525
2525
2525
2525
2525
2525
2525
2525
2525
2525
2525
2526
2526
2526
2526
2526
2526
2526
2526
2526
2526
2526
2526
2527
2527
2527
2527
2527
2527
2527
2527
2527
2527
2527
2527
2527
2528
2528
2528
2528
2528
2528
2528
2528
2528
2528
2528
2528
2529
2529
2529
2529
2529
2529
2529
2529
2529
2529
2529
2529
2529
2530
2530
2530
2530
2530
2530
2530
2530
2530
2530
2530
2530
2531
2531
2531
2531
2531
2531
2531
2531
2531
2531
2531
2531
2531
2532
2532
2532
2532
2532
2532
2532
2532
2532
2532
2532
2532
2533
2533
2533
2533
2533
2533
2533
2533
2533
2533
2533
2533
2533
2534
2534
2534
2534
2534
2534
2534
2534
2534
2534
2534
2534
2535
2535
2535
2535
2535
2535
2535
2535
2535
2535
2535
2535
2535
2536
2536
2536
2536
2536
2536
2536
2536
2536
2536
2536
2536
2537
2537
2537
2537
2537
2537
2537
2537
2537
2537
2537
2537
2537
2538
2538
2538
2538
2538
2538
2538
2538
2538
2538
2538
2538
2539
2539
2539
2539
2539
2539
2539
2539
2539
2539
2539
2539
2539
2540
2540
2540
2540
2540
2540
2540
2540
2540
2540
2540
2540
2541
2541
2541
2541
2541
2541
2541
2541
2541
2541
2541
2541
2541
2542
2542
2542
2542
2542
2542
2542
2542
2542
2542
2542
2542
2543
2543
2543
2543
2543
2543
2543
2543
2543
2543
2543
2543
2543
2544
2544
2544
2544
2544
2544
2544
2544
2544
2544
2544
2544
2545
2545
2545
2545
2545
2545
2545
2545
2545
2545
2545
2545
2545
2546
2546
2546
2546
2546
2546
2546
2546
2546
2546
2546
2546
2547
2547
2547
2547
2547
2547
2547
2547
2547
2547
2547
2547
2547
2548
2548
2548
2548
2548
2548
2548
2548
2548
2548
2548
2548
2549
2549
2549
2549
2549
2549
2549
2549
2549
2549
2549
2549
2549
2550
2550
2550
2550
2550
2550
2550
2550
2550
2550
2550
2550
2551
2551
2551
2551
2551
2551
2551
2551
2551
2551
2551
2551
2551
2552
2552
2552
2552
2552
2552
2552
2552
2552
2552
2552
2552
2553
2553
2553
2553
2553
2553
2553
2553
2553
2553
2553
2553
2553
2554
2554
2554
2554
2554
2554
2554
2554
2554
2554
2554
2554
2555
2555
2555
2555
2555
2555
2555
2555
2555
2555
2555
2555
2555
2556
2556
2556
2556
2556
2556
2556
2556
2556
2556
2556
2556
2557
2557
2557
2557
2557
2557
2557
2557
2557
2557
2557
2557
2557
2558
2558
2558
2558
2558
2558
2558
2558
2558
2558
2558
2558
2559
2559
2559
2559
2559
2559
2559
2559
2559
2559
2559
2559
2559
2560
2560
2560
2560
2560
2560
2560
2560
2560
2560
2560
2560
2561
2561
2561
2561
2561
2561
2561
2561
2561
2561
2561
2561
2561
2562
2562
2562
2562
2562
2562
2562
2562
2562
2562
2562
2562
2563
2563
2563
2563
2563
2563
2563
2563
2563
2563
2563
2563
2563
2564
2564
2564
2564
2564
2564
2564
2564
2564
2564
2564
2564
2565
2565
2565
2565
2565
2565
2565
2565
2565
2565
2565
2565
2565
2566
2566
2566
2566
2566
2566
2566
2566
2566
2566
2566
2566
2567
2567
2567
2567
2567
2567
2567
2567
2567
2567
2567
2567
2567
2568
2568
2568
2568
2568
2568
2568
2568
2568
2568
2568
2568
2569
2569
2569
2569
2569
2569
2569
2569
2569
2569
2569
2569
2569
2570
2570
2570
2570
2570
2570
2570
2570
2570
2570
2570
2570
2571
2571
2571
2571
2571
2571
2571
2571
2571
2571
2571
2571
2571
2572
2572
2572
2572
2572
2572
2572
2572
2572
2572
2572
2572
2573
2573
2573
2573
2573
2573
2573
2573
2573
2573
2573
2573
2573
2574
2574
2574
2574
2574
2574
2574
2574
2574
2574
2574
2574
2575
2575
2575
2575
2575
2575
2575
2575
2575
2575
2575
2575
2575
2576
2576
2576
2576
2576
2576
2576
2576
2576
2576
2576
2576
2577
2577
2577
2577
2577
2577
2577
2577
2577
2577
2577
2577
2577
2578
2578
2578
2578
2578
2578
2578
2578
2578
2578
2578
2578
2579
2579
2579
2579
2579
2579
2579
2579
2579
2579
2579
2579
2579
2580
2580
2580
2580
2580
2580
2580
2580
2580
2580
2580
2580
2581
2581
2581
2581
2581
2581
2581
2581
2581
2581
2581
2581
2581
2582
2582
2582
2582
2582
2582
2582
2582
2582
2582
2582
2582
2583
2583
2583
2583
2583
2583
2583
2583
2583
2583
2583
2583
2583
2584
2584
2584
2584
2584
2584
2584
2584
2584
2584
2584
2584
2585
2585
2585
2585
2585
2585
2585
2585
2585
2585
2585
2585
2585
2586
2586
2586
2586
2586
2586
2586
2586
2586
2586
2586
2586
2587
2587
2587
2587
2587
2587
2587
2587
2587
2587
2587
2587
2587
2588
2588
2588
2588
2588
2588
2588
2588
2588
2588
2588
2588
2589
2589
2589
2589
2589
2589
2589
2589
2589
2589
2589
2589
2589
2590
2590
2590
2590
2590
2590
2590
2590
2590
2590
2590
2590
2591
2591
2591
2591
2591
2591
2591
2591
2591
2591
2591
2591
2591
2592
2592
2592
2592
2592
2592
2592
2592
2592
2592
2592
2592
2593
2593
2593
2593
2593
2593
2593
2593
2593
2593
2593
2593
2593
2594
2594
2594
2594
2594
2594
2594
2594
2594
2594
2594
2594
2595
2595
2595
2595
2595
2595
2595
2595
2595
2595
2595
2595
2595
2596
2596
2596
2596
2596
2596
2596
2596
2596
2596
2596
2596
2597
2597
2597
2597
2597
2597
2597
2597
2597
2597
2597
2597
2597
2598
2598
2598
2598
2598
2598
2598
2598
2598
2598
2598
2598
2599
2599
2599
2599
2599
2599
2599
2599
2599
2599
2599
2599
2599
2600
2600
2600
2600
2600
2600
2600
2600
2600
2600
2600
2600
2601
2601
2601
2601
2601
2601
2601
2601
2601
2601
2601
2601
2601
2602
2602
2602
2602
2602
2602
2602
2602
2602
2602
2602
2602
2603
2603
2603
2603
2603
2603
2603
2603
2603
2603
2603
2603
2603
2604
2604
2604
2604
2604
2604
2604
2604
2604
2604
2604
2604
2605
2605
2605
2605
2605
2605
2605
2605
2605
2605
2605
2605
2605
2606
2606
2606
2606
2606
2606
2606
2606
2606
2606
2606
2606
2607
2607
2607
2607
2607
2607
2607
2607
2607
2607
2607
2607
2607
2608
2608
2608
2608
2608
2608
2608
2608
2608
2608
2608
2608
2609
2609
2609
2609
2609
2609
2609
2609
2609
2609
2609
2609
2609
2610
2610
2610
2610
2610
2610
2610
2610
2610
2610
2610
2610
2611
2611
2611
2611
2611
2611
2611
2611
2611
2611
2611
2611
2611
2612
2612
2612
2612
2612
2612
2612
2612
2612
2612
2612
2612
2613
2613
2613
2613
2613
2613
2613
2613
2613
2613
2613
2613
2613
2614
2614
2614
2614
2614
2614
2614
2614
2614
2614
2614
2614
2615
2615
2615
2615
2615
2615
2615
2615
2615
2615
2615
2615
2615
2616
2616
2616
2616
2616
2616
2616
2616
2616
2616
2616
2616
2617
2617
2617
2617
2617
2617
2617
2617
2617
2617
2617
2617
2617
2618
2618
2618
2618
2618
2618
2618
2618
2618
2618
2618
2618
2619
2619
2619
2619
2619
2619
2619
2619
2619
2619
2619
2619
2619
2620
2620
2620
2620
2620
2620
2620
2620
2620
2620
2620
2620
2621
2621
2621
2621
2621
2621
2621
2621
2621
2621
2621
2621
2621
2622
2622
2622
2622
2622
2622
2622
2622
2622
2622
2622
2622
2623
2623
2623
2623
2623
2623
2623
2623
2623
2623
2623
2623
2623
2624
2624
2624
2624
2624
2624
2624
2624
2624
2624
2624
2624
2625
2625
2625
2625
2625
2625
2625
2625
2625
2625
2625
2625
2625
2626
2626
2626
2626
2626
2626
2626
2626
2626
2626
2626
2626
2627
2627
2627
2627
2627
2627
2627
2627
2627
2627
2627
2627
2627
2628
2628
2628
2628
2628
2628
2628
2628
2628
2628
2628
2628
2629
2629
2629
2629
2629
2629
2629
2629
2629
2629
2629
2629
2629
2630
2630
2630
2630
2630
2630
2630
2630
2630
2630
2630
2630
2631
2631
2631
2631
2631
2631
2631
2631
2631
2631
2631
2631
2631
2632
2632
2632
2632
2632
2632
2632
2632
2632
2632
2632
2632
2633
2633
2633
2633
2633
2633
2633
2633
2633
2633
2633
2633
2633
2634
2634
2634
2634
2634
2634
2634
2634
2634
2634
2634
2634
2635
2635
2635
2635
2635
2635
2635
2635
2635
2635
2635
2635
2635
2636
2636
2636
2636
2636
2636
2636
2636
2636
2636
2636
2636
2637
2637
2637
2637
2637
2637
2637
2637
2637
2637
2637
2637
2637
2638
2638
2638
2638
2638
2638
2638
2638
2638
2638
2638
2638
2639
2639
2639
2639
2639
2639
2639
2639
2639
2639
2639
2639
2639
2640
2640
2640
2640
2640
2640
2640
2640
2640
2640
2640
2640
2641
2641
2641
2641
2641
2641
2641
2641
2641
2641
2641
2641
2641
2642
2642
2642
2642
2642
2642
2642
2642
2642
2642
2642
2642
2643
2643
2643
2643
2643
2643
2643
2643
2643
2643
2643
2643
2643
2644
2644
2644
2644
2644
2644
2644
2644
2644
2644
2644
2644
2645
2645
2645
2645
2645
2645
2645
2645
2645
2645
2645
2645
2645
2646
2646
2646
2646
2646
2646
2646
2646
2646
2646
2646
2646
2647
2647
2647
2647
2647
2647
2647
2647
2647
2647
2647
2647
2647
2648
2648
2648
2648
2648
2648
2648
2648
2648
2648
2648
2648
2649
2649
2649
2649
2649
2649
2649
2649
2649
2649
2649
2649
2649
2650
2650
2650
2650
2650
2650
2650
2650
2650
2650
2650
2650
2651
2651
2651
2651
2651
2651
2651
2651
2651
2651
2651
2651
2651
2652
2652
2652
2652
2652
2652
2652
2652
2652
2652
2652
2652
2653
2653
2653
2653
2653
2653
2653
2653
2653
2653
2653
2653
2653
2654
2654
2654
2654
2654
2654
2654
2654
2654
2654
2654
2654
2655
2655
2655
2655
2655
2655
2655
2655
2655
2655
2655
2655
2655
2656
2656
2656
2656
2656
2656
2656
2656
2656
2656
2656
2656
2657
2657
2657
2657
2657
2657
2657
2657
2657
2657
2657
2657
2657
2658
2658
2658
2658
2658
2658
2658
2658
2658
2658
2658
2658
2659
2659
2659
2659
2659
2659
2659
2659
2659
2659
2659
2659
2659
2660
2660
2660
2660
2660
2660
2660
2660
2660
2660
2660
2660
2661
2661
2661
2661
2661
2661
2661
2661
2661
2661
2661
2661
2661
2662
2662
2662
2662
2662
2662
2662
2662
2662
2662
2662
2662
2663
2663
2663
2663
2663
2663
2663
2663
2663
2663
2663
2663
2663
2664
2664
2664
2664
2664
2664
2664
2664
2664
2664
2664
2664
2665
2665
2665
2665
2665
2665
2665
2665
2665
2665
2665
2665
2665
2666
2666
2666
2666
2666
2666
2666
2666
2666
2666
2666
2666
2667
2667
2667
2667
2667
2667
2667
2667
2667
2667
2667
2667
2667
2668
2668
2668
2668
2668
2668
2668
2668
2668
2668
2668
2668
2669
2669
2669
2669
2669
2669
2669
2669
2669
2669
2669
2669
2669
2670
2670
2670
2670
2670
2670
2670
2670
2670
2670
2670
2670
2671
2671
2671
2671
2671
2671
2671
2671
2671
2671
2671
2671
2671
2672
2672
2672
2672
2672
2672
2672
2672
2672
2672
2672
2672
2673
2673
2673
2673
2673
2673
2673
2673
2673
2673
2673
2673
2673
2674
2674
2674
2674
2674
2674
2674
2674
2674
2674
2674
2674
2675
2675
2675
2675
2675
2675
2675
2675
2675
2675
2675
2675
2675
2676
2676
2676
2676
2676
2676
2676
2676
2676
2676
2676
2676
2677
2677
2677
2677
2677
2677
2677
2677
2677
2677
2677
2677
2677
2678
2678
2678
2678
2678
2678
2678
2678
2678
2678
2678
2678
2679
2679
2679
2679
2679
2679
2679
2679
2679
2679
2679
2679
2679
2680
2680
2680
2680
2680
2680
2680
2680
2680
2680
2680
2680
2681
2681
2681
2681
2681
2681
2681
2681
2681
2681
2681
2681
2681
2682
2682
2682
2682
2682
2682
2682
2682
2682
2682
2682
2682
2683
2683
2683
2683
2683
2683
2683
2683
2683
2683
2683
2683
2683
2684
2684
2684
2684
2684
2684
2684
2684
2684
2684
2684
2684
2685
2685
2685
2685
2685
2685
2685
2685
2685
2685
2685
2685
2685
2686
2686
2686
2686
2686
2686
2686
2686
2686
2686
2686
2686
2687
2687
2687
2687
2687
2687
2687
2687
2687
2687
2687
2687
2687
2688
2688
2688
2688
2688
2688
2688
2688
2688
2688
2688
2688
2689
2689
2689
2689
2689
2689
2689
2689
2689
2689
2689
2689
2689
2690
2690
2690
2690
2690
2690
2690
2690
2690
2690
2690
2690
2691
2691
2691
2691
2691
2691
2691
2691
2691
2691
2691
2691
2691
2692
2692
2692
2692
2692
2692
2692
2692
2692
2692
2692
2692
2693
2693
2693
2693
2693
2693
2693
2693
2693
2693
2693
2693
2693
2694
2694
2694
2694
2694
2694
2694
2694
2694
2694
2694
2694
2695
2695
2695
2695
2695
2695
2695
2695
2695
2695
2695
2695
2695
2696
2696
2696
2696
2696
2696
2696
2696
2696
2696
2696
2696
2697
2697
2697
2697
2697
2697
2697
2697
2697
2697
2697
2697
2697
2698
2698
2698
2698
2698
2698
2698
2698
2698
2698
2698
2698
2699
2699
2699
2699
2699
2699
2699
2699
2699
2699
2699
2699
2699
2700
2700
2700
2700
2700
2700
2700
2700
2700
2700
2700
2700
2701
2701
2701
2701
2701
2701
2701
2701
2701
2701
2701
2701
2701
2702
2702
2702
2702
2702
2702
2702
2702
2702
2702
2702
2702
2703
2703
2703
2703
2703
2703
2703
2703
2703
2703
2703
2703
2703
2704
2704
2704
2704
2704
2704
2704
2704
2704
2704
2704
2704
2705
2705
2705
2705
2705
2705
2705
2705
2705
2705
2705
2705
2705
2706
2706
2706
2706
2706
2706
2706
2706
2706
2706
2706
2706
2707
2707
2707
2707
2707
2707
2707
2707
2707
2707
2707
2707
2707
2708
2708
2708
2708
2708
2708
2708
2708
2708
2708
2708
2708
2709
2709
2709
2709
2709
2709
2709
2709
2709
2709
2709
2709
2709
2710
2710
2710
2710
2710
2710
2710
2710
2710
2710
2710
2710
2711
2711
2711
2711
2711
2711
2711
2711
2711
2711
2711
2711
2711
2712
2712
2712
2712
2712
2712
2712
2712
2712
2712
2712
2712
2713
2713
2713
2713
2713
2713
2713
2713
2713
2713
2713
2713
2713
2714
2714
2714
2714
2714
2714
2714
2714
2714
2714
2714
2714
2715
2715
2715
2715
2715
2715
2715
2715
2715
2715
2715
2715
2715
2716
2716
2716
2716
2716
2716
2716
2716
2716
2716
2716
2716
2717
2717
2717
2717
2717
2717
2717
2717
2717
2717
2717
2717
2717
2718
2718
2718
2718
2718
2718
2718
2718
2718
2718
2718
2718
2719
2719
2719
2719
2719
2719
2719
2719
2719
2719
2719
2719
2719
2720
2720
2720
2720
2720
2720
2720
2720
2720
2720
2720
2720
2721
2721
2721
2721
2721
2721
2721
2721
2721
2721
2721
2721
2721
2722
2722
2722
2722
2722
2722
2722
2722
2722
2722
2722
2722
2723
2723
2723
2723
2723
2723
2723
2723
2723
2723
2723
2723
2723
2724
2724
2724
2724
2724
2724
2724
2724
2724
2724
2724
2724
2725
2725
2725
2725
2725
2725
2725
2725
2725
2725
2725
2725
2725
2726
2726
2726
2726
2726
2726
2726
2726
2726
2726
2726
2726
2727
2727
2727
2727
2727
2727
2727
2727
2727
2727
2727
2727
2727
2728
2728
2728
2728
2728
2728
2728
2728
2728
2728
2728
2728
2729
2729
2729
2729
2729
2729
2729
2729
2729
2729
2729
2729
2729
2730
2730
2730
2730
2730
2730
2730
2730
2730
2730
2730
2730
2731
2731
2731
2731
2731
2731
2731
2731
2731
2731
2731
2731
2731
2732
2732
2732
2732
2732
2732
2732
2732
2732
2732
2732
2732
2733
2733
2733
2733
2733
2733
2733
2733
2733
2733
2733
2733
2733
2734
2734
2734
2734
2734
2734
2734
2734
2734
2734
2734
2734
2735
2735
2735
2735
2735
2735
2735
2735
2735
2735
2735
2735
2735
2736
2736
2736
2736
2736
2736
2736
2736
2736
2736
2736
2736
2737
2737
2737
2737
2737
2737
2737
2737
2737
2737
2737
2737
2737
2738
2738
2738
2738
2738
2738
2738
2738
2738
2738
2738
2738
2739
2739
2739
2739
2739
2739
2739
2739
2739
2739
2739
2739
2739
2740
2740
2740
2740
2740
2740
2740
2740
2740
2740
2740
2740
2741
2741
2741
2741
2741
2741
2741
2741
2741
2741
2741
2741
2741
2742
2742
2742
2742
2742
2742
2742
2742
2742
2742
2742
2742
2743
2743
2743
2743
2743
2743
2743
2743
2743
2743
2743
2743
2743
2744
2744
2744
2744
2744
2744
2744
2744
2744
2744
2744
2744
2745
2745
2745
2745
2745
2745
2745
2745
2745
2745
2745
2745
2745
2746
2746
2746
2746
2746
2746
2746
2746
2746
2746
2746
2746
2747
2747
2747
2747
2747
2747
2747
2747
2747
2747
2747
2747
2747
2748
2748
2748
2748
2748
2748
2748
2748
2748
2748
2748
2748
2749
2749
2749
2749
2749
2749
2749
2749
2749
2749
2749
2749
2749
2750
2750
2750
2750
2750
2750
2750
2750
2750
2750
2750
2750
2751
2751
2751
2751
2751
2751
2751
2751
2751
2751
2751
2751
2751
2752
2752
2752
2752
2752
2752
2752
2752
2752
2752
2752
2752
2753
2753
2753
2753
2753
2753
2753
2753
2753
2753
2753
2753
2753
2754
2754
2754
2754
2754
2754
2754
2754
2754
2754
2754
2754
2755
2755
2755
2755
2755
2755
2755
2755
2755
2755
2755
2755
2755
2756
2756
2756
2756
2756
2756
2756
2756
2756
2756
2756
2756
2757
2757
2757
2757
2757
2757
2757
2757
2757
2757
2757
2757
2757
2758
2758
2758
2758
2758
2758
2758
2758
2758
2758
2758
2758
2759
2759
2759
2759
2759
2759
2759
2759
2759
2759
2759
2759
2759
2760
2760
2760
2760
2760
2760
2760
2760
2760
2760
2760
2760
2761
2761
2761
2761
2761
2761
2761
2761
2761
2761
2761
2761
2761
2762
2762
2762
2762
2762
2762
2762
2762
2762
2762
2762
2762
2763
2763
2763
2763
2763
2763
2763
2763
2763
2763
2763
2763
2763
2764
2764
2764
2764
2764
2764
2764
2764
2764
2764
2764
2764
2765
2765
2765
2765
2765
2765
2765
2765
2765
2765
2765
2765
2765
2766
2766
2766
2766
2766
2766
2766
2766
2766
2766
2766
2766
2767
2767
2767
2767
2767
2767
2767
2767
2767
2767
2767
2767
2767
2768
2768
2768
2768
2768
2768
2768
2768
2768
2768
2768
2768
2769
2769
2769
2769
2769
2769
2769
2769
2769
2769
2769
2769
2769
2770
2770
2770
2770
2770
2770
2770
2770
2770
2770
2770
2770
2771
2771
2771
2771
2771
2771
2771
2771
2771
2771
2771
2771
2771
2772
2772
2772
2772
2772
2772
2772
2772
2772
2772
2772
2772
2773
2773
2773
2773
2773
2773
2773
2773
2773
2773
2773
2773
2773
2774
2774
2774
2774
2774
2774
2774
2774
2774
2774
2774
2774
2775
2775
2775
2775
2775
2775
2775
2775
2775
2775
2775
2775
2775
2776
2776
2776
2776
2776
2776
2776
2776
2776
2776
2776
2776
2777
2777
2777
2777
2777
2777
2777
2777
2777
2777
2777
2777
2777
2778
2778
2778
2778
2778
2778
2778
2778
2778
2778
2778
2778
2779
2779
2779
2779
2779
2779
2779
2779
2779
2779
2779
2779
2779
2780
2780
2780
2780
2780
2780
2780
2780
2780
2780
2780
2780
2781
2781
2781
2781
2781
2781
2781
2781
2781
2781
2781
2781
2781
2782
2782
2782
2782
2782
2782
2782
2782
2782
2782
2782
2782
2783
2783
2783
2783
2783
2783
2783
2783
2783
2783
2783
2783
2783
2784
2784
2784
2784
2784
2784
2784
2784
2784
2784
2784
2784
2785
2785
2785
2785
2785
2785
2785
2785
2785
2785
2785
2785
2785
2786
2786
2786
2786
2786
2786
2786
2786
2786
2786
2786
2786
2787
2787
2787
2787
2787
2787
2787
2787
2787
2787
2787
2787
2787
2788
2788
2788
2788
2788
2788
2788
2788
2788
2788
2788
2788
2789
2789
2789
2789
2789
2789
2789
2789
2789
2789
2789
2789
2789
2790
2790
2790
2790
2790
2790
2790
2790
2790
2790
2790
2790
2791
2791
2791
2791
2791
2791
2791
2791
2791
2791
2791
2791
2791
2792
2792
2792
2792
2792
2792
2792
2792
2792
2792
2792
2792
2793
2793
2793
2793
2793
2793
2793
2793
2793
2793
2793
2793
2793
2794
2794
2794
2794
2794
2794
2794
2794
2794
2794
2794
2794
2795
2795
2795
2795
2795
2795
2795
2795
2795
2795
2795
2795
2795
2796
2796
2796
2796
2796
2796
2796
2796
2796
2796
2796
2796
2797
2797
2797
2797
2797
2797
2797
2797
2797
2797
2797
2797
2797
2798
2798
2798
2798
2798
2798
2798
2798
2798
2798
2798
2798
2799
2799
2799
2799
2799
2799
2799
2799
2799
2799
2799
2799
2799
2800
2800
2800
2800
2800
2800
2800
2800
2800
2800
2800
2800
2801
2801
2801
2801
2801
2801
2801
2801
2801
2801
2801
2801
2801
2802
2802
2802
2802
2802
2802
2802
2802
2802
2802
2802
2802
2803
2803
2803
2803
2803
2803
2803
2803
2803
2803
2803
2803
2803
2804
2804
2804
2804
2804
2804
2804
2804
2804
2804
2804
2804
2805
2805
2805
2805
2805
2805
2805
2805
2805
2805
2805
2805
2805
2806
2806
2806
2806
2806
2806
2806
2806
2806
2806
2806
2806
2807
2807
2807
2807
2807
2807
2807
2807
2807
2807
2807
2807
2807
2808
2808
2808
2808
2808
2808
2808
2808
2808
2808
2808
2808
2809
2809
2809
2809
2809
2809
2809
2809
2809
2809
2809
2809
2809
2810
2810
2810
2810
2810
2810
2810
2810
2810
2810
2810
2810
2811
2811
2811
2811
2811
2811
2811
2811
2811
2811
2811
2811
2811
2812
2812
2812
2812
2812
2812
2812
2812
2812
2812
2812
2812
2813
2813
2813
2813
2813
2813
2813
2813
2813
2813
2813
2813
2813
2814
2814
2814
2814
2814
2814
2814
2814
2814
2814
2814
2814
2815
2815
2815
2815
2815
2815
2815
2815
2815
2815
2815
2815
2815
2816
2816
2816
2816
2816
2816
2816
2816
2816
2816
2816
2816
2817
2817
2817
2817
2817
2817
2817
2817
2817
2817
2817
2817
2817
2818
2818
2818
2818
2818
2818
2818
2818
2818
2818
2818
2818
2819
2819
2819
2819
2819
2819
2819
2819
2819
2819
2819
2819
2819
2820
2820
2820
2820
2820
2820
2820
2820
2820
2820
2820
2820
2821
2821
2821
2821
2821
2821
2821
2821
2821
2821
2821
2821
2821
2822
2822
2822
2822
2822
2822
2822
2822
2822
2822
2822
2822
2823
2823
2823
2823
2823
2823
2823
2823
2823
2823
2823
2823
2823
2824
2824
2824
2824
2824
2824
2824
2824
2824
2824
2824
2824
2825
2825
2825
2825
2825
2825
2825
2825
2825
2825
2825
2825
2825
2826
2826
2826
2826
2826
2826
2826
2826
2826
2826
2826
2826
2827
2827
2827
2827
2827
2827
2827
2827
2827
2827
2827
2827
2827
2828
2828
2828
2828
2828
2828
2828
2828
2828
2828
2828
2828
2829
2829
2829
2829
2829
2829
2829
2829
2829
2829
2829
2829
2829
2830
2830
2830
2830
2830
2830
2830
2830
2830
2830
2830
2830
2831
2831
2831
2831
2831
2831
2831
2831
2831
2831
2831
2831
2831
2832
2832
2832
2832
2832
2832
2832
2832
2832
2832
2832
2832
2833
2833
2833
2833
2833
2833
2833
2833
2833
2833
2833
2833
2833
2834
2834
2834
2834
2834
2834
2834
2834
2834
2834
2834
2834
2835
2835
2835
2835
2835
2835
2835
2835
2835
2835
2835
2835
2835
2836
2836
2836
2836
2836
2836
2836
2836
2836
2836
2836
2836
2837
2837
2837
2837
2837
2837
2837
2837
2837
2837
2837
2837
2837
2838
2838
2838
2838
2838
2838
2838
2838
2838
2838
2838
2838
2839
2839
2839
2839
2839
2839
2839
2839
2839
2839
2839
2839
2839
2840
2840
2840
2840
2840
2840
2840
2840
2840
2840
2840
2840
2841
2841
2841
2841
2841
2841
2841
2841
2841
2841
2841
2841
2841
2842
2842
2842
2842
2842
2842
2842
2842
2842
2842
2842
2842
2843
2843
2843
2843
2843
2843
2843
2843
2843
2843
2843
2843
2843
2844
2844
2844
2844
2844
2844
2844
2844
2844
2844
2844
2844
2845
2845
2845
2845
2845
2845
2845
2845
2845
2845
2845
2845
2845
2846
2846
2846
2846
2846
2846
2846
2846
2846
2846
2846
2846
2847
2847
2847
2847
2847
2847
2847
2847
2847
2847
2847
2847
2847
2848
2848
2848
2848
2848
2848
2848
2848
2848
2848
2848
2848
2849
2849
2849
2849
2849
2849
2849
2849
2849
2849
2849
2849
2849
2850
2850
2850
2850
2850
2850
2850
2850
2850
2850
2850
2850
2851
2851
2851
2851
2851
2851
2852
2852
2852
2852
2852
2853
2853
2853
2853
2853
2854
2854
2854
2854
2854
2855
2855
2855
2855
2855
2856
2856
2856
2856
2856
2857
2857
2857
2857
2857
2858
2858
2858
2858
2858
2859
2859
2859
2859
2859
2860
2860
2860
2860
2860
2861
2861
2861
2861
2861
2862
2862
2862
2862
2862
2863
2863
2863
2863
2863
2863
2864
2864
2864
2864
2864
2865
2865
2865
2865
2865
2866
2866
2866
2866
2866
2867
2867
2867
2867
2867
2868
2868
2868
2868
2868
2869
2869
2869
2869
2869
2870
2870
2870
2870
2870
2871
2871
2871
2871
2871
2872
2872
2872
2872
2872
2873
2873
2873
2873
2873
2874
2874
2874
2874
2874
2875
2875
2875
2875
2875
2876
2876
2876
2876
2876
2876
2877
2877
2877
2877
2877
2878
2878
2878
2878
2878
2879
2879
2879
2879
2879
2880
2880
2880
2880
2880
2881
2881
2881
2881
2881
2882
2882
2882
2882
2882
2883
2883
2883
2883
2883
2884
2884
2884
2884
2884
2885
2885
2885
2885
2885
2886
2886
2886
2886
2886
2887
2887
2887
2887
2887
2888
2888
2888
2888
2888
2888
2889
2889
2889
2889
2889
2890
2890
2890
2890
2890
2891
2891
2891
2891
2891
2892
2892
2892
2892
2892
2893
2893
2893
2893
2893
2894
2894
2894
2894
2894
2895
2895
2895
2895
2895
2896
2896
2896
2896
2896
2897
2897
2897
2897
2897
2898
2898
2898
2898
2898
2899
2899
2899
2899
2899
2900
2900
2900
2900
2900
2901
2901
2901
2901
2901
2901
2901
2901
2901
2901
2901
2901
2901
2902
2902
2902
2902
2902
2902
2902
2902
2902
2902
2902
2902
2903
2903
2903
2903
2903
2903
2903
2903
2903
2903
2903
2903
2903
2904
2904
2904
2904
2904
2904
2904
2904
2904
2904
2904
2904
2905
2905
2905
2905
2905
2905
2905
2905
2905
2905
2905
2905
2905
2906
2906
2906
2906
2906
2906
2906
2906
2906
2906
2906
2906
2907
2907
2907
2907
2907
2907
2907
2907
2907
2907
2907
2907
2907
2908
2908
2908
2908
2908
2908
2908
2908
2908
2908
2908
2908
2909
2909
2909
2909
2909
2909
2909
2909
2909
2909
2909
2909
2909
2910
2910
2910
2910
2910
2910
2910
2910
2910
2910
2910
2910
2911
2911
2911
2911
2911
2911
2911
2911
2911
2911
2911
2911
2911
2912
2912
2912
2912
2912
2912
2912
2912
2912
2912
2912
2912
2913
2913
2913
2913
2913
2913
2913
2913
2913
2913
2913
2913
2913
2914
2914
2914
2914
2914
2914
2914
2914
2914
2914
2914
2914
2915
2915
2915
2915
2915
2915
2915
2915
2915
2915
2915
2915
2915
2916
2916
2916
2916
2916
2916
2916
2916
2916
2916
2916
2916
2917
2917
2917
2917
2917
2917
2917
2917
2917
2917
2917
2917
2917
2918
2918
2918
2918
2918
2918
2918
2918
2918
2918
2918
2918
2919
2919
2919
2919
2919
2919
2919
2919
2919
2919
2919
2919
2919
2920
2920
2920
2920
2920
2920
2920
2920
2920
2920
2920
2920
2921
2921
2921
2921
2921
2921
2921
2921
2921
2921
2921
2921
2921
2922
2922
2922
2922
2922
2922
2922
2922
2922
2922
2922
2922
2923
2923
2923
2923
2923
2923
2923
2923
2923
2923
2923
2923
2923
2924
2924
2924
2924
2924
2924
2924
2924
2924
2924
2924
2924
2925
2925
2925
2925
2925
2925
2925
2925
2925
2925
2925
2925
2925
2926
2926
2926
2926
2926
2926
2926
2926
2926
2926
2926
2926
2927
2927
2927
2927
2927
2927
2927
2927
2927
2927
2927
2927
2927
2928
2928
2928
2928
2928
2928
2928
2928
2928
2928
2928
2928
2929
2929
2929
2929
2929
2929
2929
2929
2929
2929
2929
2929
2929
2930
2930
2930
2930
2930
2930
2930
2930
2930
2930
2930
2930
2931
2931
2931
2931
2931
2931
2931
2931
2931
2931
2931
2931
2931
2932
2932
2932
2932
2932
2932
2932
2932
2932
2932
2932
2932
2933
2933
2933
2933
2933
2933
2933
2933
2933
2933
2933
2933
2933
2934
2934
2934
2934
2934
2934
2934
2934
2934
2934
2934
2934
2935
2935
2935
2935
2935
2935
2935
2935
2935
2935
2935
2935
2935
2936
2936
2936
2936
2936
2936
2936
2936
2936
2936
2936
2936
2937
2937
2937
2937
2937
2937
2937
2937
2937
2937
2937
2937
2937
2938
2938
2938
2938
2938
2938
2938
2938
2938
2938
2938
2938
2939
2939
2939
2939
2939
2939
2939
2939
2939
2939
2939
2939
2939
2940
2940
2940
2940
2940
2940
2940
2940
2940
2940
2940
2940
2941
2941
2941
2941
2941
2941
2941
2941
2941
2941
2941
2941
2941
2942
2942
2942
2942
2942
2942
2942
2942
2942
2942
2942
2942
2943
2943
2943
2943
2943
2943
2943
2943
2943
2943
2943
2943
2943
2944
2944
2944
2944
2944
2944
2944
2944
2944
2944
2944
2944
2945
2945
2945
2945
2945
2945
2945
2945
2945
2945
2945
2945
2945
2946
2946
2946
2946
2946
2946
2946
2946
2946
2946
2946
2946
2947
2947
2947
2947
2947
2947
2947
2947
2947
2947
2947
2947
2947
2948
2948
2948
2948
2948
2948
2948
2948
2948
2948
2948
2948
2949
2949
2949
2949
2949
2949
2949
2949
2949
2949
2949
2949
2949
2950
2950
2950
2950
2950
2950
2950
2950
2950
2950
2950
2950
2951
2951
2951
2951
2951
2951
2951
2951
2951
2951
2951
2951
2951
2952
2952
2952
2952
2952
2952
2952
2952
2952
2952
2952
2952
2953
2953
2953
2953
2953
2953
2953
2953
2953
2953
2953
2953
2953
2954
2954
2954
2954
2954
2954
2954
2954
2954
2954
2954
2954
2955
2955
2955
2955
2955
2955
2955
2955
2955
2955
2955
2955
2955
2956
2956
2956
2956
2956
2956
2956
2956
2956
2956
2956
2956
2957
2957
2957
2957
2957
2957
2957
2957
2957
2957
2957
2957
2957
2958
2958
2958
2958
2958
2958
2958
2958
2958
2958
2958
2958
2959
2959
2959
2959
2959
2959
2959
2959
2959
2959
2959
2959
2959
2960
2960
2960
2960
2960
2960
2960
2960
2960
2960
2960
2960
2961
2961
2961
2961
2961
2961
2961
2961
2961
2961
2961
2961
2961
2962
2962
2962
2962
2962
2962
2962
2962
2962
2962
2962
2962
2963
2963
2963
2963
2963
2963
2963
2963
2963
2963
2963
2963
2963
2964
2964
2964
2964
2964
2964
2964
2964
2964
2964
2964
2964
2965
2965
2965
2965
2965
2965
2965
2965
2965
2965
2965
2965
2965
2966
2966
2966
2966
2966
2966
2966
2966
2966
2966
2966
2966
2967
2967
2967
2967
2967
2967
2967
2967
2967
2967
2967
2967
2967
2968
2968
2968
2968
2968
2968
2968
2968
2968
2968
2968
2968
2969
2969
2969
2969
2969
2969
2969
2969
2969
2969
2969
2969
2969
2970
2970
2970
2970
2970
2970
2970
2970
2970
2970
2970
2970
2971
2971
2971
2971
2971
2971
2971
2971
2971
2971
2971
2971
2971
2972
2972
2972
2972
2972
2972
2972
2972
2972
2972
2972
2972
2973
2973
2973
2973
2973
2973
2973
2973
2973
2973
2973
2973
2973
2974
2974
2974
2974
2974
2974
2974
2974
2974
2974
2974
2974
2975
2975
2975
2975
2975
2975
2975
2975
2975
2975
2975
2975
2975
2976
2976
2976
2976
2976
2976
2976
2976
2976
2976
2976
2976
2977
2977
2977
2977
2977
2977
2977
2977
2977
2977
2977
2977
2977
2978
2978
2978
2978
2978
2978
2978
2978
2978
2978
2978
2978
2979
2979
2979
2979
2979
2979
2979
2979
2979
2979
2979
2979
2979
2980
2980
2980
2980
2980
2980
2980
2980
2980
2980
2980
2980
2981
2981
2981
2981
2981
2981
2981
2981
2981
2981
2981
2981
2981
2982
2982
2982
2982
2982
2982
2982
2982
2982
2982
2982
2982
2983
2983
2983
2983
2983
2983
2983
2983
2983
2983
2983
2983
2983
2984
2984
2984
2984
2984
2984
2984
2984
2984
2984
2984
2984
2985
2985
2985
2985
2985
2985
2985
2985
2985
2985
2985
2985
2985
2986
2986
2986
2986
2986
2986
2986
2986
2986
2986
2986
2986
2987
2987
2987
2987
2987
2987
2987
2987
2987
2987
2987
2987
2987
2988
2988
2988
2988
2988
2988
2988
2988
2988
2988
2988
2988
2989
2989
2989
2989
2989
2989
2989
2989
2989
2989
2989
2989
2989
2990
2990
2990
2990
2990
2990
2990
2990
2990
2990
2990
2990
2991
2991
2991
2991
2991
2991
2991
2991
2991
2991
2991
2991
2991
2992
2992
2992
2992
2992
2992
2992
2992
2992
2992
2992
2992
2993
2993
2993
2993
2993
2993
2993
2993
2993
2993
2993
2993
2993
2994
2994
2994
2994
2994
2994
2994
2994
2994
2994
2994
2994
2995
2995
2995
2995
2995
2995
2995
2995
2995
2995
2995
2995
2995
2996
2996
2996
2996
2996
2996
2996
2996
2996
2996
2996
2996
2997
2997
2997
2997
2997
2997
2997
2997
2997
2997
2997
2997
2997
2998
2998
2998
2998
2998
2998
2998
2998
2998
2998
2998
2998
2999
2999
2999
2999
2999
2999
2999
2999
2999
2999
2999
2999
2999
3000
3000
3000
3000
3000
3000
3000
3000
3000
3000
3000
3000
3001
3001
3001
3001
3001
3001
3001
3001
3001
3001
3001
3001
3001
3002
3002
3002
3002
3002
3002
3002
3002
3002
3002
3002
3002
3003
3003
3003
3003
3003
3003
3003
3003
3003
3003
3003
3003
3003
3004
3004
3004
3004
3004
3004
3004
3004
3004
3004
3004
3004
3005
3005
3005
3005
3005
3005
3005
3005
3005
3005
3005
3005
3005
3006
3006
3006
3006
3006
3006
3006
3006
3006
3006
3006
3006
3007
3007
3007
3007
3007
3007
3007
3007
3007
3007
3007
3007
3007
3008
3008
3008
3008
3008
3008
3008
3008
3008
3008
3008
3008
3009
3009
3009
3009
3009
3009
3009
3009
3009
3009
3009
3009
3009
3010
3010
3010
3010
3010
3010
3010
3010
3010
3010
3010
3010
3011
3011
3011
3011
3011
3011
3011
3011
3011
3011
3011
3011
3011
3012
3012
3012
3012
3012
3012
3012
3012
3012
3012
3012
3012
3013
3013
3013
3013
3013
3013
3013
3013
3013
3013
3013
3013
3013
3014
3014
3014
3014
3014
3014
3014
3014
3014
3014
3014
3014
3015
3015
3015
3015
3015
3015
3015
3015
3015
3015
3015
3015
3015
3016
3016
3016
3016
3016
3016
3016
3016
3016
3016
3016
3016
3017
3017
3017
3017
3017
3017
3017
3017
3017
3017
3017
3017
3017
3018
3018
3018
3018
3018
3018
3018
3018
3018
3018
3018
3018
3019
3019
3019
3019
3019
3019
3019
3019
3019
3019
3019
3019
3019
3020
3020
3020
3020
3020
3020
3020
3020
3020
3020
3020
3020
3021
3021
3021
3021
3021
3021
3021
3021
3021
3021
3021
3021
3021
3022
3022
3022
3022
3022
3022
3022
3022
3022
3022
3022
3022
3023
3023
3023
3023
3023
3023
3023
3023
3023
3023
3023
3023
3023
3024
3024
3024
3024
3024
3024
3024
3024
3024
3024
3024
3024
3025
3025
3025
3025
3025
3025
3025
3025
3025
3025
3025
3025
3025
3026
3026
3026
3026
3026
3026
3026
3026
3026
3026
3026
3026
3027
3027
3027
3027
3027
3027
3027
3027
3027
3027
3027
3027
3027
3028
3028
3028
3028
3028
3028
3028
3028
3028
3028
3028
3028
3029
3029
3029
3029
3029
3029
3029
3029
3029
3029
3029
3029
3029
3030
3030
3030
3030
3030
3030
3030
3030
3030
3030
3030
3030
3031
3031
3031
3031
3031
3031
3031
3031
3031
3031
3031
3031
3031
3032
3032
3032
3032
3032
3032
3032
3032
3032
3032
3032
3032
3033
3033
3033
3033
3033
3033
3033
3033
3033
3033
3033
3033
3033
3034
3034
3034
3034
3034
3034
3034
3034
3034
3034
3034
3034
3035
3035
3035
3035
3035
3035
3035
3035
3035
3035
3035
3035
3035
3036
3036
3036
3036
3036
3036
3036
3036
3036
3036
3036
3036
3037
3037
3037
3037
3037
3037
3037
3037
3037
3037
3037
3037
3037
3038
3038
3038
3038
3038
3038
3038
3038
3038
3038
3038
3038
3039
3039
3039
3039
3039
3039
3039
3039
3039
3039
3039
3039
3039
3040
3040
3040
3040
3040
3040
3040
3040
3040
3040
3040
3040
3041
3041
3041
3041
3041
3041
3041
3041
3041
3041
3041
3041
3041
3042
3042
3042
3042
3042
3042
3042
3042
3042
3042
3042
3042
3043
3043
3043
3043
3043
3043
3043
3043
3043
3043
3043
3043
3043
3044
3044
3044
3044
3044
3044
3044
3044
3044
3044
3044
3044
3045
3045
3045
3045
3045
3045
3045
3045
3045
3045
3045
3045
3045
3046
3046
3046
3046
3046
3046
3046
3046
3046
3046
3046
3046
3047
3047
3047
3047
3047
3047
3047
3047
3047
3047
3047
3047
3047
3048
3048
3048
3048
3048
3048
3048
3048
3048
3048
3048
3048
3049
3049
3049
3049
3049
3049
3049
3049
3049
3049
3049
3049
3049
3050
3050
3050
3050
3050
3050
3050
3050
3050
3050
3050
3050
3051
3051
3051
3051
3051
3051
3051
3051
3051
3051
3051
3051
3051
3052
3052
3052
3052
3052
3052
3052
3052
3052
3052
3052
3052
3053
3053
3053
3053
3053
3053
3053
3053
3053
3053
3053
3053
3053
3054
3054
3054
3054
3054
3054
3054
3054
3054
3054
3054
3054
3055
3055
3055
3055
3055
3055
3055
3055
3055
3055
3055
3055
3055
3056
3056
3056
3056
3056
3056
3056
3056
3056
3056
3056
3056
3057
3057
3057
3057
3057
3057
3057
3057
3057
3057
3057
3057
3057
3058
3058
3058
3058
3058
3058
3058
3058
3058
3058
3058
3058
3059
3059
3059
3059
3059
3059
3059
3059
3059
3059
3059
3059
3059
3060
3060
3060
3060
3060
3060
3060
3060
3060
3060
3060
3060
3061
3061
3061
3061
3061
3061
3061
3061
3061
3061
3061
3061
3061
3062
3062
3062
3062
3062
3062
3062
3062
3062
3062
3062
3062
3063
3063
3063
3063
3063
3063
3063
3063
3063
3063
3063
3063
3063
3064
3064
3064
3064
3064
3064
3064
3064
3064
3064
3064
3064
3065
3065
3065
3065
3065
3065
3065
3065
3065
3065
3065
3065
3065
3066
3066
3066
3066
3066
3066
3066
3066
3066
3066
3066
3066
3067
3067
3067
3067
3067
3067
3067
3067
3067
3067
3067
3067
3067
3068
3068
3068
3068
3068
3068
3068
3068
3068
3068
3068
3068
3069
3069
3069
3069
3069
3069
3069
3069
3069
3069
3069
3069
3069
3070
3070
3070
3070
3070
3070
3070
3070
3070
3070
3070
3070
3071
3071
3071
3071
3071
3071
3071
3071
3071
3071
3071
3071
3071
3072
3072
3072
3072
3072
3072
3072
3072
3072
3072
3072
3072
3073
3073
3073
3073
3073
3073
3073
3073
3073
3073
3073
3073
3073
3074
3074
3074
3074
3074
3074
3074
3074
3074
3074
3074
3074
3075
3075
3075
3075
3075
3075
3075
3075
3075
3075
3075
3075
3075
3076
3076
3076
3076
3076
3076
3076
3076
3076
3076
3076
3076
3077
3077
3077
3077
3077
3077
3077
3077
3077
3077
3077
3077
3077
3078
3078
3078
3078
3078
3078
3078
3078
3078
3078
3078
3078
3079
3079
3079
3079
3079
3079
3079
3079
3079
3079
3079
3079
3079
3080
3080
3080
3080
3080
3080
3080
3080
3080
3080
3080
3080
3081
3081
3081
3081
3081
3081
3081
3081
3081
3081
3081
3081
3081
3082
3082
3082
3082
3082
3082
3082
3082
3082
3082
3082
3082
3083
3083
3083
3083
3083
3083
3083
3083
3083
3083
3083
3083
3083
3084
3084
3084
3084
3084
3084
3084
3084
3084
3084
3084
3084
3085
3085
3085
3085
3085
3085
3085
3085
3085
3085
3085
3085
3085
3086
3086
3086
3086
3086
3086
3086
3086
3086
3086
3086
3086
3087
3087
3087
3087
3087
3087
3087
3087
3087
3087
3087
3087
3087
3088
3088
3088
3088
3088
3088
3088
3088
3088
3088
3088
3088
3089
3089
3089
3089
3089
3089
3089
3089
3089
3089
3089
3089
3089
3090
3090
3090
3090
3090
3090
3090
3090
3090
3090
3090
3090
3091
3091
3091
3091
3091
3091
3091
3091
3091
3091
3091
3091
3091
3092
3092
3092
3092
3092
3092
3092
3092
3092
3092
3092
3092
3093
3093
3093
3093
3093
3093
3093
3093
3093
3093
3093
3093
3093
3094
3094
3094
3094
3094
3094
3094
3094
3094
3094
3094
3094
3095
3095
3095
3095
3095
3095
3095
3095
3095
3095
3095
3095
3095
3096
3096
3096
3096
3096
3096
3096
3096
3096
3096
3096
3096
3097
3097
3097
3097
3097
3097
3097
3097
3097
3097
3097
3097
3097
3098
3098
3098
3098
3098
3098
3098
3098
3098
3098
3098
3098
3099
3099
3099
3099
3099
3099
3099
3099
3099
3099
3099
3099
3099
3100
3100
3100
3100
3100
3100
3100
3100
3100
3100
3100
3100
3101
3101
3101
3101
3101
3101
3101
3101
3101
3101
3101
3101
3101
3102
3102
3102
3102
3102
3102
3102
3102
3102
3102
3102
3102
3103
3103
3103
3103
3103
3103
3103
3103
3103
3103
3103
3103
3103
3104
3104
3104
3104
3104
3104
3104
3104
3104
3104
3104
3104
3105
3105
3105
3105
3105
3105
3105
3105
3105
3105
3105
3105
3105
3106
3106
3106
3106
3106
3106
3106
3106
3106
3106
3106
3106
3107
3107
3107
3107
3107
3107
3107
3107
3107
3107
3107
3107
3107
3108
3108
3108
3108
3108
3108
3108
3108
3108
3108
3108
3108
3109
3109
3109
3109
3109
3109
3109
3109
3109
3109
3109
3109
3109
3110
3110
3110
3110
3110
3110
3110
3110
3110
3110
3110
3110
3111
3111
3111
3111
3111
3111
3111
3111
3111
3111
3111
3111
3111
3112
3112
3112
3112
3112
3112
3112
3112
3112
3112
3112
3112
3113
3113
3113
3113
3113
3113
3113
3113
3113
3113
3113
3113
3113
3114
3114
3114
3114
3114
3114
3114
3114
3114
3114
3114
3114
3115
3115
3115
3115
3115
3115
3115
3115
3115
3115
3115
3115
3115
3116
3116
3116
3116
3116
3116
3116
3116
3116
3116
3116
3116
3117
3117
3117
3117
3117
3117
3117
3117
3117
3117
3117
3117
3117
3118
3118
3118
3118
3118
3118
3118
3118
3118
3118
3118
3118
3119
3119
3119
3119
3119
3119
3119
3119
3119
3119
3119
3119
3119
3120
3120
3120
3120
3120
3120
3120
3120
3120
3120
3120
3120
3121
3121
3121
3121
3121
3121
3121
3121
3121
3121
3121
3121
3121
3122
3122
3122
3122
3122
3122
3122
3122
3122
3122
3122
3122
3123
3123
3123
3123
3123
3123
3123
3123
3123
3123
3123
3123
3123
3124
3124
3124
3124
3124
3124
3124
3124
3124
3124
3124
3124
3125
3125
3125
3125
3125
3125
3125
3125
3125
3125
3125
3125
3125
3126
3126
3126
3126
3126
3126
3126
3126
3126
3126
3126
3126
3127
3127
3127
3127
3127
3127
3127
3127
3127
3127
3127
3127
3127
3128
3128
3128
3128
3128
3128
3128
3128
3128
3128
3128
3128
3129
3129
3129
3129
3129
3129
3129
3129
3129
3129
3129
3129
3129
3130
3130
3130
3130
3130
3130
3130
3130
3130
3130
3130
3130
3131
3131
3131
3131
3131
3131
3131
3131
3131
3131
3131
3131
3131
3132
3132
3132
3132
3132
3132
3132
3132
3132
3132
3132
3132
3133
3133
3133
3133
3133
3133
3133
3133
3133
3133
3133
3133
3133
3134
3134
3134
3134
3134
3134
3134
3134
3134
3134
3134
3134
3135
3135
3135
3135
3135
3135
3135
3135
3135
3135
3135
3135
3135
3136
3136
3136
3136
3136
3136
3136
3136
3136
3136
3136
3136
3137
3137
3137
3137
3137
3137
3137
3137
3137
3137
3137
3137
3137
3138
3138
3138
3138
3138
3138
3138
3138
3138
3138
3138
3138
3139
3139
3139
3139
3139
3139
3139
3139
3139
3139
3139
3139
3139
3140
3140
3140
3140
3140
3140
3140
3140
3140
3140
3140
3140
3141
3141
3141
3141
3141
3141
3141
3141
3141
3141
3141
3141
3141
3142
3142
3142
3142
3142
3142
3142
3142
3142
3142
3142
3142
3143
3143
3143
3143
3143
3143
3143
3143
3143
3143
3143
3143
3143
3144
3144
3144
3144
3144
3144
3144
3144
3144
3144
3144
3144
3145
3145
3145
3145
3145
3145
3145
3145
3145
3145
3145
3145
3145
3146
3146
3146
3146
3146
3146
3146
3146
3146
3146
3146
3146
3147
3147
3147
3147
3147
3147
3147
3147
3147
3147
3147
3147
3147
3148
3148
3148
3148
3148
3148
3148
3148
3148
3148
3148
3148
3149
3149
3149
3149
3149
3149
3149
3149
3149
3149
3149
3149
3149
3150
3150
3150
3150
3150
3150
3150
3150
3150
3150
3150
3150
3151
3151
3151
3151
3151
3151
3151
3151
3151
3151
3151
3151
3151
3152
3152
3152
3152
3152
3152
3152
3152
3152
3152
3152
3152
3153
3153
3153
3153
3153
3153
3153
3153
3153
3153
3153
3153
3153
3154
3154
3154
3154
3154
3154
3154
3154
3154
3154
3154
3154
3155
3155
3155
3155
3155
3155
3155
3155
3155
3155
3155
3155
3155
3156
3156
3156
3156
3156
3156
3156
3156
3156
3156
3156
3156
3157
3157
3157
3157
3157
3157
3157
3157
3157
3157
3157
3157
3157
3158
3158
3158
3158
3158
3158
3158
3158
3158
3158
3158
3158
3159
3159
3159
3159
3159
3159
3159
3159
3159
3159
3159
3159
3159
3160
3160
3160
3160
3160
3160
3160
3160
3160
3160
3160
3160
3161
3161
3161
3161
3161
3161
3161
3161
3161
3161
3161
3161
3161
3162
3162
3162
3162
3162
3162
3162
3162
3162
3162
3162
3162
3163
3163
3163
3163
3163
3163
3163
3163
3163
3163
3163
3163
3163
3164
3164
3164
3164
3164
3164
3164
3164
3164
3164
3164
3164
3165
3165
3165
3165
3165
3165
3165
3165
3165
3165
3165
3165
3165
3166
3166
3166
3166
3166
3166
3166
3166
3166
3166
3166
3166
3167
3167
3167
3167
3167
3167
3167
3167
3167
3167
3167
3167
3167
3168
3168
3168
3168
3168
3168
3168
3168
3168
3168
3168
3168
3169
3169
3169
3169
3169
3169
3169
3169
3169
3169
3169
3169
3169
3170
3170
3170
3170
3170
3170
3170
3170
3170
3170
3170
3170
3171
3171
3171
3171
3171
3171
3171
3171
3171
3171
3171
3171
3171
3172
3172
3172
3172
3172
3172
3172
3172
3172
3172
3172
3172
3173
3173
3173
3173
3173
3173
3173
3173
3173
3173
3173
3173
3173
3174
3174
3174
3174
3174
3174
3174
3174
3174
3174
3174
3174
3175
3175
3175
3175
3175
3175
3175
3175
3175
3175
3175
3175
3175
3176
3176
3176
3176
3176
3176
3176
3176
3176
3176
3176
3176
3177
3177
3177
3177
3177
3177
3177
3177
3177
3177
3177
3177
3177
3178
3178
3178
3178
3178
3178
3178
3178
3178
3178
3178
3178
3179
3179
3179
3179
3179
3179
3179
3179
3179
3179
3179
3179
3179
3180
3180
3180
3180
3180
3180
3180
3180
3180
3180
3180
3180
3181
3181
3181
3181
3181
3181
3181
3181
3181
3181
3181
3181
3181
3182
3182
3182
3182
3182
3182
3182
3182
3182
3182
3182
3182
3183
3183
3183
3183
3183
3183
3183
3183
3183
3183
3183
3183
3183
3184
3184
3184
3184
3184
3184
3184
3184
3184
3184
3184
3184
3185
3185
3185
3185
3185
3185
3185
3185
3185
3185
3185
3185
3185
3186
3186
3186
3186
3186
3186
3186
3186
3186
3186
3186
3186
3187
3187
3187
3187
3187
3187
3187
3187
3187
3187
3187
3187
3187
3188
3188
3188
3188
3188
3188
3188
3188
3188
3188
3188
3188
3189
3189
3189
3189
3189
3189
3189
3189
3189
3189
3189
3189
3189
3190
3190
3190
3190
3190
3190
3190
3190
3190
3190
3190
3190
3191
3191
3191
3191
3191
3191
3191
3191
3191
3191
3191
3191
3191
3192
3192
3192
3192
3192
3192
3192
3192
3192
3192
3192
3192
3193
3193
3193
3193
3193
3193
3193
3193
3193
3193
3193
3193
3193
3194
3194
3194
3194
3194
3194
3194
3194
3194
3194
3194
3194
3195
3195
3195
3195
3195
3195
3195
3195
3195
3195
3195
3195
3195
3196
3196
3196
3196
3196
3196
3196
3196
3196
3196
3196
3196
3197
3197
3197
3197
3197
3197
3197
3197
3197
3197
3197
3197
3197
3198
3198
3198
3198
3198
3198
3198
3198
3198
3198
3198
3198
3199
3199
3199
3199
3199
3199
3199
3199
3199
3199
3199
3199
3199
3200
3200
3200
3200
3200
3200
3200
3200
3200
3200
3200
3200
3201
3201
3201
3201
3201
3201
3201
3201
3201
3201
3201
3201
3201
3202
3202
3202
3202
3202
3202
3202
3202
3202
3202
3202
3202
3203
3203
3203
3203
3203
3203
3203
3203
3203
3203
3203
3203
3203
3204
3204
3204
3204
3204
3204
3204
3204
3204
3204
3204
3204
3205
3205
3205
3205
3205
3205
3205
3205
3205
3205
3205
3205
3205
3206
3206
3206
3206
3206
3206
3206
3206
3206
3206
3206
3206
3207
3207
3207
3207
3207
3207
3207
3207
3207
3207
3207
3207
3207
3208
3208
3208
3208
3208
3208
3208
3208
3208
3208
3208
3208
3209
3209
3209
3209
3209
3209
3209
3209
3209
3209
3209
3209
3209
3210
3210
3210
3210
3210
3210
3210
3210
3210
3210
3210
3210
3211
3211
3211
3211
3211
3211
3211
3211
3211
3211
3211
3211
3211
3212
3212
3212
3212
3212
3212
3212
3212
3212
3212
3212
3212
3213
3213
3213
3213
3213
3213
3213
3213
3213
3213
3213
3213
3213
3214
3214
3214
3214
3214
3214
3214
3214
3214
3214
3214
3214
3215
3215
3215
3215
3215
3215
3215
3215
3215
3215
3215
3215
3215
3216
3216
3216
3216
3216
3216
3216
3216
3216
3216
3216
3216
3217
3217
3217
3217
3217
3217
3217
3217
3217
3217
3217
3217
3217
3218
3218
3218
3218
3218
3218
3218
3218
3218
3218
3218
3218
3219
3219
3219
3219
3219
3219
3219
3219
3219
3219
3219
3219
3219
3220
3220
3220
3220
3220
3220
3220
3220
3220
3220
3220
3220
3221
3221
3221
3221
3221
3221
3221
3221
3221
3221
3221
3221
3221
3222
3222
3222
3222
3222
3222
3222
3222
3222
3222
3222
3222
3223
3223
3223
3223
3223
3223
3223
3223
3223
3223
3223
3223
3223
3224
3224
3224
3224
3224
3224
3224
3224
3224
3224
3224
3224
3225
3225
3225
3225
3225
3225
3225
3225
3225
3225
3225
3225
3225
3226
3226
3226
3226
3226
3226
3226
3226
3226
3226
3226
3226
3227
3227
3227
3227
3227
3227
3227
3227
3227
3227
3227
3227
3227
3228
3228
3228
3228
3228
3228
3228
3228
3228
3228
3228
3228
3229
3229
3229
3229
3229
3229
3229
3229
3229
3229
3229
3229
3229
3230
3230
3230
3230
3230
3230
3230
3230
3230
3230
3230
3230
3231
3231
3231
3231
3231
3231
3231
3231
3231
3231
3231
3231
3231
3232
3232
3232
3232
3232
3232
3232
3232
3232
3232
3232
3232
3233
3233
3233
3233
3233
3233
3233
3233
3233
3233
3233
3233
3233
3234
3234
3234
3234
3234
3234
3234
3234
3234
3234
3234
3234
3235
3235
3235
3235
3235
3235
3235
3235
3235
3235
3235
3235
3235
3236
3236
3236
3236
3236
3236
3236
3236
3236
3236
3236
3236
3237
3237
3237
3237
3237
3237
3237
3237
3237
3237
3237
3237
3237
3238
3238
3238
3238
3238
3238
3238
3238
3238
3238
3238
3238
3239
3239
3239
3239
3239
3239
3239
3239
3239
3239
3239
3239
3239
3240
3240
3240
3240
3240
3240
3240
3240
3240
3240
3240
3240
3241
3241
3241
3241
3241
3241
3241
3241
3241
3241
3241
3241
3241
3242
3242
3242
3242
3242
3242
3242
3242
3242
3242
3242
3242
3243
3243
3243
3243
3243
3243
3243
3243
3243
3243
3243
3243
3243
3244
3244
3244
3244
3244
3244
3244
3244
3244
3244
3244
3244
3245
3245
3245
3245
3245
3245
3245
3245
3245
3245
3245
3245
3245
3246
3246
3246
3246
3246
3246
3246
3246
3246
3246
3246
3246
3247
3247
3247
3247
3247
3247
3247
3247
3247
3247
3247
3247
3247
3248
3248
3248
3248
3248
3248
3248
3248
3248
3248
3248
3248
3249
3249
3249
3249
3249
3249
3249
3249
3249
3249
3249
3249
3249
3250
3250
3250
3250
3250
3250
3250
3250
3250
3250
3250
3250
3251
3251
3251
3251
3251
3251
3251
3251
3251
3251
3251
3251
3251
3252
3252
3252
3252
3252
3252
3252
3252
3252
3252
3252
3252
3253
3253
3253
3253
3253
3253
3253
3253
3253
3253
3253
3253
3253
3254
3254
3254
3254
3254
3254
3254
3254
3254
3254
3254
3254
3255
3255
3255
3255
3255
3255
3255
3255
3255
3255
3255
3255
3255
3256
3256
3256
3256
3256
3256
3256
3256
3256
3256
3256
3256
3257
3257
3257
3257
3257
3257
3257
3257
3257
3257
3257
3257
3257
3258
3258
3258
3258
3258
3258
3258
3258
3258
3258
3258
3258
3259
3259
3259
3259
3259
3259
3259
3259
3259
3259
3259
3259
3259
3260
3260
3260
3260
3260
3260
3260
3260
3260
3260
3260
3260
3261
3261
3261
3261
3261
3261
3261
3261
3261
3261
3261
3261
3261
3262
3262
3262
3262
3262
3262
3262
3262
3262
3262
3262
3262
3263
3263
3263
3263
3263
3263
3263
3263
3263
3263
3263
3263
3263
3264
3264
3264
3264
3264
3264
3264
3264
3264
3264
3264
3264
3265
3265
3265
3265
3265
3265
3265
3265
3265
3265
3265
3265
3265
3266
3266
3266
3266
3266
3266
3266
3266
3266
3266
3266
3266
3267
3267
3267
3267
3267
3267
3267
3267
3267
3267
3267
3267
3267
3268
3268
3268
3268
3268
3268
3268
3268
3268
3268
3268
3268
3269
3269
3269
3269
3269
3269
3269
3269
3269
3269
3269
3269
3269
3270
3270
3270
3270
3270
3270
3270
3270
3270
3270
3270
3270
3271
3271
3271
3271
3271
3271
3271
3271
3271
3271
3271
3271
3271
3272
3272
3272
3272
3272
3272
3272
3272
3272
3272
3272
3272
3273
3273
3273
3273
3273
3273
3273
3273
3273
3273
3273
3273
3273
3274
3274
3274
3274
3274
3274
3274
3274
3274
3274
3274
3274
3275
3275
3275
3275
3275
3275
3275
3275
3275
3275
3275
3275
3275
3276
3276
3276
3276
3276
3276
3276
3276
3276
3276
3276
3276
3277
3277
3277
3277
3277
3277
3277
3277
3277
3277
3277
3277
3277
3278
3278
3278
3278
3278
3278
3278
3278
3278
3278
3278
3278
3279
3279
3279
3279
3279
3279
3279
3279
3279
3279
3279
3279
3279
3280
3280
3280
3280
3280
3280
3280
3280
3280
3280
3280
3280
3281
3281
3281
3281
3281
3281
3281
3281
3281
3281
3281
3281
3281
3282
3282
3282
3282
3282
3282
3282
3282
3282
3282
3282
3282
3283
3283
3283
3283
3283
3283
3283
3283
3283
3283
3283
3283
3283
3284
3284
3284
3284
3284
3284
3284
3284
3284
3284
3284
3284
3285
3285
3285
3285
3285
3285
3285
3285
3285
3285
3285
3285
3285
3286
3286
3286
3286
3286
3286
3286
3286
3286
3286
3286
3286
3287
3287
3287
3287
3287
3287
3287
3287
3287
3287
3287
3287
3287
3288
3288
3288
3288
3288
3288
3288
3288
3288
3288
3288
3288
3289
3289
3289
3289
3289
3289
3289
3289
3289
3289
3289
3289
3289
3290
3290
3290
3290
3290
3290
3290
3290
3290
3290
3290
3290
3291
3291
3291
3291
3291
3291
3291
3291
3291
3291
3291
3291
3291
3292
3292
3292
3292
3292
3292
3292
3292
3292
3292
3292
3292
3293
3293
3293
3293
3293
3293
3293
3293
3293
3293
3293
3293
3293
3294
3294
3294
3294
3294
3294
3294
3294
3294
3294
3294
3294
3295
3295
3295
3295
3295
3295
3295
3295
3295
3295
3295
3295
3295
3296
3296
3296
3296
3296
3296
3296
3296
3296
3296
3296
3296
3297
3297
3297
3297
3297
3297
3297
3297
3297
3297
3297
3297
3297
3298
3298
3298
3298
3298
3298
3298
3298
3298
3298
3298
3298
3299
3299
3299
3299
3299
3299
3299
3299
3299
3299
3299
3299
3299
3300
3300
3300
3300
3300
3300
3300
3300
3300
3300
3300
3300
3301
3301
3301
3301
3301
3301
3301
3301
3301
3301
3301
3301
3301
3302
3302
3302
3302
3302
3302
3302
3302
3302
3302
3302
3302
3303
3303
3303
3303
3303
3303
3303
3303
3303
3303
3303
3303
3303
3304
3304
3304
3304
3304
3304
3304
3304
3304
3304
3304
3304
3305
3305
3305
3305
3305
3305
3305
3305
3305
3305
3305
3305
3305
3306
3306
3306
3306
3306
3306
3306
3306
3306
3306
3306
3306
3307
3307
3307
3307
3307
3307
3307
3307
3307
3307
3307
3307
3307
3308
3308
3308
3308
3308
3308
3308
3308
3308
3308
3308
3308
3309
3309
3309
3309
3309
3309
3309
3309
3309
3309
3309
3309
3309
3310
3310
3310
3310
3310
3310
3310
3310
3310
3310
3310
3310
3311
3311
3311
3311
3311
3311
3311
3311
3311
3311
3311
3311
3311
3312
3312
3312
3312
3312
3312
3312
3312
3312
3312
3312
3312
3313
3313
3313
3313
3313
3313
3313
3313
3313
3313
3313
3313
3313
3314
3314
3314
3314
3314
3314
3314
3314
3314
3314
3314
3314
3315
3315
3315
3315
3315
3315
3315
3315
3315
3315
3315
3315
3315
3316
3316
3316
3316
3316
3316
3316
3316
3316
3316
3316
3316
3317
3317
3317
3317
3317
3317
3317
3317
3317
3317
3317
3317
3317
3318
3318
3318
3318
3318
3318
3318
3318
3318
3318
3318
3318
3319
3319
3319
3319
3319
3319
3319
3319
3319
3319
3319
3319
3319
3320
3320
3320
3320
3320
3320
3320
3320
3320
3320
3320
3320
3321
3321
3321
3321
3321
3321
3321
3321
3321
3321
3321
3321
3321
3322
3322
3322
3322
3322
3322
3322
3322
3322
3322
3322
3322
3323
3323
3323
3323
3323
3323
3323
3323
3323
3323
3323
3323
3323
3324
3324
3324
3324
3324
3324
3324
3324
3324
3324
3324
3324
3325
3325
3325
3325
3325
3325
3325
3325
3325
3325
3325
3325
3325
3326
3326
3326
3326
3326
3326
3326
3326
3326
3326
3326
3326
3327
3327
3327
3327
3327
3327
3327
3327
3327
3327
3327
3327
3327
3328
3328
3328
3328
3328
3328
3328
3328
3328
3328
3328
3328
3329
3329
3329
3329
3329
3329
3329
3329
3329
3329
3329
3329
3329
3330
3330
3330
3330
3330
3330
3330
3330
3330
3330
3330
3330
3331
3331
3331
3331
3331
3331
3331
3331
3331
3331
3331
3331
3331
3332
3332
3332
3332
3332
3332
3332
3332
3332
3332
3332
3332
3333
3333
3333
3333
3333
3333
3333
3333
3333
3333
3333
3333
3333
3334
3334
3334
3334
3334
3334
3334
3334
3334
3334
3334
3334
3335
3335
3335
3335
3335
3335
3335
3335
3335
3335
3335
3335
3335
3336
3336
3336
3336
3336
3336
3336
3336
3336
3336
3336
3336
3337
3337
3337
3337
3337
3337
3337
3337
3337
3337
3337
3337
3337
3338
3338
3338
3338
3338
3338
3338
3338
3338
3338
3338
3338
3339
3339
3339
3339
3339
3339
3339
3339
3339
3339
3339
3339
3339
3340
3340
3340
3340
3340
3340
3340
3340
3340
3340
3340
3340
3341
3341
3341
3341
3341
3341
3341
3341
3341
3341
3341
3341
3341
3342
3342
3342
3342
3342
3342
3342
3342
3342
3342
3342
3342
3343
3343
3343
3343
3343
3343
3343
3343
3343
3343
3343
3343
3343
3344
3344
3344
3344
3344
3344
3344
3344
3344
3344
3344
3344
3345
3345
3345
3345
3345
3345
3345
3345
3345
3345
3345
3345
3345
3346
3346
3346
3346
3346
3346
3346
3346
3346
3346
3346
3346
3347
3347
3347
3347
3347
3347
3347
3347
3347
3347
3347
3347
3347
3348
3348
3348
3348
3348
3348
3348
3348
3348
3348
3348
3348
3349
3349
3349
3349
3349
3349
3349
3349
3349
3349
3349
3349
3349
3350
3350
3350
3350
3350
3350
3350
3350
3350
3350
3350
3350
3351
3351
3351
3351
3351
3351
3351
3351
3351
3351
3351
3351
3351
3352
3352
3352
3352
3352
3352
3352
3352
3352
3352
3352
3352
3353
3353
3353
3353
3353
3353
3353
3353
3353
3353
3353
3353
3353
3354
3354
3354
3354
3354
3354
3354
3354
3354
3354
3354
3354
3355
3355
3355
3355
3355
3355
3355
3355
3355
3355
3355
3355
3355
3356
3356
3356
3356
3356
3356
3356
3356
3356
3356
3356
3356
3357
3357
3357
3357
3357
3357
3357
3357
3357
3357
3357
3357
3357
3358
3358
3358
3358
3358
3358
3358
3358
3358
3358
3358
3358
3359
3359
3359
3359
3359
3359
3359
3359
3359
3359
3359
3359
3359
3360
3360
3360
3360
3360
3360
3360
3360
3360
3360
3360
3360
3361
3361
3361
3361
3361
3361
3361
3361
3361
3361
3361
3361
3361
3362
3362
3362
3362
3362
3362
3362
3362
3362
3362
3362
3362
3363
3363
3363
3363
3363
3363
3363
3363
3363
3363
3363
3363
3363
3364
3364
3364
3364
3364
3364
3364
3364
3364
3364
3364
3364
3365
3365
3365
3365
3365
3365
3365
3365
3365
3365
3365
3365
3365
3366
3366
3366
3366
3366
3366
3366
3366
3366
3366
3366
3366
3367
3367
3367
3367
3367
3367
3367
3367
3367
3367
3367
3367
3367
3368
3368
3368
3368
3368
3368
3368
3368
3368
3368
3368
3368
3369
3369
3369
3369
3369
3369
3369
3369
3369
3369
3369
3369
3369
3370
3370
3370
3370
3370
3370
3370
3370
3370
3370
3370
3370
3371
3371
3371
3371
3371
3371
3371
3371
3371
3371
3371
3371
3371
3372
3372
3372
3372
3372
3372
3372
3372
3372
3372
3372
3372
3373
3373
3373
3373
3373
3373
3373
3373
3373
3373
3373
3373
3373
3374
3374
3374
3374
3374
3374
3374
3374
3374
3374
3374
3374
3375
3375
3375
3375
3375
3375
3375
3375
3375
3375
3375
3375
3375
3376
3376
3376
3376
3376
3376
3376
3376
3376
3376
3376
3376
3377
3377
3377
3377
3377
3377
3377
3377
3377
3377
3377
3377
3377
3378
3378
3378
3378
3378
3378
3378
3378
3378
3378
3378
3378
3379
3379
3379
3379
3379
3379
3379
3379
3379
3379
3379
3379
3379
3380
3380
3380
3380
3380
3380
3380
3380
3380
3380
3380
3380
3381
3381
3381
3381
3381
3381
3381
3381
3381
3381
3381
3381
3381
3382
3382
3382
3382
3382
3382
3382
3382
3382
3382
3382
3382
3383
3383
3383
3383
3383
3383
3383
3383
3383
3383
3383
3383
3383
3384
3384
3384
3384
3384
3384
3384
3384
3384
3384
3384
3384
3385
3385
3385
3385
3385
3385
3385
3385
3385
3385
3385
3385
3385
3386
3386
3386
3386
3386
3386
3386
3386
3386
3386
3386
3386
3387
3387
3387
3387
3387
3387
3387
3387
3387
3387
3387
3387
3387
3388
3388
3388
3388
3388
3388
3388
3388
3388
3388
3388
3388
3389
3389
3389
3389
3389
3389
3389
3389
3389
3389
3389
3389
3389
3390
3390
3390
3390
3390
3390
3390
3390
3390
3390
3390
3390
3391
3391
3391
3391
3391
3391
3391
3391
3391
3391
3391
3391
3391
3392
3392
3392
3392
3392
3392
3392
3392
3392
3392
3392
3392
3393
3393
3393
3393
3393
3393
3393
3393
3393
3393
3393
3393
3393
3394
3394
3394
3394
3394
3394
3394
3394
3394
3394
3394
3394
3395
3395
3395
3395
3395
3395
3395
3395
3395
3395
3395
3395
3395
3396
3396
3396
3396
3396
3396
3396
3396
3396
3396
3396
3396
3397
3397
3397
3397
3397
3397
3397
3397
3397
3397
3397
3397
3397
3398
3398
3398
3398
3398
3398
3398
3398
3398
3398
3398
3398
3399
3399
3399
3399
3399
3399
3399
3399
3399
3399
3399
3399
3399
3400
3400
3400
3400
3400
3400
3400
3400
3400
3400
3400
3400
3401
3401
3402
3403
3403
3404
3405
3406
3406
3407
3408
3408
3409
3410
3411
3411
3412
3413
3413
3414
3415
3416
3416
3417
3418
3418
3419
3420
3421
3421
3422
3423
3423
3424
3425
3426
3426
3427
3428
3428
3429
3430
3431
3431
3432
3433
3433
3434
3435
3436
3436
3437
3438
3438
3439
3440
3441
3441
3442
3443
3443
3444
3445
3446
3446
3447
3448
3448
3449
3450
3451
3451
3451
3451
3451
3451
3451
3452
3452
3452
3452
3452
3452
3452
3453
3453
3453
3453
3453
3453
3453
3454
3454
3454
3454
3454
3454
3454
3455
3455
3455
3455
3455
3455
3455
3456
3456
3456
3456
3456
3456
3456
3457
3457
3457
3457
3457
3457
3457
3458
3458
3458
3458
3458
3458
3458
3459
3459
3459
3459
3459
3459
3459
3460
3460
3460
3460
3460
3460
3460
3461
3461
3461
3461
3461
3461
3461
3462
3462
3462
3462
3462
3462
3462
3463
3463
3463
3463
3463
3463
3463
3464
3464
3464
3464
3464
3464
3464
3465
3465
3465
3465
3465
3465
3465
3466
3466
3466
3466
3466
3466
3466
3467
3467
3467
3467
3467
3467
3467
3468
3468
3468
3468
3468
3468
3468
3469
3469
3469
3469
3469
3469
3469
3470
3470
3470
3470
3470
3470
3470
3471
3471
3471
3471
3471
3471
3471
3472
3472
3472
3472
3472
3472
3472
3473
3473
3473
3473
3473
3473
3473
3474
3474
3474
3474
3474
3474
3474
3475
3475
3475
3475
3475
3475
3476
3476
3476
3476
3476
3476
3476
3477
3477
3477
3477
3477
3477
3477
3478
3478
3478
3478
3478
3478
3478
3479
3479
3479
3479
3479
3479
3479
3480
3480
3480
3480
3480
3480
3480
3481
3481
3481
3481
3481
3481
3481
3482
3482
3482
3482
3482
3482
3482
3483
3483
3483
3483
3483
3483
3483
3484
3484
3484
3484
3484
3484
3484
3485
3485
3485
3485
3485
3485
3485
3486
3486
3486
3486
3486
3486
3486
3487
3487
3487
3487
3487
3487
3487
3488
3488
3488
3488
3488
3488
3488
3489
3489
3489
3489
3489
3489
3489
3490
3490
3490
3490
3490
3490
3490
3491
3491
3491
3491
3491
3491
3491
3492
3492
3492
3492
3492
3492
3492
3493
3493
3493
3493
3493
3493
3493
3494
3494
3494
3494
3494
3494
3494
3495
3495
3495
3495
3495
3495
3495
3496
3496
3496
3496
3496
3496
3496
3497
3497
3497
3497
3497
3497
3497
3498
3498
3498
3498
3498
3498
3498
3499
3499
3499
3499
3499
3499
3499
3500
3500
3500
3500
3500
3500
3501
3502
3503
3505
3506
3508
3509
3511
3512
3514
3515
3517
3518
3520
3521
3523
3524
3526
3527
3528
3530
3531
3533
3534
3536
3537
3539
3540
3542
3543
3545
3546
3548
3549
3551
3553
3555
3558
3560
3562
3565
3567
3570
3572
3574
3577
3579
3581
3584
3586
3589
3591
3593
3596
3598
3601
3603
3605
3608
3610
3612
3615
3617
3620
3622
3624
3627
3629
3631
3634
3636
3639
3641
3643
3646
3648
3651
3653
3655
3658
3660
3662
3665
3667
3670
3672
3674
3677
3679
3681
3684
3686
3689
3691
3693
3696
3698
3701
3703
3705
3708
3710
3712
3715
3717
3720
3722
3724
3727
3729
3731
3734
3736
3739
3741
3743
3746
3748
3751
3753
3755
3758
3760
3762
3765
3767
3770
3772
3774
3777
3779
3781
3784
3786
3789
3791
3793
3796
3798
3801
3803
3806
3808
3811
3813
3816
3818
3821
3823
3826
3828
3831
3833
3836
3838
3841
3843
3846
3848
3851
3853
3855
3858
3860
3862
3865
3867
3870
3872
3874
3877
3879
3881
3884
3886
3889
3891
3893
3896
3898
3901
3903
3905
3908
3910
3912
3915
3917
3920
3922
3924
3927
3929
3931
3934
3936
3939
3941
3943
3946
3948
3951
3953
3955
3958
3960
3962
3965
3967
3970
3972
3974
3977
3979
3981
3984
3986
3989
3991
3993
3996
3998
4001
4003
4005
4008
4010
4012
4015
4017
4020
4022
4024
4027
4029
4031
4034
4036
4039
4041
4043
4046
4048
4051
4053
4055
4058
4060
4062
4065
4067
4070
4072
4074
4077
4079
4081
4084
4086
4089
4091
4093
4096
4098
4101
4103
4106
4108
4111
4113
4116
4118
4121
4123
4126
4128
4131
4133
4136
4138
4141
4143
4146
4148
4151
4153
4155
4158
4160
4162
4165
4167
4170
4172
4174
4177
4179
4181
4184
4186
4189
4191
4193
4196
4198
4201
4203
4205
4208
4210
4212
4215
4217
4220
4222
4224
4227
4229
4231
4234
4236
4239
4241
4243
4246
4248
4251
4253
4255
4258
4260
4262
4265
4267
4270
4272
4274
4277
4279
4281
4284
4286
4289
4291
4293
4296
4298
4301
4303
4305
4308
4310
4312
4315
4317
4320
4322
4324
4327
4329
4331
4334
4336
4339
4341
4343
4346
4348
4351
4353
4355
4358
4360
4362
4365
4367
4370
4372
4374
4377
4379
4381
4384
4386
4389
4391
4393
4396
4398
4401
4403
4406
4408
4411
4413
4416
4418
4421
4423
4426
4428
4431
4433
4436
4438
4441
4443
4446
4448
4451
4453
4455
4458
4460
4462
4465
4467
4470
4472
4474
4477
4479
4481
4484
4486
4489
4491
4493
4496
4498
4501
4503
4505
4508
4510
4512
4515
4517
4520
4522
4524
4527
4529
4531
4534
4536
4539
4541
4543
4546
4548
4551
4553
4555
4558
4560
4562
4565
4567
4570
4572
4574
4577
4579
4581
4584
4586
4589
4591
4593
4596
4598
4601
4603
4605
4608
4610
4612
4615
4617
4620
4622
4624
4627
4629
4631
4634
4636
4639
4641
4643
4646
4648
4651
4653
4655
4658
4660
4662
4665
4667
4670
4672
4674
4677
4679
4681
4684
4686
4689
4691
4693
4696
4698
4701
4703
4706
4708
4711
4713
4716
4718
4721
4723
4726
4728
4731
4733
4736
4738
4741
4743
4746
4748
4751
4753
4755
4758
4760
4762
4765
4767
4770
4772
4774
4777
4779
4781
4784
4786
4789
4791
4793
4796
4798
4801
4803
4805
4808
4810
4812
4815
4817
4820
4822
4824
4827
4829
4831
4834
4836
4839
4841
4843
4846
4848
4851
4853
4855
4858
4860
4862
4865
4867
4870
4872
4874
4877
4879
4881
4884
4886
4889
4891
4893
4896
4898
4901
4903
4905
4908
4910
4912
4915
4917
4920
4922
4924
4927
4929
4931
4934
4936
4939
4941
4943
4946
4948
4951
4953
4955
4958
4960
4962
4965
4967
4970
4972
4974
4977
4979
4981
4984
4986
4989
4991
4993
4996
4998
5001
5003
5006
5008
5011
5013
5016
5018
5021
5023
5026
5028
5031
5033
5036
5038
5041
5043
5046
5048
5051
5053
5055
5058
5060
5062
5065
5067
5070
5072
5074
5077
5079
5081
5084
5086
5089
5091
5093
5096
5098
5101
5103
5105
5108
5110
5112
5115
5117
5120
5122
5124
5127
5129
5131
5134
5136
5139
5141
5143
5146
5148
5151
5153
5155
5158
5160
5162
5165
5167
5170
5172
5174
5177
5179
5181
5184
5186
5189
5191
5193
5196
5198
5201
5203
5205
5208
5210
5212
5215
5217
5220
5222
5224
5227
5229
5231
5234
5236
5239
5241
5243
5246
5248
5251
5253
5255
5258
5260
5262
5265
5267
5270
5272
5274
5277
5279
5281
5284
5286
5289
5291
5293
5296
5298
5301
5303
5306
5308
5311
5313
5316
5318
5321
5323
5326
5328
5331
5333
5336
5338
5341
5343
5346
5348
5351
5353
5355
5358
5360
5362
5365
5367
5370
5372
5374
5377
5379
5381
5384
5386
5389
5391
5393
5396
5398
5401
5403
5405
5408
5410
5412
5415
5417
5420
5422
5424
5427
5429
5431
5434
5436
5439
5441
5443
5446
5448
5451
5453
5455
5458
5460
5462
5465
5467
5470
5472
5474
5477
5479
5481
5484
5486
5489
5491
5493
5496
5498
5501
5503
5505
5508
5510
5512
5515
5517
5520
5522
5524
5527
5529
5531
5534
5536
5539
5541
5543
5546
5548
5551
5553
5555
5558
5560
5562
5565
5567
5570
5572
5574
5577
5579
5581
5584
5586
5589
5591
5593
5596
5598
5601
5603
5606
5608
5611
5613
5616
5618
5621
5623
5626
5628
5631
5633
5636
5638
5641
5643
5646
5648
5651
5653
5655
5658
5660
5662
5665
5667
5670
5672
5674
5677
5679
5681
5684
5686
5689
5691
5693
5696
5698
5701
5703
5705
5708
5710
5712
5715
5717
5720
5722
5724
5727
5729
5731
5734
5736
5739
5741
5743
5746
5748
5751
5753
5755
5758
5760
5762
5765
5767
5770
5772
5774
5777
5779
5781
5784
5786
5789
5791
5793
5796
5798
5801
5803
5805
5808
5810
5812
5815
5817
5820
5822
5824
5827
5829
5831
5834
5836
5839
5841
5843
5846
5848
5851
5853
5855
5858
5860
5862
5865
5867
5870
5872
5874
5877
5879
5881
5884
5886
5889
5891
5893
5896
5898
5901
5903
5906
5908
5911
5913
5916
5918
5921
5923
5926
5928
5931
5933
5936
5938
5941
5943
5946
5948
5951
5953
5955
5958
5960
5962
5965
5967
5970
5972
5974
5977
5979
5981
5984
5986
5989
5991
5993
5996
5998
6001
6003
6005
6008
6010
6012
6015
6017
6020
6022
6024
6027
6029
6031
6034
6036
6039
6041
6043
6046
6048
6051
6053
6055
6058
6060
6062
6065
6067
6070
6072
6074
6077
6079
6081
6084
6086
6089
6091
6093
6096
6098
6101
6103
6105
6108
6110
6112
6115
6117
6120
6122
6124
6127
6129
6131
6134
6136
6139
6141
6143
6146
6148
6151
6153
6155
6158
6160
6162
6165
6167
6170
6172
6174
6177
6179
6181
6184
6186
6189
6191
6193
6196
6198
6201
6203
6206
6208
6211
6213
6216
6218
6221
6223
6226
6228
6231
6233
6236
6238
6241
6243
6246
6248
6251
6253
6255
6258
6260
6262
6265
6267
6270
6272
6274
6277
6279
6281
6284
6286
6289
6291
6293
6296
6298
6301
6303
6305
6308
6310
6312
6315
6317
6320
6322
6324
6327
6329
6331
6334
6336
6339
6341
6343
6346
6348
6351
6353
6355
6358
6360
6362
6365
6367
6370
6372
6374
6377
6379
6381
6384
6386
6389
6391
6393
6396
6398
6401
6403
6405
6408
6410
6412
6415
6417
6420
6422
6424
6427
6429
6431
6434
6436
6439
6441
6443
6446
6448
6451
6453
6455
6458
6460
6462
6465
6467
6470
6472
6474
6477
6479
6481
6484
6486
6489
6491
6493
6496
6498
6501
6503
6506
6508
6511
6513
6516
6518
6521
6523
6526
6528
6531
6533
6536
6538
6541
6543
6546
6548
6551
6553
6555
6558
6560
6562
6565
6567
6570
6572
6574
6577
6579
6581
6584
6586
6589
6591
6593
6596
6598
6601
6603
6605
6608
6610
6612
6615
6617
6620
6622
6624
6627
6629
6631
6634
6636
6639
6641
6643
6646
6648
6651
6653
6655
6658
6660
6662
6665
6667
6670
6672
6674
6677
6679
6681
6684
6686
6689
6691
6693
6696
6698
6701
6703
6705
6708
6710
6712
6715
6717
6720
6722
6724
6727
6729
6731
6734
6736
6739
6741
6743
6746
6748
6751
6753
6755
6758
6760
6762
6765
6767
6770
6772
6774
6777
6779
6781
6784
6786
6789
6791
6793
6796
6798
6801
6803
6806
6808
6811
6813
6816
6818
6821
6823
6826
6828
6831
6833
6836
6838
6841
6843
6846
6848
6851
6853
6855
6858
6860
6862
6865
6867
6870
6872
6874
6877
6879
6881
6884
6886
6889
6891
6893
6896
6898
6901
6903
6905
6908
6910
6912
6915
6917
6920
6922
6924
6927
6929
6931
6934
6936
6939
6941
6943
6946
6948
6951
6953
6955
6958
6960
6962
6965
6967
6970
6972
6974
6977
6979
6981
6984
6986
6989
6991
6993
6996
6998
7001
7003
7005
7008
7010
7012
7015
7017
7020
7022
7024
7027
7029
7031
7034
7036
7039
7041
7043
7046
7048
7051
7053
7055
7058
7060
7062
7065
7067
7070
7072
7074
7077
7079
7081
7084
7086
7089
7091
7093
7096
7098
7101
7103
7106
7108
7111
7113
7116
7118
7121
7123
7126
7128
7131
7133
7136
7138
7141
7143
7146
7148
7151
7153
7155
7158
7160
7162
7165
7167
7170
7172
7174
7177
7179
7181
7184
7186
7189
7191
7193
7196
7198
7201
7203
7205
7208
7210
7212
7215
7217
7220
7222
7224
7227
7229
7231
7234
7236
7239
7241
7243
7246
7248
7251
7253
7255
7258
7260
7262
7265
7267
7270
7272
7274
7277
7279
7281
7284
7286
7289
7291
7293
7296
7298
7301
7303
7305
7308
7310
7312
7315
7317
7320
7322
7324
7327
7329
7331
7334
7336
7339
7341
7343
7346
7348
7351
7353
7355
7358
7360
7362
7365
7367
7370
7372
7374
7377
7379
7381
7384
7386
7389
7391
7393
7396
7398
7401
7403
7406
7408
7411
7413
7416
7418
7421
7423
7426
7428
7431
7433
7436
7438
7441
7443
7446
7448
7451
7453
7455
7458
7460
7462
7465
7467
7470
7472
7474
7477
7479
7481
7484
7486
7489
7491
7493
7496
7498
7501
7503
7505
7508
7510
7512
7515
7517
7520
7522
7524
7527
7529
7531
7534
7536
7539
7541
7543
7546
7548
7551
7553
7555
7558
7560
7562
7565
7567
7570
7572
7574
7577
7579
7581
7584
7586
7589
7591
7593
7596
7598
7601
7603
7605
7608
7610
7612
7615
7617
7620
7622
7624
7627
7629
7631
7634
7636
7639
7641
7643
7646
7648
7651
7653
7655
7658
7660
7662
7665
7667
7670
7672
7674
7677
7679
7681
7684
7686
7689
7691
7693
7696
7698
7701
7703
7706
7708
7711
7713
7716
7718
7721
7723
7726
7728
7731
7733
7736
7738
7741
7743
7746
7748
7751
7753
7755
7758
7760
7762
7765
7767
7770
7772
7774
7777
7779
7781
7784
7786
7789
7791
7793
7796
7798
7801
7803
7805
7808
7810
7812
7815
7817
7820
7822
7824
7827
7829
7831
7834
7836
7839
7841
7843
7846
7848
7851
7853
7855
7858
7860
7862
7865
7867
7870
7872
7874
7877
7879
7881
7884
7886
7889
7891
7893
7896
7898
7901
7903
7905
7908
7910
7912
7915
7917
7920
7922
7924
7927
7929
7931
7934
7936
7939
7941
7943
7946
7948
7951
7953
7955
7958
7960
7962
7965
7967
7970
7972
7974
7977
7979
7981
7984
7986
7989
7991
7993
7996
7998
8001
8003
8006
8008
8011
8013
8016
8018
8021
8023
8026
8028
8031
8033
8036
8038
8041
8043
8046
8048
8051
8053
8055
8058
8060
8062
8065
8067
8070
8072
8074
8077
8079
8081
8084
8086
8089
8091
8093
8096
8098
8101
8103
8105
8108
8110
8112
8115
8117
8120
8122
8124
8127
8129
8131
8134
8136
8139
8141
8143
8146
8148
8151
8153
8155
8158
8160
8162
8165
8167
8170
8172
8174
8177
8179
8181
8184
8186
8189
8191
8193
8196
8198
8201
8203
8205
8208
8210
8212
8215
8217
8220
8222
8224
8227
8229
8231
8234
8236
8239
8241
8243
8246
8248
8251
8253
8255
8258
8260
8262
8265
8267
8270
8272
8274
8277
8279
8281
8284
8286
8289
8291
8293
8296
8298
8301
8303
8306
8308
8311
8313
8316
8318
8321
8323
8326
8328
8331
8333
8336
8338
8341
8343
8346
8348
8351
8353
8355
8358
8360
8362
8365
8367
8370
8372
8374
8377
8379
8381
8384
8386
8389
8391
8393
8396
8398
8401
8403
8405
8408
8410
8412
8415
8417
8420
8422
8424
8427
8429
8431
8434
8436
8439
8441
8443
8446
8448
8451
8453
8455
8458
8460
8462
8465
8467
8470
8472
8474
8477
8479
8481
8484
8486
8489
8491
8493
8496
8498
8501
8503
8505
8508
8510
8512
8515
8517
8520
8522
8524
8527
8529
8531
8534
8536
8539
8541
8543
8546
8548
8551
8553
8555
8558
8560
8562
8565
8567
8570
8572
8574
8577
8579
8581
8584
8586
8589
8591
8593
8596
8598
8601
8603
8606
8608
8611
8613
8616
8618
8621
8623
8626
8628
8631
8633
8636
8638
8641
8643
8646
8648
8651
8653
8655
8658
8660
8662
8665
8667
8670
8672
8674
8677
8679
8681
8684
8686
8689
8691
8693
8696
8698
8701
8703
8705
8708
8710
8712
8715
8717
8720
8722
8724
8727
8729
8731
8734
8736
8739
8741
8743
8746
8748
8751
8753
8755
8758
8760
8762
8765
8767
8770
8772
8774
8777
8779
8781
8784
8786
8789
8791
8793
8796
8798
8801
8803
8805
8808
8810
8812
8815
8817
8820
8822
8824
8827
8829
8831
8834
8836
8839
8841
8843
8846
8848
8851
8853
8855
8858
8860
8862
8865
8867
8870
8872
8874
8877
8879
8881
8884
8886
8889
8891
8893
8896
8898
8901
8903
8906
8908
8911
8913
8916
8918
8921
8923
8926
8928
8931
8933
8936
8938
8941
8943
8946
8948
8951
8953
8955
8958
8960
8962
8965
8967
8970
8972
8974
8977
8979
8981
8984
8986
8989
8991
8993
8996
8998
9001
9003
9005
9008
9010
9012
9015
9017
9020
9022
9024
9027
9029
9031
9034
9036
9039
9041
9043
9046
9048
9051
9053
9055
9058
9060
9062
9065
9067
9070
9072
9074
9077
9079
9081
9084
9086
9089
9091
9093
9096
9098
9101
9103
9105
9108
9110
9112
9115
9117
9120
9122
9124
9127
9129
9131
9134
9136
9139
9141
9143
9146
9148
9151
9153
9155
9158
9160
9162
9165
9167
9170
9172
9174
9177
9179
9181
9184
9186
9189
9191
9193
9196
9198
9201
9203
9206
9208
9211
9213
9216
9218
9221
9223
9226
9228
9231
9233
9236
9238
9241
9243
9246
9248
9251
9253
9255
9258
9260
9262
9265
9267
9270
9272
9274
9277
9279
9281
9284
9286
9289
9291
9293
9296
9298
9301
9303
9305
9308
9310
9312
9315
9317
9320
9322
9324
9327
9329
9331
9334
9336
9339
9341
9343
9346
9348
9351
9353
9355
9358
9360
9362
9365
9367
9370
9372
9374
9377
9379
9381
9384
9386
9389
9391
9393
9396
9398
9401
9403
9405
9408
9410
9412
9415
9417
9420
9422
9424
9427
9429
9431
9434
9436
9439
9441
9443
9446
9448
9451
9453
9455
9458
9460
9462
9465
9467
9470
9472
9474
9477
9479
9481
9484
9486
9489
9491
9493
9496
9498
9501
9503
9506
9508
9511
9513
9516
9518
9521
9523
9526
9528
9531
9533
9536
9538
9541
9543
9546
9548
9551
9553
9555
9558
9560
9562
9565
9567
9570
9572
9574
9577
9579
9581
9584
9586
9589
9591
9593
9596
9598
9601
9603
9605
9608
9610
9612
9615
9617
9620
9622
9624
9627
9629
9631
9634
9636
9639
9641
9643
9646
9648
9651
9653
9655
9658
9660
9662
9665
9667
9670
9672
9674
9677
9679
9681
9684
9686
9689
9691
9693
9696
9698
9701
9703
9705
9708
9710
9712
9715
9717
9720
9722
9724
9727
9729
9731
9734
9736
9739
9741
9743
9746
9748
9751
9753
9755
9758
9760
9762
9765
9767
9770
9772
9774
9777
9779
9781
9784
9786
9789
9791
9793
9796
9798
9801
9803
9806
9808
9811
9813
9816
9818
9821
9823
9826
9828
9831
9833
9836
9838
9841
9843
9846
9848
9851
9853
9855
9858
9860
9862
9865
9867
9870
9872
9874
9877
9879
9881
9884
9886
9889
9891
9893
9896
9898
9901
9903
9905
9908
9910
9912
9915
9917
9920
9922
9924
9927
9929
9931
9934
9936
9939
9941
9943
9946
9948
9951
9953
9955
9958
9960
9962
9965
9967
9970
9972
9974
9977
9979
9981
9984
9986
9989
9991
9993
9996
9998
10001
10003
10005
10008
10010
10012
10015
10017
10020
10022
10024
10027
10029
10031
10034
10036
10039
10041
10043
10046
10048
10051
10053
10055
10058
10060
10062
10065
10067
10070
10072
10074
10077
10079
10081
10084
10086
10089
10091
10093
10096
10098
10101
10103
10106
10108
10111
10113
10116
10118
10121
10123
10126
10128
10131
10133
10136
10138
10141
10143
10146
10148
10151
10153
10155
10158
10160
10162
10165
10167
10170
10172
10174
10177
10179
10181
10184
10186
10189
10191
10193
10196
10198
10201
10203
10205
10208
10210
10212
10215
10217
10220
10222
10224
10227
10229
10231
10234
10236
10239
10241
10243
10246
10248
10251
10253
10255
10258
10260
10262
10265
10267
10270
10272
10274
10277
10279
10281
10284
10286
10289
10291
10293
10296
10298
10301
10303
10305
10308
10310
10312
10315
10317
10320
10322
10324
10327
10329
10331
10334
10336
10339
10341
10343
10346
10348
10351
10353
10355
10358
10360
10362
10365
10367
10370
10372
10374
10377
10379
10381
10384
10386
10389
10391
10393
10396
10398
10401
10403
10406
10408
10411
10413
10416
10418
10421
10423
10426
10428
10431
10433
10436
10438
10441
10443
10446
10448
10451
10453
10455
10458
10460
10462
10465
10467
10470
10472
10474
10477
10479
10481
10484
10486
10489
10491
10493
10496
10498
10501
10503
10505
10508
10510
10512
10515
10517
10520
10522
10524
10527
10529
10531
10534
10536
10539
10541
10543
10546
10548
10551
10553
10555
10558
10560
10562
10565
10567
10570
10572
10574
10577
10579
10581
10584
10586
10589
10591
10593
10596
10598
10601
10603
10605
10608
10610
10612
10615
10617
10620
10622
10624
10627
10629
10631
10634
10636
10639
10641
10643
10646
10648
10651
10653
10655
10658
10660
10662
10665
10667
10670
10672
10674
10677
10679
10681
10684
10686
10689
10691
10693
10696
10698
10701
10703
10706
10708
10711
10713
10716
10718
10721
10723
10726
10728
10731
10733
10736
10738
10741
10743
10746
10748
10751
10753
10755
10758
10760
10762
10765
10767
10770
10772
10774
10777
10779
10781
10784
10786
10789
10791
10793
10796
10798
10801
10803
10805
10808
10810
10812
10815
10817
10820
10822
10824
10827
10829
10831
10834
10836
10839
10841
10843
10846
10848
10851
10853
10855
10858
10860
10862
10865
10867
10870
10872
10874
10877
10879
10881
10884
10886
10889
10891
10893
10896
10898
10901
10903
10905
10908
10910
10912
10915
10917
10920
10922
10924
10927
10929
10931
10934
10936
10939
10941
10943
10946
10948
10951
10953
10955
10958
10960
10962
10965
10967
10970
10972
10974
10977
10979
10981
10984
10986
10989
10991
10993
10996
10998
11001
11003
11006
11008
11011
11013
11016
11018
11021
11023
11026
11028
11031
11033
11036
11038
11041
11043
11046
11048
11051
11053
11055
11058
11060
11062
11065
11067
11070
11072
11074
11077
11079
11081
11084
11086
11089
11091
11093
11096
11098
11101
11103
11105
11108
11110
11112
11115
11117
11120
11122
11124
11127
11129
11131
11134
11136
11139
11141
11143
11146
11148
11151
11153
11155
11158
11160
11162
11165
11167
11170
11172
11174
11177
11179
11181
11184
11186
11189
11191
11193
11196
11198
11201
11203
11205
11208
11210
11212
11215
11217
11220
11222
11224
11227
11229
11231
11234
11236
11239
11241
11243
11246
11248
11251
11253
11255
11258
11260
11262
11265
11267
11270
11272
11274
11277
11279
11281
11284
11286
11289
11291
11293
11296
11298
11301
11303
11306
11308
11311
11313
11316
11318
11321
11323
11326
11328
11331
11333
11336
11338
11341
11343
11346
11348
11351
11353
11355
11358
11360
11362
11365
11367
11370
11372
11374
11377
11379
11381
11384
11386
11389
11391
11393
11396
11398
11401
11403
11405
11408
11410
11412
11415
11417
11420
11422
11424
11427
11429
11431
11434
11436
11439
11441
11443
11446
11448
11451
11453
11455
11458
11460
11462
11465
11467
11470
11472
11474
11477
11479
11481
11484
11486
11489
11491
11493
11496
11498
11501
11503
11505
11508
11510
11512
11515
11517
11520
11522
11524
11527
11529
11531
11534
11536
11539
11541
11543
11546
11548
11551
11553
11555
11558
11560
11562
11565
11567
11570
11572
11574
11577
11579
11581
11584
11586
11589
11591
11593
11596
11598
11601
11603
11606
11608
11611
11613
11616
11618
11621
11623
11626
11628
11631
11633
11636
11638
11641
11643
11646
11648
11651
11653
11655
11658
11660
11662
11665
11667
11670
11672
11674
11677
11679
11681
11684
11686
11689
11691
11693
11696
11698
11701
11703
11705
11708
11710
11712
11715
11717
11720
11722
11724
11727
11729
11731
11734
11736
11739
11741
11743
11746
11748
11751
11753
11755
11758
11760
11762
11765
11767
11770
11772
11774
11777
11779
11781
11784
11786
11789
11791
11793
11796
11798
11801
11803
11805
11808
11810
11812
11815
11817
11820
11822
11824
11827
11829
11831
11834
11836
11839
11841
11843
11846
11848
11851
11853
11855
11858
11860
11862
11865
11867
11870
11872
11874
11877
11879
11881
11884
11886
11889
11891
11893
11896
11898
11901
11903
11906
11908
11911
11913
11916
11918
11921
11923
11926
11928
11931
11933
11936
11938
11941
11943
11946
11948
11951
11953
11955
11958
11960
11962
11965
11967
11970
11972
11974
11977
11979
11981
11984
11986
11989
11991
11993
11996
11998
12001
12003
12005
12008
12010
12012
12015
12017
12020
12022
12024
12027
12029
12031
12034
12036
12039
12041
12043
12046
12048
12051
12053
12055
12058
12060
12062
12065
12067
12070
12072
12074
12077
12079
12081
12084
12086
12089
12091
12093
12096
12098
12101
12103
12105
12108
12110
12112
12115
12117
12120
12122
12124
12127
12129
12131
12134
12136
12139
12141
12143
12146
12148
12151
12153
12155
12158
12160
12162
12165
12167
12170
12172
12174
12177
12179
12181
12184
12186
12189
12191
12193
12196
12198
12201
12203
12206
12208
12211
12213
12216
12218
12221
12223
12226
12228
12231
12233
12236
12238
12241
12243
12246
12248
12251
12253
12255
12258
12260
12262
12265
12267
12270
12272
12274
12277
12279
12281
12284
12286
12289
12291
12293
12296
12298
12301
12303
12305
12308
12310
12312
12315
12317
12320
12322
12324
12327
12329
12331
12334
12336
12339
12341
12343
12346
12348
12351
12353
12355
12358
12360
12362
12365
12367
12370
12372
12374
12377
12379
12381
12384
12386
12389
12391
12393
12396
12398
12401
12403
12405
12408
12410
12412
12415
12417
12420
12422
12424
12427
12429
12431
12434
12436
12439
12441
12443
12446
12448
12451
12453
12455
12458
12460
12462
12465
12467
12470
12472
12474
12477
12479
12481
12484
12486
12489
12491
12493
12496
12498
12501
12503
12506
12508
12511
12513
12516
12518
12521
12523
12526
12528
12531
12533
12536
12538
12541
12543
12546
12548
12551
12553
12555
12558
12560
12562
12565
12567
12570
12572
12574
12577
12579
12581
12584
12586
12589
12591
12593
12596
12598
12601
12603
12605
12608
12610
12612
12615
12617
12620
12622
12624
12627
12629
12631
12634
12636
12639
12641
12643
12646
12648
12651
12653
12655
12658
12660
12662
12665
12667
12670
12672
12674
12677
12679
12681
12684
12686
12689
12691
12693
12696
12698
12701
12703
12705
12708
12710
12712
12715
12717
12720
12722
12724
12727
12729
12731
12734
12736
12739
12741
12743
12746
12748
12751
12753
12755
12758
12760
12762
12765
12767
12770
12772
12774
12777
12779
12781
12784
12786
12789
12791
12793
12796
12798
12801
12803
12806
12808
12811
12813
12816
12818
12821
12823
12826
12828
12831
12833
12836
12838
12841
12843
12846
12848
12851
12853
12855
12858
12860
12862
12865
12867
12870
12872
12874
12877
12879
12881
12884
12886
12889
12891
12893
12896
12898
12901
12903
12905
12908
12910
12912
12915
12917
12920
12922
12924
12927
12929
12931
12934
12936
12939
12941
12943
12946
12948
12951
12953
12955
12958
12960
12962
12965
12967
12970
12972
12974
12977
12979
12981
12984
12986
12989
12991
12993
12996
12998
13001
13003
13005
13008
13010
13012
13015
13017
13020
13022
13024
13027
13029
13031
13034
13036
13039
13041
13043
13046
13048
13051
13053
13055
13058
13060
13062
13065
13067
13070
13072
13074
13077
13079
13081
13084
13086
13089
13091
13093
13096
13098
13101
13103
13106
13108
13111
13113
13116
13118
13121
13123
13126
13128
13131
13133
13136
13138
13141
13143
13146
13148
13151
13153
13155
13158
13160
13162
13165
13167
13170
13172
13174
13177
13179
13181
13184
13186
13189
13191
13193
13196
13198
13201
13203
13205
13208
13210
13212
13215
13217
13220
13222
13224
13227
13229
13231
13234
13236
13239
13241
13243
13246
13248
13251
13253
13255
13258
13260
13262
13265
13267
13270
13272
13274
13277
13279
13281
13284
13286
13289
13291
13293
13296
13298
13301
13303
13305
13308
13310
13312
13315
13317
13320
13322
13324
13327
13329
13331
13334
13336
13339
13341
13343
13346
13348
13351
13353
13355
13358
13360
13362
13365
13367
13370
13372
13374
13377
13379
13381
13384
13386
13389
13391
13393
13396
13398
13401
13403
13406
13408
13411
13413
13416
13418
13421
13423
13426
13428
13431
13433
13436
13438
13441
13443
13446
13448
13451
13453
13455
13458
13460
13462
13465
13467
13470
13472
13474
13477
13479
13481
13484
13486
13489
13491
13493
13496
13498
13501
13503
13505
13508
13510
13512
13515
13517
13520
13522
13524
13527
13529
13531
13534
13536
13539
13541
13543
13546
13548
13551
13553
13555
13558
13560
13562
13565
13567
13570
13572
13574
13577
13579
13581
13584
13586
13589
13591
13593
13596
13598
13601
13603
13605
13608
13610
13612
13615
13617
13620
13622
13624
13627
13629
13631
13634
13636
13639
13641
13643
13646
13648
13651
13653
13655
13658
13660
13662
13665
13667
13670
13672
13674
13677
13679
13681
13684
13686
13689
13691
13693
13696
13698
13701
13703
13706
13708
13711
13713
13716
13718
13721
13723
13726
13728
13731
13733
13736
13738
13741
13743
13746
13748
13751
13753
13755
13758
13760
13762
13765
13767
13770
13772
13774
13777
13779
13781
13784
13786
13789
13791
13793
13796
13798
13801
13803
13805
13808
13810
13812
13815
13817
13820
13822
13824
13827
13829
13831
13834
13836
13839
13841
13843
13846
13848
13851
13853
13855
13858
13860
13862
13865
13867
13870
13872
13874
13877
13879
13881
13884
13886
13889
13891
13893
13896
13898
13901
13903
13905
13908
13910
13912
13915
13917
13920
13922
13924
13927
13929
13931
13934
13936
13939
13941
13943
13946
13948
13951
13953
13955
13958
13960
13962
13965
13967
13970
13972
13974
13977
13979
13981
13984
13986
13989
13991
13993
13996
13998
14001
14003
14006
14008
14011
14013
14016
14018
14021
14023
14026
14028
14031
14033
14036
14038
14041
14043
14046
14048
14051
14053
14055
14058
14060
14062
14065
14067
14070
14072
14074
14077
14079
14081
14084
14086
14089
14091
14093
14096
14098
14101
14103
14105
14108
14110
14112
14115
14117
14120
14122
14124
14127
14129
14131
14134
14136
14139
14141
14143
14146
14148
14151
14153
14155
14158
14160
14162
14165
14167
14170
14172
14174
14177
14179
14181
14184
14186
14189
14191
14193
14196
14198
14201
14203
14205
14208
14210
14212
14215
14217
14220
14222
14224
14227
14229
14231
14234
14236
14239
14241
14243
14246
14248
14251
14253
14255
14258
14260
14262
14265
14267
14270
14272
14274
14277
14279
14281
14284
14286
14289
14291
14293
14296
14298
14301
14303
14306
14308
14311
14313
14316
14318
14321
14323
14326
14328
14331
14333
14336
14338
14341
14343
14346
14348
14351
14353
14355
14358
14360
14362
14365
14367
14370
14372
14374
14377
14379
14381
14384
14386
14389
14391
14393
14396
14398
14401
14403
14405
14408
14410
14412
14415
14417
14420
14422
14424
14427
14429
14431
14434
14436
14439
14441
14443
14446
14448
14451
14453
14455
14458
14460
14462
14465
14467
14470
14472
14474
14477
14479
14481
14484
14486
14489
14491
14493
14496
14498
14501
14503
14505
14508
14510
14512
14515
14517
14520
14522
14524
14527
14529
14531
14534
14536
14539
14541
14543
14546
14548
14551
14553
14555
14558
14560
14562
14565
14567
14570
14572
14574
14577
14579
14581
14584
14586
14589
14591
14593
14596
14598
14601
14603
14606
14608
14611
14613
14616
14618
14621
14623
14626
14628
14631
14633
14636
14638
14641
14643
14646
14648
14651
14653
14655
14658
14660
14662
14665
14667
14670
14672
14674
14677
14679
14681
14684
14686
14689
14691
14693
14696
14698
14701
14703
14705
14708
14710
14712
14715
14717
14720
14722
14724
14727
14729
14731
14734
14736
14739
14741
14743
14746
14748
14751
14753
14755
14758
14760
14762
14765
14767
14770
14772
14774
14777
14779
14781
14784
14786
14789
14791
14793
14796
14798
14801
14803
14805
14808
14810
14812
14815
14817
14820
14822
14824
14827
14829
14831
14834
14836
14839
14841
14843
14846
14848
14851
14853
14855
14858
14860
14862
14865
14867
14870
14872
14874
14877
14879
14881
14884
14886
14889
14891
14893
14896
14898
14901
14903
14906
14908
14911
14913
14916
14918
14921
14923
14926
14928
14931
14933
14936
14938
14941
14943
14946
14948
14951
14953
14955
14958
14960
14962
14965
14967
14970
14972
14974
14977
14979
14981
14984
14986
14989
14991
14993
14996
14998
15001
15003
15005
15008
15010
15012
15015
15017
15020
15022
15024
15027
15029
15031
15034
15036
15039
15041
15043
15046
15048
15051
15053
15055
15058
15060
15062
15065
15067
15070
15072
15074
15077
15079
15081
15084
15086
15089
15091
15093
15096
15098
15101
15103
15105
15108
15110
15112
15115
15117
15120
15122
15124
15127
15129
15131
15134
15136
15139
15141
15143
15146
15148
15151
15153
15155
15158
15160
15162
15165
15167
15170
15172
15174
15177
15179
15181
15184
15186
15189
15191
15193
15196
15198
15201
15203
15206
15208
15211
15213
15216
15218
15221
15223
15226
15228
15231
15233
15236
15238
15241
15243
15246
15248
15251
15253
15255
15258
15260
15262
15265
15267
15270
15272
15274
15277
15279
15281
15284
15286
15289
15291
15293
15296
15298
15301
15303
15305
15308
15310
15312
15315
15317
15320
15322
15324
15327
15329
15331
15334
15336
15339
15341
15343
15346
15348
15351
15353
15355
15358
15360
15362
15365
15367
15370
15372
15374
15377
15379
15381
15384
15386
15389
15391
15393
15396
15398
15401
15403
15405
15408
15410
15412
15415
15417
15420
15422
15424
15427
15429
15431
15434
15436
15439
15441
15443
15446
15448
15451
15453
15455
15458
15460
15462
15465
15467
15470
15472
15474
15477
15479
15481
15484
15486
15489
15491
15493
15496
15498
15501
15503
15506
15508
15511
15513
15516
15518
15521
15523
15526
15528
15531
15533
15536
15538
15541
15543
15546
15548
15551
15553
15555
15558
15560
15562
15565
15567
15570
15572
15574
15577
15579
15581
15584
15586
15589
15591
15593
15596
15598
15601
15603
15605
15608
15610
15612
15615
15617
15620
15622
15624
15627
15629
15631
15634
15636
15639
15641
15643
15646
15648
15651
15653
15655
15658
15660
15662
15665
15667
15670
15672
15674
15677
15679
15681
15684
15686
15689
15691
15693
15696
15698
15701
15703
15705
15708
15710
15712
15715
15717
15720
15722
15724
15727
15729
15731
15734
15736
15739
15741
15743
15746
15748
15751
15753
15755
15758
15760
15762
15765
15767
15770
15772
15774
15777
15779
15781
15784
15786
15789
15791
15793
15796
15798
15801
15803
15806
15808
15811
15813
15816
15818
15821
15823
15826
15828
15831
15833
15836
15838
15841
15843
15846
15848
15851
15853
15855
15858
15860
15862
15865
15867
15870
15872
15874
15877
15879
15881
15884
15886
15889
15891
15893
15896
15898
15901
15903
15905
15908
15910
15912
15915
15917
15920
15922
15924
15927
15929
15931
15934
15936
15939
15941
15943
15946
15948
15951
15953
15955
15958
15960
15962
15965
15967
15970
15972
15974
15977
15979
15981
15984
15986
15989
15991
15993
15996
15998
16001
16003
16005
16008
16010
16012
16015
16017
16020
16022
16024
16027
16029
16031
16034
16036
16039
16041
16043
16046
16048
16051
16053
16055
16058
16060
16062
16065
16067
16070
16072
16074
16077
16079
16081
16084
16086
16089
16091
16093
16096
16098
16101
16103
16106
16108
16111
16113
16116
16118
16121
16123
16126
16128
16131
16133
16136
16138
16141
16143
16146
16148
16151
16153
16155
16158
16160
16162
16165
16167
16170
16172
16174
16177
16179
16181
16184
16186
16189
16191
16193
16196
16198
16201
16203
16205
16208
16210
16212
16215
16217
16220
16222
16224
16227
16229
16231
16234
16236
16239
16241
16243
16246
16248
16251
16253
16255
16258
16260
16262
16265
16267
16270
16272
16274
16277
16279
16281
16284
16286
16289
16291
16293
16296
16298
16301
16303
16305
16308
16310
16312
16315
16317
16320
16322
16324
16327
16329
16331
16334
16336
16339
16341
16343
16346
16348
16351
16353
16355
16358
16360
16362
16365
16367
16370
16372
16374
16377
16379
16381
16384
16386
16389
16391
16393
16396
16398
16401
16403
16406
16408
16411
16413
16416
16418
16421
16423
16426
16428
16431
16433
16436
16438
16441
16443
16446
16448
16451
16453
16455
16458
16460
16462
16465
16467
16470
16472
16474
16477
16479
16481
16484
16486
16489
16491
16493
16496
16498
16501
16503
16505
16508
16510
16512
16515
16517
16520
16522
16524
16527
16529
16531
16534
16536
16539
16541
16543
16546
16548
16551
16553
16555
16558
16560
16562
16565
16567
16570
16572
16574
16577
16579
16581
16584
16586
16589
16591
16593
16596
16598
16601
16603
16605
16608
16610
16612
16615
16617
16620
16622
16624
16627
16629
16631
16634
16636
16639
16641
16643
16646
16648
16651
16653
16655
16658
16660
16662
16665
16667
16670
16672
16674
16677
16679
16681
16684
16686
16689
16691
16693
16696
16698
16701
16703
16706
16708
16711
16713
16716
16718
16721
16723
16726
16728
16731
16733
16736
16738
16741
16743
16746
16748
16751
16753
16755
16758
16760
16762
16765
16767
16770
16772
16774
16777
16779
16781
16784
16786
16789
16791
16793
16796
16798
16801
16803
16805
16808
16810
16812
16815
16817
16820
16822
16824
16827
16829
16831
16834
16836
16839
16841
16843
16846
16848
16851
16853
16855
16858
16860
16862
16865
16867
16870
16872
16874
16877
16879
16881
16884
16886
16889
16891
16893
16896
16898
16901
16903
16905
16908
16910
16912
16915
16917
16920
16922
16924
16927
16929
16931
16934
16936
16939
16941
16943
16946
16948
16951
16953
16955
16958
16960
16962
16965
16967
16970
16972
16974
16977
16979
16981
16984
16986
16989
16991
16993
16996
16998
17001
17003
17006
17008
17011
17013
17016
17018
17021
17023
17026
17028
17031
17033
17036
17038
17041
17043
17046
17048
17051
17053
17055
17058
17060
17062
17065
17067
17070
17072
17074
17077
17079
17081
17084
17086
17089
17091
17093
17096
17098
17101
17103
17105
17108
17110
17112
17115
17117
17120
17122
17124
17127
17129
17131
17134
17136
17139
17141
17143
17146
17148
17151
17153
17155
17158
17160
17162
17165
17167
17170
17172
17174
17177
17179
17181
17184
17186
17189
17191
17193
17196
17198
17201
17203
17205
17208
17210
17212
17215
17217
17220
17222
17224
17227
17229
17231
17234
17236
17239
17241
17243
17246
17248
17251
17253
17255
17258
17260
17262
17265
17267
17270
17272
17274
17277
17279
17281
17284
17286
17289
17291
17293
17296
17298
17301
17303
17306
17308
17311
17313
17316
17318
17321
17323
17326
17328
17331
17333
17336
17338
17341
17343
17346
17348
17351
17353
17355
17358
17360
17362
17365
17367
17370
17372
17374
17377
17379
17381
17384
17386
17389
17391
17393
17396
17398
17401
17403
17405
17408
17410
17412
17415
17417
17420
17422
17424
17427
17429
17431
17434
17436
17439
17441
17443
17446
17448
17451
17453
17455
17458
17460
17462
17465
17467
17470
17472
17474
17477
17479
17481
17484
17486
17489
17491
17493
17496
17498
17501
17503
17505
17508
17510
17512
17515
17517
17520
17522
17524
17527
17529
17531
17534
17536
17539
17541
17543
17546
17548
17551
17553
17555
17558
17560
17562
17565
17567
17570
17572
17574
17577
17579
17581
17584
17586
17589
17591
17593
17596
17598
17601
17603
17606
17608
17611
17613
17616
17618
17621
17623
17626
17628
17631
17633
17636
17638
17641
17643
17646
17648
17651
17653
17655
17658
17660
17662
17665
17667
17670
17672
17674
17677
17679
17681
17684
17686
17689
17691
17693
17696
17698
17701
17703
17705
17708
17710
17712
17715
17717
17720
17722
17724
17727
17729
17731
17734
17736
17739
17741
17743
17746
17748
17751
17753
17755
17758
17760
17762
17765
17767
17770
17772
17774
17777
17779
17781
17784
17786
17789
17791
17793
17796
17798
17801
17803
17805
17808
17810
17812
17815
17817
17820
17822
17824
17827
17829
17831
17834
17836
17839
17841
17843
17846
17848
17851
17853
17855
17858
17860
17862
17865
17867
17870
17872
17874
17877
17879
17881
17884
17886
17889
17891
17893
17896
17898
17901
17903
17906
17908
17911
17913
17916
17918
17921
17923
17926
17928
17931
17933
17936
17938
17941
17943
17946
17948
17951
17953
17955
17958
17960
17962
17965
17967
17970
17972
17974
17977
17979
17981
17984
17986
17989
17991
17993
17996
17998
18001
18003
18005
18008
18010
18012
18015
18017
18020
18022
18024
18027
18029
18031
18034
18036
18039
18041
18043
18046
18048
18051
18053
18055
18058
18060
18062
18065
18067
18070
18072
18074
18077
18079
18081
18084
18086
18089
18091
18093
18096
18098
18101
18103
18105
18108
18110
18112
18115
18117
18120
18122
18124
18127
18129
18131
18134
18136
18139
18141
18143
18146
18148
18151
18153
18155
18158
18160
18162
18165
18167
18170
18172
18174
18177
18179
18181
18184
18186
18189
18191
18193
18196
18198
18201
18203
18206
18208
18211
18213
18216
18218
18221
18223
18226
18228
18231
18233
18236
18238
18241
18243
18246
18248
18251
18253
18255
18258
18260
18262
18265
18267
18270
18272
18274
18277
18279
18281
18284
18286
18289
18291
18293
18296
18298
18301
18303
18305
18308
18310
18312
18315
18317
18320
18322
18324
18327
18329
18331
18334
18336
18339
18341
18343
18346
18348
18351
18353
18355
18358
18360
18362
18365
18367
18370
18372
18374
18377
18379
18381
18384
18386
18389
18391
18393
18396
18398
18401
18403
18405
18408
18410
18412
18415
18417
18420
18422
18424
18427
18429
18431
18434
18436
18439
18441
18443
18446
18448
18451
18453
18455
18458
18460
18462
18465
18467
18470
18472
18474
18477
18479
18481
18484
18486
18489
18491
18493
18496
18498
18501
18503
18506
18508
18511
18513
18516
18518
18521
18523
18526
18528
18531
18533
18536
18538
18541
18543
18546
18548
18551
18553
18555
18558
18560
18562
18565
18567
18570
18572
18574
18577
18579
18581
18584
18586
18589
18591
18593
18596
18598
18601
18603
18605
18608
18610
18612
18615
18617
18620
18622
18624
18627
18629
18631
18634
18636
18639
18641
18643
18646
18648
18651
18653
18655
18658
18660
18662
18665
18667
18670
18672
18674
18677
18679
18681
18684
18686
18689
18691
18693
18696
18698
18701
18703
18705
18708
18710
18712
18715
18717
18720
18722
18724
18727
18729
18731
18734
18736
18739
18741
18743
18746
18748
18751
18753
18755
18758
18760
18762
18765
18767
18770
18772
18774
18777
18779
18781
18784
18786
18789
18791
18793
18796
18798
18801
18803
18806
18808
18811
18813
18816
18818
18821
18823
18826
18828
18831
18833
18836
18838
18841
18843
18846
18848
18851
18853
18855
18858
18860
18862
18865
18867
18870
18872
18874
18877
18879
18881
18884
18886
18889
18891
18893
18896
18898
18901
18903
18905
18908
18910
18912
18915
18917
18920
18922
18924
18927
18929
18931
18934
18936
18939
18941
18943
18946
18948
18951
18953
18955
18958
18960
18962
18965
18967
18970
18972
18974
18977
18979
18981
18984
18986
18989
18991
18993
18996
18998
19001
19003
19005
19008
19010
19012
19015
19017
19020
19022
19024
19027
19029
19031
19034
19036
19039
19041
19043
19046
19048
19051
19053
19055
19058
19060
19062
19065
19067
19070
19072
19074
19077
19079
19081
19084
19086
19089
19091
19093
19096
19098
19101
19103
19106
19108
19111
19113
19116
19118
19121
19123
19126
19128
19131
19133
19136
19138
19141
19143
19146
19148
19151
19153
19155
19158
19160
19162
19165
19167
19170
19172
19174
19177
19179
19181
19184
19186
19189
19191
19193
19196
19198
19201
19203
19205
19208
19210
19212
19215
19217
19220
19222
19224
19227
19229
19231
19234
19236
19239
19241
19243
19246
19248
19251
19253
19255
19258
19260
19262
19265
19267
19270
19272
19274
19277
19279
19281
19284
19286
19289
19291
19293
19296
19298
19301
19303
19305
19308
19310
19312
19315
19317
19320
19322
19324
19327
19329
19331
19334
19336
19339
19341
19343
19346
19348
19351
19353
19355
19358
19360
19362
19365
19367
19370
19372
19374
19377
19379
19381
19384
19386
19389
19391
19393
19396
19398
19401
19403
19406
19408
19411
19413
19416
19418
19421
19423
19426
19428
19431
19433
19436
19438
19441
19443
19446
19448
19451
19453
19455
19458
19460
19462
19465
19467
19470
19472
19474
19477
19479
19481
19484
19486
19489
19491
19493
19496
19498
19501
19503
19505
19508
19510
19512
19515
19517
19520
19522
19524
19527
19529
19531
19534
19536
19539
19541
19543
19546
19548
19551
19553
19555
19558
19560
19562
19565
19567
19570
19572
19574
19577
19579
19581
19584
19586
19589
19591
19593
19596
19598
19601
19603
19605
19608
19610
19612
19615
19617
19620
19622
19624
19627
19629
19631
19634
19636
19639
19641
19643
19646
19648
19651
19653
19655
19658
19660
19662
19665
19667
19670
19672
19674
19677
19679
19681
19684
19686
19689
19691
19693
19696
19698
19701
19703
19706
19708
19711
19713
19716
19718
19721
19723
19726
19728
19731
19733
19736
19738
19741
19743
19746
19748
19751
19753
19755
19758
19760
19762
19765
19767
19770
19772
19774
19777
19779
19781
19784
19786
19789
19791
19793
19796
19798
19801
19803
19805
19808
19810
19812
19815
19817
19820
19822
19824
19827
19829
19831
19834
19836
19839
19841
19843
19846
19848
19851
19853
19855
19858
19860
19862
19865
19867
19870
19872
19874
19877
19879
19881
19884
19886
19889
19891
19893
19896
19898
19901
19903
19905
19908
19910
19912
19915
19917
19920
19922
19924
19927
19929
19931
19934
19936
19939
19941
19943
19946
19948
19951
19953
19955
19958
19960
19962
19965
19967
19970
19972
19974
19977
19979
19981
19984
19986
19989
19991
19993
19996
19998
20001
20003
20006
20008
20011
20013
20016
20018
20021
20023
20026
20028
20031
20033
20036
20038
20041
20043
20046
20048
20051
20053
20055
20058
20060
20062
20065
20067
20070
20072
20074
20077
20079
20081
20084
20086
20089
20091
20093
20096
20098
20101
20103
20105
20108
20110
20112
20115
20117
20120
20122
20124
20127
20129
20131
20134
20136
20139
20141
20143
20146
20148
20151
20153
20155
20158
20160
20162
20165
20167
20170
20172
20174
20177
20179
20181
20184
20186
20189
20191
20193
20196
20198
20201
20203
20205
20208
20210
20212
20215
20217
20220
20222
20224
20227
20229
20231
20234
20236
20239
20241
20243
20246
20248
20251
20253
20255
20258
20260
20262
20265
20267
20270
20272
20274
20277
20279
20281
20284
20286
20289
20291
20293
20296
20298
20301
20303
20306
20308
20311
20313
20316
20318
20321
20323
20326
20328
20331
20333
20336
20338
20341
20343
20346
20348
20351
20353
20355
20358
20360
20362
20365
20367
20370
20372
20374
20377
20379
20381
20384
20386
20389
20391
20393
20396
20398
20401
20403
20405
20408
20410
20412
20415
20417
20420
20422
20424
20427
20429
20431
20434
20436
20439
20441
20443
20446
20448
20451
20453
20455
20458
20460
20462
20465
20467
20470
20472
20474
20477
20479
20481
20484
20486
20489
20491
20493
20496
20498
20501
20503
20505
20508
20510
20512
20515
20517
20520
20522
20524
20527
20529
20531
20534
20536
20539
20541
20543
20546
20548
20551
20553
20555
20558
20560
20562
20565
20567
20570
20572
20574
20577
20579
20581
20584
20586
20589
20591
20593
20596
20598
20601
20603
20606
20608
20611
20613
20616
20618
20621
20623
20626
20628
20631
20633
20636
20638
20641
20643
20646
20648
20651
20653
20655
20658
20660
20662
20665
20667
20670
20672
20674
20677
20679
20681
20684
20686
20689
20691
20693
20696
20698
20701
20703
20705
20708
20710
20712
20715
20717
20720
20722
20724
20727
20729
20731
20734
20736
20739
20741
20743
20746
20748
20751
20753
20755
20758
20760
20762
20765
20767
20770
20772
20774
20777
20779
20781
20784
20786
20789
20791
20793
20796
20798
20801
20803
20805
20808
20810
20812
20815
20817
20820
20822
20824
20827
20829
20831
20834
20836
20839
20841
20843
20846
20848
20851
20853
20855
20858
20860
20862
20865
20867
20870
20872
20874
20877
20879
20881
20884
20886
20889
20891
20893
20896
20898
20901
20903
20906
20908
20911
20913
20916
20918
20921
20923
20926
20928
20931
20933
20936
20938
20941
20943
20946
20948
20951
20953
20955
20958
20960
20962
20965
20967
20970
20972
20974
20977
20979
20981
20984
20986
20989
20991
20993
20996
20998
21001
21003
21005
21008
21010
21012
21015
21017
21020
21022
21024
21027
21029
21031
21034
21036
21039
21041
21043
21046
21048
21051
21053
21055
21058
21060
21062
21065
21067
21070
21072
21074
21077
21079
21081
21084
21086
21089
21091
21093
21096
21098
21101
21103
21105
21108
21110
21112
21115
21117
21120
21122
21124
21127
21129
21131
21134
21136
21139
21141
21143
21146
21148
21151
21153
21155
21158
21160
21162
21165
21167
21170
21172
21174
21177
21179
21181
21184
21186
21189
21191
21193
21196
21198
21201
21203
21206
21208
21211
21213
21216
21218
21221
21223
21226
21228
21231
21233
21236
21238
21241
21243
21246
21248
21251
21253
21255
21258
21260
21262
21265
21267
21270
21272
21274
21277
21279
21281
21284
21286
21289
21291
21293
21296
21298
21301
21303
21305
21308
21310
21312
21315
21317
21320
21322
21324
21327
21329
21331
21334
21336
21339
21341
21343
21346
21348
21351
21353
21355
21358
21360
21362
21365
21367
21370
21372
21374
21377
21379
21381
21384
21386
21389
21391
21393
21396
21398
21401
21403
21405
21408
21410
21412
21415
21417
21420
21422
21424
21427
21429
21431
21434
21436
21439
21441
21443
21446
21448
21451
21453
21455
21458
21460
21462
21465
21467
21470
21472
21474
21477
21479
21481
21484
21486
21489
21491
21493
21496
21498
21501
21503
21506
21508
21511
21513
21516
21518
21521
21523
21526
21528
21531
21533
21536
21538
21541
21543
21546
21548
21551
21553
21555
21558
21560
21562
21565
21567
21570
21572
21574
21577
21579
21581
21584
21586
21589
21591
21593
21596
21598
21601
21603
21605
21608
21610
21612
21615
21617
21620
21622
21624
21627
21629
21631
21634
21636
21639
21641
21643
21646
21648
21651
21653
21655
21658
21660
21662
21665
21667
21670
21672
21674
21677
21679
21681
21684
21686
21689
21691
21693
21696
21698
21701
21703
21705
21708
21710
21712
21715
21717
21720
21722
21724
21727
21729
21731
21734
21736
21739
21741
21743
21746
21748
21751
21753
21755
21758
21760
21762
21765
21767
21770
21772
21774
21777
21779
21781
21784
21786
21789
21791
21793
21796
21798
21801
21803
21806
21808
21811
21813
21816
21818
21821
21823
21826
21828
21831
21833
21836
21838
21841
21843
21846
21848
21851
21853
21855
21858
21860
21862
21865
21867
21870
21872
21874
21877
21879
21881
21884
21886
21889
21891
21893
21896
21898
21901
21903
21905
21908
21910
21912
21915
21917
21920
21922
21924
21927
21929
21931
21934
21936
21939
21941
21943
21946
21948
21951
21953
21955
21958
21960
21962
21965
21967
21970
21972
21974
21977
21979
21981
21984
21986
21989
21991
21993
21996
21998
22001
22003
22005
22008
22010
22012
22015
22017
22020
22022
22024
22027
22029
22031
22034
22036
22039
22041
22043
22046
22048
22051
22053
22055
22058
22060
22062
22065
22067
22070
22072
22074
22077
22079
22081
22084
22086
22089
22091
22093
22096
22098
22101
22103
22106
22108
22111
22113
22116
22118
22121
22123
22126
22128
22131
22133
22136
22138
22141
22143
22146
22148
22151
22153
22155
22158
22160
22162
22165
22167
22170
22172
22174
22177
22179
22181
22184
22186
22189
22191
22193
22196
22198
22201
22203
22205
22208
22210
22212
22215
22217
22220
22222
22224
22227
22229
22231
22234
22236
22239
22241
22243
22246
22248
22251
22253
22255
22258
22260
22262
22265
22267
22270
22272
22274
22277
22279
22281
22284
22286
22289
22291
22293
22296
22298
22301
22303
22305
22308
22310
22312
22315
22317
22320
22322
22324
22327
22329
22331
22334
22336
22339
22341
22343
22346
22348
22351
22353
22355
22358
22360
22362
22365
22367
22370
22372
22374
22377
22379
22381
22384
22386
22389
22391
22393
22396
22398
22401
22403
22406
22408
22411
22413
22416
22418
22421
22423
22426
22428
22431
22433
22436
22438
22441
22443
22446
22448
22451
22453
22455
22458
22460
22462
22465
22467
22470
22472
22474
22477
22479
22481
22484
22486
22489
22491
22493
22496
22498
22501
22503
22505
22508
22510
22512
22515
22517
22520
22522
22524
22527
22529
22531
22534
22536
22539
22541
22543
22546
22548
22551
22553
22555
22558
22560
22562
22565
22567
22570
22572
22574
22577
22579
22581
22584
22586
22589
22591
22593
22596
22598
22601
22603
22605
22608
22610
22612
22615
22617
22620
22622
22624
22627
22629
22631
22634
22636
22639
22641
22643
22646
22648
22651
22653
22655
22658
22660
22662
22665
22667
22670
22672
22674
22677
22679
22681
22684
22686
22689
22691
22693
22696
22698
22701
22703
22706
22708
22711
22713
22716
22718
22721
22723
22726
22728
22731
22733
22736
22738
22741
22743
22746
22748
22751
22753
22755
22758
22760
22762
22765
22767
22770
22772
22774
22777
22779
22781
22784
22786
22789
22791
22793
22796
22798
22801
22803
22805
22808
22810
22812
22815
22817
22820
22822
22824
22827
22829
22831
22834
22836
22839
22841
22843
22846
22848
22851
22853
22855
22858
22860
22862
22865
22867
22870
22872
22874
22877
22879
22881
22884
22886
22889
22891
22893
22896
22898
22901
22903
22905
22908
22910
22912
22915
22917
22920
22922
22924
22927
22929
22931
22934
22936
22939
22941
22943
22946
22948
22951
22953
22955
22958
22960
22962
22965
22967
22970
22972
22974
22977
22979
22981
22984
22986
22989
22991
22993
22996
22998
23001
23003
23006
23008
23011
23013
23016
23018
23021
23023
23026
23028
23031
23033
23036
23038
23041
23043
23046
23048
23051
23053
23055
23058
23060
23062
23065
23067
23070
23072
23074
23077
23079
23081
23084
23086
23089
23091
23093
23096
23098
23101
23103
23105
23108
23110
23112
23115
23117
23120
23122
23124
23127
23129
23131
23134
23136
23139
23141
23143
23146
23148
23151
23153
23155
23158
23160
23162
23165
23167
23170
23172
23174
23177
23179
23181
23184
23186
23189
23191
23193
23196
23198
23201
23203
23205
23208
23210
23212
23215
23217
23220
23222
23224
23227
23229
23231
23234
23236
23239
23241
23243
23246
23248
23251
23253
23255
23258
23260
23262
23265
23267
23270
23272
23274
23277
23279
23281
23284
23286
23289
23291
23293
23296
23298
23301
23303
23306
23308
23311
23313
23316
23318
23321
23323
23326
23328
23331
23333
23336
23338
23341
23343
23346
23348
23351
23353
23355
23358
23360
23362
23365
23367
23370
23372
23374
23377
23379
23381
23384
23386
23389
23391
23393
23396
23398
23401
23403
23405
23408
23410
23412
23415
23417
23420
23422
23424
23427
23429
23431
23434
23436
23439
23441
23443
23446
23448
23451
23453
23455
23458
23460
23462
23465
23467
23470
23472
23474
23477
23479
23481
23484
23486
23489
23491
23493
23496
23498
23501
23503
23505
23508
23510
23512
23515
23517
23520
23522
23524
23527
23529
23531
23534
23536
23539
23541
23543
23546
23548
23551
23553
23555
23558
23560
23562
23565
23567
23570
23572
23574
23577
23579
23581
23584
23586
23589
23591
23593
23596
23598
23601
23603
23606
23608
23611
23613
23616
23618
23621
23623
23626
23628
23631
23633
23636
23638
23641
23643
23646
23648
23651
23653
23655
23658
23660
23662
23665
23667
23670
23672
23674
23677
23679
23681
23684
23686
23689
23691
23693
23696
23698
23701
23703
23705
23708
23710
23712
23715
23717
23720
23722
23724
23727
23729
23731
23734
23736
23739
23741
23743
23746
23748
23751
23753
23755
23758
23760
23762
23765
23767
23770
23772
23774
23777
23779
23781
23784
23786
23789
23791
23793
23796
23798
23801
23803
23805
23808
23810
23812
23815
23817
23820
23822
23824
23827
23829
23831
23834
23836
23839
23841
23843
23846
23848
23851
23853
23855
23858
23860
23862
23865
23867
23870
23872
23874
23877
23879
23881
23884
23886
23889
23891
23893
23896
23898
23901
23903
23906
23908
23911
23913
23916
23918
23921
23923
23926
23928
23931
23933
23936
23938
23941
23943
23946
23948
23951
23953
23955
23958
23960
23962
23965
23967
23970
23972
23974
23977
23979
23981
23984
23986
23989
23991
23993
23996
23998
24001
24003
24005
24008
24010
24012
24015
24017
24020
24022
24024
24027
24029
24031
24034
24036
24039
24041
24043
24046
24048
24051
24053
24055
24058
24060
24062
24065
24067
24070
24072
24074
24077
24079
24081
24084
24086
24089
24091
24093
24096
24098
24101
24103
24105
24108
24110
24112
24115
24117
24120
24122
24124
24127
24129
24131
24134
24136
24139
24141
24143
24146
24148
24151
24153
24155
24158
24160
24162
24165
24167
24170
24172
24174
24177
24179
24181
24184
24186
24189
24191
24193
24196
24198
24201
24203
24206
24208
24211
24213
24216
24218
24221
24223
24226
24228
24231
24233
24236
24238
24241
24243
24246
24248
24251
24253
24255
24258
24260
24262
24265
24267
24270
24272
24274
24277
24279
24281
24284
24286
24289
24291
24293
24296
24298
24301
24303
24305
24308
24310
24312
24315
24317
24320
24322
24324
24327
24329
24331
24334
24336
24339
24341
24343
24346
24348
24351
24353
24355
24358
24360
24362
24365
24367
24370
24372
24374
24377
24379
24381
24384
24386
24389
24391
24393
24396
24398
24401
24403
24405
24408
24410
24412
24415
24417
24420
24422
24424
24427
24429
24431
24434
24436
24439
24441
24443
24446
24448
24451
24453
24455
24458
24460
24462
24465
24467
24470
24472
24474
24477
24479
24481
24484
24486
24489
24491
24493
24496
24498
24501
24503
24506
24508
24511
24513
24516
24518
24521
24523
24526
24528
24531
24533
24536
24538
24541
24543
24546
24548
24551
24553
24555
24558
24560
24562
24565
24567
24570
24572
24574
24577
24579
24581
24584
24586
24589
24591
24593
24596
24598
24601
24603
24605
24608
24610
24612
24615
24617
24620
24622
24624
24627
24629
24631
24634
24636
24639
24641
24643
24646
24648
24651
24653
24655
24658
24660
24662
24665
24667
24670
24672
24674
24677
24679
24681
24684
24686
24689
24691
24693
24696
24698
24701
24703
24705
24708
24710
24712
24715
24717
24720
24722
24724
24727
24729
24731
24734
24736
24739
24741
24743
24746
24748
24751
24753
24755
24758
24760
24762
24765
24767
24770
24772
24774
24777
24779
24781
24784
24786
24789
24791
24793
24796
24798
24801
24803
24806
24808
24811
24813
24816
24818
24821
24823
24826
24828
24831
24833
24836
24838
24841
24843
24846
24848
24851
24853
24855
24858
24860
24862
24865
24867
24870
24872
24874
24877
24879
24881
24884
24886
24889
24891
24893
24896
24898
24901
24903
24905
24908
24910
24912
24915
24917
24920
24922
24924
24927
24929
24931
24934
24936
24939
24941
24943
24946
24948
24951
24953
24955
24958
24960
24962
24965
24967
24970
24972
24974
24977
24979
24981
24984
24986
24989
24991
24993
24996
24998
25001
25003
25005
25008
25010
25012
25015
25017
25020
25022
25024
25027
25029
25031
25034
25036
25039
25041
25043
25046
25048
25051
25053
25055
25058
25060
25062
25065
25067
25070
25072
25074
25077
25079
25081
25084
25086
25089
25091
25093
25096
25098
25101
25103
25106
25108
25111
25113
25116
25118
25121
25123
25126
25128
25131
25133
25136
25138
25141
25143
25146
25148
25151
25153
25155
25158
25160
25162
25165
25167
25170
25172
25174
25177
25179
25181
25184
25186
25189
25191
25193
25196
25198
25201
25203
25205
25208
25210
25212
25215
25217
25220
25222
25224
25227
25229
25231
25234
25236
25239
25241
25243
25246
25248
25251
25253
25255
25258
25260
25262
25265
25267
25270
25272
25274
25277
25279
25281
25284
25286
25289
25291
25293
25296
25298
25301
25303
25305
25308
25310
25312
25315
25317
25320
25322
25324
25327
25329
25331
25334
25336
25339
25341
25343
25346
25348
25351
25353
25355
25358
25360
25362
25365
25367
25370
25372
25374
25377
25379
25381
25384
25386
25389
25391
25393
25396
25398
25401
25403
25406
25408
25411
25413
25416
25418
25421
25423
25426
25428
25431
25433
25436
25438
25441
25443
25446
25448
25451
25453
25455
25458
25460
25462
25465
25467
25470
25472
25474
25477
25479
25481
25484
25486
25489
25491
25493
25496
25498
25501
25503
25505
25508
25510
25512
25515
25517
25520
25522
25524
25527
25529
25531
25534
25536
25539
25541
25543
25546
25548
25551
25553
25555
25558
25560
25562
25565
25567
25570
25572
25574
25577
25579
25581
25584
25586
25589
25591
25593
25596
25598
25601
25603
25605
25608
25610
25612
25615
25617
25620
25622
25624
25627
25629
25631
25634
25636
25639
25641
25643
25646
25648
25651
25653
25655
25658
25660
25662
25665
25667
25670
25672
25674
25677
25679
25681
25684
25686
25689
25691
25693
25696
25698
25701
25703
25706
25708
25711
25713
25716
25718
25721
25723
25726
25728
25731
25733
25736
25738
25741
25743
25746
25748
25751
25753
25755
25758
25760
25762
25765
25767
25770
25772
25774
25777
25779
25781
25784
25786
25789
25791
25793
25796
25798
25801
25803
25805
25808
25810
25812
25815
25817
25820
25822
25824
25827
25829
25831
25834
25836
25839
25841
25843
25846
25848
25851
25853
25855
25858
25860
25862
25865
25867
25870
25872
25874
25877
25879
25881
25884
25886
25889
25891
25893
25896
25898
25901
25903
25905
25908
25910
25912
25915
25917
25920
25922
25924
25927
25929
25931
25934
25936
25939
25941
25943
25946
25948
25951
25953
25955
25958
25960
25962
25965
25967
25970
25972
25974
25977
25979
25981
25984
25986
25989
25991
25993
25996
25998
26001
26003
26006
26008
26011
26013
26016
26018
26021
26023
26026
26028
26031
26033
26036
26038
26041
26043
26046
26048
26051
26053
26055
26058
26060
26062
26065
26067
26070
26072
26074
26077
26079
26081
26084
26086
26089
26091
26093
26096
26098
26101
26103
26105
26108
26110
26112
26115
26117
26120
26122
26124
26127
26129
26131
26134
26136
26139
26141
26143
26146
26148
26151
26153
26155
26158
26160
26162
26165
26167
26170
26172
26174
26177
26179
26181
26184
26186
26189
26191
26193
26196
26198
26201
26203
26205
26208
26210
26212
26215
26217
26220
26222
26224
26227
26229
26231
26234
26236
26239
26241
26243
26246
26248
26251
26253
26255
26258
26260
26262
26265
26267
26270
26272
26274
26277
26279
26281
26284
26286
26289
26291
26293
26296
26298
26301
26303
26306
26308
26311
26313
26316
26318
26321
26323
26326
26328
26331
26333
26336
26338
26341
26343
26346
26348
26351
26353
26355
26358
26360
26362
26365
26367
26370
26372
26374
26377
26379
26381
26384
26386
26389
26391
26393
26396
26398
26401
26403
26405
26408
26410
26412
26415
26417
26420
26422
26424
26427
26429
26431
26434
26436
26439
26441
26443
26446
26448
26451
26453
26455
26458
26460
26462
26465
26467
26470
26472
26474
26477
26479
26481
26484
26486
26489
26491
26493
26496
26498
26501
26503
26505
26508
26510
26512
26515
26517
26520
26522
26524
26527
26529
26531
26534
26536
26539
26541
26543
26546
26548
26551
26553
26555
26558
26560
26562
26565
26567
26570
26572
26574
26577
26579
26581
26584
26586
26589
26591
26593
26596
26598
26601
26603
26606
26608
26611
26613
26616
26618
26621
26623
26626
26628
26631
26633
26636
26638
26641
26643
26646
26648
26651
26653
26655
26658
26660
26662
26665
26667
26670
26672
26674
26677
26679
26681
26684
26686
26689
26691
26693
26696
26698
26701
26703
26705
26708
26710
26712
26715
26717
26720
26722
26724
26727
26729
26731
26734
26736
26739
26741
26743
26746
26748
26751
26753
26755
26758
26760
26762
26765
26767
26770
26772
26774
26777
26779
26781
26784
26786
26789
26791
26793
26796
26798
26801
26803
26805
26808
26810
26812
26815
26817
26820
26822
26824
26827
26829
26831
26834
26836
26839
26841
26843
26846
26848
26851
26853
26855
26858
26860
26862
26865
26867
26870
26872
26874
26877
26879
26881
26884
26886
26889
26891
26893
26896
26898
26901
26903
26906
26908
26911
26913
26916
26918
26921
26923
26926
26928
26931
26933
26936
26938
26941
26943
26946
26948
26951
26953
26955
26958
26960
26962
26965
26967
26970
26972
26974
26977
26979
26981
26984
26986
26989
26991
26993
26996
26998
27001
27003
27005
27008
27010
27012
27015
27017
27020
27022
27024
27027
27029
27031
27034
27036
27039
27041
27043
27046
27048
27051
27053
27055
27058
27060
27062
27065
27067
27070
27072
27074
27077
27079
27081
27084
27086
27089
27091
27093
27096
27098
27101
27103
27105
27108
27110
27112
27115
27117
27120
27122
27124
27127
27129
27131
27134
27136
27139
27141
27143
27146
27148
27151
27153
27155
27158
27160
27162
27165
27167
27170
27172
27174
27177
27179
27181
27184
27186
27189
27191
27193
27196
27198
27201
27203
27206
27208
27211
27213
27216
27218
27221
27223
27226
27228
27231
27233
27236
27238
27241
27243
27246
27248
27251
27253
27255
27258
27260
27262
27265
27267
27270
27272
27274
27277
27279
27281
27284
27286
27289
27291
27293
27296
27298
27301
27303
27305
27308
27310
27312
27315
27317
27320
27322
27324
27327
27329
27331
27334
27336
27339
27341
27343
27346
27348
27351
27353
27355
27358
27360
27362
27365
27367
27370
27372
27374
27377
27379
27381
27384
27386
27389
27391
27393
27396
27398
27401
27403
27405
27408
27410
27412
27415
27417
27420
27422
27424
27427
27429
27431
27434
27436
27439
27441
27443
27446
27448
27451
27453
27455
27458
27460
27462
27465
27467
27470
27472
27474
27477
27479
27481
27484
27486
27489
27491
27493
27496
27498
27501
27503
27506
27508
27511
27513
27516
27518
27521
27523
27526
27528
27531
27533
27536
27538
27541
27543
27546
27548
27551
27553
27555
27558
27560
27562
27565
27567
27570
27572
27574
27577
27579
27581
27584
27586
27589
27591
27593
27596
27598
27601
27603
27605
27608
27610
27612
27615
27617
27620
27622
27624
27627
27629
27631
27634
27636
27639
27641
27643
27646
27648
27651
27653
27655
27658
27660
27662
27665
27667
27670
27672
27674
27677
27679
27681
27684
27686
27689
27691
27693
27696
27698
27701
27703
27705
27708
27710
27712
27715
27717
27720
27722
27724
27727
27729
27731
27734
27736
27739
27741
27743
27746
27748
27751
27753
27755
27758
27760
27762
27765
27767
27770
27772
27774
27777
27779
27781
27784
27786
27789
27791
27793
27796
27798
27801
27803
27806
27808
27811
27813
27816
27818
27821
27823
27826
27828
27831
27833
27836
27838
27841
27843
27846
27848
27851
27853
27855
27858
27860
27862
27865
27867
27870
27872
27874
27877
27879
27881
27884
27886
27889
27891
27893
27896
27898
27901
27903
27905
27908
27910
27912
27915
27917
27920
27922
27924
27927
27929
27931
27934
27936
27939
27941
27943
27946
27948
27951
27953
27955
27958
27960
27962
27965
27967
27970
27972
27974
27977
27979
27981
27984
27986
27989
27991
27993
27996
27998
