setup,trace_type,episode_id,episode_step,reward,attacker_reward,sage_reward,sage_score,sage_previous_action,hard_gap_value,hard_baseline_score,hard_gap_percent,smoothed_gap_value,smoothed_baseline_score,smoothed_gap_percent,best_baseline_method,best_baseline_previous_action,shield_risk_label,shield_backoff_label,shield_push_label,shield_action_label_id,shield_action_label,shield_action_delta_to_best_baseline,shield_label_valid,shield_label_reason,has_env_error,env_bootstrap_placeholder,env_nonfinite_sage_values,current_rtt_ms,current_rttvar_ms,current_delivery_rate_mbps,windowed_delivery_rate_mbps,max_windowed_delivery_rate_mbps,current_loss_mbps,current_min_rtt_ratio,previous_action,time_delta_ms,delivery_growth_ratio,max_delivery_growth_ratio,rtt_inflation,windowed_vs_max_rate_ratio,loss_to_windowed_rate_ratio,current_rtt_ms_avg,current_rtt_ms_min,current_rtt_ms_max,current_rtt_ms_delta,windowed_delivery_rate_mbps_avg,windowed_delivery_rate_mbps_min,windowed_delivery_rate_mbps_max,windowed_delivery_rate_mbps_delta,current_loss_mbps_avg,current_loss_mbps_min,current_loss_mbps_max,current_loss_mbps_delta,current_min_rtt_ratio_avg,current_min_rtt_ratio_min,current_min_rtt_ratio_max,current_min_rtt_ratio_delta,previous_action_avg,previous_action_min,previous_action_max,previous_action_delta,gap_score_reno,baseline_rate_reno_mbps,baseline_rtt_reno_ms,baseline_previous_action_reno,gap_score_bbr,baseline_rate_bbr_mbps,baseline_rtt_bbr_ms,baseline_previous_action_bbr,gap_score_cubic,baseline_rate_cubic_mbps,baseline_rtt_cubic_ms,baseline_previous_action_cubic
clean,clean,clean-000,0,0.03833060020322588,0.03833060020322588,0.7573183753052456,0.7573183753052456,0.014726158069665748,0.047619337019885286,0.8049377123251309,5.915903341431574,0.04047643646690249,0.7888389580786282,5.131140653282488,reno,0.02156287436052927,0,0,0,0,noop,-0.00683671629086352,1,not_risky,0,0,0.0,58.3370816178789,0.4044302762619317,42.07924262092988,38.80601211980074,38.80601211980074,0.00195877169284933,0.9455304573334032,0.014726158069665748,0.37916371936748805,1.0,1.0,1.0576073909033163,1.0,5.047598518503447e-05,58.3370816178789,58.3370816178789,58.3370816178789,0.0,38.80601211980074,38.80601211980074,38.80601211980074,0.0,0.00195877169284933,0.00195877169284933,0.00195877169284933,0.0,0.9455304573334032,0.9455304573334032,0.9455304573334032,0.0,0.014726158069665748,0.014726158069665748,0.014726158069665748,0.0,0.8049377123251309,42.50003504713918,57.17033998552132,0.02156287436052927,0.7515305006430811,41.65845019472059,58.3370816178789,0.034537575653594756,0.7286029836057377,41.65845019472059,58.3370816178789,0.028419860468621848
clean,clean,clean-000,1,0.03110091160493996,0.03110091160493996,0.7255414429274389,0.7255414429274389,0.006897643744956716,0.04059450752391587,0.7661359504513549,5.29860366166088,0.03450533139532849,0.7508132314423277,4.595727665726274,reno,-0.002871000222387598,0,0,0,0,noop,0.009768643967344314,1,not_risky,0,0,0.0,53.92583384615201,1.178450359135171,39.45634450491649,37.42854942021,38.22392193800373,0.00720687402330132,0.9399415126446817,0.006897643744956716,0.34091594567362016,0.9376676491152246,1.0,1.0638959834706456,0.9791917606182913,0.00019255018254621116,56.131457732015456,53.92583384615201,58.3370816178789,-4.411247771726892,38.117280770005365,37.42854942021,38.80601211980074,-1.377462699590744,0.0045828228580753255,0.00195877169284933,0.00720687402330132,0.00524810233045199,0.9427359849890424,0.9399415126446817,0.9455304573334032,-0.005588944688721509,0.010811900907311232,0.006897643744956716,0.014726158069665748,-0.007828514324709032,0.7661359504513549,39.85090794996565,52.847317169228965,-0.002871000222387598,0.7231821244521129,39.06178105986732,53.92583384615201,0.01757567785682133,0.7020916298955941,39.06178105986732,53.92583384615201,-0.004940564584470838
clean,clean,clean-000,2,0.02705775872229322,0.02705775872229322,0.7194967811892523,0.7194967811892523,0.01830136459410746,0.03582292188609068,0.755319703075343,4.742749558926487,0.030449483603177077,0.7402133090138362,4.113609311313789,reno,0.010362009429840889,0,0,0,0,noop,0.007939355164266573,1,not_risky,0,0,0.0,55.86343302002927,0.7725494671925361,42.99090162882922,41.31990994605525,41.31990994605525,0.007962762265760967,0.9664821915262161,0.01830136459410746,0.3531951053123881,1.0895814644834194,1.0895814644834194,1.0346802132182638,1.0,0.00019271005856877867,56.04211616135339,53.92583384615201,58.3370816178789,-2.473648597849632,39.18482382868866,37.42854942021,41.31990994605525,2.5138978262545066,0.005709469327303873,0.00195877169284933,0.007962762265760967,0.006003990572911637,0.9506513871681003,0.9399415126446817,0.9664821915262161,0.02095173419281282,0.013308388802909974,0.006897643744956716,0.01830136459410746,0.003575206524441713,0.755319703075343,43.42081064511751,54.746164359628686,0.010362009429840889,0.6984019009464418,42.56099261254093,55.86343302002927,0.012042211034409868,0.6891455082112519,42.56099261254093,55.86343302002927,0.01638977776517537
clean,clean,clean-000,3,0.038871817160191086,0.038871817160191086,0.7221536180662607,0.7221536180662607,0.029875225868050616,0.05032114815885519,0.7724747662251159,6.514277275976483,0.04277297593502691,0.7570252709006136,5.650138453653072,reno,0.029656335576261413,0,0,0,0,noop,0.00021889029178920327,1,not_risky,0,0,0.0,54.602104633393886,0.5201127458201991,42.20740943152261,41.91755533050456,41.91755533050456,0.0068025406783407405,0.9617228404409255,0.029875225868050616,0.3373759202869083,0.9817753950807767,1.073237742516168,1.0398006140121674,1.0,0.00016228381222867602,55.68211327936351,53.92583384615201,58.3370816178789,-3.734976984485016,39.86800670414264,37.42854942021,41.91755533050456,3.1115432107038217,0.00598273716506309,0.00195877169284933,0.007962762265760967,0.004843768985491411,0.9534192504863066,0.9399415126446817,0.9664821915262161,0.016192383107522246,0.017450098069195133,0.006897643744956716,0.029875225868050616,0.015149067798384867,0.7724747662251159,42.62948352583784,53.510062540726004,0.029656335576261413,0.7266152648848742,41.785335337207385,54.602104633393886,0.05725388718984766,0.7026111872049535,41.785335337207385,54.602104633393886,0.013920571871859216
clean,clean,clean-000,4,0.04561809749171117,0.04561809749171117,0.7601353881124241,0.7601353881124241,0.04748971456525554,0.05590197181162969,0.8160373599240538,6.850418198602123,0.047516676039885235,0.7997166127255727,5.941689253889597,reno,0.03234885864392069,0,0,0,0,noop,0.01514085592133485,1,not_risky,0,0,0.0,53.33175314133329,0.48876382121763967,50.59461438855029,46.13695791517808,46.13695791517808,0.007602644460727718,0.9349000259753439,0.04748971456525554,0.33243705398791845,1.1987140426288208,1.1987140426288208,1.0696330861224865,1.0,0.00016478425982712242,54.43078116022711,53.33175314133329,55.86343302002927,-0.5940807048187224,41.70074315298697,37.42854942021,46.13695791517808,8.708408494968083,0.007393705357032687,0.0068025406783407405,0.007962762265760967,0.00039577043742639734,0.9507616426467919,0.9349000259753439,0.9664821915262161,-0.005041486669337791,0.025640987193092584,0.006897643744956716,0.04748971456525554,0.04059207082029882,0.8160373599240538,51.10056053243579,52.26511807850662,0.03234885864392069,0.7651214802735946,50.08866824466479,53.33175314133329,0.054384309577229804,0.7421917777903553,50.08866824466479,53.33175314133329,0.036560965086703666
clean,clean,clean-000,5,0.040138571059794244,0.040138571059794244,0.7372121132046666,0.7372121132046666,0.025645670071292374,0.050928204243806396,0.788140317448473,6.461819439548717,0.04328897360723544,0.7723775110995036,5.604639309812662,reno,0.03029278714260844,0,0,0,0,noop,-0.004647117071316067,1,not_risky,0,0,0.0,51.69569726445616,0.6847062534745657,44.42179804507226,42.5026267145608,45.444903546450405,0.007397624811214422,0.9469438891641774,0.025645670071292374,0.3078770857365082,0.8779945964984969,1.1807333319893885,1.0560287799973584,0.935256176110436,0.00017405100303318668,53.87324701480315,51.69569726445616,55.86343302002927,-4.167735755573112,42.96926247657467,41.31990994605525,46.13695791517808,1.18271676850555,0.007441393054010962,0.0068025406783407405,0.007962762265760967,-0.0005651374545465448,0.9525122367766657,0.9349000259753439,0.9664821915262161,-0.019538302362038684,0.030327993774676498,0.01830136459410746,0.04748971456525554,0.007344305477184912,0.788140317448473,44.86601602552298,50.661783319167036,0.03029278714260844,0.7469225833902893,43.977580064621534,51.69569726445616,0.06637365742886148,0.7154130890112106,43.977580064621534,51.69569726445616,0.02567894135209152
clean,clean,clean-000,6,0.02926762206263827,0.02926762206263827,0.747285699038682,0.747285699038682,0.022345902382145115,0.0373031336214742,0.7845888326601562,4.75448184687992,0.03170766357825307,0.7688970560069531,4.123785275355032,reno,0.029500167966213214,0,0,0,0,noop,-0.007154265584068099,1,not_risky,0,0,0.0,52.1541980747835,0.283518289037686,39.5349184265981,38.76947366143085,44.763229993253645,0.01662918706113194,0.9376859759416418,0.022345902382145115,0.34479897218230143,0.8899891532189732,1.1630223320095476,1.0664551093406098,0.866100897260405,0.000428924756790681,52.94593827849171,51.69569726445616,54.602104633393886,-2.4479065586103843,42.33165340541857,38.76947366143085,46.13695791517808,-3.1480816690737115,0.009607999252853706,0.0068025406783407405,0.01662918706113194,0.0098266463827912,0.9453131828805221,0.9349000259753439,0.9617228404409255,-0.02403686449928366,0.031339128221685914,0.022345902382145115,0.04748971456525554,-0.007529323485905501,0.7845888326601562,39.93026761086408,51.11111411328783,0.029500167966213214,0.7422756251857611,39.139569242332115,52.1541980747835,0.03000068729839933,0.7133587921187219,39.139569242332115,52.1541980747835,0.023598673975803754
clean,clean,clean-000,7,0.029774706484940353,0.029774706484940353,0.7369681233259465,0.7369681233259465,0.0332885888639325,0.03840070111954018,0.7753688244454867,4.9525722351556825,0.032640595951609154,0.759861447956577,4.295598367226868,reno,0.03194853289596199,0,0,0,0,noop,0.001340055967970516,1,not_risky,0,0,0.0,50.38999977965365,0.5792319111095842,41.81886167859557,39.670849269953166,44.09178154335484,0.010120762196218297,0.962177885895143,0.0332885888639325,0.3117542721496724,1.0577702786016345,1.1455769970294043,1.039308858226013,0.899733417007552,0.0002551183648060642,51.89291206505665,50.38999977965365,53.33175314133329,-2.9417533616796376,41.769976890280724,38.76947366143085,46.13695791517808,-6.466108645224914,0.010437554632323095,0.007397624811214422,0.01662918706113194,0.0025181177354905793,0.9454269442440766,0.9349000259753439,0.962177885895143,0.02727785991979903,0.03219246897065638,0.022345902382145115,0.04748971456525554,-0.014201125701323036,0.7753688244454867,42.23705029538152,49.382199784060575,0.03194853289596199,0.7326109148867588,41.40067306180961,50.38999977965365,0.04920199076623417,0.7054120173876662,41.40067306180961,50.38999977965365,0.03772717185212025
clean,clean,clean-000,8,0.030371417633623516,0.030371417633623516,0.7596319090891215,0.7596319090891215,0.03519572286511202,0.038073476956427744,0.7977053860455492,4.77287450009191,0.032362455412963585,0.7817512783246382,4.139738086814412,reno,0.060749057239747856,0,0,0,0,noop,-0.025553334374635833,1,not_risky,0,0,0.0,48.4908185572446,0.6220664253593802,33.99020103338588,33.739156275113636,43.430404820204515,0.01287403685277393,0.9613495693102585,0.03519572286511202,0.35399030560154715,0.8127959410904605,1.1283933420739631,1.040204345977366,0.7768556709242932,0.0003815755423104625,50.682678419034474,48.4908185572446,52.1541980747835,-3.204878707211556,38.67052648026461,33.739156275113636,42.5026267145608,-8.763470439447161,0.011755402730334649,0.007397624811214422,0.01662918706113194,0.0054764120415595075,0.9520393300778052,0.9376859759416418,0.962177885895143,0.014405680146081123,0.029118971045620504,0.022345902382145115,0.03519572286511202,0.009550052793819649,0.7977053860455492,34.33010304371974,47.52100218609971,0.060749057239747856,0.7467231400839004,33.65029902305202,48.4908185572446,0.07700993029581214,0.7346071243237087,33.65029902305202,48.4908185572446,0.06693426475137729
clean,clean,clean-000,9,0.03345364589538595,0.03345364589538595,0.7558252552608264,0.7558252552608264,0.00670524228599086,0.04193448742208933,0.7977597426829158,5.256530905039282,0.035644314308775925,0.7818045478292575,4.559235989064684,reno,0.0047312271151976094,0,0,0,0,noop,0.00197401517079325,1,not_risky,0,0,0.0,50.63147906720048,0.7574787835988779,34.5793746061151,32.62414037368933,42.778948747901445,0.0076158135864334365,0.9513942002742495,0.00670524228599086,0.3545322799652213,1.017333630129181,1.1114674419428536,1.051089022522672,0.7626213670173401,0.00023344105006902887,50.41662386972056,48.4908185572446,52.1541980747835,-1.5227190075830208,36.20090489504675,32.62414037368933,39.670849269953166,-6.145333287741522,0.0118099499241394,0.0076158135864334365,0.01662918706113194,-0.009013373474698504,0.9531519078553232,0.9376859759416418,0.962177885895143,0.013708224332607655,0.024383864099295122,0.00670524228599086,0.03519572286511202,-0.015640660096154255,0.7977597426829158,34.92516835217626,49.61884948585647,0.0047312271151976094,0.7565084670350658,34.23358086005395,50.63147906720048,0.022642479070180514,0.7214676706845597,34.23358086005395,50.63147906720048,-0.005963548389991646
clean,clean,clean-000,10,0.05009620209240961,0.05009620209240961,0.6935518934147626,0.6935518934147626,0.007093392975007633,0.06595854337941792,0.7595104367941805,8.684349836958463,0.05606476187250523,0.7443202280582969,7.532344246341523,reno,-0.011577964001457275,0,0,0,0,noop,0.01867135697646491,1,not_risky,0,0,0.0,53.21797498790127,0.7850622847643688,26.802337537018577,25.304054272886425,42.137264516682926,0.007641134929686852,0.9324870457258309,0.007093392975007633,0.3535906416078557,0.7750960751117455,1.0947954303137108,1.0724009567571187,0.6005148782942016,0.0003019727529542336,50.682568098,48.4908185572446,53.21797498790127,2.827975208247622,32.83455004791064,25.304054272886425,39.670849269953166,-14.36679499706674,0.009562936891278129,0.0076158135864334365,0.01287403685277393,-0.0024796272665314452,0.9518521753013703,0.9324870457258309,0.962177885895143,-0.029690840169312116,0.020570736747510754,0.00670524228599086,0.03519572286511202,-0.02619519588892487,0.7595104367941805,27.070360912388765,52.153615488143245,-0.011577964001457275,0.7095222491815376,26.53431416164839,53.21797498790127,0.0042279811904034174,0.6892701291536589,26.53431416164839,53.21797498790127,-0.008213711120686714
clean,clean,clean-000,11,0.04444328724328867,0.04444328724328867,0.769913859168538,0.769913859168538,2.9156231590760258e-05,0.053945251861934926,0.8238591110304729,6.547873433657954,0.045853464082644686,0.8073819288098635,5.679277978172715,reno,-0.013058684245139392,0,0,0,0,noop,0.013087840476730152,1,not_risky,0,0,0.0,53.58185896758643,0.3145595698972985,27.67464640686547,27.99840139663255,41.50520554893268,0.00421255099252363,0.9618764488831133,2.9156231590760258e-05,0.32710875430993336,1.0325459997152147,1.0783734988590052,1.039634561342212,0.6745756592778165,0.00015045683976194034,51.4805328949832,48.4908185572446,53.58185896758643,5.091040410341826,29.91643807958048,25.304054272886425,33.739156275113636,-5.740754878481088,0.008085884090354462,0.00421255099252363,0.01287403685277393,-0.0086614858602503,0.9517768160483631,0.9324870457258309,0.9618764488831133,0.0005268795728547992,0.012255878589425319,2.9156231590760258e-05,0.03519572286511202,-0.03516656663352126,0.8238591110304729,27.951392870934125,52.510221788234695,-0.013058684245139392,0.7685342705495742,27.397899942796816,53.58185896758643,-0.008354776133319452,0.7557488863624165,27.397899942796816,53.58185896758643,-0.02780258835234658
clean,clean,clean-000,12,0.0316708290431722,0.0316708290431722,0.7096316644124775,0.7096316644124775,0.0054821012203775015,0.042128879091667286,0.7517605435041448,5.6040290296819775,0.03580954722791719,0.7367253326340619,4.860637423703755,reno,0.018583592423137247,0,0,0,0,noop,-0.013101491202759746,1,not_risky,0,0,0.0,52.66666287923015,0.4176100475439313,23.939760182609852,23.011259984674787,40.88262746569869,0.011106615246374942,0.9749906202119536,0.0054821012203775015,0.3511412065785643,0.8650430372498247,1.06219789637612,1.0256508927056238,0.5628615725342427,0.0004826600218228732,52.52449397547959,50.63147906720048,53.58185896758643,2.035183812029672,27.234464006970775,23.011259984674787,32.62414037368933,-9.612880389014542,0.007644028688754715,0.00421255099252363,0.011106615246374942,0.003490801659941505,0.9551870787737868,0.9324870457258309,0.9749906202119536,0.023596419937704116,0.004827473178241688,2.9156231590760258e-05,0.007093392975007633,-0.0012231410656133581,0.7517605435041448,24.17915778443595,51.61332962164555,0.018583592423137247,0.6940130903205848,23.700362580783754,52.66666287923015,0.03147298702043341,0.6836282632284657,23.700362580783754,52.66666287923015,0.028456059951150907
clean,clean,clean-000,13,0.03508012723626534,0.03508012723626534,0.7612072901530673,0.7612072901530673,0.015984391822072907,0.04358883703719894,0.8047961271902663,5.416134044950971,0.03705051148161909,0.788700204646461,4.697667283886047,reno,0.02855422726762934,0,0,0,0,noop,-0.012569835445556433,1,not_risky,0,0,0.0,54.71698659528029,0.7039967168031754,35.745318113454374,36.04817677211485,40.26938805371321,0.009768126114560583,0.964113966693904,0.015984391822072907,0.3600916389845015,1.4931360147634323,1.4931360147634323,1.0372217751695423,0.895175678459084,0.0002709742069983617,53.54587085749954,52.66666287923015,54.71698659528029,1.4990116073790176,28.090473106577157,23.011259984674787,36.04817677211485,10.744122499228425,0.008182106820786501,0.00421255099252363,0.011106615246374942,0.0021269911848737317,0.9583670203787005,0.9324870457258309,0.9749906202119536,0.03162692096807318,0.0071472605622622,2.9156231590760258e-05,0.015984391822072907,0.008890998847065273,0.8047961271902663,36.10277129458892,53.62264686337468,0.02855422726762934,0.7503829964035839,35.38786493231983,54.71698659528029,0.031056556802000077,0.7309643975978886,35.38786493231983,54.71698659528029,0.02839247152295806
clean,clean,clean-000,14,0.018954191732556285,0.018954191732556285,0.7518033751676528,0.7518033751676528,0.01991623391948143,0.024418522324348123,0.776221897492001,3.145817246749311,0.020755743975695903,0.760697459542161,2.7285149589152184,reno,0.01473702877254535,0,0,0,0,noop,0.005179205146936081,1,not_risky,0,0,0.0,58.02658362712353,0.9135311483576715,30.351636393709494,29.756963178128125,39.66534723290751,0.007018496947108583,0.932498027343514,0.01991623391948143,0.3558925721569031,0.8491080229688955,1.4707389745419808,1.072388327564386,0.750200496251824,0.00023586065906978365,54.748023017305094,52.66666287923015,58.02658362712353,4.444724659537101,29.20370033288758,23.011259984674787,36.04817677211485,1.758561781495576,0.008026447325141935,0.00421255099252363,0.011106615246374942,0.0028059459545849534,0.9583697657831212,0.932498027343514,0.9749906202119536,-0.029378421539599353,0.01035297079838065,2.9156231590760258e-05,0.01991623391948143,0.01988707768789067,0.776221897492001,30.65515275764659,56.86605195458106,0.01473702877254535,0.7258453953600146,30.0481200297724,58.02658362712353,0.0326762442972826,0.6979895274426791,30.0481200297724,58.02658362712353,0.004165340369500571
clean,clean,clean-000,15,0.038714767190197424,0.038714767190197424,0.7268362604144432,0.7268362604144432,0.023414835288114957,0.04984631848575574,0.7766825789001989,6.417849432948442,0.04236937071289238,0.7611489273221949,5.5665020591899745,reno,0.017635368467376355,0,0,0,0,noop,0.0057794668207386025,1,not_risky,0,0,0.0,58.79286867105972,0.4101376543896011,35.87231937095072,35.97532952458774,39.07036702441389,0.0053412347614439195,0.9457607588207723,0.023414835288114957,0.3005574361920248,1.1818907852489104,1.448677889923851,1.0573498537271269,0.920782993978732,0.00014846937698773246,56.05077544317342,52.66666287923015,58.79286867105972,6.12620579182957,31.19793236487638,23.011259984674787,36.04817677211485,12.964069539912956,0.008308618267372008,0.0053412347614439195,0.011106615246374942,-0.005765380484931022,0.954340843267536,0.932498027343514,0.9749906202119536,-0.029229861391181333,0.016199390562511698,0.0054821012203775015,0.023414835288114957,0.017932734067737457,0.7766825789001989,36.23104256466023,57.61701129763853,0.017635368467376355,0.7364559413298369,35.51359617724121,58.79286867105972,0.021182862378895138,0.706073568178107,35.51359617724121,58.79286867105972,0.0538710453510564
clean,clean,clean-001,0,0.0510517135594714,0.0510517135594714,0.7391051490664156,0.7391051490664156,0.012734859180324819,0.06359961454540404,0.8027047636118196,7.923163961209554,0.05405967236359343,0.7866506683395832,6.872132007171553,bbr,0.03192804988437833,0,0,0,0,noop,-0.01919319070405351,1,not_risky,0,0,0.0,62.44070606342923,0.28875508508656544,60.02629345419571,59.20703028999049,59.20703028999049,0.013926082948144137,0.8837638192432548,0.012734859180324819,0.3443624881789099,1.0,1.0,1.1315240319028623,1.0,0.00023520995530320447,62.44070606342923,62.44070606342923,62.44070606342923,0.0,59.20703028999049,59.20703028999049,59.20703028999049,0.0,0.013926082948144137,0.013926082948144137,0.013926082948144137,0.0,0.8837638192432548,0.8837638192432548,0.8837638192432548,0.0,0.012734859180324819,0.012734859180324819,0.012734859180324819,0.0,0.7450083962847374,59.42603051965375,62.44070606342923,0.028369722685603675,0.8027047636118196,60.62655638873767,61.191891942160645,0.03192804988437833,0.7416887429925003,59.42603051965375,62.44070606342923,0.03404226540445409
clean,clean,clean-001,1,0.05004767922985931,0.05004767922985931,0.7467638056016368,0.7467638056016368,0.02907574146300952,0.061890109358267144,0.8086539149599039,7.653473038751799,0.05260659295452707,0.7924808366607058,6.638216411162275,bbr,0.051520991751112535,0,0,0,0,noop,-0.022445250288103017,1,not_risky,0,0,0.0,64.85691990148685,0.7164027627695787,85.22020652159463,84.7782022442618,84.7782022442618,0.0,0.9049575624358399,0.02907574146300952,0.3622600723114819,1.4197146220035002,1.4197146220035002,1.105024192856445,1.0,0.0,63.64881298245804,62.44070606342923,64.85691990148685,2.4162138380576152,71.99261626712615,59.20703028999049,84.7782022442618,25.571171954271314,0.006963041474072069,0.0,0.013926082948144137,-0.013926082948144137,0.8943606908395474,0.8837638192432548,0.9049575624358399,0.021193743192585157,0.020905300321667167,0.012734859180324819,0.02907574146300952,0.0163408822826847,0.750411413074072,84.36800445637869,64.85691990148685,0.03600966609273591,0.8086539149599039,86.07240858681058,63.55978150345711,0.051520991751112535,0.7383869893573677,84.36800445637869,64.85691990148685,0.0507448411163963
clean,clean,clean-001,2,0.04736355833362418,0.04736355833362418,0.7310355173188119,0.7310355173188119,0.06754703777029428,0.05988415744937219,0.790919674768184,7.571458816841805,0.05090153383196636,0.7751012812728203,6.567081626852586,bbr,0.0888765891588505,0,0,0,0,noop,-0.021329551388556217,1,not_risky,0,0,0.0,60.32686693415522,1.2045735631662322,74.05979408139484,70.9165978933082,83.50652921059788,0.013070980457504301,0.8418585120406005,0.06754703777029428,0.34928918697424005,0.8690403028139604,1.3984189026734477,1.187848059617615,0.8492341684380306,0.0001843148267937103,62.541497633023766,60.32686693415522,64.85691990148685,-2.1138391292740124,71.6339434758535,59.20703028999049,84.7782022442618,11.709567603317701,0.008999021135216147,0.0,0.013926082948144137,-0.000855102490639836,0.8768599645732317,0.8418585120406005,0.9049575624358399,-0.041905307202654285,0.036452546137876206,0.012734859180324819,0.06754703777029428,0.05481217858996946,0.7214402739457929,73.31919614058089,60.32686693415522,0.09113497161605323,0.790919674768184,74.8003920222088,59.120329595472114,0.0888765891588505,0.7192158290430772,73.31919614058089,60.32686693415522,0.09458128490591981
clean,clean,clean-001,3,0.04292632568160682,0.04292632568160682,0.7217534499336893,0.7217534499336893,0.03603186029300505,0.055246257220395834,0.7769997071540851,7.110203094251626,0.046959318637336454,0.7614597130110033,6.167012887871309,bbr,0.05499205339618454,0,0,0,0,noop,-0.018960193103179493,1,not_risky,0,0,0.0,61.27768082970914,0.39081190068585886,84.79527746836816,83.44706639712278,83.44706639712278,0.020251721526911102,0.8958634037816154,0.03603186029300505,0.33706944637797764,1.1449569705145894,1.377442619133346,1.1162416008721905,1.0,0.0002426894365648949,62.22554343219511,60.32686693415522,64.85691990148685,-1.1630252337200915,74.58722420617082,59.20703028999049,84.7782022442618,24.24003610713229,0.011812196233139886,0.0,0.020251721526911102,0.006325638578766965,0.8816108243753277,0.8418585120406005,0.9049575624358399,0.012099584538360686,0.03634737467665841,0.012734859180324819,0.06754703777029428,0.02329700111268023,0.7147238289089634,83.94732469368448,61.27768082970914,0.03711303458515853,0.7769997071540851,85.64323024305183,60.05212721311496,0.05499205339618454,0.7018406534209863,83.94732469368448,61.27768082970914,0.06491013102183957
clean,clean,clean-001,4,0.03141524542508996,0.03141524542508996,0.7166672327352592,0.7166672327352592,0.06368547317174908,0.04143910161621869,0.7581063343514779,5.466133144985232,0.03522323637378589,0.7429442076644484,4.741033850242292,bbr,0.08597274756095016,0,0,0,0,noop,-0.022287274389201084,1,not_risky,0,0,0.0,56.461955200768706,1.2921530361398463,88.20692745201411,83.69939822096016,83.69939822096016,0.014455480984139136,0.8925668569288386,0.06368547317174908,0.3800187365036899,1.0402339621439252,1.3567809798463457,1.1203642530945181,1.0,0.00017270710771393776,60.73085571652998,56.461955200768706,64.85691990148685,-8.394964700718141,80.71031618891324,70.9165978933082,84.7782022442618,-1.0788040233016432,0.011944545742138636,0.0,0.020251721526911102,0.014455480984139136,0.8838115837967236,0.8418585120406005,0.9049575624358399,-0.012390705507001276,0.04908502817451448,0.02907574146300952,0.06754703777029428,0.03460973170873956,0.6911604376724324,87.32485817749397,56.461955200768706,0.07761825819664402,0.7581063343514779,89.08899672653426,55.33271609675333,0.08597274756095016,0.6795696889704582,87.32485817749397,56.461955200768706,0.09030674698572828
clean,clean,clean-001,5,0.04650502812420828,0.04650502812420828,0.7258327736340455,0.7258327736340455,0.04380505745115452,0.05923682227243942,0.785069595906485,7.545423053104138,0.05035129893157351,0.7693682039883553,6.544499586876039,bbr,0.05303409892692199,0,0,0,0,noop,-0.009229041475767474,1,not_risky,0,0,0.0,54.1494356630943,0.8073608298099599,84.4858586365736,82.8799802628005,82.8799802628005,0.026090432556453606,0.8898523066318472,0.04380505745115452,0.3267639485626449,0.957814324532902,1.3364292651486505,1.1237819945481395,1.0,0.0003147977650781841,58.05398465693184,54.1494356630943,61.27768082970914,-6.177431271060918,80.23576069354792,70.9165978933082,83.69939822096016,11.963382369492308,0.018467153881252037,0.013070980457504301,0.026090432556453606,0.013019452098949304,0.8800352698457254,0.8418585120406005,0.8958634037816154,0.04799379459124675,0.052767357171550726,0.03603186029300505,0.06754703777029428,-0.02374198031913976,0.7245701938561508,83.64100005020786,54.1494356630943,0.03684316488793884,0.785069595906485,85.33071722293933,53.06644694983242,0.05303409892692199,0.7129081031608626,83.64100005020786,54.1494356630943,0.054153131729369405
clean,clean,clean-001,6,0.04863988346743673,0.04863988346743673,0.705138442659543,0.705138442659543,0.02957626305560083,0.06329727082428284,0.7684357134838258,8.237158907843387,0.05380268020064041,0.7530669992141492,7.144474562925387,bbr,0.014297540491315701,0,0,0,0,noop,0.01527872256428513,1,not_risky,0,0,0.0,53.88456599223462,0.41603641690405757,65.56092819798195,62.3846020469299,81.63678055885849,0.0037168104609126996,0.905683759112473,0.02957626305560083,0.35870559295178395,0.7759988388115983,1.3163828261714208,1.1041381607416174,0.7641727370906285,5.9578972037309216e-05,56.44340942145169,53.88456599223462,61.27768082970914,-7.393114837474521,78.10276173195334,62.3846020469299,83.69939822096016,-21.062464350192883,0.016128611382104134,0.0037168104609126996,0.026090432556453606,-0.0165349110659984,0.8959915816136936,0.8898523066318472,0.905683759112473,0.009820355330857566,0.04327466349287737,0.02957626305560083,0.06368547317174908,-0.006455597237404218,0.6996042350717157,64.90531891600213,53.88456599223462,0.0005086682819382784,0.7684357134838258,66.21653747996177,52.806874672389924,0.014297540491315701,0.6942585818924281,64.90531891600213,53.88456599223462,0.019224476775689052
clean,clean,clean-001,7,0.042581924877138605,0.042581924877138605,0.717844683591787,0.717844683591787,0.050280547996132435,0.055091151121169295,0.7729358347129562,7.127519342097575,0.0468274784529939,0.7574771180186971,6.1820320824315695,bbr,0.02597475255327162,0,0,0,0,noop,0.024305795442860816,1,not_risky,0,0,0.0,52.61052311801192,0.5491262575180952,59.31280213201825,58.76769132165387,80.41222885047561,0.0,0.9068074944716759,0.050280547996132435,0.37373326381851435,0.904697412960727,1.2966370837788495,1.1027698889747486,0.7308302749688834,0.0,54.27661999352738,52.61052311801192,56.461955200768706,-3.851432082756787,71.93291796308611,58.76769132165387,83.69939822096016,-24.931706899306292,0.01106568100037636,0.0,0.026090432556453606,-0.014455480984139136,0.8987276042862087,0.8898523066318472,0.9068074944716759,0.01424063754283722,0.04683683541865921,0.02957626305560083,0.06368547317174908,-0.013404925175616644,0.7183697073947986,58.719674110698065,52.61052311801192,0.024776589342701737,0.7729358347129562,59.90593015333843,51.55831265565168,0.02597475255327162,0.7099220160944949,58.719674110698065,52.61052311801192,0.024052604805961074
clean,clean,clean-001,8,0.048613774800927885,0.048613774800927885,0.7026575860855798,0.7026575860855798,0.05960406685507015,0.0634551213292978,0.7661127074148776,8.282739695496863,0.05393685312990313,0.75079045326658,7.184008919563606,bbr,0.08400806540462474,0,0,0,0,noop,-0.024403998549554592,1,not_risky,0,0,0.0,49.71173350335815,0.9051921028736274,55.606044446960475,51.58225244291721,79.20604541771849,0.013896626274667208,0.8925511123663756,0.05960406685507015,0.3578201131071254,0.9375049306082811,1.2771875275221667,1.1203840162707888,0.651241356273775,0.00026940712389490393,52.589064569174745,49.71173350335815,54.1494356630943,-4.437702159736155,63.90363151857537,51.58225244291721,82.8799802628005,-31.297727819883292,0.010925967323008379,0.0,0.026090432556453606,-0.012193806281786398,0.898723668145593,0.8898523066318472,0.9068074944716759,0.002698805734528409,0.04581648383948948,0.02957626305560083,0.05960406685507015,0.015799009403915633,0.7094573072691858,55.049984002490866,49.71173350335815,0.08136546887644779,0.7661127074148776,56.16210489143008,48.71749883329098,0.08400806540462474,0.7058698467622591,55.049984002490866,49.71173350335815,0.0833762454575711
clean,clean,clean-001,9,0.03800562539883363,0.03800562539883363,0.676205415382311,0.676205415382311,-0.0062700875413263385,0.052178045545440276,0.7283834609277513,7.163540682126477,0.04435133871362423,0.7138157917091963,6.21327508143623,bbr,0.023581336641738865,0,0,0,0,noop,-0.029851424183065203,1,not_risky,0,0,0.0,51.18155787245096,0.6440182993005841,46.269793878174596,44.98285840907105,78.01795473645271,0.018810659551518377,0.9234532815755266,-0.0062700875413263385,0.31570258476006724,0.8321000772192813,1.2580297146093342,1.0828918148342872,0.5765705927696345,0.00041817394929542984,51.84709512151391,49.71173350335815,53.88456599223462,-2.703008119783661,54.42935105514301,44.98285840907105,62.3846020469299,-17.40174363785885,0.00910602407177457,0.0,0.018810659551518377,0.015093849090605677,0.9071239118815129,0.8925511123663756,0.9234532815755266,0.017769522463053633,0.033297697591369274,-0.0062700875413263385,0.05960406685507015,-0.03584635059692717,0.6726258902452068,45.80709593939285,51.18155787245096,0.0056415372074148555,0.7283834609277513,46.73249181695634,50.15792671500194,0.023581336641738865,0.656741649665677,45.80709593939285,51.18155787245096,0.025734121104037704
clean,clean,clean-001,10,0.03339080042899769,0.03339080042899769,0.7051644038075187,0.7051644038075187,-0.0008787957227770257,0.04453869848842728,0.749703102295946,5.940844896070017,0.03785789371516319,0.734709040250027,5.152773634346443,bbr,0.013987424720712079,0,0,0,0,noop,-0.014866220443489104,1,not_risky,0,0,0.0,53.247285573796724,0.723896446000793,31.381096146861527,29.998588490447098,76.84768541540592,0.03225976677685515,0.9086754612722051,-0.0008787957227770257,0.34883568044937385,0.678219925281836,1.2391592688901942,1.1005029216921238,0.3903642423098039,0.001075376156019078,51.68777501690443,49.71173350335815,53.247285573796724,0.6367624557848046,46.33284766602231,29.998588490447098,58.76769132165387,-28.769102831206773,0.01624176315076018,0.0,0.03225976677685515,0.03225976677685515,0.9078718374214458,0.8925511123663756,0.9234532815755266,0.0018679668005292527,0.025683932896774807,-0.0062700875413263385,0.05960406685507015,-0.05115934371890946,0.6894729484774541,31.06728518539291,53.247285573796724,0.012371310398265264,0.749703102295946,31.694907108330142,52.18233986232079,0.013987424720712079,0.6717922764327958,31.06728518539291,53.247285573796724,0.018716011469978425
clean,clean,clean-001,11,0.0320742763107043,0.0320742763107043,0.7409889810007797,0.7409889810007797,-0.01155472915485292,0.04101546539599884,0.7820044463967786,5.244914601826719,0.03486314558659901,0.766364357468843,4.549160624033378,bbr,-0.004848686154391563,0,0,0,0,noop,-0.006706043000461357,1,not_risky,0,0,0.0,58.90637624087377,1.611857139151825,29.949122874023104,30.58777995086357,75.69497013417482,0.009418537621743847,0.9186796443325018,-0.01155472915485292,0.36677617321546957,0.9543682838184848,1.2205718798568412,1.088518730298617,0.404092635173044,0.0003079183136819296,53.2617382976199,49.71173350335815,58.90637624087377,9.194642737515622,39.28786982332473,29.998588490447098,51.58225244291721,-20.99447249205364,0.018596397556196142,0.009418537621743847,0.03225976677685515,-0.004478088652923361,0.9108398748866522,0.8925511123663756,0.9234532815755266,0.02612853196612619,0.010225113609028466,-0.01155472915485292,0.05960406685507015,-0.07115879600992307,0.7226389479741794,29.649631645282874,58.90637624087377,-0.005621733844804808,0.7820044463967786,30.248614102763334,57.72824871605629,-0.004848686154391563,0.7043965839182622,29.649631645282874,58.90637624087377,2.6671166643503497e-05
clean,clean,clean-001,12,0.056048290291667795,0.056048290291667795,0.6674040403164468,0.6674040403164468,0.006592250197667965,0.07544994250277512,0.742853982819222,10.156766235059187,0.06413245112735885,0.7279969031628375,8.809440101837051,bbr,0.028154099553111506,0,0,0,0,noop,-0.02156184935544354,1,not_risky,0,0,0.0,57.91005366099379,0.463051994973552,25.660703316766103,23.587195038337676,74.5595455821622,0.012695945262623154,0.9014207234904729,0.006592250197667965,0.3436884523468174,0.8568098446390016,1.2022633016589885,1.109359895929405,0.31635379285332893,0.0005382558308432892,55.31131833702881,51.18155787245096,58.90637624087377,6.72849578854283,32.28910547217985,23.587195038337676,44.98285840907105,-21.395663370733374,0.01829622730318513,0.009418537621743847,0.03225976677685515,-0.006114714288895222,0.9130572776676766,0.9014207234904729,0.9234532815755266,-0.022032558085053777,-0.0030278405553220795,-0.01155472915485292,0.006592250197667965,0.012862337738994305,0.6736683347483252,25.40409628359844,57.91005366099379,0.01658427641420339,0.742853982819222,25.917310349933764,56.75185258777391,0.028154099553111506,0.6631127553930226,25.40409628359844,57.91005366099379,0.024427639588680643
clean,clean,clean-001,13,0.05358362605579511,0.05358362605579511,0.7038086093052269,0.7038086093052269,0.007565086135798305,0.0693085461589857,0.7731171554642127,8.964818031669454,0.05891226423513784,0.7576548123549284,7.775607476447995,bbr,0.029532669711844785,0,0,0,0,noop,-0.02196758357604648,1,not_risky,0,0,0.0,63.731155095204095,1.480229449257,39.221378827684646,37.98884039112056,73.44115239842976,0.015755740251105415,0.885494609217032,0.007565086135798305,0.3000100314019334,1.5284607886042747,1.5284607886042747,1.1293123522053008,0.5172691216094369,0.0004147465436925559,58.44871764271709,53.247285573796724,63.731155095204095,10.483869521407371,30.540600967692228,23.587195038337676,37.98884039112056,7.990251900673464,0.01753249747808189,0.009418537621743847,0.03225976677685515,-0.016504026525749737,0.9035676095780529,0.885494609217032,0.9186796443325018,-0.023180852055173062,0.0004309528639590812,-0.01155472915485292,0.007565086135798305,0.008443881858575331,0.7214884993875524,38.8291650394078,63.731155095204095,0.008351030479593046,0.7731171554642127,39.613592615961494,62.45653199330001,0.029532669711844785,0.7090702295051593,38.8291650394078,63.731155095204095,0.031881658096854705
clean,clean,clean-001,14,0.037231380361986595,0.037231380361986595,0.7379518603456305,0.7379518603456305,0.0010005482173740914,0.04740684733951274,0.7853587076851433,6.036330516948763,0.04029582023858583,0.7696515335314403,5.235592795312704,bbr,0.005872356717601642,0,0,0,0,noop,-0.00487180850022755,1,not_risky,0,0,0.0,62.30199993175711,0.7370913480041036,56.788718849872865,53.85271856232939,72.33953511245332,0.028814355538268513,0.9135665355455043,0.0010005482173740914,0.3730643175229916,1.447902153041805,1.5055338767752107,1.094611022943047,0.7444438021147664,0.0005350585134326811,60.71239623220719,57.91005366099379,63.731155095204095,3.3956236908833404,36.5041334856628,23.587195038337676,53.85271856232939,23.264938611465823,0.016671144668435233,0.009418537621743847,0.028814355538268513,0.019395817916524664,0.9047903781463777,0.885494609217032,0.9186796443325018,-0.0051131087869975556,0.0009007888489968605,-0.01155472915485292,0.007565086135798305,0.012555277372227011,0.7337723141099162,56.220831661374135,62.30199993175711,0.003724878846497963,0.7853587076851433,57.356606038371595,61.05595993312197,0.005872356717601642,0.7221033455320779,56.220831661374135,62.30199993175711,-0.010741536899266246
clean,clean,clean-001,15,0.05760598447750131,0.05760598447750131,0.6976157713403306,0.6976157713403306,0.06431834652561799,0.07459845058756293,0.7722142219278935,9.660331093271248,0.06340868299942848,0.7567699374893356,8.378858601306693,bbr,0.06240495501278433,0,0,0,0,noop,0.0019133915128336648,1,not_risky,0,0,0.0,59.78166704985132,0.8826885924819465,60.89434593788997,59.724709087051686,71.25444208576651,0.0,0.9279218633716992,0.06431834652561799,0.35538460712760045,1.0722965259855708,1.4829508686235824,1.0776769461669946,0.8381892740829142,0.0,60.93121893445158,57.91005366099379,63.731155095204095,1.8716133888575328,43.78836576970983,23.587195038337676,59.724709087051686,36.13751404871401,0.014316510262999271,0.0,0.028814355538268513,-0.012695945262623154,0.907100932906177,0.885494609217032,0.9279218633716992,0.026501139881226377,0.019869057769114587,0.0010005482173740914,0.06431834652561799,0.057726096327950026,0.7208618836168098,60.285402478511074,59.78166704985132,0.06655206368510831,0.7722142219278935,61.50328939726887,58.586033708854295,0.06240495501278433,0.6985654902148258,60.285402478511074,59.78166704985132,0.07978395996610171
clean,clean,clean-002,0,0.05582801244341283,0.05582801244341283,0.6257960386049034,0.6257960386049034,0.0382120996956355,0.07919021429658181,0.7049862529014852,11.232873544790646,0.06731168215209454,0.6908865278434555,9.742798482726581,cubic,0.06253539848810515,0,0,0,0,noop,-0.024323298792469646,1,not_risky,0,0,0.0,63.00689789052952,0.3618786836465451,43.2653824752001,39.61796559513739,39.61796559513739,0.06472975821278976,0.8864635181273725,0.0382120996956355,0.36815353091726405,1.0,1.0,1.1280780083454196,1.0,0.0016338486149004713,63.00689789052952,63.00689789052952,63.00689789052952,0.0,39.61796559513739,39.61796559513739,39.61796559513739,0.0,0.06472975821278976,0.06472975821278976,0.06472975821278976,0.0,0.8864635181273725,0.8864635181273725,0.8864635181273725,0.0,0.0382120996956355,0.0382120996956355,0.0382120996956355,0.0,0.642940413325196,42.8327286504481,63.00689789052952,0.06683713900719573,0.6578070032408261,42.8327286504481,63.00689789052952,0.07631545581172508,0.7049862529014852,43.6980362999521,61.74675993271893,0.06253539848810515
clean,clean,clean-002,1,0.043633170064038676,0.043633170064038676,0.6874993341591213,0.6874993341591213,0.03449383935610167,0.058490315619011295,0.7459896497781326,7.8406336651463056,0.0497167682761596,0.73106985678257,6.800549607524856,cubic,0.04657409104381659,0,0,0,0,noop,-0.01208025168771492,1,not_risky,0,0,0.0,58.7871514601063,1.1870125059404388,54.308279786624944,52.098585900399,52.098585900399,0.0608181348982996,0.8758153146484245,0.03449383935610167,0.35170288093479735,1.2552363270509554,1.2552363270509554,1.1417932334300713,1.0,0.0011673663276498608,60.89702467531791,58.7871514601063,63.00689789052952,-4.219746430423221,45.8582757477682,39.61796559513739,52.098585900399,12.48062030526161,0.06277394655554468,0.0608181348982996,0.06472975821278976,-0.003911623314490159,0.8811394163878985,0.8758153146484245,0.8864635181273725,-0.010648203478947904,0.036352969525868584,0.03449383935610167,0.0382120996956355,-0.0037182603395338326,0.6937846562669008,53.765196988758696,58.7871514601063,0.029661772335958472,0.6951471714154769,53.765196988758696,58.7871514601063,0.07620445825997849,0.7459896497781326,54.85136258449119,57.61140843090418,0.04657409104381659
clean,clean,clean-002,2,0.038866471520237963,0.038866471520237963,0.6211161100845047,0.6211161100845047,0.03955930017829182,0.05729079580801822,0.678406905892523,8.444901623258911,0.04869717643681549,0.6648387677746724,7.324659571193953,cubic,0.06268043030349488,0,0,0,0,noop,-0.02312113012520306,1,not_risky,0,0,0.0,60.59526060167792,0.7336039112832781,45.074066016372576,41.24411851184904,51.317107111893016,0.05960471724209439,0.9287995356298614,0.03955930017829182,0.3654654808918216,0.82996674159938,1.236407782145191,1.0766585916969202,0.8037109033040268,0.001445168896626328,60.79643665077125,58.7871514601063,63.00689789052952,-2.411637288851601,44.32022333579514,39.61796559513739,52.098585900399,1.6261529167116464,0.06171753678439459,0.05960471724209439,0.06472975821278976,-0.005125040970695369,0.8970261228018862,0.8758153146484245,0.9287995356298614,0.04233601750248894,0.037421746410009664,0.03449383935610167,0.03955930017829182,0.0013472004826563175,0.6211052605990177,44.62332535620885,60.59526060167792,0.06519383880015463,0.6242610553227143,44.62332535620885,60.59526060167792,0.06659925992283981,0.678406905892523,45.5248066765363,59.383355389644365,0.06268043030349488
clean,clean,clean-002,3,0.03761875294524362,0.03761875294524362,0.6955079876942071,0.6955079876942071,0.040147533648543864,0.05043138155216315,0.7459393692463703,6.760788293439246,0.04286667431933868,0.7310205818614428,5.863949030023836,cubic,0.03865585799861917,0,0,0,0,noop,0.0014916756499246953,1,not_risky,0,0,0.0,65.5279989795759,1.346605634472233,50.48387959170407,46.30333399746336,50.54735050521462,0.04338968371516355,0.8961515712052832,0.040147533648543864,0.333100895693777,1.1200205362739284,1.2178616654130132,1.1158826610715478,0.9160387940152585,0.0009370747194476443,61.97932723297241,58.7871514601063,65.5279989795759,2.5211010890463754,44.8160010012122,39.61796559513739,52.098585900399,6.68536840232597,0.05713557351708683,0.04338968371516355,0.06472975821278976,-0.021340074497626205,0.8968074849027354,0.8758153146484245,0.9287995356298614,0.009688053077910763,0.038103193219643214,0.03449383935610167,0.040147533648543864,0.0019354339529083636,0.6880442206652577,49.97904079578703,65.5279989795759,0.015274182775954541,0.6943481662734046,49.97904079578703,65.5279989795759,0.07028516837102901,0.7459393692463703,50.988718387621105,64.21743899998438,0.03865585799861917
clean,clean,clean-002,4,0.05248020348756515,0.05248020348756515,0.6785505491935173,0.6785505491935173,0.05859159065551362,0.07009975571196833,0.7486503049054857,9.363484560500936,0.05958479235517308,0.733677298807376,8.121389669822241,cubic,0.06947010546402112,0,0,0,0,noop,-0.010878514808507496,1,not_risky,0,0,0.0,64.01019351876504,0.5582832079170745,51.92443496749627,50.90679800085728,50.90679800085728,0.05096208936199627,0.8737593292044953,0.05859159065551362,0.3610391965555023,1.0285349578408576,1.199593740431818,1.1444799117743776,1.0,0.0010010861292265535,62.230151140031296,58.7871514601063,65.5279989795759,5.223042058658734,47.638209102642165,41.24411851184904,52.098585900399,-1.1917878995417226,0.05369365630438845,0.04338968371516355,0.0608181348982996,-0.009856045536303329,0.8936314376720161,0.8737593292044953,0.9287995356298614,-0.0020559854439292646,0.043198065959612744,0.03449383935610167,0.05859159065551362,0.024097751299411954,0.682371975907755,51.405190617821304,64.01019351876504,0.055611571630139245,0.7042751423058,51.405190617821304,64.01019351876504,0.08456443100240585,0.7486503049054857,52.44367931717123,62.72998964838973,0.06947010546402112
clean,clean,clean-002,5,0.0400846415821945,0.0400846415821945,0.669889065047949,0.669889065047949,0.03579930497750751,0.05527653488512671,0.7251655999330757,7.622608531103528,0.0469850546523577,0.7106622879344142,6.611446174936733,cubic,0.029347005866281917,0,0,0,0,noop,0.006452299111225593,1,not_risky,0,0,0.0,61.66444931583561,0.9406662490400426,57.427918714621036,56.978819333484864,56.978819333484864,0.05385992766744155,0.8865265077264805,0.03579930497750751,0.3219749947281811,1.1059902481475214,1.1815998343253407,1.127997855997025,1.0,0.0009452622623191065,62.94947560396362,60.59526060167792,65.5279989795759,1.06918871415769,48.85826746091364,41.24411851184904,56.978819333484864,15.734700821635826,0.05195410449667394,0.04338968371516355,0.05960471724209439,-0.005744789574652839,0.8963092359415301,0.8737593292044953,0.9287995356298614,-0.042273027903380944,0.0435244323649642,0.03579930497750751,0.05859159065551362,-0.003759995200784308,0.6635193975147977,56.853639527474826,61.66444931583561,0.01581948965697584,0.6827917714779812,56.853639527474826,61.66444931583561,0.04887714717709141,0.7251655999330757,58.002197901767246,60.431160329518896,0.029347005866281917
clean,clean,clean-002,6,0.04971709341927826,0.04971709341927826,0.6573620056117574,0.6573620056117574,0.01910312055559186,0.06849439298892164,0.7258563986006791,9.436355885401925,0.05822023404058339,0.7113392706286655,8.18459439039963,cubic,0.04554544516112784,0,0,0,0,noop,-0.02644232460553598,1,not_risky,0,0,0.0,62.49492948456032,0.5773911522623688,55.408543195335014,53.99374042791821,56.12413704348259,0.07938662766389051,0.9078071721410542,0.01910312055559186,0.38693930353796874,0.9648363450306986,1.1638758368104605,1.1015555182732362,0.9620413474880899,0.0014702931679621617,63.42439282468422,61.66444931583561,65.5279989795759,-3.0330694950155745,52.045672939930924,46.30333399746336,56.978819333484864,7.69040643045485,0.056899582102122974,0.04338968371516355,0.07938662766389051,0.03599694394872696,0.8910611450693283,0.8737593292044953,0.9078071721410542,0.011655600935771004,0.038410387459289215,0.01910312055559186,0.05859159065551362,-0.021044413092952005,0.6702181481320392,54.85445776338166,62.49492948456032,0.028413892893724185,0.6811906764696101,54.85445776338166,62.49492948456032,0.06916188828818616,0.7258563986006791,55.96262862728837,61.24503089486912,0.04554544516112784
clean,clean,clean-002,7,0.035205778046918317,0.035205778046918317,0.6799226275999162,0.6799226275999162,0.028763523717927123,0.04834201212902734,0.7282646397289435,6.637973271230084,0.04109071030967324,0.7136993469343647,5.757425796475073,cubic,0.023651099212765807,0,0,0,0,noop,0.005112424505161316,1,not_risky,0,0,0.0,59.62687619177676,0.8503513645800296,44.829755298521086,44.73180765544488,55.28227498783035,0.05040090721650934,0.8948647335112115,0.028763523717927123,0.343148034391698,0.809076592042496,1.1464176992583035,1.1174873280303108,0.8091528010613165,0.0011267353111399333,61.94911212773444,59.62687619177676,64.01019351876504,-4.383317326988276,51.65279135442631,44.73180765544488,56.978819333484864,-6.174990345412397,0.05865238797745941,0.05040090721650934,0.07938662766389051,-0.0005611821454869284,0.8907394356458104,0.8737593292044953,0.9078071721410542,0.021105404306716258,0.03556438497663503,0.01910312055559186,0.05859159065551362,-0.0298280669375865,0.6662363204251105,44.381457745535876,59.62687619177676,0.027771680335084203,0.6836217375941566,44.381457745535876,59.62687619177676,0.032967955362163175,0.7282646397289435,45.278052851506295,58.434338667941226,0.023651099212765807
clean,clean,clean-002,8,0.04044999156156802,0.04044999156156802,0.7218125503715787,0.7218125503715787,0.018061110445750973,0.052256321173136555,0.7740688715447152,6.750861983230894,0.04441787299716607,0.7585874941138209,5.855339475251284,cubic,0.04099003127662232,0,0,0,0,noop,-0.022928920830871346,1,not_risky,0,0,0.0,60.915813871647124,0.46357411697350237,42.50601147387871,40.3871973078966,54.453040863012895,0.05256847592810738,0.8487766120757682,0.018061110445750973,0.32164972185699464,0.948165145913276,1.1292214337694289,1.1781662993215611,0.7416885571092048,0.001301612377985661,61.175517215954955,59.62687619177676,62.49492948456032,-0.748635444188487,49.02289118118614,40.3871973078966,56.978819333484864,-16.591622025588265,0.05905398461898719,0.05040090721650934,0.07938662766389051,-0.0012914517393341693,0.8844937563636286,0.8487766120757682,0.9078071721410542,-0.037749895650712295,0.025431764924194366,0.018061110445750973,0.03579930497750751,-0.017738194531756537,0.7121256252642405,42.080951359139924,60.915813871647124,0.010319404265180864,0.7294808354257619,42.080951359139924,60.915813871647124,0.045228953730242674,0.7740688715447152,42.93107158861749,59.697497594214184,0.04099003127662232
clean,clean,clean-002,9,0.07157683201674057,0.07157683201674057,0.6760744802739748,0.6760744802739748,-0.0017739489811042577,0.09306136544666774,0.7691358457206425,12.099470589551553,0.07910216062966757,0.7537531288062297,10.494438776651855,cubic,-0.015606588892404467,0,0,0,0,noop,0.01383263991130021,1,not_risky,0,0,0.0,61.023370678296644,0.33920079267900116,38.33465226152097,35.38115961440319,53.6362452500677,0.03149383945471625,0.9296696528389686,-0.0017739489811042577,0.30315045281264663,0.9018642524264793,1.1122831122628873,1.0756509013134514,0.6596501945549317,0.0008901302217888738,61.015247556570216,59.62687619177676,62.49492948456032,-1.4715588062636797,43.623476251415724,35.38115961440319,53.99374042791821,-18.612580813515024,0.05346246256580587,0.03149383945471625,0.07938662766389051,-0.04789278820917426,0.8952795426417507,0.8487766120757682,0.9296696528389686,0.02186248069791441,0.016038451434541426,-0.0017739489811042577,0.028763523717927123,-0.020877069536696116,0.7140688219395207,37.95130573890576,61.023370678296644,-0.015564673943379514,0.7169883718063003,37.95130573890576,61.023370678296644,-0.0044446066979361865,0.7691358457206425,38.717998784136185,59.80290326473071,-0.015606588892404467
clean,clean,clean-002,10,0.04838533833535904,0.04838533833535904,0.6381191909127846,0.6381191909127846,0.010589011314084192,0.06847667870146734,0.7065958696142519,9.691066937434895,0.05820517689624724,0.6924639522219669,8.405517241652715,cubic,-0.015941191350918055,0,0,0,0,noop,0.026530202665002247,1,not_risky,0,0,0.0,67.10074068387453,1.5859277106060075,43.38239489257106,40.3989758948899,52.831701571316685,0.07558569657161888,0.8773319683084264,0.010589011314084192,0.3223818521879477,1.1316757120063101,1.1316757120063101,1.13981940260092,0.7646730030142216,0.0018709805111960718,62.16670035639877,59.62687619177676,67.10074068387453,7.473864492097775,40.22478511815864,35.38115961440319,44.73180765544488,-4.332831760554981,0.052512229792737966,0.03149383945471625,0.07558569657161888,0.025184789355109545,0.8876607416835938,0.8487766120757682,0.9296696528389686,-0.017532765202785128,0.013909924124164507,-0.0017739489811042577,0.028763523717927123,-0.01817451240384293,0.6541201612260408,42.94857094364534,67.10074068387453,-0.021181323470781388,0.6664737576812401,42.94857094364534,67.10074068387453,0.01086109718067604,0.7065958696142519,43.81621884149677,65.75872587019704,-0.015941191350918055
clean,clean,clean-002,11,0.05793720828729519,0.05793720828729519,0.6744415522881949,0.6744415522881949,-0.0022223879554569698,0.07709198029784783,0.7515335325860427,10.257956159663655,0.06552818325317065,0.7365028619343218,8.89720687317766,cubic,0.016032156594538115,0,0,0,0,noop,-0.018254544549995085,1,not_risky,0,0,0.0,63.024669172772235,1.1538551452837476,19.631224366832363,18.931083805600622,52.039226047746936,0.09358721779429488,0.889379747061712,-0.0022223879554569698,0.3419042759923437,0.452515920696533,1.1147005763262154,1.1243791004953168,0.3637848838918359,0.004943574216633481,63.016148601647636,60.915813871647124,67.10074068387453,2.1088553011251108,33.774604155697574,18.931083805600622,40.3989758948899,-21.456113502295977,0.06330880743718434,0.03149383945471625,0.09358721779429488,0.0410187418661875,0.8862894950712188,0.8487766120757682,0.9296696528389686,0.04060313498594381,0.006163446205818484,-0.0022223879554569698,0.018061110445750973,-0.020283498401207942,0.6926354865695873,19.43491212316404,63.024669172772235,0.010505199838981938,0.706150553758063,19.43491212316404,63.024669172772235,0.03607530599376327,0.7515335325860427,19.827536610500687,61.76417578931679,0.016032156594538115
clean,clean,clean-002,12,0.07392763556358124,0.07392763556358124,0.6489711149715908,0.6489711149715908,0.004153230255955434,0.09885651765019751,0.7478276326217883,13.21915817734886,0.08402804000266788,0.7328710799693525,11.465596378312783,cubic,0.024813927940049794,0,0,0,0,noop,-0.02066069768409436,1,not_risky,0,0,0.0,65.88830223930991,0.9441194184556538,33.75679855125462,32.206533146163004,51.25863765703073,0.09067476500920679,0.8810612621369341,0.004153230255955434,0.3422709894096652,1.7195462657075993,1.7195462657075993,1.1349948556069651,0.6283142630839214,0.0028154152636577566,64.25927069356332,61.023370678296644,67.10074068387453,4.864931561013265,31.72943811526418,18.931083805600622,40.3989758948899,-3.1746264682401844,0.07283537970745921,0.03149383945471625,0.09358721779429488,0.05918092555449054,0.8943606575865103,0.8773319683084264,0.9296696528389686,-0.04860839070203449,0.0026864761583695997,-0.0022223879554569698,0.010589011314084192,0.005927179237059692,0.6851423780236392,33.41923056574207,65.88830223930991,-0.004456370664412498,0.7014077141074033,33.41923056574207,65.88830223930991,0.040024767782321814,0.7478276326217883,34.09436653676717,64.57053619452371,0.024813927940049794
clean,clean,clean-002,13,0.052901628126398974,0.052901628126398974,0.6709416730803515,0.6709416730803515,0.02274676394312949,0.07127516564714052,0.742216838727492,9.603011132075581,0.06058389080006944,0.7273725019529421,8.329142308432903,cubic,0.04169634049801072,0,0,0,0,noop,-0.01894957655488123,1,not_risky,0,0,0.0,60.04430069166925,1.5293089722070083,39.921214349084316,38.22018558171815,50.48975809217527,0.06535525855986507,0.891285362009426,0.02274676394312949,0.36868688311289954,1.182612571760025,1.6937530717219853,1.1219751188838938,0.7569888830115307,0.001709967064919916,64.01450319690649,60.04430069166925,67.10074068387453,-7.056439992205284,32.439194607092915,18.931083805600622,40.3989758948899,-2.1787903131717528,0.0813007344837464,0.06535525855986507,0.09358721779429488,-0.010230438011753815,0.8847645848791246,0.8773319683084264,0.891285362009426,0.013953393700999572,0.008816654389428037,-0.0022223879554569698,0.02274676394312949,0.0121577526290453,0.6862185889785327,39.52200220559347,60.04430069166925,0.05115008774080962,0.6956427915141669,39.52200220559347,60.04430069166925,0.059334425239445876,0.742216838727492,40.32042649257516,58.84341467783587,0.04169634049801072
clean,clean,clean-002,14,0.03309949982445263,0.03309949982445263,0.7017524241812285,0.7017524241812285,-0.006053918566784236,0.04436247027171519,0.7461148944529437,5.945796096758268,0.037708099730957914,0.7311925965638848,5.15706804310666,cubic,-0.0007279049690346284,0,0,0,0,noop,-0.005326013597749608,1,not_risky,0,0,0.0,62.55045294239512,0.9004149845677936,41.90572572458171,39.38840295957805,49.73241172079264,0.06785878073024984,0.89986996162297,-0.006053918566784236,0.31630455685093684,1.049710696627216,1.6683467756461554,1.1112716755168042,0.7920066933554751,0.0017228111736312139,62.876931261536626,60.04430069166925,65.88830223930991,-0.4742162303771167,32.186551373264955,18.931083805600622,39.38840295957805,20.45731915397743,0.07936900552340415,0.06535525855986507,0.09358721779429488,-0.02572843706404504,0.8903990832077605,0.8810612621369341,0.89986996162297,0.010490214561257982,0.00465592191921093,-0.006053918566784236,0.02274676394312949,-0.0038315306113272662,0.6892624291127017,41.48666846733589,62.55045294239512,-0.022050512271888423,0.6888400540624999,41.48666846733589,62.55045294239512,0.010165090674948347,0.7461148944529437,42.324782981827525,61.29944388354721,-0.0007279049690346284
clean,clean,clean-002,15,0.0638678455655067,0.0638678455655067,0.7212617257213587,0.7212617257213587,0.03893675854939483,0.0797354219672407,0.8009971476885994,9.954520087534586,0.0677751086721546,0.7849772047348275,8.634022524902447,cubic,0.056720906851200265,0,0,0,0,noop,-0.017784148301805434,1,not_risky,0,0,0.0,64.30509554950441,0.7286611909819479,49.616169479817316,48.351832403126835,48.98642554498075,0.04157325775509906,0.9298181286391359,0.03893675854939483,0.3285036758970429,1.1839949940471428,1.643321574011463,1.075479138553236,0.9870455307813547,0.0008598072852438698,63.19703785571967,60.04430069166925,65.88830223930991,-1.5832066898054933,39.54173852264651,32.206533146163004,48.351832403126835,16.14529925696383,0.06636551551360519,0.04157325775509906,0.09067476500920679,-0.04910150725410773,0.9005086786021165,0.8810612621369341,0.9298181286391359,0.04875686650220179,0.01494570854542388,-0.006053918566784236,0.03893675854939483,0.0347835282934394,0.7347445481284811,49.12000778501914,64.30509554950441,0.04846325917766122,0.7512348757060393,49.12000778501914,64.30509554950441,0.08502412324325442,0.8009971476885994,50.11233117461549,63.018993638514324,0.056720906851200265
synthetic_allowed_subset_smoke,adv,adv-delayed_recovery-000,0,0.03705795031552937,0.03705795031552937,0.6846868302872888,0.6846868302872888,0.002552765816176205,0.05041218851815318,0.735099018805442,6.857877269388075,0.0428503602404302,0.7203970384293332,5.948158856101901,bbr,-0.024094942820835935,0,0,0,0,noop,0.02664770863701214,1,not_risky,0,0,0.0,57.80046254556817,0.4285053019944939,34.241862132036644,33.29194496038172,33.29194496038172,0.0637572535046444,0.8927828964670163,0.002552765816176205,0.32014386089253294,1.0,1.0,1.1200931424171217,1.0,0.0019150954857253665,57.80046254556817,57.80046254556817,57.80046254556817,0.0,33.29194496038172,33.29194496038172,33.29194496038172,0.0,0.0637572535046444,0.0637572535046444,0.0637572535046444,0.0,0.8927828964670163,0.8927828964670163,0.8927828964670163,0.0,0.002552765816176205,0.002552765816176205,0.002552765816176205,0.0,0.6669162827401174,33.899443510716274,57.80046254556817,-0.037877264347027755,0.735099018805442,34.584280753357014,56.644453294656806,-0.024094942820835935,0.6613778174637959,33.899443510716274,57.80046254556817,-0.02306132019028486
synthetic_allowed_subset_smoke,adv,adv-delayed_recovery-000,1,0.031364080632727775,0.031364080632727775,0.687733002687931,0.687733002687931,0.05360585768332253,0.04292575734184016,0.7306587600297711,5.874939122072679,0.03648689374056414,0.7160455848291757,5.095610463022222,bbr,0.06960333651067388,0,0,0,0,noop,-0.01599747882735135,1,not_risky,0,0,0.0,66.67009699052214,2.180815738396389,53.29986360555755,53.09403339205292,53.09403339205292,0.07418942576092744,0.8974275845219475,0.05360585768332253,0.32115292508974114,1.5565702414206692,1.5565702414206692,1.114296035966726,1.0,0.001397321337655844,62.23527976804516,57.80046254556817,66.67009699052214,8.869634444953967,43.192989176217324,33.29194496038172,53.09403339205292,19.8020884316712,0.06897333963278592,0.0637572535046444,0.07418942576092744,0.01043217225628304,0.8951052404944819,0.8927828964670163,0.8974275845219475,0.004644688054931234,0.02807931174974937,0.002552765816176205,0.05360585768332253,0.05105309186714632,0.674178940251979,52.766864969501974,66.67009699052214,0.05588177408699868,0.7306587600297711,53.83286224161312,65.3366950507117,0.06960333651067388,0.666589887381172,52.766864969501974,66.67009699052214,0.06812354632300895
synthetic_allowed_subset_smoke,adv,adv-delayed_recovery-000,2,0.028573668933776677,0.028573668933776677,0.7012004856954293,0.7012004856954293,0.028850020085439097,0.03862231459038293,0.7398228002858122,5.22048179313508,0.03282896740182549,0.7250263442800959,4.527968902208998,bbr,0.04294694755722305,0,0,0,0,noop,-0.014096927471783954,1,not_risky,0,0,0.0,63.367347544444264,1.1651425773014712,57.22468271075205,52.84203832793996,52.84203832793996,0.05136145327365465,0.9055882801108802,0.028850020085439097,0.31597435797473805,1.0736365693961225,1.5332216877993592,1.1042545734774307,1.0,0.0009719809246362388,62.61263569351153,57.80046254556817,66.67009699052214,5.566884998876091,46.4093388934582,33.29194496038172,53.09403339205292,19.55009336755824,0.06310271084640882,0.05136145327365465,0.07418942576092744,-0.012395800230989747,0.8985995870332814,0.8927828964670163,0.9055882801108802,0.012805383643863966,0.028336214528312614,0.002552765816176205,0.05360585768332253,0.026297254269262892,0.6704522043405055,56.65243588364453,63.367347544444264,0.029831914655670633,0.7398228002858122,57.79692953785957,62.10000059355538,0.04294694755722305,0.6631501433871361,56.65243588364453,63.367347544444264,0.04500863210134345
synthetic_allowed_subset_smoke,adv,adv-delayed_recovery-000,3,0.06125154512543249,0.06125154512543249,0.6692642983766479,0.6692642983766479,-0.013869729850484798,0.08157719765029425,0.7508414960269422,10.864769472912435,0.06934061800275011,0.7358246661064033,9.423524542832215,bbr,-0.02396093425455558,0,0,0,0,noop,0.010091204404070783,1,not_risky,0,0,0.0,63.371220505232294,0.2548064370687909,35.1272765767847,32.55780448758293,52.04940775302086,0.06535607010324782,0.8524707860059555,-0.013869729850484798,0.2897205735215469,0.6138483415336539,1.5102233624823689,1.1730607270253293,0.6255172900731676,0.002007385667795065,62.80228189644172,57.80046254556817,66.67009699052214,5.570757959664121,42.94645529198938,32.55780448758293,53.09403339205292,-0.7341404727987921,0.06366605066061858,0.05136145327365465,0.07418942576092744,0.0015988165986034197,0.8870673867764498,0.8524707860059555,0.9055882801108802,-0.04031211046106076,0.017784728433613263,-0.013869729850484798,0.05360585768332253,-0.016422495666661003,0.6928269158603624,34.77600381101686,63.371220505232294,-0.037611648120086605,0.7508414960269422,35.47854934255255,62.10379609512765,-0.02396093425455558,0.6793452930431382,34.77600381101686,63.371220505232294,-0.02247974152240247
synthetic_allowed_subset_smoke,adv,adv-delayed_recovery-000,4,0.04600523999101715,0.04600523999101715,0.6920918928057052,0.6920918928057052,0.0024642814184996555,0.06108184313363075,0.7531737359393359,8.109927393770747,0.05191956666358614,0.7381102612205491,7.034120698678709,bbr,-0.007425759509034488,0,0,0,0,noop,0.009890040927534142,1,not_risky,0,0,0.0,63.66459461860862,0.25133218639125043,32.935604927872525,32.69417229868073,51.26866663672555,0.09657487754171909,0.8748243979684871,0.0024642814184996555,0.3361165305536155,0.9376076979915764,1.4875700120451334,1.1430865466511853,0.637702800627562,0.0029538866027697557,64.26831491470182,63.367347544444264,66.67009699052214,-3.005502371913522,42.797012126564134,32.55780448758293,53.09403339205292,-20.399861093372188,0.07187045666988726,0.05136145327365465,0.09657487754171909,0.022385451780791654,0.8825777621518176,0.8524707860059555,0.9055882801108802,-0.022603186553460386,0.01776260733419412,-0.013869729850484798,0.05360585768332253,-0.05114157626482287,0.6861514578971382,32.6062488785938,63.66459461860862,-0.011116593402949368,0.7531737359393359,33.26496097715125,62.39130272623645,-0.007425759509034488,0.6888600625098139,32.6062488785938,63.66459461860862,-0.02018052877631985
synthetic_allowed_subset_smoke,adv,adv-delayed_recovery-000,5,0.0554772981853989,0.0554772981853989,0.7304754730208782,0.7304754730208782,0.02171877367481687,0.0693608165896234,0.7998362896105016,8.671876669086897,0.05895669410117989,0.7838395638182916,7.521525682371289,bbr,0.03804066561500649,0,0,0,0,noop,-0.016321891940189622,1,not_risky,0,0,0.0,54.423645206530765,2.3845585479454074,50.10159714002295,47.50311584940735,50.49963663717467,0.057636353357936786,0.8973712874158771,0.02171877367481687,0.3059443243493271,1.5211986313821522,1.5211986313821522,1.1143659419722003,0.9406625277465568,0.0012133173230289452,61.20670196870398,54.423645206530765,63.66459461860862,-8.9437023379135,41.39928274090274,32.55780448758293,52.84203832793996,-5.338922478532609,0.06773218856913958,0.05136145327365465,0.09657487754171909,0.006274900084282137,0.8825636878752999,0.8524707860059555,0.9055882801108802,-0.00821699269500309,0.009790836332067707,-0.013869729850484798,0.028850020085439097,-0.007131246410622228,0.7339404488296526,49.600581168622725,54.423645206530765,0.01418792104701985,0.7998362896105016,50.60261311142318,53.335172302400146,0.03804066561500649,0.7253913793902566,49.600581168622725,54.423645206530765,0.053371955004872726
synthetic_allowed_subset_smoke,adv,adv-delayed_recovery-000,6,0.22590689252336557,0.22590689252336557,0.4970555919437259,0.4970555919437259,-0.013010746507153462,0.28782372858455846,0.7848793205282844,36.6710806434333,0.2446501692968747,0.7691817341177186,31.80654953767174,bbr,0.21698925349284653,1,0,1,2,push_harder,-0.22999999999999998,1,sage_less_aggressive_than_reference,0,0,0.0,71.45854405076398,3.9519081746023836,15.808737253088696,12.00505955030453,49.74214208761705,0.1566125413404477,0.6955072961032034,-0.013010746507153462,0.3522531935688779,0.35,1.4983806519114198,1.4377994387734132,0.24134584974564463,0.013045544729220017,63.22950109528391,54.423645206530765,71.45854405076398,8.087323545531682,31.19003804649389,12.00505955030453,47.50311584940735,-20.552744937278398,0.09404496058583785,0.057636353357936786,0.1566125413404477,0.09125647123719988,0.8300434418733807,0.6955072961032034,0.8973712874158771,-0.1569634899027521,-0.0006743553160804337,-0.013869729850484798,0.02171877367481687,0.0008589833433313362,0.7321313011581498,16.282999370681356,71.45854405076398,0.17596850507051862,0.7848793205282844,18.02196046852111,69.31478772924106,0.21698925349284653,0.7171837784307104,16.282999370681356,71.45854405076398,0.17372445118248814
synthetic_allowed_subset_smoke,adv,adv-delayed_recovery-000,7,0.24619091100697033,0.24619091100697033,0.4486103866695866,0.4486103866695866,-0.011148910275965278,0.3202163680050028,0.7688267546745894,41.65000321048093,0.27218391280425236,0.7534502195810976,36.1250027846008,bbr,0.21885108972403472,1,0,1,2,push_harder,-0.23,1,sage_less_aggressive_than_reference,0,0,0.0,66.75186988790644,1.2564509486316042,44.41805040560165,31.845787529283506,48.99600995630279,0.1485256379716564,0.7700913580126044,-0.011148910275965278,0.39606720695647196,1.8,1.8,1.2985472302672336,0.6499669576703337,0.004663902182826567,64.07466344095245,54.423645206530765,71.45854405076398,3.0872752692978196,31.012033806919035,12.00505955030453,47.50311584940735,-0.848384769397228,0.11483735255294,0.057636353357936786,0.1566125413404477,0.05195076042993732,0.809448584875043,0.6955072961032034,0.8973712874158771,-0.10473303995588268,5.849577549445813e-06,-0.013010746507153462,0.02171877367481687,-0.013613191694464934,0.7057310903605497,45.7505919177697,66.75186988790644,0.19699817962028932,0.7688267546745894,50.63657746238587,64.74931379126924,0.21885108972403472,0.7004362105054529,45.7505919177697,66.75186988790644,0.23037270802901663
synthetic_allowed_subset_smoke,adv,adv-delayed_recovery-000,8,0.22778107258791705,0.22778107258791705,0.463389488252711,0.463389488252711,0.0034471820373212954,0.2988366187954744,0.7622261070481854,39.20577057544723,0.2540111259761532,0.7469815849072217,34.005005090949126,bbr,0.2334471820373213,1,0,1,2,push_harder,-0.22999999999999998,1,sage_less_aggressive_than_reference,0,0,0.0,61.16690025548489,1.5320389151540101,60.93294101955193,52.0328527559639,52.0328527559639,0.07278294155288031,0.8357639205161737,0.0034471820373212954,0.363599852321039,1.3718058416149566,1.8,1.19651013336684,1.0,0.0013987882212462025,63.45023985017151,54.423645206530765,71.45854405076398,6.743255048954126,35.84670392123982,12.00505955030453,52.0328527559639,4.5297369065565505,0.10888936855573031,0.057636353357936786,0.1566125413404477,0.015146588194943529,0.7996834655119646,0.6955072961032034,0.8973712874158771,-0.061607366899703475,0.0002515747322548562,-0.013010746507153462,0.02171877367481687,-0.018271591637495574,0.7118876392384437,62.760929250138496,61.16690025548489,0.21251272036335173,0.7622261070481854,69.4635527622892,59.33189324782034,0.2334471820373213,0.6972045184761743,62.760929250138496,61.16690025548489,0.2245136687592831
synthetic_allowed_subset_smoke,adv,adv-delayed_recovery-000,9,0.22768972098721854,0.22768972098721854,0.4783471096127058,0.4783471096127058,0.02124235296332277,0.29458079909244766,0.7729279087051535,38.11232532487328,0.2503936792285805,0.7574693505310504,33.0566087001452,bbr,0.25124235296332276,1,0,1,2,push_harder,-0.22999999999999998,1,sage_less_aggressive_than_reference,0,0,0.0,53.0555207080412,2.0798738439959816,88.83729605675248,75.03363604590152,75.03363604590152,0.06380138840836864,0.9339253236537914,0.02124235296332277,0.34136677675918115,1.4579518823528754,1.8,1.0707494214716278,1.0,0.0008503038339943757,63.108208725549126,53.0555207080412,71.45854405076398,-18.403023342722776,42.72933397036336,12.00505955030453,75.03363604590152,63.02857649559699,0.11043062731833826,0.06380138840836864,0.1566125413404477,-0.09281115293207905,0.8088219745714431,0.6955072961032034,0.9339253236537914,0.23841802755058805,0.00013246955438133215,-0.013010746507153462,0.02124235296332277,0.034253099470476236,0.7164529567452432,91.50241493845506,53.0555207080412,0.1928985479955476,0.7729279087051535,101.27451750469781,51.46385508679996,0.25124235296332276,0.7037140304572354,91.50241493845506,53.0555207080412,0.20968647420800476
synthetic_allowed_subset_smoke,adv,adv-delayed_recovery-000,10,0.04494990935072072,0.04494990935072072,0.7299872073329056,0.7299872073329056,0.021243509955234476,0.05710856414146589,0.7870957714743715,7.255605507127971,0.04854227952024601,0.771353856044884,6.293127225570179,cubic,0.027040488523718324,0,0,0,0,noop,-0.005796978568483848,1,not_risky,0,0,0.0,56.54308594408798,0.9959929775017504,40.07792526722842,37.76429194680652,73.90813150521299,0.0003444941255384107,0.9407537891553892,0.021243509955234476,0.37562481537673387,0.45113850878155043,1.8,1.0629773821031347,0.5109626123364095,9.12221857684114e-06,59.379344198880126,53.0555207080412,66.75186988790644,-10.20878394381846,49.169142069488856,31.845787529283506,75.03363604590152,5.9185044175230175,0.07136361551461094,0.0003444941255384107,0.1485256379716564,-0.148181143846118,0.8701335978344897,0.7700913580126044,0.9407537891553892,0.1706624311427848,0.008696033669978316,-0.011148910275965278,0.021243509955234476,0.03239242023119975,0.7240418849854228,39.677146014556136,56.54308594408798,0.017613073961517824,0.7459285679072224,39.677146014556136,56.54308594408798,0.04264230701784946,0.7870957714743715,40.47870451990071,55.41222422520622,0.027040488523718324
synthetic_allowed_subset_smoke,adv,adv-delayed_recovery-000,11,0.052480444729381535,0.052480444729381535,0.7439734178913004,0.7439734178913004,0.059167935402854935,0.0648823290526925,0.808855746943993,8.02149571142073,0.05514997969478863,0.7926786320051131,6.957419749701653,cubic,0.07626004289331902,0,0,0,0,noop,-0.01709210749046408,1,not_risky,0,0,0.0,54.61054062109611,0.6682824365362677,46.78651134980485,44.18557178325399,72.7995095326348,0.012979782580300055,0.9606697437607876,0.059167935402854935,0.3611762623120759,1.1673885571133098,1.8,1.040940454817744,0.6069487564809257,0.00029375613025832333,56.34401188217754,53.0555207080412,61.16690025548489,-6.556359634388777,52.25408813298148,37.76429194680652,75.03363604590152,-7.84728097270991,0.03747715166677186,0.0003444941255384107,0.07278294155288031,-0.05980315897258026,0.9177781942715355,0.8357639205161737,0.9606697437607876,0.12490582324461397,0.026275245089683368,0.0034471820373212954,0.059167935402854935,0.05572075336553364,0.7527491851975358,46.3186462363068,54.61054062109611,0.06302613004572725,0.7561649136762101,46.3186462363068,54.61054062109611,0.0935648338131109,0.808855746943993,47.2543764633029,53.51832980867419,0.07626004289331902
synthetic_allowed_subset_smoke,adv,adv-delayed_recovery-000,12,0.037437718926169844,0.037437718926169844,0.7402646721670247,0.7402646721670247,0.02398778472923451,0.04752262335167499,0.7877872955186997,6.032418093310943,0.04039422984892374,0.7720315496083258,5.232199366647246,cubic,0.030191023427781735,0,0,0,0,noop,-0.006203238698547223,1,not_risky,0,0,0.0,47.292058733753436,1.8965939948825228,45.51259204049136,43.45111088006565,71.70751688964528,0.005223428114560294,0.924729688478262,0.02398778472923451,0.37923752292926644,0.972771654210572,1.8,1.0813970963186044,0.6059491775030365,0.00012021391418456646,52.87530150174468,47.292058733753436,56.54308594408798,-5.763461974287765,50.10865266400692,37.76429194680652,75.03363604590152,-31.582525165835868,0.02058727330719185,0.0003444941255384107,0.06380138840836864,-0.05857796029380835,0.9400196362620576,0.924729688478262,0.9606697437607876,-0.00919563517552946,0.03141039576266167,0.02124235296332277,0.059167935402854935,0.00274543176591174,0.7200666963898188,45.057466120086445,47.292058733753436,0.00967422063152345,0.7449104677993049,45.057466120086445,47.292058733753436,0.05247794755801292,0.7877872955186997,45.96771796089628,46.34621755907837,0.030191023427781735
synthetic_allowed_subset_smoke,adv,adv-delayed_recovery-000,13,0.03182045357805984,0.03182045357805984,0.7853718939348484,0.7853718939348484,0.0032055145742279894,0.03861755003180317,0.8239894439666515,4.686655917083096,0.0328249175270327,0.8075096550873185,4.064956662776154,cubic,0.019274533088962743,0,0,0,0,noop,-0.016069018514734752,1,not_risky,0,0,0.0,49.60359115397908,0.7429987290871283,31.89003185500444,30.88561228098487,70.63190413630059,0.0,0.947193887609469,0.0032055145742279894,0.3884536010411689,0.7006859074656243,1.8,1.05575005611977,0.4372756569238731,0.0,52.012319113229154,47.292058733753436,56.54308594408798,-6.9394947901088955,39.07164672277776,30.88561228098487,44.18557178325399,-6.878679665821654,0.00463692620509969,0.0,0.012979782580300055,-0.0003444941255384107,0.943336777250977,0.924729688478262,0.9606697437607876,0.006440098454079779,0.02690118616538798,0.0032055145742279894,0.059167935402854935,-0.018037995381006484,0.7727466593724739,31.571131536454395,49.60359115397908,0.02460161582836501,0.7808823791308119,31.571131536454395,49.60359115397908,0.021773184682344713,0.8239894439666515,32.20893217355449,48.6115193308995,0.019274533088962743
synthetic_allowed_subset_smoke,adv,adv-delayed_recovery-000,14,0.0354789523153946,0.0354789523153946,0.7533073930618287,0.7533073930618287,0.0022321873645196,0.04447212721514462,0.7977795202769733,5.574488450105209,0.03780130813287293,0.7818239298714338,4.835015492438192,cubic,-0.005447722724278618,0,0,0,0,noop,0.007679910088798219,1,not_risky,0,0,0.0,55.221931977755915,1.4350250318643805,27.327675707031798,24.281359043033177,69.57242557425609,0.009317675109381227,0.9517277897756447,0.0022321873645196,0.3582230460576978,0.856934725913211,1.8,1.0507206059788743,0.3490083728231838,0.00038373779214202015,51.682030621646135,47.292058733753436,55.221931977755915,0.6113913566598015,35.700913496834424,24.281359043033177,44.18557178325399,-19.904212740220814,0.006880221451060394,0.0,0.012979782580300055,-0.0036621074709188278,0.9460802774060408,0.924729688478262,0.9606697437607876,-0.00894195398514297,0.02214835551770926,0.0022321873645196,0.059167935402854935,-0.056935748038335336,0.7335350734546939,27.05439894996148,55.221931977755915,-0.029004934708354774,0.7425102462558347,27.05439894996148,55.221931977755915,-0.0013280476349237687,0.7977795202769733,27.600952464102114,54.117493338200795,-0.005447722724278618
synthetic_allowed_subset_smoke,adv,adv-delayed_recovery-000,15,0.03726599633425366,0.03726599633425366,0.7107371600081879,0.7107371600081879,-0.004627763802934622,0.049048066523196994,0.7597852265313849,6.455517271257568,0.04169085654471744,0.7445895220007572,5.599173143437686,cubic,-0.007777976704458407,0,0,0,0,noop,0.0031502129015237856,1,not_risky,0,0,0.0,55.50757086017358,0.28507044174261664,36.73690741337139,35.60334474961085,68.52883919064224,0.0017781993683838294,0.9338335779717816,-0.004627763802934622,0.30957833702107196,1.344311452141481,1.8,1.0708546186269368,0.5195381268689658,4.994472797119056e-05,51.906288181415505,47.292058733753436,55.50757086017358,8.215512126420144,33.55535673842363,24.281359043033177,43.45111088006565,-7.847766130454801,0.004079825648081337,0.0,0.009317675109381227,-0.0034452287461764646,0.9393712359587894,0.924729688478262,0.9517277897756447,0.00910388949351959,0.00619943071626187,-0.004627763802934622,0.02398778472923451,-0.028615548532169133,0.6914026245431204,36.36953833923768,55.50757086017358,-0.011054976319237035,0.7015394364491182,36.36953833923768,55.50757086017358,0.010641459041051338,0.7597852265313849,37.1042764875051,54.397419442970104,-0.007777976704458407
synthetic_allowed_subset_smoke,adv,adv-under_aggressiveness-001,0,0.048981376768155865,0.048981376768155865,0.7723120390990311,0.7723120390990311,0.018279790350797187,0.0589258248369767,0.8312378639360078,7.088924529731607,0.05008695111143019,0.8146131066572877,6.148556990073332,bbr,-0.00881067642575338,0,0,0,0,noop,0.027090466776550567,1,not_risky,0,0,0.0,55.15052702157389,0.38995104911118916,34.62290499473341,35.18208011034471,35.18208011034471,0.0,0.9625083174585065,0.018279790350797187,0.3255721170040264,1.0,1.0,1.0389520608408767,1.0,0.0,55.15052702157389,55.15052702157389,55.15052702157389,0.0,35.18208011034471,35.18208011034471,35.18208011034471,0.0,0.0,0.0,0.0,0.0,0.9625083174585065,0.9625083174585065,0.9625083174585065,0.0,0.018279790350797187,0.018279790350797187,0.018279790350797187,0.0,0.7743909456907965,34.27667594478608,55.15052702157389,-0.013363103005126213,0.8312378639360078,34.96913404468074,54.04751648114242,-0.00881067642575338,0.7668186151004,34.27667594478608,55.15052702157389,-0.012586637311912015
synthetic_allowed_subset_smoke,adv,adv-under_aggressiveness-001,1,0.025472082714984672,0.025472082714984672,0.7703267259364897,0.7703267259364897,0.03957156959045188,0.0317573715700995,0.8020840975065892,3.9593568391173113,0.026993765834584574,0.7860424155564574,3.4341360339282803,bbr,0.038057840724357375,0,0,0,0,noop,0.0015137288660945075,1,not_risky,0,0,0.0,54.0612539200751,0.42537714667281795,48.285840084430966,48.4830211017838,48.4830211017838,0.009858225125612477,0.9617685004627265,0.03957156959045188,0.38909770679881633,1.3946212800969724,1.3946212800969724,1.0397512494107257,1.0,0.00020333355681190774,54.6058904708245,54.0612539200751,55.15052702157389,-1.0892731014987902,41.83255060606425,35.18208011034471,48.4830211017838,13.300940991439091,0.0049291125628062385,0.0,0.009858225125612477,0.009858225125612477,0.9621384089606165,0.9617685004627265,0.9625083174585065,-0.0007398169957799627,0.028925679970624535,0.018279790350797187,0.03957156959045188,0.021291779239654696,0.7471436719353011,47.80298168358666,54.0612539200751,0.022169599913664812,0.8020840975065892,48.76869848527527,52.9800288416736,0.038057840724357375,0.728329081853555,47.80298168358666,54.0612539200751,0.030314407106217186
synthetic_allowed_subset_smoke,adv,adv-under_aggressiveness-001,2,0.030060045988679736,0.030060045988679736,0.758638803236643,0.758638803236643,0.023991577828085548,0.03774564658490689,0.7963844498215499,4.739626268866093,0.03208379959717085,0.7804567608251188,4.110900335240999,bbr,-0.0015165933977071416,0,0,0,0,noop,0.02550817122579269,1,not_risky,0,0,0.0,48.90923583168477,1.3943943603670923,45.590848693379165,44.427914381766364,47.75577578525704,0.0057165756786746996,0.9479492533401913,0.023991577828085548,0.32980500567555426,0.9441867142346612,1.3737019608955179,1.0549087901872414,0.9303149964842987,0.00012867080884221827,52.707005591111255,48.90923583168477,55.15052702157389,-6.241291189889125,42.69767186463162,35.18208011034471,48.4830211017838,9.245834271421657,0.0051916002680957255,0.0,0.009858225125612477,0.0057165756786746996,0.9574086904204747,0.9479492533401913,0.9625083174585065,-0.014559064118315201,0.027280979256444873,0.018279790350797187,0.03957156959045188,0.005711787477288361,0.7438757879742769,45.13494020644537,48.90923583168477,-0.017013930919885494,0.7963844498215499,46.04675718031296,47.93105111505107,-0.0015165933977071416,0.7170432720439744,45.13494020644537,48.90923583168477,-0.002662632547787844
synthetic_allowed_subset_smoke,adv,adv-under_aggressiveness-001,3,0.028217157031479225,0.028217157031479225,0.7505670777717032,0.7505670777717032,0.007040077816155279,0.035879313996273095,0.7864463917679763,4.562207211048976,0.03049741689683213,0.7707174639326168,3.957016458562887,bbr,0.02934692568128057,0,0,0,0,noop,-0.02230684786512529,1,not_risky,0,0,0.0,53.37381527958377,1.2920715872538573,29.453992337127154,27.954597959638598,47.03943914847819,0.0058902080254053255,0.9463830216208138,0.007040077816155279,0.3364659489114111,0.6460505382389283,1.353096431482085,1.0566546283632177,0.594280001328268,0.0002107062327961119,52.87370801322938,48.90923583168477,55.15052702157389,-1.7767117419901197,39.01190338838337,27.954597959638598,48.4830211017838,-7.227482150706109,0.005366252207423126,0.0,0.009858225125612477,0.0058902080254053255,0.9546522732205596,0.9463830216208138,0.9625083174585065,-0.016125295837692732,0.022220753896372472,0.007040077816155279,0.03957156959045188,-0.011239712534641908,0.7319812593004478,29.159452413755883,53.37381527958377,0.012081142132109528,0.7864463917679763,29.748532260498425,52.3063389739921,0.02934692568128057,0.7182913434174497,29.159452413755883,53.37381527958377,0.0029958703452770546
synthetic_allowed_subset_smoke,adv,adv-under_aggressiveness-001,4,0.048787946794108326,0.048787946794108326,0.7474811880215166,0.7474811880215166,0.008229552891487734,0.06039069765758342,0.8078718856791001,7.475281505410821,0.0513320930089459,0.791714447965518,6.483662530203262,bbr,0.008975095680977496,0,0,0,0,noop,-0.0007455427894897618,1,not_risky,0,0,0.0,55.8197883982073,0.8497375731191155,28.125090354631215,25.808044347146048,46.33384756125101,0.005865553881662914,0.9220483989227081,0.008229552891487734,0.34957341453677515,0.9548821101300811,1.3327999850098537,1.084541767187458,0.5570019695219378,0.0002272761857800957,53.041023357387736,48.90923583168477,55.8197883982073,1.7585344781321979,36.6683944475837,25.808044347146048,48.4830211017838,-22.67497675463775,0.006832640677838854,0.0057165756786746996,0.009858225125612477,-0.003992671243949563,0.94453729358661,0.9220483989227081,0.9617685004627265,-0.03972010154001848,0.01970819453154511,0.007040077816155279,0.03957156959045188,-0.03134201669896415,0.7490634538696931,27.843839451084904,55.8197883982073,-0.006068359605438443,0.8078718856791001,28.406341258177527,54.70339263024315,0.008975095680977496,0.7341642167095451,27.843839451084904,55.8197883982073,-0.011858448180056505
synthetic_allowed_subset_smoke,adv,adv-under_aggressiveness-001,5,0.027429610447899332,0.027429610447899332,0.7180087631440258,0.7180087631440258,0.02081469806256517,0.03636096394501995,0.7543697270890458,4.820045481587559,0.030906819353266956,0.7392823325472648,4.180651693213699,bbr,0.026054104291616104,0,0,0,0,noop,-0.005239406229050933,1,not_risky,0,0,0.0,56.70496770367546,0.4273122206413773,37.55308423075221,37.052099484608405,45.638839847832244,0.0,0.960422096415009,0.02081469806256517,0.35485013047624714,1.3352164831203301,1.3352164831203301,1.041208864032517,0.8118545433702191,0.0,53.70195180328783,48.90923583168477,56.70496770367546,7.795731871990689,33.810664043289854,25.808044347146048,44.427914381766364,-7.375814897157959,0.0043680843964357344,0.0,0.0058902080254053255,-0.0057165756786746996,0.9442006925746804,0.9220483989227081,0.960422096415009,0.012472843074817663,0.015018976649573433,0.007040077816155279,0.023991577828085548,-0.0031768797655203768,0.6860877554860642,37.17755338844469,56.70496770367546,-0.006225526010943835,0.7543697270890458,37.92861507305973,55.570868349601945,0.026054104291616104,0.6751431123543716,37.17755338844469,56.70496770367546,0.022556039500337844
synthetic_allowed_subset_smoke,adv,adv-under_aggressiveness-001,6,0.24755596724156956,0.24755596724156956,0.46789582591235335,0.46789582591235335,-0.035402246916987165,0.31585895606068126,0.7837547819730346,40.30073733847387,0.26848011265157906,0.7680796863335739,34.95472116092122,bbr,0.21691521652240936,1,0,1,2,push_harder,-0.25231746343939654,1,sage_less_aggressive_than_reference,0,0,0.0,53.2932618340971,1.0687679814092363,84.38194431335512,80.22958834582043,80.22958834582043,0.0,0.9792897090260507,-0.035402246916987165,0.34640513428412717,1.8,1.8,1.0211482779641856,1.0,0.0,54.79795830389091,53.2932618340971,56.70496770367546,-0.08055344548667165,42.76108253430337,25.808044347146048,80.22958834582043,52.274990386181834,0.00293894047676706,0.0,0.0058902080254053255,-0.0058902080254053255,0.9520358064961454,0.9220483989227081,0.9792897090260507,0.032906687405236945,0.00017052046330525567,-0.035402246916987165,0.02081469806256517,-0.042442324733142446,0.7307325150540326,86.91340264275577,53.2932618340971,0.1867607638657972,0.7837547819730346,96.19541651722483,51.694463979074186,0.21691521652240936,0.7179645866219707,86.91340264275577,53.2932618340971,0.2326872138391572
synthetic_allowed_subset_smoke,adv,adv-under_aggressiveness-001,7,0.2671158205184132,0.2671158205184132,0.5138718872217483,0.5138718872217483,-0.0013905722362706763,0.3202398525185404,0.8341117397402886,38.392919948381405,0.27220387464075935,0.8174295049454828,33.299981587881824,bbr,0.22860942776372933,1,0,1,2,push_harder,-0.23,1,sage_less_aggressive_than_reference,0,0,0.0,51.87890081780273,0.4990095022307314,93.1063759651348,91.69104102261194,91.69104102261194,0.006054369859161401,0.9448340703631024,-0.0013905722362706763,0.3153884907538108,1.1033921619461768,1.8,1.0583868970936845,1.0,6.603011364729005e-05,54.42422968844565,51.87890081780273,56.70496770367546,-3.9408875804045707,58.69519330004671,25.808044347146048,91.69104102261194,65.88299667546589,0.0029799809352060785,0.0,0.006054369859161401,0.0001888159774984877,0.9516485686817175,0.9220483989227081,0.9792897090260507,0.02278567144039434,-0.0019371420498012337,-0.035402246916987165,0.02081469806256517,-0.00962012512775841,0.783593071052806,95.89956724408884,51.87890081780273,0.18861877820204417,0.8341117397402886,106.14126860025367,50.32253379326865,0.22860942776372933,0.7682138944603177,95.89956724408884,51.87890081780273,0.20750572004626971
synthetic_allowed_subset_smoke,adv,adv-under_aggressiveness-001,8,0.21910116663983445,0.21910116663983445,0.4967970719576863,0.4967970719576863,-0.03704815201802746,0.28150994604071,0.7783070179983963,36.16952430477635,0.2392834541346035,0.7627408776384283,31.37152618271418,bbr,0.21052276619278626,1,0,1,2,push_harder,-0.24757091821081373,1,sage_less_aggressive_than_reference,0,0,0.0,51.72509442940238,0.35484795437298366,81.9548204009234,78.75714069707934,90.31567540727276,0.013391434281351536,0.9456976753001736,-0.03704815201802746,0.3177780027392494,0.8802277991317449,1.8,1.0574203850956811,0.8720207244415662,0.00017003454115809653,53.400556196244416,51.72509442940238,56.70496770367546,-4.979873274273075,71.93246738753004,37.052099484608405,91.69104102261194,41.70504121247093,0.004861451035128235,0.0,0.013391434281351536,0.013391434281351536,0.9575608877760838,0.9448340703631024,0.9792897090260507,-0.014724421114835406,-0.013256568277180032,-0.03704815201802746,0.02081469806256517,-0.05786285008059264,0.7159706216020585,84.4134650129511,51.72509442940238,0.195570968135997,0.7783070179983963,93.42849525705266,50.17334159652031,0.21052276619278626,0.716792298160027,84.4134650129511,51.72509442940238,0.20731033645406297
synthetic_allowed_subset_smoke,adv,adv-under_aggressiveness-001,9,0.21089166072213616,0.21089166072213616,0.5284059395385166,0.5284059395385166,-0.04236986437082124,0.2656034759795942,0.7940094155181108,33.45092272064323,0.22576295458265508,0.7781292272077486,29.013555420966064,bbr,0.19859902756277487,1,0,1,2,push_harder,-0.2409688919335961,1,sage_less_aggressive_than_reference,0,0,0.0,51.731242800095636,0.3256071865294175,88.9962113358154,87.6720334145154,88.96094027616367,0.007974878053793516,0.9664341773747578,-0.04236986437082124,0.36066750691525246,1.08591795943723,1.8,1.0347316179529382,0.9855115418334487,9.096262220916115e-05,52.157124970349464,51.72509442940238,53.2932618340971,-1.562019034001466,84.58745087000678,78.75714069707934,91.69104102261194,7.4424450686949655,0.006855170548576614,0.0,0.013391434281351536,0.007974878053793516,0.959063908016021,0.9448340703631024,0.9792897090260507,-0.01285553165129294,-0.029052708885526635,-0.04236986437082124,-0.0013905722362706763,-0.006967617453834077,0.7382242803597336,91.66609767588987,51.731242800095636,0.18178345270081095,0.7940094155181108,101.45568092282954,50.17930551609277,0.19859902756277487,0.7295953512746952,91.66609767588987,51.731242800095636,0.2031219813989019
synthetic_allowed_subset_smoke,adv,adv-under_aggressiveness-001,10,0.06365593008902497,0.06365593008902497,0.6794206120537891,0.6794206120537891,0.024541280439742887,0.08344335649998387,0.762863968553773,10.938169836252015,0.07092685302498629,0.7476066891826976,9.487188123279811,cubic,0.04694681453964562,0,0,0,0,noop,-0.022405534099902737,1,not_risky,0,0,0.0,59.59545823428811,2.110170174514658,50.64587733656683,50.56633856829298,87.62652617202122,0.006657761592509142,0.8963631275998305,0.024541280439742887,0.3691086077886818,0.5690790268077967,1.8,1.115619294467941,0.5770665662247672,0.00013166390490221915,53.732674070397216,51.72509442940238,59.59545823428811,7.716557416485379,77.1716384256249,50.56633856829298,91.69104102261194,-41.124702454318964,0.0085196109467039,0.006054369859161401,0.013391434281351536,0.000603391733347741,0.9383322626594661,0.8963631275998305,0.9664341773747578,-0.04847094276327191,-0.014066827046344125,-0.04236986437082124,0.024541280439742887,0.025931852676013563,0.7105545171886615,50.13941856320116,59.59545823428811,0.04926456764482021,0.7217601514893547,50.13941856320116,59.59545823428811,0.07885404094738777,0.762863968553773,51.152336109932506,58.40354906960235,0.04694681453964562
synthetic_allowed_subset_smoke,adv,adv-under_aggressiveness-001,11,0.038270086207210216,0.038270086207210216,0.7369882252097578,0.7369882252097578,0.012715548700717665,0.04870847275583933,0.7856966979655972,6.199398938796622,0.04140220184246343,0.7699827640062852,5.377029691813396,cubic,0.05024064992597524,0,0,0,0,noop,-0.037525101225257575,1,not_risky,0,0,0.0,59.0598899146136,0.3224727782516628,85.81157793182972,82.6802069607361,86.3121282794409,0.03897745668267709,0.902864582531785,0.012715548700717665,0.3463555098076534,1.694344780752231,1.8,1.107585810040118,0.9579210779399828,0.00047142427571797256,55.52792134459993,51.72509442940238,59.59545823428811,7.334795485211217,74.91892991015595,50.56633856829298,87.6720334145154,3.9230662636567644,0.016750382652582822,0.006657761592509142,0.03897745668267709,0.025586022401325553,0.9278398907016367,0.8963631275998305,0.9664341773747578,-0.042833092768388537,-0.01054029681209704,-0.04236986437082124,0.024541280439742887,0.04976370071874513,0.7315733933829902,84.95346215251142,59.0598899146136,0.03821240323014291,0.730753405349876,84.95346215251142,59.0598899146136,0.06003718881722725,0.7856966979655972,86.66969371114801,57.878692116321325,0.05024064992597524
synthetic_allowed_subset_smoke,adv,adv-under_aggressiveness-001,12,0.055566468731258804,0.055566468731258804,0.727597629039705,0.727597629039705,0.030282347546378086,0.06969402991625678,0.7972916589559619,8.74134692535474,0.059239925428818264,0.7813458257768426,7.581780496481153,cubic,0.04498510324942057,0,0,0,0,noop,-0.014702755703042487,1,not_risky,0,0,0.0,54.64279816573101,1.2533567045767149,75.90403868734876,74.90070636335614,85.01744635524928,0.02151891204238683,0.8844581156224948,0.030282347546378086,0.31324233732352597,0.8845430944953409,1.8,1.1306357896848345,0.8810039535930086,0.0002872991869795581,56.25734727868209,51.731242800095636,59.59545823428811,2.9115553656353725,73.95482132672515,50.56633856829298,87.6720334145154,-12.771327051159261,0.018782252092841643,0.006657761592509142,0.03897745668267709,0.013544033988593315,0.912530000782217,0.8844581156224948,0.9664341773747578,-0.08197606175226302,0.006292328079004349,-0.04236986437082124,0.030282347546378086,0.07265221191719932,0.737725283303689,75.14499830047527,54.64279816573101,0.04479213102808768,0.7413635215881502,75.14499830047527,54.64279816573101,0.06591563225281792,0.7972916589559619,76.66307907422225,53.54994220241639,0.04498510324942057
synthetic_allowed_subset_smoke,adv,adv-under_aggressiveness-001,13,0.03485690983458565,0.03485690983458565,0.70665395716414,0.70665395716414,0.03019314434764615,0.04629392130746306,0.752947878471603,6.148356696539786,0.039349833111343595,0.737888920902171,5.332758359243692,cubic,0.01720493294798825,0,0,0,0,noop,0.0129882113996579,1,not_risky,0,0,0.0,52.57641479478953,0.6737979244510296,46.245590018799575,45.76802212078102,83.74218465992054,0.028893427755571213,0.938028690118851,0.03019314434764615,0.34908020647649934,0.6092638918633393,1.8,1.0660654738324655,0.5465348474803505,0.0006313016472357481,56.46864027735556,52.57641479478953,59.59545823428811,-7.0190434394985814,63.478818503291556,45.76802212078102,82.6802069607361,-4.798316447511958,0.02401188951828607,0.006657761592509142,0.03897745668267709,0.022235666163062072,0.9054286289682403,0.8844581156224948,0.938028690118851,0.04166556251902054,0.024433080258621197,0.012715548700717665,0.030282347546378086,0.005651863907903263,0.6940158038812548,45.78313411861158,52.57641479478953,0.004805372839224029,0.6998396594428791,45.78313411861158,52.57641479478953,0.013796096111426116,0.752947878471603,46.70804591898757,51.524886498893736,0.01720493294798825
synthetic_allowed_subset_smoke,adv,adv-under_aggressiveness-001,14,0.04177475482172401,0.04177475482172401,0.7187308423501436,0.7187308423501436,-0.004901192009514244,0.05405719644285771,0.7727880387930013,6.995087103999218,0.04594861697642905,0.7573322780171412,6.067167386121771,cubic,-0.004409843495153637,0,0,0,0,noop,-0.000491348514360607,1,not_risky,0,0,0.0,57.4334435325653,1.2905898999868672,27.292764093855787,26.322835285827086,82.48605189002173,0.023842169042988057,0.912527438416243,-0.004901192009514244,0.3508485310863904,0.5901700915213935,1.8,1.0958574590760493,0.3191186228784862,0.000905759914693738,55.928136601924855,52.57641479478953,59.0598899146136,-1.6264463820483002,57.41794268267509,26.322835285827086,82.6802069607361,-56.35737167490902,0.028307991380905798,0.02151891204238683,0.03897745668267709,-0.015135287639689032,0.9094697066723434,0.8844581156224948,0.938028690118851,0.009662855884457922,0.017072462146306915,-0.004901192009514244,0.030282347546378086,-0.017616740710231907,0.7148398187008687,27.01983645291723,57.4334435325653,0.00122018508768661,0.720173642383387,27.01983645291723,57.4334435325653,0.01859371074027428,0.7727880387930013,27.565691734794346,56.28477466191399,-0.004409843495153637
synthetic_allowed_subset_smoke,adv,adv-under_aggressiveness-001,15,0.061447087894828695,0.061447087894828695,0.6872248914758754,0.6872248914758754,0.020927917047606888,0.08008154850889591,0.7673064399847713,10.436710072508356,0.06806931623256153,0.7519603111850759,9.052248532277657,cubic,0.02244693228013318,0,0,0,0,noop,-0.001519015232526292,1,not_risky,0,0,0.0,62.177744287001836,1.297251987705337,55.256892358416735,55.77487549437718,81.2487611116714,0.003795994917849691,0.9202270136920866,0.020927917047606888,0.34660441629263694,1.8,1.8,1.0866883770210705,0.6864704732878087,6.805922710185836e-05,56.70760019502192,52.57641479478953,62.177744287001836,7.534946121270828,50.691609816085354,26.322835285827086,74.90070636335614,-19.12583086897896,0.01951262593969895,0.003795994917849691,0.028893427755571213,-0.017722917124537142,0.9138103144624189,0.8844581156224948,0.938028690118851,0.035768898069591826,0.01912555423302922,-0.004901192009514244,0.030282347546378086,-0.009354430498771198,0.7008414680750277,54.70432343483257,62.177744287001836,0.020452763504290754,0.7084918541293173,54.70432343483257,62.177744287001836,0.04598567269123566,0.7673064399847713,55.8094612820009,60.9341894012618,0.02244693228013318
synthetic_allowed_subset_smoke,adv,adv-delayed_recovery-002,0,0.020041092287229542,0.020041092287229542,0.7441916400201004,0.7441916400201004,0.005585909850259387,0.026020232864210593,0.770211872884311,3.378321443782643,0.022117197934579003,0.7548076354266248,2.9301767624645376,bbr,0.0044925956710369155,0,0,0,0,noop,0.0010933141792224717,1,not_risky,0,0,0.0,55.94733230817949,0.31313725458834446,37.418983700707216,35.825078983327,35.825078983327,0.003219779952423071,0.9318746980611541,0.005585909850259387,0.31336363038742676,1.0,1.0,1.073105646156706,1.0,8.987502732154637e-05,55.94733230817949,55.94733230817949,55.94733230817949,0.0,35.825078983327,35.825078983327,35.825078983327,0.0,0.003219779952423071,0.003219779952423071,0.003219779952423071,0.0,0.9318746980611541,0.9318746980611541,0.9318746980611541,0.0,0.005585909850259387,0.005585909850259387,0.005585909850259387,0.0,0.7038420681373714,37.04479386370014,55.94733230817949,-0.002578292831565749,0.770211872884311,37.79317353771429,54.8283856620159,0.0044925956710369155,0.7019532194451606,37.04479386370014,55.94733230817949,0.007905195100722875
synthetic_allowed_subset_smoke,adv,adv-delayed_recovery-002,1,0.03290312811844571,0.03290312811844571,0.7231667236968359,0.7231667236968359,0.03818918453791602,0.04294804074481666,0.7661147644416525,5.6059539299072725,0.03650583463309416,0.7507924691528194,4.862306980021614,bbr,0.042912542989941654,0,0,0,0,noop,-0.004723358452025636,1,not_risky,0,0,0.0,54.283950623226566,0.5471467236778851,48.0028360265072,47.367699917005034,47.367699917005034,0.01408165885001704,0.9435937774718304,0.03818918453791602,0.3457660552040247,1.282847134771326,1.282847134771326,1.0597780781040107,1.0,0.0002972839904553127,55.11564146570303,54.283950623226566,55.94733230817949,-1.663381684952924,41.596389450166015,35.825078983327,47.367699917005034,11.54262093367803,0.008650719401220055,0.003219779952423071,0.01408165885001704,0.01086187889759397,0.9377342377664922,0.9318746980611541,0.9435937774718304,0.011719079410676292,0.021887547194087704,0.005585909850259387,0.03818918453791602,0.03260327468765663,0.7082333785219129,47.52280766624212,54.283950623226566,0.012502317818882235,0.7661147644416525,48.48286438677227,53.198271610762035,0.042912542989941654,0.7045630191602283,47.52280766624212,54.283950623226566,0.038972081834150525
synthetic_allowed_subset_smoke,adv,adv-delayed_recovery-002,2,0.035811410520253426,0.035811410520253426,0.7755188160664008,0.7755188160664008,0.02564740782660432,0.043713382578804964,0.8192321986452058,5.335896544483405,0.03715637519198422,0.8028475546723016,4.628073533480505,bbr,0.020169608396652397,0,0,0,0,noop,0.005477799429951923,1,not_risky,0,0,0.0,49.71296046272166,1.2534948438540574,45.89414235318177,44.35093342543025,46.657184418249955,0.004250493196019407,0.957004731738072,0.02564740782660432,0.3507244297490346,0.9560714772735301,1.263604427749756,1.0449269129357823,0.9505702921945368,9.583773931536306e-05,53.31474779804257,49.71296046272166,55.94733230817949,-6.234371845457829,42.51457077525409,35.825078983327,47.367699917005034,8.525854442103245,0.007183977332819839,0.003219779952423071,0.01408165885001704,0.0010307132435963358,0.9441577357570189,0.9318746980611541,0.957004731738072,0.025130033676917907,0.023140834071593244,0.005585909850259387,0.03818918453791602,0.020061497976344933,0.7498491290671644,45.43520092964995,49.71296046272166,0.027125645568942147,0.8192321986452058,46.35308377671359,48.71870125346722,0.020169608396652397,0.7544834678585504,45.43520092964995,49.71296046272166,0.02759247015241117
synthetic_allowed_subset_smoke,adv,adv-delayed_recovery-002,3,0.024482209991987594,0.024482209991987594,0.7364102574619575,0.7364102574619575,-0.006006528577415144,0.031866398393589596,0.7682766558555472,4.1477764748823995,0.027086438634551156,0.7529111227384362,3.5975612282143263,bbr,-0.01297793966132269,0,0,0,0,noop,0.006971411083907546,1,not_risky,0,0,0.0,49.71795844236456,0.2157510999937444,26.618889817512255,25.40133638523581,45.9573266519762,0.011888021823926946,0.9661341044898739,-0.006006528577415144,0.3844718929957581,0.5800062590267973,1.2446503613335096,1.0350529966313606,0.5527157090227207,0.0004680077317048839,52.41555045912307,49.71296046272166,55.94733230817949,-6.229373865814928,38.23626217774952,25.40133638523581,47.367699917005034,-10.423742598091195,0.008359988455596615,0.003219779952423071,0.01408165885001704,0.008668241871503876,0.9496518279402326,0.9318746980611541,0.9661341044898739,0.03425940642871983,0.015853993409341148,-0.006006528577415144,0.03818918453791602,-0.011592438427674531,0.7046833873090708,26.35270091933713,49.71795844236456,-0.03480695198220425,0.7682766558555472,26.885078715687378,48.72359927351727,-0.01297793966132269,0.699296133092149,26.35270091933713,49.71795844236456,-0.016391464466083652
synthetic_allowed_subset_smoke,adv,adv-delayed_recovery-002,4,0.049752518072204356,0.049752518072204356,0.7479995238811186,0.7479995238811186,0.018109157766066513,0.061463600472169276,0.8094631243532878,7.593131623046446,0.052244060401343884,0.7932738618662221,6.585879468968856,bbr,0.024808947129306966,0,0,0,0,noop,-0.006699789363240453,1,not_risky,0,0,0.0,56.550482126982,1.6942970891062983,29.647577119607252,29.49859063297831,45.26796675219656,0.006161016835683474,0.9533168475131958,0.018109157766066513,0.35414232219041875,1.11377962502788,1.225980605913507,1.0489691885846568,0.6516438167956138,0.0002088580065515296,52.566337913823695,49.71296046272166,56.550482126982,2.2665315037554308,36.65464009016235,25.40133638523581,47.367699917005034,-17.869109284026724,0.009095297676411717,0.004250493196019407,0.01408165885001704,-0.007920642014333566,0.955012365303243,0.9435937774718304,0.9661341044898739,0.009723070041365411,0.01898480538829293,-0.006006528577415144,0.03818918453791602,-0.020080026771849505,0.7560193730888303,29.35110134841118,56.550482126982,0.026595741508919524,0.8094631243532878,29.944052890803324,55.41947248444236,0.024808947129306966,0.7357102459043747,29.35110134841118,56.550482126982,0.02794125347823921
synthetic_allowed_subset_smoke,adv,adv-delayed_recovery-002,5,0.04446147924211564,0.04446147924211564,0.708310894965084,0.708310894965084,0.018222940965600842,0.05801873926824811,0.7663296342333321,7.570989907795026,0.049315928378010895,0.7510030415486655,6.566674920026298,bbr,0.016621953751249956,0,0,0,0,noop,0.001600987214350886,1,not_risky,0,0,0.0,55.56474135253672,0.5941929621542302,41.06557747299378,38.49290867551424,44.588947250913606,0.006813374296479638,0.9472020134949135,0.018222940965600842,0.3549654915959422,1.3851242314784402,1.3851242314784402,1.0557409990190756,0.8632836397527985,0.00017700336324060907,52.886535596151234,49.71296046272166,56.550482126982,5.8517808898150605,34.43594227978965,25.40133638523581,44.35093342543025,-5.858024749916012,0.007278226538027366,0.004250493196019407,0.011888021823926946,0.0025628811004602316,0.9559144243090137,0.9472020134949135,0.9661341044898739,-0.009802718243158481,0.013993244495214132,-0.006006528577415144,0.02564740782660432,-0.007424466861003478,0.7107329816860665,40.65492169826384,55.56474135253672,0.005410632704540027,0.7663296342333321,41.47623324772372,54.45344652548599,0.016621953751249956,0.6914771509124836,40.65492169826384,55.56474135253672,0.006148018318805142
synthetic_allowed_subset_smoke,adv,adv-delayed_recovery-002,6,0.2505373321430138,0.2505373321430138,0.5195971013514165,0.5195971013514165,-0.020532971669688545,0.30414525776287404,0.8237423591142905,36.92237680843547,0.2585234690984429,0.8072675119320046,32.0245104971124,bbr,0.20946702833031144,1,0,1,2,push_harder,-0.22999999999999998,1,sage_less_aggressive_than_reference,0,0,0.0,70.73337229839065,3.5690515782556638,15.506822014522111,12.31880979416528,43.9201130421499,0.17041665053517582,0.7292569209108789,-0.020532971669688545,0.31720944897352327,0.3776112006392693,1.3643473680062637,1.371258840781311,0.2804821969001533,0.013833856791578397,58.14163855506848,49.71795844236456,70.73337229839065,21.015413856026086,26.42791137197341,12.31880979416528,38.49290867551424,-13.082526591070529,0.04881976587281647,0.006161016835683474,0.17041665053517582,0.15852862871124887,0.8989774716022155,0.7292569209108789,0.9661341044898739,-0.236877183578995,0.0024481496211409166,-0.020532971669688545,0.018222940965600842,-0.0145264430922734,0.7734383600899059,15.972026674957775,70.73337229839065,0.1724532500360897,0.8237423591142905,17.677777096555204,68.61137112943892,0.20946702833031144,0.7437700189187743,15.972026674957775,70.73337229839065,0.19284370181744287
synthetic_allowed_subset_smoke,adv,adv-delayed_recovery-002,7,0.21198402589468932,0.21198402589468932,0.4931022371135219,0.4931022371135219,-0.026089631395732255,0.2757241727947248,0.7688264099082467,35.8629944603009,0.23436554687551606,0.7534498817100818,31.105658460465065,bbr,0.20391036860426776,1,0,1,2,push_harder,-0.23,1,sage_less_aggressive_than_reference,0,0,0.0,67.8215750972881,0.85501150336328,41.004403235671035,30.380408919471765,43.26131134651765,0.11944777888018818,0.7315935565079679,-0.026089631395732255,0.3351919079895919,1.8,1.8,1.3668791791622468,0.7022535372570775,0.003931737034771455,62.66754271879937,55.56474135253672,70.73337229839065,11.271092970306107,27.672679505532397,12.31880979416528,38.49290867551424,0.8818182864934556,0.07570970513688177,0.006161016835683474,0.17041665053517582,0.1132867620445047,0.840342334606739,0.7292569209108789,0.9533168475131958,-0.22172329100522792,-0.00257262608343836,-0.026089631395732255,0.018222940965600842,-0.04419878916179877,0.7155142018283928,42.23453533274117,67.8215750972881,0.19051801134824856,0.7688264099082467,46.745019688664975,65.78692784436946,0.20391036860426776,0.7034047128849535,42.23453533274117,67.8215750972881,0.22007392178008556
synthetic_allowed_subset_smoke,adv,adv-delayed_recovery-002,8,0.22165121094822468,0.22165121094822468,0.5144962202071562,0.5144962202071562,-0.013103996932873542,0.27924774365494565,0.7937439638621019,35.1810856357529,0.2373605821067038,0.7778690845848598,30.514206928969354,bbr,0.21689600306712647,1,0,1,2,push_harder,-0.23,1,sage_less_aggressive_than_reference,0,0,0.0,60.87247236577681,1.8991601648850192,66.69018854439592,52.152452744256735,52.152452744256735,0.06552320524852433,0.8658447858864325,-0.013103996932873542,0.3806015205523892,1.6264152940135952,1.8,1.1549414124798618,1.0,0.0012563782104330662,63.748040278498074,55.56474135253672,70.73337229839065,5.307731013240087,33.336145033352004,12.31880979416528,52.152452744256735,13.659544068742498,0.09055025224009199,0.006813374296479638,0.17041665053517582,0.05870983095204469,0.8184743192000482,0.7292569209108789,0.9472020134949135,-0.08135722760848096,-0.010375914758173375,-0.026089631395732255,0.018222940965600842,-0.031326937898474384,0.7353042272397834,68.6908942007278,60.87247236577681,0.15129544595380193,0.7937439638621019,76.02681494061135,59.046298194803505,0.21689600306712647,0.7297127122986602,68.6908942007278,60.87247236577681,0.18655208387463712
synthetic_allowed_subset_smoke,adv,adv-delayed_recovery-002,9,0.25547618223893215,0.25547618223893215,0.4376559499085511,0.4376559499085511,0.034925027957871224,0.33195498126488815,0.7696109311734393,43.1328308654284,0.28216173407515494,0.7542187125499704,37.41112881185117,bbr,0.2649250279578712,1,0,1,2,push_harder,-0.22999999999999998,1,sage_less_aggressive_than_reference,0,0,0.0,54.25549026590589,1.6769661933397788,88.00036193421245,74.47364260547813,74.47364260547813,0.035069957717818005,0.9420496740586639,0.034925027957871224,0.3248799515577572,1.31953985818514,1.8,1.0615151488686014,1.0,0.00047090428896569546,63.420727506840365,54.25549026590589,70.73337229839065,-16.477882032484757,42.33132851584298,12.31880979416528,74.47364260547813,62.15483281131286,0.09761439809542659,0.035069957717818005,0.17041665053517582,-0.1353466928173578,0.8171862343409858,0.7292569209108789,0.9420496740586639,0.212792753147785,-0.006200393010105779,-0.026089631395732255,0.034925027957871224,0.05545799962755977,0.7009208037262452,90.64037279223882,54.25549026590589,0.19325008783723366,0.7696109311734393,100.32041260500219,52.627825557928716,0.2649250279578712,0.6914365758981887,90.64037279223882,54.25549026590589,0.2057848828837795
synthetic_allowed_subset_smoke,adv,adv-delayed_recovery-002,10,0.03758064869079578,0.03758064869079578,0.7222514170626567,0.7222514170626567,0.017528527198356486,0.04874308273369307,0.7709944997963498,6.322105118333275,0.04143162032363911,0.7555746098004228,5.483458521003351,cubic,0.005709937302538446,0,0,0,0,noop,0.01181858989581804,1,not_risky,0,0,0.0,61.05037822317236,1.6960039038468595,41.02281281398908,38.173789279231336,73.35653796639596,0.0,0.9534276654183198,0.017528527198356486,0.36920362868829043,0.46616641014109717,1.8,1.0488472657873278,0.5203870075864054,0.0,60.99997898803579,54.25549026590589,67.8215750972881,-6.771196874115745,48.79507338710949,30.380408919471765,74.47364260547813,7.7933803597595706,0.055010235461632626,0.0,0.11944777888018818,-0.11944777888018818,0.8732289204678461,0.7315935565079679,0.9534276654183198,0.22183410891035193,0.0033149817069054784,-0.026089631395732255,0.034925027957871224,0.04361815859408874,0.7150714638341267,40.612584685849185,61.05037822317236,-0.0034901357266572705,0.7255044186152871,40.612584685849185,61.05037822317236,0.03211456299169337,0.7709944997963498,41.43304094212897,59.82937065870891,0.005709937302538446
synthetic_allowed_subset_smoke,adv,adv-delayed_recovery-002,11,0.022472038320604203,0.022472038320604203,0.7560356633201262,0.7560356633201262,0.03005723184675392,0.028638681104186145,0.7846743444243123,3.6497537236542796,0.024342878938558223,0.768980857535826,3.1656027194960585,cubic,0.03902375154290266,0,0,0,0,noop,-0.008966519696148742,1,not_risky,0,0,0.0,53.623864713506364,1.9322149251617582,49.22519250516028,46.26649024672994,72.25618989690003,0.0032924150275880576,0.9462629085317447,0.03005723184675392,0.37752766380469366,1.1999467888358482,1.8,1.0567887539327054,0.6403117893808968,7.116197943760737e-05,57.45055139209035,53.623864713506364,61.05037822317236,-7.248607652270444,52.766593718924035,38.173789279231336,74.47364260547813,-5.885962497526798,0.025971394498482597,0.0,0.06552320524852433,-0.06223079022093627,0.9268962584737903,0.8658447858864325,0.9534276654183198,0.08041812264531212,0.01735169751752702,-0.013103996932873542,0.034925027957871224,0.04316122877962746,0.7293801249074373,48.732940580108675,53.623864713506364,0.030055400957362408,0.7387404166354095,48.732940580108675,53.623864713506364,0.03375318628490774,0.7846743444243123,49.717444430211884,52.551387419236235,0.03902375154290266
synthetic_allowed_subset_smoke,adv,adv-delayed_recovery-002,12,0.026733831193144847,0.026733831193144847,0.7789434479471737,0.7789434479471737,0.020549784894012074,0.03292862518358735,0.811872073130761,4.055888393427203,0.027989331406049246,0.7956346316681459,3.517862382054206,cubic,0.010694468593683238,0,0,0,0,noop,0.009855316300328836,1,not_risky,0,0,0.0,50.369687139566466,1.002819689982103,47.580990994845344,48.529633400452106,71.17234704844653,0.0025746975932247397,0.9622855127021558,0.020549784894012074,0.31376912471876806,0.9665983731776656,1.8,1.0391926167442131,0.6818607986528576,5.305413234794297e-05,54.82485508553776,50.369687139566466,61.05037822317236,-3.8858031263394253,51.86088888297288,38.173789279231336,74.47364260547813,-25.944009205026028,0.0102342675846577,0.0,0.035069957717818005,-0.032495260124593264,0.9510064401777211,0.9420496740586639,0.9622855127021558,0.020235838643491877,0.025765142974248426,0.017528527198356486,0.034925027957871224,-0.01437524306385915,0.7591169405643742,47.10518108489689,50.369687139566466,0.004249061058848855,0.7654213423333661,47.10518108489689,50.369687139566466,0.02886107132682479,0.811872073130761,48.056800904793796,49.36229339677514,0.010694468593683238
synthetic_allowed_subset_smoke,adv,adv-delayed_recovery-002,13,0.03055481137935934,0.03055481137935934,0.7195779990176084,0.7195779990176084,0.016302477925437167,0.04021466990799709,0.7597926689256055,5.29284784556597,0.03418246942179753,0.7445968155470933,4.590735376256198,cubic,0.017069567036868943,0,0,0,0,noop,-0.0007670891114317756,1,not_risky,0,0,0.0,49.15531227896956,0.53833451313384,34.015000674083645,34.864369149156126,70.10476184271982,0.007648664542342784,0.9395154034310645,0.016302477925437167,0.36534660217227494,0.7148863435351449,1.8,1.0643785044375522,0.49731813121873814,0.0002193834200647774,53.549810588803695,49.15531227896956,61.05037822317236,-11.895065944202798,41.95857051889237,34.864369149156126,48.529633400452106,-3.3094201300752104,0.0033789442907888956,0.0,0.007648664542342784,0.007648664542342784,0.9503728725208213,0.9395154034310645,0.9622855127021558,-0.013912261987255259,0.021109505466139912,0.016302477925437167,0.03005723184675392,-0.001226049272919319,0.6938983446672146,33.67485066734281,49.15531227896956,-0.004398765578829872,0.7046013862647267,33.67485066734281,49.15531227896956,0.03254023387947002,0.7597926689256055,34.35515068082448,48.17220603339017,0.017069567036868943
synthetic_allowed_subset_smoke,adv,adv-delayed_recovery-002,14,0.03802418200845875,0.03802418200845875,0.7583857569618988,0.7583857569618988,-0.01090666086922938,0.04720062651077395,0.8055863834726728,5.85916389342436,0.04012053253415786,0.7894746558032193,5.081927866745619,cubic,-0.01899270798653124,0,0,0,0,noop,0.00808604711730186,1,not_risky,0,0,0.0,55.82430947271231,1.7467200418989066,25.378094957296923,24.36461316432663,69.05319041507903,0.009792189314310435,0.9456670759091629,-0.01090666086922938,0.3655397184813634,0.7460853874576795,1.8,1.0574546005406835,0.35283834125361674,0.0004019021048381608,52.24329340118867,49.15531227896956,55.82430947271231,2.2004447592059435,38.5062764901662,24.36461316432663,48.529633400452106,-21.901877082403306,0.005826991619366504,0.0025746975932247397,0.009792189314310435,0.0064997742867223774,0.9484327251435319,0.9395154034310645,0.9622855127021558,-0.0005958326225817823,0.014000708449243445,-0.01090666086922938,0.03005723184675392,-0.0409638927159833,0.7462255534757319,25.124314007723953,55.82430947271231,-0.03332597179650407,0.7570910745366531,25.124314007723953,55.82430947271231,0.009108020557979083,0.8055863834726728,25.631875906869894,54.70782328325806,-0.01899270798653124
synthetic_allowed_subset_smoke,adv,adv-delayed_recovery-002,15,0.04335373743460916,0.04335373743460916,0.7415361778527172,0.7415361778527172,0.01661945244651187,0.054464451221633035,0.7960006290743502,6.842262334009512,0.046294783538388076,0.7800806164928632,5.934615289702128,cubic,-0.0005060192868482812,0,0,0,0,noop,0.01712547173336015,1,not_risky,0,0,0.0,59.91218297652608,1.2218866024189246,34.28971612315863,35.118450963852176,68.01739255885285,0.0049378865296507545,0.9449025747122175,0.01661945244651187,0.36574979985357703,1.3511540634100812,1.8,1.0583101652618134,0.5163157487030324,0.00014060661544364178,53.815372966943606,49.15531227896956,59.91218297652608,9.542495836959617,35.71926666944676,24.36461316432663,48.529633400452106,-13.41118243659993,0.006238359494882179,0.0025746975932247397,0.009792189314310435,0.002363188936426015,0.9480926416886502,0.9395154034310645,0.9622855127021558,-0.017382937989938285,0.010641263599182932,-0.01090666086922938,0.020549784894012074,-0.003930332447500205,0.7431354734910164,33.94681896192704,59.91218297652608,-0.02563527869609734,0.7480104714616699,33.94681896192704,59.91218297652608,0.01054966461979693,0.7960006290743502,34.63261328439021,58.71393931699556,-0.0005060192868482812
synthetic_allowed_subset_smoke,adv,adv-under_aggressiveness-003,0,0.03097838557971156,0.03097838557971156,0.7044996303217617,0.7044996303217617,0.012738705450270251,0.04152463533151243,0.7460242656532741,5.566123951095664,0.035295940031785565,0.7311037803402086,4.827760569827872,bbr,0.017753405112786624,0,0,0,0,noop,-0.0050146996625163726,1,not_risky,0,0,0.0,58.36462243369104,0.4324158513407172,35.47422100663948,34.710005134309725,34.710005134309725,0.06597778327492816,0.8523415127665748,0.012738705450270251,0.30700578183027283,1.0,1.0,1.1732386432219493,1.0,0.001900828969043028,58.36462243369104,58.36462243369104,58.36462243369104,0.0,34.710005134309725,34.710005134309725,34.710005134309725,0.0,0.06597778327492816,0.06597778327492816,0.06597778327492816,0.0,0.8523415127665748,0.8523415127665748,0.8523415127665748,0.0,0.012738705450270251,0.012738705450270251,0.012738705450270251,0.0,0.6839339549476755,35.119478796573084,58.36462243369104,0.0029446418669514677,0.7460242656532741,35.82896321670588,57.19732998501722,0.017753405112786624,0.6826540153020336,35.119478796573084,58.36462243369104,0.0074095085846275985
synthetic_allowed_subset_smoke,adv,adv-under_aggressiveness-003,1,0.05606603452563269,0.05606603452563269,0.6958115327112238,0.6958115327112238,0.04408088751623456,0.07293203706646462,0.7687435697776883,9.48717360817154,0.061992231506494924,0.7533686983821345,8.228670986679399,bbr,0.06911558422630018,0,0,0,0,noop,-0.02503469671006562,1,not_risky,0,0,0.0,65.45157881492179,1.7776740596439589,57.572807792397064,58.10960386322674,58.10960386322674,0.07805561309928671,0.8663387093438931,0.04408088751623456,0.33827450976299717,1.6229477676654698,1.6229477676654698,1.1542829487064394,1.0,0.0013432480676173104,61.908100624306414,58.36462243369104,65.45157881492179,7.086956381230749,46.40980449876823,34.710005134309725,58.10960386322674,23.399598728917013,0.07201669818710743,0.06597778327492816,0.07805561309928671,0.012077829824358552,0.8593401110552339,0.8523415127665748,0.8663387093438931,0.01399719657731835,0.028409796483252404,0.012738705450270251,0.04408088751623456,0.031342182065964314,0.7049510950800651,56.997079714473095,65.45157881492179,0.05658359643941878,0.7687435697776883,58.148535870321034,64.14254723862335,0.06911558422630018,0.7083288855867809,56.997079714473095,65.45157881492179,0.07351200493353427
synthetic_allowed_subset_smoke,adv,adv-under_aggressiveness-003,2,0.06392410887976284,0.06392410887976284,0.6509813148687904,0.6509813148687904,0.03251908043021727,0.08666013651951392,0.7376414513883043,11.748273684513274,0.07366111604158683,0.7228886223605382,10.189829216159472,bbr,0.07670939888119341,0,0,0,0,noop,-0.04419031845097614,1,not_risky,0,0,0.0,60.999233041668724,1.3704715605709663,45.69900824324588,45.38740788831132,57.23795980527834,0.07162626905255105,0.8891602410109557,0.03251908043021727,0.373069202833152,0.7937602836400275,1.5986035511504877,1.1246566747777902,0.7929599175567718,0.0015781088276468208,61.605144763427184,58.36462243369104,65.45157881492179,2.6346106079776845,46.06900562861593,34.710005134309725,58.10960386322674,10.677402754001598,0.0718865551422553,0.06597778327492816,0.07805561309928671,0.005648485777622891,0.8692801543738078,0.8523415127665748,0.8891602410109557,0.03681872824438093,0.02977955779890736,0.012738705450270251,0.04408088751623456,0.01978037497994702,0.6857597141941861,45.242018160813416,60.999233041668724,0.046265837815055944,0.7376414513883043,46.15599832567834,59.77924838083535,0.07670939888119341,0.6619134423244725,45.242018160813416,60.999233041668724,0.08599800226333944
synthetic_allowed_subset_smoke,adv,adv-under_aggressiveness-003,3,0.043123468891440093,0.043123468891440093,0.6759923996635125,0.6759923996635125,0.020938974237366043,0.05869625030077223,0.7346886499642847,7.989268692748366,0.0498918127556564,0.719994876964999,6.929467743710319,bbr,0.024795494534548646,0,0,0,0,noop,-0.0038565202971826036,1,not_risky,0,0,0.0,62.702288869851316,0.6939371792932558,35.62706874398425,35.076277656192325,56.379390408199164,0.08358081151233204,0.8817380317357546,0.020938974237366043,0.3371941781474878,0.7796026678379784,1.5746244978832304,1.1341237011535497,0.6221471605533933,0.0023828301375524315,61.87943079003322,58.36462243369104,65.45157881492179,4.337666436160276,43.32082363551003,34.710005134309725,58.10960386322674,0.36627252188259973,0.07481011923477449,0.06597778327492816,0.08358081151233204,0.01760302823740388,0.8723946237142945,0.8523415127665748,0.8891602410109557,0.02939651896917983,0.02756941190852203,0.012738705450270251,0.04408088751623456,0.008200268787095791,0.679801010495416,35.27079805654441,62.702288869851316,0.02339121273827601,0.7346886499642847,35.9833394314241,61.44824309245429,0.024795494534548646,0.672329875234145,35.27079805654441,62.702288869851316,0.01765759964055622
synthetic_allowed_subset_smoke,adv,adv-under_aggressiveness-003,4,0.032306936880732585,0.032306936880732585,0.7027192983466545,0.7027192983466545,-0.01747203471479035,0.04330544929363396,0.7460247476402885,5.804827444479709,0.036809631899588864,0.7311042526874827,5.034799314089544,bbr,-0.04308165854302384,0,0,0,0,noop,0.025609623828233494,1,not_risky,0,0,0.0,58.516819560854415,1.2792398990912832,33.19393650245116,34.20736295271373,55.53369955207618,0.05771149592937044,0.8925209751165307,-0.01747203471479035,0.405308509425116,0.9317055169759387,1.551005130414982,1.1204218476427812,0.615974862626181,0.0016871074221402995,61.91748007182406,58.516819560854415,65.45157881492179,-6.934759254067373,43.19516309011103,34.20736295271373,58.10960386322674,-23.902240910513008,0.07274354739838507,0.05771149592937044,0.08358081151233204,-0.02034411716991627,0.8824394893017835,0.8663387093438931,0.8925209751165307,0.026182265772637603,0.02001672686725688,-0.01747203471479035,0.04408088751623456,-0.06155292223102491,0.6824128788665264,32.86199713742665,58.516819560854415,-0.07090220266722327,0.7460247476402885,33.52587586747567,57.346483169637324,-0.04308165854302384,0.6854258107687918,32.86199713742665,58.516819560854415,-0.04231578781210556
synthetic_allowed_subset_smoke,adv,adv-under_aggressiveness-003,5,0.033700046212808324,0.033700046212808324,0.6681528055062915,0.6681528055062915,0.02964390271196216,0.047115267000129905,0.7152680725064214,6.587078161482864,0.04004797695011042,0.700962711056293,5.713282078837179,bbr,0.0653691561086542,0,0,0,0,noop,-0.03572525339669204,1,not_risky,0,0,0.0,61.12679069422837,0.8931921663984446,43.39245815569103,42.869864301368445,54.70069405879504,0.08318861535527843,0.882461495012241,0.02964390271196216,0.3878573360997689,1.3072405001584182,1.527740053458757,1.133193919113863,0.7837170083306397,0.0019404916882982289,60.8362830416507,58.516819560854415,62.702288869851316,0.1275576525596449,39.385228199646455,34.20736295271373,45.38740788831132,-2.517543586942878,0.07402679796238298,0.05771149592937044,0.08358081151233204,0.011562346302727372,0.8864701857188706,0.8817380317357546,0.8925209751165307,-0.0066987459987146725,0.01640748066618878,-0.01747203471479035,0.03251908043021727,-0.0028751777182551112,0.6617093885086284,42.95853357413412,61.12679069422837,0.06083567292348152,0.7152680725064214,43.82638273724794,59.9042548803438,0.0653691561086542,0.648841639546916,42.95853357413412,61.12679069422837,0.07991545958451651
synthetic_allowed_subset_smoke,adv,adv-under_aggressiveness-003,6,0.24768858852443784,0.24768858852443784,0.507093379103175,0.507093379103175,-0.02882385500499298,0.30500009658812965,0.8120934756913046,37.55726473833502,0.2592500820999102,0.7958516061774785,32.5751785995763,bbr,0.24463332258052245,1,0,1,2,push_harder,-0.2734571775855154,1,sage_less_aggressive_than_reference,0,0,0.0,52.38025701959968,2.197673755973327,91.73976533629835,90.3451861885071,90.3451861885071,0.011819684410314439,0.945653514648845,-0.02882385500499298,0.3586825040232757,1.8,1.8,1.0574697650981986,1.0,0.00013082804860961185,58.681539036133444,52.38025701959968,62.702288869851316,-10.322031850251634,50.6246727746954,34.20736295271373,90.3451861885071,55.268908532314775,0.059075151801823836,0.011819684410314439,0.08358081151233204,-0.0717611271020176,0.9005935041283428,0.8817380317357546,0.945653514648845,0.06391548291309035,0.001071746807386217,-0.02882385500499298,0.02964390271196216,-0.04976282924235902,0.746295686941072,94.4919582963873,52.38025701959968,0.2332027105528716,0.8120934756913046,104.5833324833801,50.80884930901169,0.24463332258052245,0.7400446696508565,94.4919582963873,52.38025701959968,0.24724872656470087
synthetic_allowed_subset_smoke,adv,adv-under_aggressiveness-003,7,0.17446828336473658,0.17446828336473658,0.582556470586169,0.582556470586169,-0.02213264025890395,0.217947936186927,0.800504406773096,27.226325594570355,0.18525574575888795,0.7844943186376341,23.61467015855592,bbr,0.20786735974109605,1,0,1,2,push_harder,-0.22999999999999998,1,sage_less_aggressive_than_reference,0,0,0.0,51.44113828720563,0.40357678750682613,88.52633772332997,87.24407382278854,88.9900083956795,0.006572319217797629,0.9689452916529684,-0.02213264025890395,0.36255971963019346,0.9649723584839286,1.8,1.0320500121261273,0.9803805550267177,7.533255761471458e-05,55.86625139047202,51.44113828720563,61.12679069422837,-7.075681273648783,63.66662181634446,34.20736295271373,90.3451861885071,53.036710870074806,0.039823028728190234,0.006572319217797629,0.08318861535527843,-0.051139176711572816,0.9223953191076462,0.882461495012241,0.9689452916529684,0.07642431653643766,-0.009696156816681279,-0.02882385500499298,0.02964390271196216,-0.0046606055441136,0.7502891314524777,91.18212785502988,51.44113828720563,0.18225916888539156,0.800504406773096,100.92002500459616,49.89790413858946,0.20786735974109605,0.7261658579812492,91.18212785502988,51.44113828720563,0.18248433458828328
synthetic_allowed_subset_smoke,adv,adv-under_aggressiveness-003,8,0.2379866070974104,0.2379866070974104,0.4935653165344697,0.4935653165344697,-0.03836933846293581,0.2999241073017063,0.793489423836176,37.798122859874276,0.25493549120645037,0.7776196353594526,32.78408615397259,bbr,0.22570101999000655,1,0,1,2,push_harder,-0.26407035845294236,1,sage_less_aggressive_than_reference,0,0,0.0,49.75412397011106,0.628309359875053,76.41257912706577,76.51470853273045,87.6551582697443,0.002498155919541456,0.9729104603604795,-0.03836933846293581,0.3135481671491476,0.863162094944861,1.8,1.0278438157911094,0.8729059423664384,3.2649355495784555e-05,53.67557749278619,49.75412397011106,61.12679069422837,-11.372666724117309,74.24345821134864,42.869864301368445,90.3451861885071,33.64484423136201,0.026019693725732988,0.002498155919541456,0.08318861535527843,-0.08069045943573697,0.9424926904186335,0.882461495012241,0.9729104603604795,0.09044896534823843,-0.014920482753717646,-0.03836933846293581,0.02964390271196216,-0.06801324117489797,0.7285251042074283,78.70495650087774,49.75412397011106,0.23146759806263661,0.793489423836176,87.11034020485496,48.261500251007725,0.22570101999000655,0.7139896834627056,78.70495650087774,49.75412397011106,0.21440785478589097
synthetic_allowed_subset_smoke,adv,adv-under_aggressiveness-003,9,0.24569051060863328,0.24569051060863328,0.4851420866721458,0.4851420866721458,-0.04008203728960873,0.3092724323649489,0.7944145190370947,38.93086354209843,0.2628815675102065,0.7785262286563528,33.76656531712619,bbr,0.21058648486352718,1,0,1,2,push_harder,-0.2506685221531359,1,sage_less_aggressive_than_reference,0,0,0.0,54.544062379020346,1.3234729596506176,86.60936831560078,85.43749730806479,86.34033089569814,0.006613207509221397,0.9806446676244244,-0.04008203728960873,0.33411910298712943,1.1334438557764013,1.8,1.0197373554505356,0.9895433156409372,7.74040405862538e-05,52.02989541398418,49.75412397011106,54.544062379020346,2.163805359420664,84.88536646302272,76.51470853273045,90.3451861885071,-4.907688880442308,0.00687584176421873,0.002498155919541456,0.011819684410314439,-0.005206476901093042,0.9670384835716793,0.945653514648845,0.9806446676244244,0.03499115297557942,-0.03235196775411037,-0.04008203728960873,-0.02213264025890395,-0.011258182284615746,0.7359443972008102,89.2076493650688,54.544062379020346,0.19854919019479106,0.7944145190370947,98.73467987978488,52.907740507649734,0.21058648486352718,0.7273154714006568,89.2076493650688,54.544062379020346,0.212183129905031
synthetic_allowed_subset_smoke,adv,adv-under_aggressiveness-003,10,0.04360521041820657,0.04360521041820657,0.749766919856068,0.749766919856068,-0.006756498424725092,0.054235193763250374,0.8040021136193184,6.7456531325650015,0.04609991469876282,0.787922071346932,5.850821594571685,cubic,-0.00610452719133861,0,0,0,0,noop,-0.0006519712333864815,1,not_risky,0,0,0.0,59.08647200841569,1.221701825603596,38.46624618242588,38.88452844946796,85.04522593226267,0.0,0.9342877652255513,-0.006756498424725092,0.3194999564568719,0.44413493517533287,1.8,1.0703340418447893,0.45722176669198267,0.0,53.70644916118818,49.75412397011106,59.08647200841569,7.645333721210058,72.02020202826293,38.88452844946796,87.24407382278854,-48.35954537332058,0.003920920661640121,0.0,0.006613207509221397,-0.006572319217797629,0.9641970462158559,0.9342877652255513,0.9806446676244244,-0.03465752642741704,-0.026835128609043392,-0.04008203728960873,-0.006756498424725092,0.015376141834178857,0.7452545221881711,38.08158372060162,59.08647200841569,-0.02260942078473134,0.7593949555926638,38.08158372060162,59.08647200841569,0.011339485819131708,0.8040021136193184,38.85090864425013,57.90474256824738,-0.00610452719133861
synthetic_allowed_subset_smoke,adv,adv-under_aggressiveness-003,11,0.03761147309687749,0.03761147309687749,0.7342138439755556,0.7342138439755556,0.037640666738626,0.04807853689562032,0.7822923808711759,6.145852634034238,0.04086675636127727,0.7666465332537524,5.330586468295002,cubic,0.039510468483434626,0,0,0,0,noop,-0.0018698017448086288,1,not_risky,0,0,0.0,56.01148781370324,0.947479447022353,45.15147730789584,42.735627823398126,83.76954754327873,0.0039236929855706116,0.9337084841429242,0.037640666738626,0.3265311171036142,1.17379473665731,1.8,1.0709980866436344,0.5101570806660878,9.181315884219573e-05,54.849036542812584,49.75412397011106,59.08647200841569,6.257363843592181,60.89309052841533,38.88452844946796,85.43749730806479,-33.77908070933233,0.0032587641035833658,0.0,0.006613207509221397,0.0014255370660291554,0.9553878443383448,0.9337084841429242,0.9806446676244244,-0.03920197621755528,-0.011891801859660909,-0.04008203728960873,0.037640666738626,0.07601000520156181,0.7124830102664543,44.699962534816876,56.01148781370324,0.02795803349864431,0.7352124029137562,44.699962534816876,56.01148781370324,0.040712271845020985,0.7822923808711759,45.6029920809748,54.89125805742918,0.039510468483434626
synthetic_allowed_subset_smoke,adv,adv-under_aggressiveness-003,12,0.03736760919312566,0.03736760919312566,0.761663424590555,0.761663424590555,0.04041122164659881,0.04625188875126078,0.8079153133418158,5.72484367946277,0.03931410543857166,0.7917570070749794,4.965425640350363,cubic,0.029536754817106596,0,0,0,0,noop,0.010874466829492217,1,not_risky,0,0,0.0,52.23010135564933,1.0349423041916384,44.19820152026036,42.49765782824908,82.51300433012955,0.005425841278153084,0.9287765232964946,0.04041122164659881,0.3290299820568987,0.9788871628466347,1.8,1.0766852681102583,0.5150419400343068,0.0001276738897019029,55.46803088919715,52.23010135564933,59.08647200841569,-2.3139610233710144,52.38882785229499,38.88452844946796,85.43749730806479,-42.93983947981571,0.003990685443236273,0.0,0.006613207509221397,-0.0011873662310683134,0.9443543600723486,0.9287765232964946,0.9806446676244244,-0.051868144327929744,0.007803338167722749,-0.04008203728960873,0.04041122164659881,0.08049325893620754,0.755121351523997,43.75621950505776,52.23010135564933,0.006711660058651115,0.7606602632426368,43.75621950505776,52.23010135564933,0.06217419874208342,0.8079153133418158,44.64018353546297,51.185499328536345,0.029536754817106596
synthetic_allowed_subset_smoke,adv,adv-under_aggressiveness-003,13,0.030426279171988705,0.030426279171988705,0.7473313414570497,0.7473313414570497,-0.0029712896222839104,0.0387083253635991,0.7860396668206489,4.924474806744225,0.03290207655905923,0.7703188734842359,4.271228148706725,cubic,0.003647100109221483,0,0,0,0,noop,-0.006618389731505393,1,not_risky,0,0,0.0,48.72633338995814,0.9984349949755805,34.89277845689626,33.061135086009074,81.2753092651776,0.006260568544238602,0.9470030390603246,-0.0029712896222839104,0.3649357694896743,0.7894614997151295,1.8,1.0559628203434936,0.406779566696452,0.0001893633877951145,54.0135986419316,48.72633338995814,59.08647200841569,-10.360138618457547,39.29473729678106,33.061135086009074,42.735627823398126,-5.823393363458884,0.0039025257019905746,0.0,0.006260568544238602,0.006260568544238602,0.9359439529313236,0.9287765232964946,0.9470030390603246,0.012715273834773222,0.017081025084553954,-0.006756498424725092,0.04041122164659881,0.003785208802441181,0.7319638240671354,34.543850672327295,48.72633338995814,-0.011078632230354282,0.739845233737595,34.543850672327295,48.72633338995814,0.020095657758569578,0.7860396668206489,35.241706241465224,47.75180672215898,0.003647100109221483
synthetic_allowed_subset_smoke,adv,adv-under_aggressiveness-003,14,0.04247289620792219,0.04247289620792219,0.7374269731766604,0.7374269731766604,-0.010404032216455963,0.053687426526266346,0.7911143997029267,6.78630379454939,0.045634312547326396,0.7752921117088681,5.886079821803044,cubic,-0.006371153371238407,0,0,0,0,noop,-0.004032878845217556,1,not_risky,0,0,0.0,51.11184411387678,0.7318439331295464,33.074384775377936,32.18422988772649,80.05617962619993,0.008716297276483445,0.9487468524124226,-0.010404032216455963,0.351351152127099,0.9478862457524092,1.8,1.0540219421621833,0.40202055653919283,0.0002708250999601336,52.01994166829687,48.72633338995814,56.01148781370324,-4.899643699826463,37.619662656345696,32.18422988772649,42.735627823398126,-10.551397935671638,0.006081600021111436,0.0039236929855706116,0.008716297276483445,0.0047926042909128335,0.9395587247280416,0.9287765232964946,0.9487468524124226,0.015038368269498448,0.016169141636621236,-0.010404032216455963,0.04041122164659881,-0.04804469895508196,0.7399184468194595,32.743640927624156,51.11184411387678,-0.0044226220866231715,0.7355135635571919,32.743640927624156,51.11184411387678,0.0034636956452878424,0.7911143997029267,33.405128623131716,50.08960723159924,-0.006371153371238407
synthetic_allowed_subset_smoke,adv,adv-under_aggressiveness-003,15,0.03335250291709474,0.03335250291709474,0.7384639129097438,0.7384639129097438,0.02225253480816154,0.04269612050102966,0.7811600334107734,5.4657328428089045,0.03629170242587521,0.765536832742558,4.740686649375071,cubic,0.01903878589825638,0,0,0,0,noop,0.003213748909905157,1,not_risky,0,0,0.0,58.771528985781934,1.885928091162185,39.57290690776899,39.051420369901855,78.85533693180693,0.008603680691263342,0.9527201140807436,0.02225253480816154,0.32852456469235214,1.196482026091347,1.8,1.0496262073409415,0.49522862864276407,0.00022031671600591682,52.70995196131655,48.72633338995814,58.771528985781934,6.541427630132603,36.69861079297163,32.18422988772649,42.49765782824908,-3.446237458347227,0.0072515969475346175,0.005425841278153084,0.008716297276483445,0.0031778394131102587,0.9443116322124964,0.9287765232964946,0.9527201140807436,0.023943590784249014,0.01232210865400512,-0.010404032216455963,0.04041122164659881,-0.018158686838437275,0.7241604701167362,39.1771778386913,58.771528985781934,0.010980442488280607,0.7329865006557247,39.1771778386913,58.771528985781934,0.036204299710228094,0.7811600334107734,39.96863597684668,57.5960984060663,0.01903878589825638
