1
3
5
7
9
11
13
15
17
19
21
23
25
27
29
31
33
35
37
39
41
43
45
47
49
51
53
55
57
59
61
63
65
67
69
71
73
75
77
79
81
83
85
87
89
91
93
95
97
99
101
103
105
107
109
111
113
115
117
119
121
123
125
127
129
131
133
135
137
139
141
143
145
147
149
151
153
155
157
159
161
163
165
167
169
171
173
175
177
179
181
183
185
187
189
191
193
195
197
199
201
203
205
207
209
211
213
215
217
219
221
223
225
227
229
231
233
235
237
239
241
243
245
247
249
251
251
252
252
253
253
254
254
255
255
256
256
257
257
258
258
259
259
260
260
261
261
262
262
263
263
264
264
265
265
266
266
267
267
268
268
269
269
270
270
271
271
272
272
273
273
274
274
275
275
276
276
277
277
278
278
279
279
280
280
281
281
282
282
283
283
284
284
285
285
286
286
287
287
288
288
289
289
290
290
291
291
292
292
293
293
294
294
295
295
296
296
297
297
298
298
299
299
300
300
301
301
302
302
303
303
304
304
305
305
306
306
307
307
308
308
309
309
310
310
311
311
312
312
313
313
314
314
315
315
316
316
317
317
318
318
319
319
320
320
321
321
322
322
323
323
324
324
325
325
326
326
327
327
328
328
329
329
330
330
331
331
332
332
333
333
334
334
335
335
336
336
337
337
338
338
339
339
340
340
341
341
342
342
343
343
344
344
345
345
346
346
347
347
348
348
349
349
350
350
351
353
355
357
359
361
363
365
367
369
371
373
375
377
379
381
383
385
387
389
391
393
395
397
399
401
401
402
402
403
403
404
404
405
405
406
406
407
407
408
408
409
409
410
410
411
411
412
412
413
413
414
414
415
415
416
416
417
417
418
418
419
419
420
420
421
421
422
422
423
423
424
424
425
425
426
426
427
427
428
428
429
429
430
430
431
431
432
432
433
433
434
434
435
435
436
436
437
437
438
438
439
439
440
440
441
441
442
442
443
443
444
444
445
445
446
446
447
447
448
448
449
449
450
450
451
452
453
455
456
457
459
460
462
463
464
466
467
469
470
471
473
474
476
477
478
480
481
482
484
485
487
488
489
491
492
494
495
496
498
499
501
501
502
502
503
503
504
504
505
505
506
506
507
507
508
508
509
509
510
510
511
511
512
512
513
513
514
514
515
515
516
516
517
517
518
518
519
519
520
520
521
521
522
522
523
523
524
524
525
525
526
526
527
527
528
528
529
529
530
530
531
531
532
532
533
533
534
534
535
535
536
536
537
537
538
538
539
539
540
540
541
541
542
542
543
543
544
544
545
545
546
546
547
547
548
548
549
549
550
550
551
552
553
554
555
556
557
558
559
560
561
562
563
564
565
566
567
568
569
570
571
572
573
574
575
576
577
578
579
580
581
582
583
584
585
586
587
588
589
590
591
592
593
594
595
596
597
598
599
600
601
601
602
602
603
603
604
604
605
605
606
606
607
607
608
608
609
609
610
610
611
611
612
612
613
613
614
614
615
615
616
616
617
617
618
618
619
619
620
620
621
621
622
622
623
623
624
624
625
625
626
626
627
627
628
628
629
629
630
630
631
631
632
632
633
633
634
634
635
635
636
636
637
637
638
638
639
639
640
640
641
641
642
642
643
643
644
644
645
645
646
646
647
647
648
648
649
649
650
650
651
651
652
652
653
653
654
654
655
655
656
656
657
657
658
658
659
659
660
660
661
661
662
662
663
663
664
664
665
665
666
666
667
667
668
668
669
669
670
670
671
671
672
672
673
673
674
674
675
675
676
676
677
677
678
678
679
679
680
680
681
681
682
682
683
683
684
684
685
685
686
686
687
687
688
688
689
689
690
690
691
691
692
692
693
693
694
694
695
695
696
696
697
697
698
698
699
699
700
700
701
701
702
702
703
703
704
704
705
705
706
706
707
707
708
708
709
709
710
710
711
711
712
712
713
713
714
714
715
715
716
716
717
717
718
718
719
719
720
720
721
721
722
722
723
723
724
724
725
725
726
726
727
727
728
728
729
729
730
730
731
731
732
732
733
733
734
734
735
735
736
736
737
737
738
738
739
739
740
740
741
741
742
742
743
743
744
744
745
745
746
746
747
747
748
748
749
749
750
750
751
751
752
752
753
753
754
754
755
755
756
756
757
757
758
758
759
759
760
760
761
761
762
762
763
763
764
764
765
765
766
766
767
767
768
768
769
769
770
770
771
771
772
772
773
773
774
774
775
775
776
776
777
777
778
778
779
779
780
780
781
781
782
782
783
783
784
784
785
785
786
786
787
787
788
788
789
789
790
790
791
791
792
792
793
793
794
794
795
795
796
796
797
797
798
798
799
799
800
800
801
801
802
802
803
803
804
804
805
805
806
806
807
807
808
808
809
809
810
810
811
811
812
812
813
813
814
814
815
815
816
816
817
817
818
818
819
819
820
820
821
821
822
822
823
823
824
824
825
825
826
826
827
827
828
828
829
829
830
830
831
831
832
832
833
833
834
834
835
835
836
836
837
837
838
838
839
839
840
840
841
841
842
842
843
843
844
844
845
845
846
846
847
847
848
848
849
849
850
850
851
853
855
857
859
861
863
865
867
869
871
873
875
877
879
881
883
885
887
889
891
893
895
897
899
901
901
902
902
903
903
904
904
905
905
906
906
907
907
908
908
909
909
910
910
911
911
912
912
913
913
914
914
915
915
916
916
917
917
918
918
919
919
920
920
921
921
922
922
923
923
924
924
925
925
926
926
927
927
928
928
929
929
930
930
931
931
932
932
933
933
934
934
935
935
936
936
937
937
938
938
939
939
940
940
941
941
942
942
943
943
944
944
945
945
946
946
947
947
948
948
949
949
950
950
951
951
952
952
953
953
954
954
955
955
956
956
957
957
958
958
959
959
960
960
961
961
962
962
963
963
964
964
965
965
966
966
967
967
968
968
969
969
970
970
971
971
972
972
973
973
974
974
975
975
976
976
977
977
978
978
979
979
980
980
981
981
982
982
983
983
984
984
985
985
986
986
987
987
988
988
989
989
990
990
991
991
992
992
993
993
994
994
995
995
996
996
997
997
998
998
999
999
1000
1000
1001
1001
1002
1002
1003
1003
1004
1004
1005
1005
1006
1006
1007
1007
1008
1008
1009
1009
1010
1010
1011
1011
1012
1012
1013
1013
1014
1014
1015
1015
1016
1016
1017
1017
1018
1018
1019
1019
1020
1020
1021
1021
1022
1022
1023
1023
1024
1024
1025
1025
1026
1026
1027
1027
1028
1028
1029
1029
1030
1030
1031
1031
1032
1032
1033
1033
1034
1034
1035
1035
1036
1036
1037
1037
1038
1038
1039
1039
1040
1040
1041
1041
1042
1042
1043
1043
1044
1044
1045
1045
1046
1046
1047
1047
1048
1048
1049
1049
1050
1050
1051
1051
1052
1052
1053
1053
1054
1054
1055
1055
1056
1056
1057
1057
1058
1058
1059
1059
1060
1060
1061
1061
1062
1062
1063
1063
1064
1064
1065
1065
1066
1066
1067
1067
1068
1068
1069
1069
1070
1070
1071
1071
1072
1072
1073
1073
1074
1074
1075
1075
1076
1076
1077
1077
1078
1078
1079
1079
1080
1080
1081
1081
1082
1082
1083
1083
1084
1084
1085
1085
1086
1086
1087
1087
1088
1088
1089
1089
1090
1090
1091
1091
1092
1092
1093
1093
1094
1094
1095
1095
1096
1096
1097
1097
1098
1098
1099
1099
1100
1100
1101
1101
1102
1102
1103
1103
1104
1104
1105
1105
1106
1106
1107
1107
1108
1108
1109
1109
1110
1110
1111
1111
1112
1112
1113
1113
1114
1114
1115
1115
1116
1116
1117
1117
1118
1118
1119
1119
1120
1120
1121
1121
1122
1122
1123
1123
1124
1124
1125
1125
1126
1126
1127
1127
1128
1128
1129
1129
1130
1130
1131
1131
1132
1132
1133
1133
1134
1134
1135
1135
1136
1136
1137
1137
1138
1138
1139
1139
1140
1140
1141
1141
1142
1142
1143
1143
1144
1144
1145
1145
1146
1146
1147
1147
1148
1148
1149
1149
1150
1150
1151
1151
1152
1152
1153
1153
1154
1154
1155
1155
1156
1156
1157
1157
1158
1158
1159
1159
1160
1160
1161
1161
1162
1162
1163
1163
1164
1164
1165
1165
1166
1166
1167
1167
1168
1168
1169
1169
1170
1170
1171
1171
1172
1172
1173
1173
1174
1174
1175
1175
1176
1176
1177
1177
1178
1178
1179
1179
1180
1180
1181
1181
1182
1182
1183
1183
1184
1184
1185
1185
1186
1186
1187
1187
1188
1188
1189
1189
1190
1190
1191
1191
1192
1192
1193
1193
1194
1194
1195
1195
1196
1196
1197
1197
1198
1198
1199
1199
1200
1200
1201
1201
1202
1203
1204
1205
1206
1207
1208
1209
1210
1211
1212
1213
1214
1215
1216
1217
1217
1218
1219
1220
1221
1222
1223
1224
1225
1226
1227
1228
1229
1230
1231
1232
1233
1234
1234
1235
1236
1237
1238
1239
1240
1241
1242
1243
1244
1245
1246
1247
1248
1249
1250
1251
1251
1252
1252
1253
1253
1254
1254
1255
1255
1256
1256
1257
1257
1258
1258
1259
1259
1260
1260
1261
1261
1262
1262
1263
1263
1264
1264
1265
1265
1266
1266
1267
1267
1268
1268
1269
1269
1270
1270
1271
1271
1272
1272
1273
1273
1274
1274
1275
1275
1276
1276
1277
1277
1278
1278
1279
1279
1280
1280
1281
1281
1282
1282
1283
1283
1284
1284
1285
1285
1286
1286
1287
1287
1288
1288
1289
1289
1290
1290
1291
1291
1292
1292
1293
1293
1294
1294
1295
1295
1296
1296
1297
1297
1298
1298
1299
1299
1300
1300
1301
1301
1302
1302
1303
1303
1304
1304
1305
1305
1306
1306
1307
1307
1308
1308
1309
1309
1310
1310
1311
1311
1312
1312
1313
1313
1314
1314
1315
1315
1316
1316
1317
1317
1318
1318
1319
1319
1320
1320
1321
1321
1322
1322
1323
1323
1324
1324
1325
1325
1326
1326
1327
1327
1328
1328
1329
1329
1330
1330
1331
1331
1332
1332
1333
1333
1334
1334
1335
1335
1336
1336
1337
1337
1338
1338
1339
1339
1340
1340
1341
1341
1342
1342
1343
1343
1344
1344
1345
1345
1346
1346
1347
1347
1348
1348
1349
1349
1350
1350
1351
1351
1352
1352
1353
1353
1354
1354
1355
1355
1356
1356
1357
1357
1358
1358
1359
1359
1360
1360
1361
1361
1362
1362
1363
1363
1364
1364
1365
1365
1366
1366
1367
1367
1368
1368
1369
1369
1370
1370
1371
1371
1372
1372
1373
1373
1374
1374
1375
1375
1376
1376
1377
1377
1378
1378
1379
1379
1380
1380
1381
1381
1382
1382
1383
1383
1384
1384
1385
1385
1386
1386
1387
1387
1388
1388
1389
1389
1390
1390
1391
1391
1392
1392
1393
1393
1394
1394
1395
1395
1396
1396
1397
1397
1398
1398
1399
1399
1400
1400
1401
1401
1402
1402
1403
1403
1404
1404
1405
1405
1406
1406
1407
1407
1408
1408
1409
1409
1410
1410
1411
1411
1412
1412
1413
1413
1414
1414
1415
1415
1416
1416
1417
1417
1418
1418
1419
1419
1420
1420
1421
1421
1422
1422
1423
1423
1424
1424
1425
1425
1426
1426
1427
1427
1428
1428
1429
1429
1430
1430
1431
1431
1432
1432
1433
1433
1434
1434
1435
1435
1436
1436
1437
1437
1438
1438
1439
1439
1440
1440
1441
1441
1442
1442
1443
1443
1444
1444
1445
1445
1446
1446
1447
1447
1448
1448
1449
1449
1450
1450
1451
1451
1452
1452
1453
1453
1454
1454
1455
1455
1456
1456
1457
1457
1458
1458
1459
1459
1460
1460
1461
1461
1462
1462
1463
1463
1464
1464
1465
1465
1466
1466
1467
1467
1468
1468
1469
1469
1470
1470
1471
1471
1472
1472
1473
1473
1474
1474
1475
1475
1476
1476
1477
1477
1478
1478
1479
1479
1480
1480
1481
1481
1482
1482
1483
1483
1484
1484
1485
1485
1486
1486
1487
1487
1488
1488
1489
1489
1490
1490
1491
1491
1492
1492
1493
1493
1494
1494
1495
1495
1496
1496
1497
1497
1498
1498
1499
1499
1500
1500
1501
1502
1503
1505
1506
1508
1509
1511
1512
1514
1515
1517
1518
1520
1521
1523
1524
1526
1527
1528
1530
1531
1533
1534
1536
1537
1539
1540
1542
1543
1545
1546
1548
1549
1551
1551
1552
1552
1553
1553
1554
1554
1555
1555
1556
1556
1557
1557
1558
1558
1559
1559
1560
1560
1561
1561
1562
1562
1563
1563
1564
1564
1565
1565
1566
1566
1567
1567
1568
1568
1569
1569
1570
1570
1571
1571
1572
1572
1573
1573
1574
1574
1575
1575
1576
1576
1577
1577
1578
1578
1579
1579
1580
1580
1581
1581
1582
1582
1583
1583
1584
1584
1585
1585
1586
1586
1587
1587
1588
1588
1589
1589
1590
1590
1591
1591
1592
1592
1593
1593
1594
1594
1595
1595
1596
1596
1597
1597
1598
1598
1599
1599
1600
1600
1601
1601
1602
1602
1603
1603
1604
1604
1605
1605
1606
1606
1607
1607
1608
1608
1609
1609
1610
1610
1611
1611
1612
1612
1613
1613
1614
1614
1615
1615
1616
1616
1617
1617
1618
1618
1619
1619
1620
1620
1621
1621
1622
1622
1623
1623
1624
1624
1625
1625
1626
1626
1627
1627
1628
1628
1629
1629
1630
1630
1631
1631
1632
1632
1633
1633
1634
1634
1635
1635
1636
1636
1637
1637
1638
1638
1639
1639
1640
1640
1641
1641
1642
1642
1643
1643
1644
1644
1645
1645
1646
1646
1647
1647
1648
1648
1649
1649
1650
1650
1651
1651
1652
1652
1653
1653
1654
1654
1655
1655
1656
1656
1657
1657
1658
1658
1659
1659
1660
1660
1661
1661
1662
1662
1663
1663
1664
1664
1665
1665
1666
1666
1667
1667
1668
1668
1669
1669
1670
1670
1671
1671
1672
1672
1673
1673
1674
1674
1675
1675
1676
1676
1677
1677
1678
1678
1679
1679
1680
1680
1681
1681
1682
1682
1683
1683
1684
1684
1685
1685
1686
1686
1687
1687
1688
1688
1689
1689
1690
1690
1691
1691
1692
1692
1693
1693
1694
1694
1695
1695
1696
1696
1697
1697
1698
1698
1699
1699
1700
1700
1701
1701
1702
1702
1703
1703
1704
1704
1705
1705
1706
1706
1707
1707
1708
1708
1709
1709
1710
1710
1711
1711
1712
1712
1713
1713
1714
1714
1715
1715
1716
1716
1717
1717
1718
1718
1719
1719
1720
1720
1721
1721
1722
1722
1723
1723
1724
1724
1725
1725
1726
1726
1727
1727
1728
1728
1729
1729
1730
1730
1731
1731
1732
1732
1733
1733
1734
1734
1735
1735
1736
1736
1737
1737
1738
1738
1739
1739
1740
1740
1741
1741
1742
1742
1743
1743
1744
1744
1745
1745
1746
1746
1747
1747
1748
1748
1749
1749
1750
1750
1751
1751
1752
1752
1753
1753
1754
1754
1755
1755
1756
1756
1757
1757
1758
1758
1759
1759
1760
1760
1761
1761
1762
1762
1763
1763
1764
1764
1765
1765
1766
1766
1767
1767
1768
1768
1769
1769
1770
1770
1771
1771
1772
1772
1773
1773
1774
1774
1775
1775
1776
1776
1777
1777
1778
1778
1779
1779
1780
1780
1781
1781
1782
1782
1783
1783
1784
1784
1785
1785
1786
1786
1787
1787
1788
1788
1789
1789
1790
1790
1791
1791
1792
1792
1793
1793
1794
1794
1795
1795
1796
1796
1797
1797
1798
1798
1799
1799
1800
1800
1801
1801
1802
1802
1803
1803
1804
1804
1805
1805
1806
1806
1807
1807
1808
1808
1809
1809
1810
1810
1811
1811
1812
1812
1813
1813
1814
1814
1815
1815
1816
1816
1817
1817
1818
1818
1819
1819
1820
1820
1821
1821
1822
1822
1823
1823
1824
1824
1825
1825
1826
1826
1827
1827
1828
1828
1829
1829
1830
1830
1831
1831
1832
1832
1833
1833
1834
1834
1835
1835
1836
1836
1837
1837
1838
1838
1839
1839
1840
1840
1841
1841
1842
1842
1843
1843
1844
1844
1845
1845
1846
1846
1847
1847
1848
1848
1849
1849
1850
1850
1851
1851
1852
1852
1853
1853
1854
1854
1855
1855
1856
1856
1857
1857
1858
1858
1859
1859
1860
1860
1861
1861
1862
1862
1863
1863
1864
1864
1865
1865
1866
1866
1867
1867
1868
1868
1869
1869
1870
1870
1871
1871
1872
1872
1873
1873
1874
1874
1875
1875
1876
1876
1877
1877
1878
1878
1879
1879
1880
1880
1881
1881
1882
1882
1883
1883
1884
1884
1885
1885
1886
1886
1887
1887
1888
1888
1889
1889
1890
1890
1891
1891
1892
1892
1893
1893
1894
1894
1895
1895
1896
1896
1897
1897
1898
1898
1899
1899
1900
1900
1901
1901
1902
1902
1903
1903
1904
1904
1905
1905
1906
1906
1907
1907
1908
1908
1909
1909
1910
1910
1911
1911
1912
1912
1913
1913
1914
1914
1915
1915
1916
1916
1917
1917
1918
1918
1919
1919
1920
1920
1921
1921
1922
1922
1923
1923
1924
1924
1925
1925
1926
1926
1927
1927
1928
1928
1929
1929
1930
1930
1931
1931
1932
1932
1933
1933
1934
1934
1935
1935
1936
1936
1937
1937
1938
1938
1939
1939
1940
1940
1941
1941
1942
1942
1943
1943
1944
1944
1945
1945
1946
1946
1947
1947
1948
1948
1949
1949
1950
1950
1951
1951
1952
1952
1953
1953
1954
1954
1955
1955
1956
1956
1957
1957
1958
1958
1959
1959
1960
1960
1961
1961
1962
1962
1963
1963
1964
1964
1965
1965
1966
1966
1967
1967
1968
1968
1969
1969
1970
1970
1971
1971
1972
1972
1973
1973
1974
1974
1975
1975
1976
1976
1977
1977
1978
1978
1979
1979
1980
1980
1981
1981
1982
1982
1983
1983
1984
1984
1985
1985
1986
1986
1987
1987
1988
1988
1989
1989
1990
1990
1991
1991
1992
1992
1993
1993
1994
1994
1995
1995
1996
1996
1997
1997
1998
1998
1999
1999
2000
2000
2001
2001
2002
2002
2003
2003
2004
2004
2005
2005
2006
2006
2007
2007
2008
2008
2009
2009
2010
2010
2011
2011
2012
2012
2013
2013
2014
2014
2015
2015
2016
2016
2017
2017
2018
2018
2019
2019
2020
2020
2021
2021
2022
2022
2023
2023
2024
2024
2025
2025
2026
2026
2027
2027
2028
2028
2029
2029
2030
2030
2031
2031
2032
2032
2033
2033
2034
2034
2035
2035
2036
2036
2037
2037
2038
2038
2039
2039
2040
2040
2041
2041
2042
2042
2043
2043
2044
2044
2045
2045
2046
2046
2047
2047
2048
2048
2049
2049
2050
2050
2051
2051
2052
2052
2053
2053
2054
2054
2055
2055
2056
2056
2057
2057
2058
2058
2059
2059
2060
2060
2061
2061
2062
2062
2063
2063
2064
2064
2065
2065
2066
2066
2067
2067
2068
2068
2069
2069
2070
2070
2071
2071
2072
2072
2073
2073
2074
2074
2075
2075
2076
2076
2077
2077
2078
2078
2079
2079
2080
2080
2081
2081
2082
2082
2083
2083
2084
2084
2085
2085
2086
2086
2087
2087
2088
2088
2089
2089
2090
2090
2091
2091
2092
2092
2093
2093
2094
2094
2095
2095
2096
2096
2097
2097
2098
2098
2099
2099
2100
2100
2101
2101
2102
2102
2103
2103
2104
2104
2105
2105
2106
2106
2107
2107
2108
2108
2109
2109
2110
2110
2111
2111
2112
2112
2113
2113
2114
2114
2115
2115
2116
2116
2117
2117
2118
2118
2119
2119
2120
2120
2121
2121
2122
2122
2123
2123
2124
2124
2125
2125
2126
2126
2127
2127
2128
2128
2129
2129
2130
2130
2131
2131
2132
2132
2133
2133
2134
2134
2135
2135
2136
2136
2137
2137
2138
2138
2139
2139
2140
2140
2141
2141
2142
2142
2143
2143
2144
2144
2145
2145
2146
2146
2147
2147
2148
2148
2149
2149
2150
2150
2151
2151
2152
2152
2153
2153
2154
2154
2155
2155
2156
2156
2157
2157
2158
2158
2159
2159
2160
2160
2161
2161
2162
2162
2163
2163
2164
2164
2165
2165
2166
2166
2167
2167
2168
2168
2169
2169
2170
2170
2171
2171
2172
2172
2173
2173
2174
2174
2175
2175
2176
2176
2177
2177
2178
2178
2179
2179
2180
2180
2181
2181
2182
2182
2183
2183
2184
2184
2185
2185
2186
2186
2187
2187
2188
2188
2189
2189
2190
2190
2191
2191
2192
2192
2193
2193
2194
2194
2195
2195
2196
2196
2197
2197
2198
2198
2199
2199
2200
2200
2201
2201
2202
2202
2203
2203
2204
2204
2205
2205
2206
2206
2207
2207
2208
2208
2209
2209
2210
2210
2211
2211
2212
2212
2213
2213
2214
2214
2215
2215
2216
2216
2217
2217
2218
2218
2219
2219
2220
2220
2221
2221
2222
2222
2223
2223
2224
2224
2225
2225
2226
2226
2227
2227
2228
2228
2229
2229
2230
2230
2231
2231
2232
2232
2233
2233
2234
2234
2235
2235
2236
2236
2237
2237
2238
2238
2239
2239
2240
2240
2241
2241
2242
2242
2243
2243
2244
2244
2245
2245
2246
2246
2247
2247
2248
2248
2249
2249
2250
2250
2251
2251
2252
2252
2253
2253
2254
2254
2255
2255
2256
2256
2257
2257
2258
2258
2259
2259
2260
2260
2261
2261
2262
2262
2263
2263
2264
2264
2265
2265
2266
2266
2267
2267
2268
2268
2269
2269
2270
2270
2271
2271
2272
2272
2273
2273
2274
2274
2275
2275
2276
2276
2277
2277
2278
2278
2279
2279
2280
2280
2281
2281
2282
2282
2283
2283
2284
2284
2285
2285
2286
2286
2287
2287
2288
2288
2289
2289
2290
2290
2291
2291
2292
2292
2293
2293
2294
2294
2295
2295
2296
2296
2297
2297
2298
2298
2299
2299
2300
2300
2301
2301
2302
2302
2303
2303
2304
2304
2305
2305
2306
2306
2307
2307
2308
2308
2309
2309
2310
2310
2311
2311
2312
2312
2313
2313
2314
2314
2315
2315
2316
2316
2317
2317
2318
2318
2319
2319
2320
2320
2321
2321
2322
2322
2323
2323
2324
2324
2325
2325
2326
2326
2327
2327
2328
2328
2329
2329
2330
2330
2331
2331
2332
2332
2333
2333
2334
2334
2335
2335
2336
2336
2337
2337
2338
2338
2339
2339
2340
2340
2341
2341
2342
2342
2343
2343
2344
2344
2345
2345
2346
2346
2347
2347
2348
2348
2349
2349
2350
2350
2351
2351
2352
2352
2353
2353
2354
2354
2355
2355
2356
2356
2357
2357
2358
2358
2359
2359
2360
2360
2361
2361
2362
2362
2363
2363
2364
2364
2365
2365
2366
2366
2367
2367
2368
2368
2369
2369
2370
2370
2371
2371
2372
2372
2373
2373
2374
2374
2375
2375
2376
2376
2377
2377
2378
2378
2379
2379
2380
2380
2381
2381
2382
2382
2383
2383
2384
2384
2385
2385
2386
2386
2387
2387
2388
2388
2389
2389
2390
2390
2391
2391
2392
2392
2393
2393
2394
2394
2395
2395
2396
2396
2397
2397
2398
2398
2399
2399
2400
2400
2401
2401
2402
2402
2403
2403
2404
2404
2405
2405
2406
2406
2407
2407
2408
2408
2409
2409
2410
2410
2411
2411
2412
2412
2413
2413
2414
2414
2415
2415
2416
2416
2417
2417
2418
2418
2419
2419
2420
2420
2421
2421
2422
2422
2423
2423
2424
2424
2425
2425
2426
2426
2427
2427
2428
2428
2429
2429
2430
2430
2431
2431
2432
2432
2433
2433
2434
2434
2435
2435
2436
2436
2437
2437
2438
2438
2439
2439
2440
2440
2441
2441
2442
2442
2443
2443
2444
2444
2445
2445
2446
2446
2447
2447
2448
2448
2449
2449
2450
2450
2451
2451
2452
2452
2453
2453
2454
2454
2455
2455
2456
2456
2457
2457
2458
2458
2459
2459
2460
2460
2461
2461
2462
2462
2463
2463
2464
2464
2465
2465
2466
2466
2467
2467
2468
2468
2469
2469
2470
2470
2471
2471
2472
2472
2473
2473
2474
2474
2475
2475
2476
2476
2477
2477
2478
2478
2479
2479
2480
2480
2481
2481
2482
2482
2483
2483
2484
2484
2485
2485
2486
2486
2487
2487
2488
2488
2489
2489
2490
2490
2491
2491
2492
2492
2493
2493
2494
2494
2495
2495
2496
2496
2497
2497
2498
2498
2499
2499
2500
2500
2501
2501
2502
2502
2503
2503
2504
2504
2505
2505
2506
2506
2507
2507
2508
2508
2509
2509
2510
2510
2511
2511
2512
2512
2513
2513
2514
2514
2515
2515
2516
2516
2517
2517
2518
2518
2519
2519
2520
2520
2521
2521
2522
2522
2523
2523
2524
2524
2525
2525
2526
2526
2527
2527
2528
2528
2529
2529
2530
2530
2531
2531
2532
2532
2533
2533
2534
2534
2535
2535
2536
2536
2537
2537
2538
2538
2539
2539
2540
2540
2541
2541
2542
2542
2543
2543
2544
2544
2545
2545
2546
2546
2547
2547
2548
2548
2549
2549
2550
2550
2551
2551
2552
2552
2553
2553
2554
2554
2555
2555
2556
2556
2557
2557
2558
2558
2559
2559
2560
2560
2561
2561
2562
2562
2563
2563
2564
2564
2565
2565
2566
2566
2567
2567
2568
2568
2569
2569
2570
2570
2571
2571
2572
2572
2573
2573
2574
2574
2575
2575
2576
2576
2577
2577
2578
2578
2579
2579
2580
2580
2581
2581
2582
2582
2583
2583
2584
2584
2585
2585
2586
2586
2587
2587
2588
2588
2589
2589
2590
2590
2591
2591
2592
2592
2593
2593
2594
2594
2595
2595
2596
2596
2597
2597
2598
2598
2599
2599
2600
2600
2601
2601
2602
2602
2603
2603
2604
2604
2605
2605
2606
2606
2607
2607
2608
2608
2609
2609
2610
2610
2611
2611
2612
2612
2613
2613
2614
2614
2615
2615
2616
2616
2617
2617
2618
2618
2619
2619
2620
2620
2621
2621
2622
2622
2623
2623
2624
2624
2625
2625
2626
2626
2627
2627
2628
2628
2629
2629
2630
2630
2631
2631
2632
2632
2633
2633
2634
2634
2635
2635
2636
2636
2637
2637
2638
2638
2639
2639
2640
2640
2641
2641
2642
2642
2643
2643
2644
2644
2645
2645
2646
2646
2647
2647
2648
2648
2649
2649
2650
2650
2651
2651
2652
2652
2653
2653
2654
2654
2655
2655
2656
2656
2657
2657
2658
2658
2659
2659
2660
2660
2661
2661
2662
2662
2663
2663
2664
2664
2665
2665
2666
2666
2667
2667
2668
2668
2669
2669
2670
2670
2671
2671
2672
2672
2673
2673
2674
2674
2675
2675
2676
2676
2677
2677
2678
2678
2679
2679
2680
2680
2681
2681
2682
2682
2683
2683
2684
2684
2685
2685
2686
2686
2687
2687
2688
2688
2689
2689
2690
2690
2691
2691
2692
2692
2693
2693
2694
2694
2695
2695
2696
2696
2697
2697
2698
2698
2699
2699
2700
2700
2701
2701
2702
2702
2703
2703
2704
2704
2705
2705
2706
2706
2707
2707
2708
2708
2709
2709
2710
2710
2711
2711
2712
2712
2713
2713
2714
2714
2715
2715
2716
2716
2717
2717
2718
2718
2719
2719
2720
2720
2721
2721
2722
2722
2723
2723
2724
2724
2725
2725
2726
2726
2727
2727
2728
2728
2729
2729
2730
2730
2731
2731
2732
2732
2733
2733
2734
2734
2735
2735
2736
2736
2737
2737
2738
2738
2739
2739
2740
2740
2741
2741
2742
2742
2743
2743
2744
2744
2745
2745
2746
2746
2747
2747
2748
2748
2749
2749
2750
2750
2751
2751
2752
2752
2753
2753
2754
2754
2755
2755
2756
2756
2757
2757
2758
2758
2759
2759
2760
2760
2761
2761
2762
2762
2763
2763
2764
2764
2765
2765
2766
2766
2767
2767
2768
2768
2769
2769
2770
2770
2771
2771
2772
2772
2773
2773
2774
2774
2775
2775
2776
2776
2777
2777
2778
2778
2779
2779
2780
2780
2781
2781
2782
2782
2783
2783
2784
2784
2785
2785
2786
2786
2787
2787
2788
2788
2789
2789
2790
2790
2791
2791
2792
2792
2793
2793
2794
2794
2795
2795
2796
2796
2797
2797
2798
2798
2799
2799
2800
2800
2801
2801
2802
2802
2803
2803
2804
2804
2805
2805
2806
2806
2807
2807
2808
2808
2809
2809
2810
2810
2811
2811
2812
2812
2813
2813
2814
2814
2815
2815
2816
2816
2817
2817
2818
2818
2819
2819
2820
2820
2821
2821
2822
2822
2823
2823
2824
2824
2825
2825
2826
2826
2827
2827
2828
2828
2829
2829
2830
2830
2831
2831
2832
2832
2833
2833
2834
2834
2835
2835
2836
2836
2837
2837
2838
2838
2839
2839
2840
2840
2841
2841
2842
2842
2843
2843
2844
2844
2845
2845
2846
2846
2847
2847
2848
2848
2849
2849
2850
2850
2851
2851
2852
2852
2853
2853
2854
2854
2855
2855
2856
2856
2857
2857
2858
2858
2859
2859
2860
2860
2861
2861
2862
2862
2863
2863
2864
2864
2865
2865
2866
2866
2867
2867
2868
2868
2869
2869
2870
2870
2871
2871
2872
2872
2873
2873
2874
2874
2875
2875
2876
2876
2877
2877
2878
2878
2879
2879
2880
2880
2881
2881
2882
2882
2883
2883
2884
2884
2885
2885
2886
2886
2887
2887
2888
2888
2889
2889
2890
2890
2891
2891
2892
2892
2893
2893
2894
2894
2895
2895
2896
2896
2897
2897
2898
2898
2899
2899
2900
2900
2901
2901
2902
2902
2903
2903
2904
2904
2905
2905
2906
2906
2907
2907
2908
2908
2909
2909
2910
2910
2911
2911
2912
2912
2913
2913
2914
2914
2915
2915
2916
2916
2917
2917
2918
2918
2919
2919
2920
2920
2921
2921
2922
2922
2923
2923
2924
2924
2925
2925
2926
2926
2927
2927
2928
2928
2929
2929
2930
2930
2931
2931
2932
2932
2933
2933
2934
2934
2935
2935
2936
2936
2937
2937
2938
2938
2939
2939
2940
2940
2941
2941
2942
2942
2943
2943
2944
2944
2945
2945
2946
2946
2947
2947
2948
2948
2949
2949
2950
2950
2951
2951
2952
2952
2953
2953
2954
2954
2955
2955
2956
2956
2957
2957
2958
2958
2959
2959
2960
2960
2961
2961
2962
2962
2963
2963
2964
2964
2965
2965
2966
2966
2967
2967
2968
2968
2969
2969
2970
2970
2971
2971
2972
2972
2973
2973
2974
2974
2975
2975
2976
2976
2977
2977
2978
2978
2979
2979
2980
2980
2981
2981
2982
2982
2983
2983
2984
2984
2985
2985
2986
2986
2987
2987
2988
2988
2989
2989
2990
2990
2991
2991
2992
2992
2993
2993
2994
2994
2995
2995
2996
2996
2997
2997
2998
2998
2999
2999
3000
3000
3001
3001
3002
3002
3003
3003
3004
3004
3005
3005
3006
3006
3007
3007
3008
3008
3009
3009
3010
3010
3011
3011
3012
3012
3013
3013
3014
3014
3015
3015
3016
3016
3017
3017
3018
3018
3019
3019
3020
3020
3021
3021
3022
3022
3023
3023
3024
3024
3025
3025
3026
3026
3027
3027
3028
3028
3029
3029
3030
3030
3031
3031
3032
3032
3033
3033
3034
3034
3035
3035
3036
3036
3037
3037
3038
3038
3039
3039
3040
3040
3041
3041
3042
3042
3043
3043
3044
3044
3045
3045
3046
3046
3047
3047
3048
3048
3049
3049
3050
3050
3051
3051
3052
3052
3053
3053
3054
3054
3055
3055
3056
3056
3057
3057
3058
3058
3059
3059
3060
3060
3061
3061
3062
3062
3063
3063
3064
3064
3065
3065
3066
3066
3067
3067
3068
3068
3069
3069
3070
3070
3071
3071
3072
3072
3073
3073
3074
3074
3075
3075
3076
3076
3077
3077
3078
3078
3079
3079
3080
3080
3081
3081
3082
3082
3083
3083
3084
3084
3085
3085
3086
3086
3087
3087
3088
3088
3089
3089
3090
3090
3091
3091
3092
3092
3093
3093
3094
3094
3095
3095
3096
3096
3097
3097
3098
3098
3099
3099
3100
3100
3101
3101
3102
3102
3103
3103
3104
3104
3105
3105
3106
3106
3107
3107
3108
3108
3109
3109
3110
3110
3111
3111
3112
3112
3113
3113
3114
3114
3115
3115
3116
3116
3117
3117
3118
3118
3119
3119
3120
3120
3121
3121
3122
3122
3123
3123
3124
3124
3125
3125
3126
3126
3127
3127
3128
3128
3129
3129
3130
3130
3131
3131
3132
3132
3133
3133
3134
3134
3135
3135
3136
3136
3137
3137
3138
3138
3139
3139
3140
3140
3141
3141
3142
3142
3143
3143
3144
3144
3145
3145
3146
3146
3147
3147
3148
3148
3149
3149
3150
3150
3151
3151
3152
3152
3153
3153
3154
3154
3155
3155
3156
3156
3157
3157
3158
3158
3159
3159
3160
3160
3161
3161
3162
3162
3163
3163
3164
3164
3165
3165
3166
3166
3167
3167
3168
3168
3169
3169
3170
3170
3171
3171
3172
3172
3173
3173
3174
3174
3175
3175
3176
3176
3177
3177
3178
3178
3179
3179
3180
3180
3181
3181
3182
3182
3183
3183
3184
3184
3185
3185
3186
3186
3187
3187
3188
3188
3189
3189
3190
3190
3191
3191
3192
3192
3193
3193
3194
3194
3195
3195
3196
3196
3197
3197
3198
3198
3199
3199
3200
3200
3201
3201
3202
3202
3203
3203
3204
3204
3205
3205
3206
3206
3207
3207
3208
3208
3209
3209
3210
3210
3211
3211
3212
3212
3213
3213
3214
3214
3215
3215
3216
3216
3217
3217
3218
3218
3219
3219
3220
3220
3221
3221
3222
3222
3223
3223
3224
3224
3225
3225
3226
3226
3227
3227
3228
3228
3229
3229
3230
3230
3231
3231
3232
3232
3233
3233
3234
3234
3235
3235
3236
3236
3237
3237
3238
3238
3239
3239
3240
3240
3241
3241
3242
3242
3243
3243
3244
3244
3245
3245
3246
3246
3247
3247
3248
3248
3249
3249
3250
3250
3251
3251
3252
3252
3253
3253
3254
3254
3255
3255
3256
3256
3257
3257
3258
3258
3259
3259
3260
3260
3261
3261
3262
3262
3263
3263
3264
3264
3265
3265
3266
3266
3267
3267
3268
3268
3269
3269
3270
3270
3271
3271
3272
3272
3273
3273
3274
3274
3275
3275
3276
3276
3277
3277
3278
3278
3279
3279
3280
3280
3281
3281
3282
3282
3283
3283
3284
3284
3285
3285
3286
3286
3287
3287
3288
3288
3289
3289
3290
3290
3291
3291
3292
3292
3293
3293
3294
3294
3295
3295
3296
3296
3297
3297
3298
3298
3299
3299
3300
3300
3301
3301
3302
3302
3303
3303
3304
3304
3305
3305
3306
3306
3307
3307
3308
3308
3309
3309
3310
3310
3311
3311
3312
3312
3313
3313
3314
3314
3315
3315
3316
3316
3317
3317
3318
3318
3319
3319
3320
3320
3321
3321
3322
3322
3323
3323
3324
3324
3325
3325
3326
3326
3327
3327
3328
3328
3329
3329
3330
3330
3331
3331
3332
3332
3333
3333
3334
3334
3335
3335
3336
3336
3337
3337
3338
3338
3339
3339
3340
3340
3341
3341
3342
3342
3343
3343
3344
3344
3345
3345
3346
3346
3347
3347
3348
3348
3349
3349
3350
3350
3351
3351
3352
3352
3353
3353
3354
3354
3355
3355
3356
3356
3357
3357
3358
3358
3359
3359
3360
3360
3361
3361
3362
3362
3363
3363
3364
3364
3365
3365
3366
3366
3367
3367
3368
3368
3369
3369
3370
3370
3371
3371
3372
3372
3373
3373
3374
3374
3375
3375
3376
3376
3377
3377
3378
3378
3379
3379
3380
3380
3381
3381
3382
3382
3383
3383
3384
3384
3385
3385
3386
3386
3387
3387
3388
3388
3389
3389
3390
3390
3391
3391
3392
3392
3393
3393
3394
3394
3395
3395
3396
3396
3397
3397
3398
3398
3399
3399
3400
3400
3401
3401
3402
3402
3403
3403
3404
3404
3405
3405
3406
3406
3407
3407
3408
3408
3409
3409
3410
3410
3411
3411
3412
3412
3413
3413
3414
3414
3415
3415
3416
3416
3417
3417
3418
3418
3419
3419
3420
3420
3421
3421
3422
3422
3423
3423
3424
3424
3425
3425
3426
3426
3427
3427
3428
3428
3429
3429
3430
3430
3431
3431
3432
3432
3433
3433
3434
3434
3435
3435
3436
3436
3437
3437
3438
3438
3439
3439
3440
3440
3441
3441
3442
3442
3443
3443
3444
3444
3445
3445
3446
3446
3447
3447
3448
3448
3449
3449
3450
3450
3451
3451
3452
3452
3453
3453
3454
3454
3455
3455
3456
3457
3457
3458
3458
3459
3459
3460
3460
3461
3461
3462
3463
3463
3464
3464
3465
3465
3466
3466
3467
3468
3468
3469
3469
3470
3470
3471
3471
3472
3472
3473
3474
3474
3475
3475
3476
3476
3477
3477
3478
3479
3479
3480
3480
3481
3481
3482
3482
3483
3483
3484
3485
3485
3486
3486
3487
3487
3488
3488
3489
3490
3490
3491
3491
3492
3492
3493
3493
3494
3494
3495
3496
3496
3497
3497
3498
3498
3499
3499
3500
3501
3501
3502
3502
3503
3503
3504
3504
3505
3505
3506
3506
3507
3507
3508
3508
3509
3509
3510
3510
3511
3511
3512
3512
3513
3513
3514
3514
3515
3515
3516
3516
3517
3517
3518
3518
3519
3519
3520
3520
3521
3521
3522
3522
3523
3523
3524
3524
3525
3525
3526
3526
3527
3527
3528
3528
3529
3529
3530
3530
3531
3531
3532
3532
3533
3533
3534
3534
3535
3535
3536
3536
3537
3537
3538
3538
3539
3539
3540
3540
3541
3541
3542
3542
3543
3543
3544
3544
3545
3545
3546
3546
3547
3547
3548
3548
3549
3549
3550
3550
3551
3551
3552
3552
3553
3553
3554
3554
3555
3555
3556
3556
3557
3557
3558
3558
3559
3559
3560
3560
3561
3561
3562
3562
3563
3563
3564
3564
3565
3565
3566
3566
3567
3567
3568
3568
3569
3569
3570
3570
3571
3571
3572
3572
3573
3573
3574
3574
3575
3575
3576
3576
3577
3577
3578
3578
3579
3579
3580
3580
3581
3581
3582
3582
3583
3583
3584
3584
3585
3585
3586
3586
3587
3587
3588
3588
3589
3589
3590
3590
3591
3591
3592
3592
3593
3593
3594
3594
3595
3595
3596
3596
3597
3597
3598
3598
3599
3599
3600
3600
3601
3601
3602
3602
3603
3603
3604
3604
3605
3605
3606
3606
3607
3607
3608
3608
3609
3609
3610
3610
3611
3611
3612
3612
3613
3613
3614
3614
3615
3615
3616
3616
3617
3617
3618
3618
3619
3619
3620
3620
3621
3621
3622
3622
3623
3623
3624
3624
3625
3625
3626
3626
3627
3627
3628
3628
3629
3629
3630
3630
3631
3631
3632
3632
3633
3633
3634
3634
3635
3635
3636
3636
3637
3637
3638
3638
3639
3639
3640
3640
3641
3641
3642
3642
3643
3643
3644
3644
3645
3645
3646
3646
3647
3647
3648
3648
3649
3649
3650
3650
3651
3651
3652
3652
3653
3653
3654
3654
3655
3655
3656
3656
3657
3657
3658
3658
3659
3659
3660
3660
3661
3661
3662
3662
3663
3663
3664
3664
3665
3665
3666
3666
3667
3667
3668
3668
3669
3669
3670
3670
3671
3671
3672
3672
3673
3673
3674
3674
3675
3675
3676
3676
3677
3677
3678
3678
3679
3679
3680
3680
3681
3681
3682
3682
3683
3683
3684
3684
3685
3685
3686
3686
3687
3687
3688
3688
3689
3689
3690
3690
3691
3691
3692
3692
3693
3693
3694
3694
3695
3695
3696
3696
3697
3697
3698
3698
3699
3699
3700
3700
3701
3701
3702
3702
3703
3703
3704
3704
3705
3705
3706
3706
3707
3707
3708
3708
3709
3709
3710
3710
3711
3711
3712
3712
3713
3713
3714
3714
3715
3715
3716
3716
3717
3717
3718
3718
3719
3719
3720
3720
3721
3721
3722
3722
3723
3723
3724
3724
3725
3725
3726
3726
3727
3727
3728
3728
3729
3729
3730
3730
3731
3731
3732
3732
3733
3733
3734
3734
3735
3735
3736
3736
3737
3737
3738
3738
3739
3739
3740
3740
3741
3741
3742
3742
3743
3743
3744
3744
3745
3745
3746
3746
3747
3747
3748
3748
3749
3749
3750
3750
3751
3751
3752
3752
3753
3753
3754
3754
3755
3755
3756
3756
3757
3757
3758
3758
3759
3759
3760
3760
3761
3761
3762
3762
3763
3763
3764
3764
3765
3765
3766
3766
3767
3767
3768
3768
3769
3769
3770
3770
3771
3771
3772
3772
3773
3773
3774
3774
3775
3775
3776
3776
3777
3777
3778
3778
3779
3779
3780
3780
3781
3781
3782
3782
3783
3783
3784
3784
3785
3785
3786
3786
3787
3787
3788
3788
3789
3789
3790
3790
3791
3791
3792
3792
3793
3793
3794
3794
3795
3795
3796
3796
3797
3797
3798
3798
3799
3799
3800
3800
3801
3801
3802
3802
3803
3803
3804
3804
3805
3805
3806
3806
3807
3807
3808
3808
3809
3809
3810
3810
3811
3811
3812
3812
3813
3813
3814
3814
3815
3815
3816
3816
3817
3817
3818
3818
3819
3819
3820
3820
3821
3821
3822
3822
3823
3823
3824
3824
3825
3825
3826
3826
3827
3827
3828
3828
3829
3829
3830
3830
3831
3831
3832
3832
3833
3833
3834
3834
3835
3835
3836
3836
3837
3837
3838
3838
3839
3839
3840
3840
3841
3841
3842
3842
3843
3843
3844
3844
3845
3845
3846
3846
3847
3847
3848
3848
3849
3849
3850
3850
3851
3851
3852
3853
3854
3854
3855
3856
3857
3857
3858
3859
3860
3860
3861
3862
3863
3863
3864
3865
3866
3866
3867
3868
3869
3869
3870
3871
3872
3872
3873
3874
3875
3876
3876
3877
3878
3879
3879
3880
3881
3882
3882
3883
3884
3885
3885
3886
3887
3888
3888
3889
3890
3891
3891
3892
3893
3894
3894
3895
3896
3897
3897
3898
3899
3900
3901
3901
3902
3902
3903
3903
3904
3904
3905
3905
3906
3906
3907
3907
3908
3908
3909
3909
3910
3910
3911
3911
3912
3912
3913
3913
3914
3914
3915
3915
3916
3916
3917
3917
3918
3918
3919
3919
3920
3920
3921
3921
3922
3922
3923
3923
3924
3924
3925
3925
3926
3926
3927
3927
3928
3928
3929
3929
3930
3930
3931
3931
3932
3932
3933
3933
3934
3934
3935
3935
3936
3936
3937
3937
3938
3938
3939
3939
3940
3940
3941
3941
3942
3942
3943
3943
3944
3944
3945
3945
3946
3946
3947
3947
3948
3948
3949
3949
3950
3950
3951
3951
3952
3952
3953
3953
3954
3954
3955
3955
3956
3956
3957
3957
3958
3958
3959
3959
3960
3960
3961
3961
3962
3962
3963
3963
3964
3964
3965
3965
3966
3966
3967
3967
3968
3968
3969
3969
3970
3970
3971
3971
3972
3972
3973
3973
3974
3974
3975
3975
3976
3976
3977
3977
3978
3978
3979
3979
3980
3980
3981
3981
3982
3982
3983
3983
3984
3984
3985
3985
3986
3986
3987
3987
3988
3988
3989
3989
3990
3990
3991
3991
3992
3992
3993
3993
3994
3994
3995
3995
3996
3996
3997
3997
3998
3998
3999
3999
4000
4000
4001
4003
4005
4007
4009
4011
4013
4015
4017
4019
4021
4023
4025
4027
4029
4031
4033
4035
4037
4039
4041
4043
4045
4047
4049
4051
4051
4052
4052
4053
4053
4054
4054
4055
4055
4056
4056
4057
4057
4058
4058
4059
4059
4060
4060
4061
4061
4062
4062
4063
4063
4064
4064
4065
4065
4066
4066
4067
4067
4068
4068
4069
4069
4070
4070
4071
4071
4072
4072
4073
4073
4074
4074
4075
4075
4076
4076
4077
4077
4078
4078
4079
4079
4080
4080
4081
4081
4082
4082
4083
4083
4084
4084
4085
4085
4086
4086
4087
4087
4088
4088
4089
4089
4090
4090
4091
4091
4092
4092
4093
4093
4094
4094
4095
4095
4096
4096
4097
4097
4098
4098
4099
4099
4100
4100
4101
4101
4102
4102
4103
4103
4104
4104
4105
4105
4106
4106
4107
4107
4108
4108
4109
4109
4110
4110
4111
4111
4112
4112
4113
4113
4114
4114
4115
4115
4116
4116
4117
4118
4118
4119
4119
4120
4120
4121
4121
4122
4122
4123
4123
4124
4124
4125
4125
4126
4126
4127
4127
4128
4128
4129
4129
4130
4130
4131
4131
4132
4132
4133
4133
4134
4135
4135
4136
4136
4137
4137
4138
4138
4139
4139
4140
4140
4141
4141
4142
4142
4143
4143
4144
4144
4145
4145
4146
4146
4147
4147
4148
4148
4149
4149
4150
4151
4151
4152
4152
4153
4153
4154
4154
4155
4155
4156
4156
4157
4157
4158
4158
4159
4159
4160
4160
4161
4161
4162
4162
4163
4163
4164
4164
4165
4165
4166
4166
4167
4167
4168
4168
4169
4169
4170
4170
4171
4171
4172
4172
4173
4173
4174
4174
4175
4175
4176
4176
4177
4177
4178
4178
4179
4179
4180
4180
4181
4181
4182
4182
4183
4183
4184
4184
4185
4185
4186
4186
4187
4187
4188
4188
4189
4189
4190
4190
4191
4191
4192
4192
4193
4193
4194
4194
4195
4195
4196
4196
4197
4197
4198
4198
4199
4199
4200
4200
4201
4201
4202
4202
4203
4203
4204
4204
4205
4205
4206
4206
4207
4207
4208
4208
4209
4209
4210
4210
4211
4211
4212
4212
4213
4213
4214
4214
4215
4215
4216
4216
4217
4217
4218
4218
4219
4219
4220
4220
4221
4221
4222
4222
4223
4223
4224
4224
4225
4225
4226
4226
4227
4227
4228
4228
4229
4229
4230
4230
4231
4231
4232
4232
4233
4233
4234
4234
4235
4235
4236
4236
4237
4237
4238
4238
4239
4239
4240
4240
4241
4241
4242
4242
4243
4243
4244
4244
4245
4245
4246
4246
4247
4247
4248
4248
4249
4249
4250
4250
4251
4251
4252
4252
4253
4253
4254
4254
4255
4255
4256
4256
4257
4257
4258
4258
4259
4259
4260
4260
4261
4261
4262
4262
4263
4263
4264
4264
4265
4265
4266
4266
4267
4267
4268
4268
4269
4269
4270
4270
4271
4271
4272
4272
4273
4273
4274
4274
4275
4275
4276
4276
4277
4277
4278
4278
4279
4279
4280
4280
4281
4281
4282
4282
4283
4283
4284
4284
4285
4285
4286
4286
4287
4287
4288
4288
4289
4289
4290
4290
4291
4291
4292
4292
4293
4293
4294
4294
4295
4295
4296
4296
4297
4297
4298
4298
4299
4299
4300
4300
4301
4303
4305
4307
4309
4311
4313
4315
4317
4319
4321
4323
4325
4327
4329
4331
4333
4335
4337
4339
4341
4343
4345
4347
4349
4351
4351
4352
4352
4353
4353
4354
4354
4355
4355
4356
4356
4357
4357
4358
4358
4359
4359
4360
4360
4361
4361
4362
4362
4363
4363
4364
4364
4365
4365
4366
4366
4367
4367
4368
4368
4369
4369
4370
4370
4371
4371
4372
4372
4373
4373
4374
4374
4375
4375
4376
4376
4377
4377
4378
4378
4379
4379
4380
4380
4381
4381
4382
4382
4383
4383
4384
4384
4385
4385
4386
4386
4387
4387
4388
4388
4389
4389
4390
4390
4391
4391
4392
4392
4393
4393
4394
4394
4395
4395
4396
4396
4397
4397
4398
4398
4399
4399
4400
4400
4401
4401
4402
4402
4403
4403
4404
4404
4405
4405
4406
4406
4407
4407
4408
4408
4409
4409
4410
4410
4411
4411
4412
4412
4413
4413
4414
4414
4415
4415
4416
4416
4417
4417
4418
4418
4419
4419
4420
4420
4421
4421
4422
4422
4423
4423
4424
4424
4425
4425
4426
4426
4427
4427
4428
4428
4429
4429
4430
4430
4431
4431
4432
4432
4433
4433
4434
4434
4435
4435
4436
4436
4437
4437
4438
4438
4439
4439
4440
4440
4441
4441
4442
4442
4443
4443
4444
4444
4445
4445
4446
4446
4447
4447
4448
4448
4449
4449
4450
4450
4451
4451
4452
4452
4453
4453
4454
4454
4455
4455
4456
4456
4457
4457
4458
4458
4459
4459
4460
4460
4461
4461
4462
4462
4463
4463
4464
4464
4465
4465
4466
4466
4467
4467
4468
4468
4469
4469
4470
4470
4471
4471
4472
4472
4473
4473
4474
4474
4475
4475
4476
4476
4477
4477
4478
4478
4479
4479
4480
4480
4481
4481
4482
4482
4483
4483
4484
4484
4485
4485
4486
4486
4487
4487
4488
4488
4489
4489
4490
4490
4491
4491
4492
4492
4493
4493
4494
4494
4495
4495
4496
4496
4497
4497
4498
4498
4499
4499
4500
4500
4501
4501
4502
4502
4503
4503
4504
4504
4505
4505
4506
4506
4507
4507
4508
4508
4509
4509
4510
4510
4511
4511
4512
4512
4513
4513
4514
4514
4515
4515
4516
4516
4517
4517
4518
4518
4519
4519
4520
4520
4521
4521
4522
4522
4523
4523
4524
4524
4525
4525
4526
4526
4527
4527
4528
4528
4529
4529
4530
4530
4531
4531
4532
4532
4533
4533
4534
4534
4535
4535
4536
4536
4537
4537
4538
4538
4539
4539
4540
4540
4541
4541
4542
4542
4543
4543
4544
4544
4545
4545
4546
4546
4547
4547
4548
4548
4549
4549
4550
4550
4551
4551
4552
4553
4553
4554
4555
4556
4556
4557
4558
4559
4559
4560
4561
4562
4562
4563
4564
4565
4565
4566
4567
4568
4568
4569
4570
4571
4571
4572
4573
4574
4574
4575
4576
4577
4577
4578
4579
4580
4580
4581
4582
4583
4583
4584
4585
4586
4586
4587
4588
4589
4589
4590
4591
4592
4592
4593
4594
4595
4595
4596
4597
4598
4598
4599
4600
4601
4602
4604
4605
4607
4608
4610
4611
4613
4614
4616
4617
4619
4620
4622
4623
4625
4626
4628
4629
4631
4632
4634
4635
4637
4638
4640
4641
4643
4644
4646
4647
4649
4651
4651
4652
4652
4653
4653
4654
4654
4655
4655
4656
4656
4657
4657
4658
4658
4659
4659
4660
4660
4661
4661
4662
4662
4663
4663
4664
4664
4665
4665
4666
4666
4667
4667
4668
4668
4669
4669
4670
4670
4671
4671
4672
4672
4673
4673
4674
4674
4675
4675
4676
4676
4677
4677
4678
4678
4679
4679
4680
4680
4681
4681
4682
4682
4683
4683
4684
4684
4685
4685
4686
4686
4687
4687
4688
4688
4689
4689
4690
4690
4691
4691
4692
4692
4693
4693
4694
4694
4695
4695
4696
4696
4697
4697
4698
4698
4699
4699
4700
4700
4701
4701
4702
4702
4703
4703
4704
4704
4705
4705
4706
4706
4707
4707
4708
4708
4709
4709
4710
4710
4711
4711
4712
4712
4713
4713
4714
4714
4715
4715
4716
4716
4717
4717
4718
4718
4719
4719
4720
4720
4721
4721
4722
4722
4723
4723
4724
4724
4725
4725
4726
4726
4727
4727
4728
4728
4729
4729
4730
4730
4731
4731
4732
4732
4733
4733
4734
4734
4735
4735
4736
4736
4737
4737
4738
4738
4739
4739
4740
4740
4741
4741
4742
4742
4743
4743
4744
4744
4745
4745
4746
4746
4747
4747
4748
4748
4749
4749
4750
4750
4751
4753
4755
4757
4759
4761
4763
4765
4767
4769
4771
4773
4775
4777
4779
4781
4783
4785
4787
4789
4791
4793
4795
4797
4799
4801
4801
4802
4803
4804
4805
4805
4806
4807
4808
4809
4810
4810
4811
4812
4813
4814
4814
4815
4816
4817
4818
4819
4819
4820
4821
4822
4823
4823
4824
4825
4826
4827
4828
4828
4829
4830
4831
4832
4832
4833
4834
4835
4836
4837
4837
4838
4839
4840
4841
4841
4842
4843
4844
4845
4846
4846
4847
4848
4849
4850
4851
4853
4855
4857
4859
4861
4863
4865
4867
4869
4871
4873
4875
4877
4879
4881
4883
4885
4887
4889
4891
4893
4895
4897
4899
4901
4903
4905
4907
4909
4911
4913
4915
4917
4919
4921
4923
4925
4927
4929
4931
4933
4935
4937
4939
4941
4943
4945
4947
4949
4951
4952
4953
4954
4955
4956
4957
4958
4960
4961
4962
4963
4964
4965
4966
4968
4969
4970
4971
4972
4973
4974
4976
4977
4978
4979
4980
4981
4982
4983
4985
4986
4987
4988
4989
4990
4991
4993
4994
4995
4996
4997
4998
4999
5001
5001
5002
5002
5003
5003
5004
5004
5005
5005
5006
5006
5007
5007
5008
5008
5009
5009
5010
5010
5011
5011
5012
5012
5013
5013
5014
5014
5015
5015
5016
5016
5017
5017
5018
5018
5019
5019
5020
5020
5021
5021
5022
5022
5023
5023
5024
5024
5025
5025
5026
5026
5027
5027
5028
5028
5029
5029
5030
5030
5031
5031
5032
5032
5033
5033
5034
5034
5035
5035
5036
5036
5037
5037
5038
5038
5039
5039
5040
5040
5041
5041
5042
5042
5043
5043
5044
5044
5045
5045
5046
5046
5047
5047
5048
5048
5049
5049
5050
5050
5051
5052
5053
5055
5056
5057
5059
5060
5062
5063
5064
5066
5067
5069
5070
5071
5073
5074
5076
5077
5078
5080
5081
5082
5084
5085
5087
5088
5089
5091
5092
5094
5095
5096
5098
5099
5101
5101
5102
5102
5103
5104
5104
5105
5105
5106
5107
5107
5108
5108
5109
5110
5110
5111
5111
5112
5113
5113
5114
5115
5115
5116
5116
5117
5118
5118
5119
5119
5120
5121
5121
5122
5122
5123
5124
5124
5125
5126
5126
5127
5127
5128
5129
5129
5130
5130
5131
5132
5132
5133
5133
5134
5135
5135
5136
5136
5137
5138
5138
5139
5140
5140
5141
5141
5142
5143
5143
5144
5144
5145
5146
5146
5147
5147
5148
5149
5149
5150
5151
5152
5153
5154
5156
5157
5158
5159
5161
5162
5163
5164
5166
5167
5168
5169
5171
5172
5173
5174
5176
5177
5178
5179
5181
5182
5183
5184
5186
5187
5188
5189
5191
5192
5193
5194
5196
5197
5198
5199
5201
5201
5202
5202
5203
5203
5204
5204
5205
5205
5206
5206
5207
5207
5208
5208
5209
5209
5210
5210
5211
5211
5212
5212
5213
5213
5214
5214
5215
5215
5216
5216
5217
5217
5218
5218
5219
5219
5220
5220
5221
5221
5222
5222
5223
5223
5224
5224
5225
5225
5226
5226
5227
5227
5228
5228
5229
5229
5230
5230
5231
5231
5232
5232
5233
5233
5234
5234
5235
5235
5236
5236
5237
5237
5238
5238
5239
5239
5240
5240
5241
5241
5242
5242
5243
5243
5244
5244
5245
5245
5246
5246
5247
5247
5248
5248
5249
5249
5250
5250
5251
5251
5252
5252
5253
5253
5254
5254
5255
5255
5256
5256
5257
5257
5258
5258
5259
5259
5260
5260
5261
5261
5262
5262
5263
5263
5264
5264
5265
5265
5266
5266
5267
5267
5268
5268
5269
5269
5270
5270
5271
5271
5272
5272
5273
5273
5274
5274
5275
5275
5276
5276
5277
5277
5278
5278
5279
5279
5280
5280
5281
5281
5282
5282
5283
5283
5284
5284
5285
5285
5286
5286
5287
5287
5288
5288
5289
5289
5290
5290
5291
5291
5292
5292
5293
5293
5294
5294
5295
5295
5296
5296
5297
5297
5298
5298
5299
5299
5300
5300
5301
5303
5305
5307
5309
5311
5313
5315
5317
5319
5321
5323
5325
5327
5329
5331
5333
5335
5337
5339
5341
5343
5345
5347
5349
5351
5351
5352
5352
5353
5353
5354
5354
5355
5355
5356
5356
5357
5357
5358
5358
5359
5359
5360
5360
5361
5361
5362
5362
5363
5363
5364
5364
5365
5365
5366
5366
5367
5367
5368
5368
5369
5369
5370
5370
5371
5371
5372
5372
5373
5373
5374
5374
5375
5375
5376
5376
5377
5377
5378
5378
5379
5379
5380
5380
5381
5381
5382
5382
5383
5383
5384
5384
5385
5385
5386
5386
5387
5387
5388
5388
5389
5389
5390
5390
5391
5391
5392
5392
5393
5393
5394
5394
5395
5395
5396
5396
5397
5397
5398
5398
5399
5399
5400
5400
5401
5403
5405
5407
5409
5411
5413
5415
5417
5419
5421
5423
5425
5427
5429
5431
5433
5435
5437
5439
5441
5443
5445
5447
5449
5451
5452
5453
5455
5456
5458
5459
5461
5462
5463
5465
5466
5468
5469
5471
5472
5473
5475
5476
5478
5479
5481
5482
5483
5485
5486
5488
5489
5491
5492
5493
5495
5496
5498
5499
5501
5501
5502
5502
5503
5503
5504
5504
5505
5505
5506
5506
5507
5507
5508
5508
5509
5509
5510
5510
5511
5511
5512
5512
5513
5513
5514
5514
5515
5515
5516
5516
5517
5517
5518
5518
5519
5519
5520
5520
5521
5521
5522
5522
5523
5523
5524
5524
5525
5525
5526
5526
5527
5527
5528
5528
5529
5529
5530
5530
5531
5531
5532
5532
5533
5533
5534
5534
5535
5535
5536
5536
5537
5537
5538
5538
5539
5539
5540
5540
5541
5541
5542
5542
5543
5543
5544
5544
5545
5545
5546
5546
5547
5547
5548
5548
5549
5549
5550
5550
5551
5551
5552
5552
5553
5553
5554
5554
5555
5555
5556
5556
5557
5557
5558
5558
5559
5559
5560
5560
5561
5561
5562
5562
5563
5563
5564
5564
5565
5565
5566
5566
5567
5567
5568
5568
5569
5569
5570
5570
5571
5571
5572
5572
5573
5573
5574
5574
5575
5575
5576
5576
5577
5577
5578
5578
5579
5579
5580
5580
5581
5581
5582
5582
5583
5583
5584
5584
5585
5585
5586
5586
5587
5587
5588
5588
5589
5589
5590
5590
5591
5591
5592
5592
5593
5593
5594
5594
5595
5595
5596
5596
5597
5597
5598
5598
5599
5599
5600
5600
5601
5603
5605
5607
5609
5611
5613
5615
5617
5619
5621
5623
5625
5627
5629
5631
5633
5635
5637
5639
5641
5643
5645
5647
5649
5651
5651
5652
5653
5653
5654
5655
5655
5656
5657
5658
5658
5659
5660
5660
5661
5662
5662
5663
5664
5665
5665
5666
5667
5667
5668
5669
5670
5670
5671
5672
5672
5673
5674
5674
5675
5676
5677
5677
5678
5679
5679
5680
5681
5681
5682
5683
5684
5684
5685
5686
5686
5687
5688
5689
5689
5690
5691
5691
5692
5693
5693
5694
5695
5696
5696
5697
5698
5698
5699
5700
5701
5701
5702
5702
5703
5703
5704
5704
5705
5705
5706
5706
5707
5707
5708
5708
5709
5709
5710
5710
5711
5711
5712
5712
5713
5713
5714
5714
5715
5715
5716
5716
5717
5717
5718
5718
5719
5719
5720
5720
5721
5721
5722
5722
5723
5723
5724
5724
5725
5725
5726
5726
5727
5727
5728
5728
5729
5729
5730
5730
5731
5731
5732
5732
5733
5733
5734
5734
5735
5735
5736
5736
5737
5737
5738
5738
5739
5739
5740
5740
5741
5741
5742
5742
5743
5743
5744
5744
5745
5745
5746
5746
5747
5747
5748
5748
5749
5749
5750
5750
5751
5751
5752
5752
5753
5753
5754
5754
5755
5755
5756
5756
5757
5757
5758
5758
5759
5759
5760
5760
5761
5761
5762
5762
5763
5763
5764
5764
5765
5765
5766
5766
5767
5767
5768
5768
5769
5769
5770
5770
5771
5771
5772
5772
5773
5773
5774
5774
5775
5775
5776
5776
5777
5777
5778
5778
5779
5779
5780
5780
5781
5781
5782
5782
5783
5783
5784
5784
5785
5785
5786
5786
5787
5787
5788
5788
5789
5789
5790
5790
5791
5791
5792
5792
5793
5793
5794
5794
5795
5795
5796
5796
5797
5797
5798
5798
5799
5799
5800
5800
5801
5801
5802
5802
5803
5803
5804
5804
5805
5805
5806
5806
5807
5807
5808
5808
5809
5809
5810
5810
5811
5811
5812
5812
5813
5813
5814
5814
5815
5815
5816
5816
5817
5817
5818
5818
5819
5819
5820
5820
5821
5821
5822
5822
5823
5823
5824
5824
5825
5825
5826
5826
5827
5827
5828
5828
5829
5829
5830
5830
5831
5831
5832
5832
5833
5833
5834
5834
5835
5835
5836
5836
5837
5837
5838
5838
5839
5839
5840
5840
5841
5841
5842
5842
5843
5843
5844
5844
5845
5845
5846
5846
5847
5847
5848
5848
5849
5849
5850
5850
5851
5852
5853
5854
5855
5856
5857
5858
5859
5861
5862
5863
5864
5865
5866
5867
5868
5869
5871
5872
5873
5874
5875
5876
5877
5878
5879
5881
5882
5883
5884
5885
5886
5887
5888
5889
5891
5892
5893
5894
5895
5896
5897
5898
5899
5901
5901
5902
5902
5903
5903
5904
5904
5905
5905
5906
5906
5907
5907
5908
5908
5909
5909
5910
5910
5911
5911
5912
5912
5913
5913
5914
5914
5915
5915
5916
5916
5917
5917
5918
5918
5919
5919
5920
5920
5921
5921
5922
5922
5923
5923
5924
5924
5925
5925
5926
5926
5927
5927
5928
5928
5929
5929
5930
5930
5931
5931
5932
5932
5933
5933
5934
5934
5935
5935
5936
5936
5937
5937
5938
5938
5939
5939
5940
5940
5941
5941
5942
5942
5943
5943
5944
5944
5945
5945
5946
5946
5947
5947
5948
5948
5949
5949
5950
5950
5951
5951
5952
5952
5953
5953
5954
5954
5955
5955
5956
5956
5957
5957
5958
5958
5959
5959
5960
5960
5961
5961
5962
5962
5963
5963
5964
5964
5965
5965
5966
5966
5967
5967
5968
5968
5969
5969
5970
5970
5971
5971
5972
5972
5973
5973
5974
5974
5975
5975
5976
5976
5977
5977
5978
5978
5979
5979
5980
5980
5981
5981
5982
5982
5983
5983
5984
5984
5985
5985
5986
5986
5987
5987
5988
5988
5989
5989
5990
5990
5991
5991
5992
5992
5993
5993
5994
5994
5995
5995
5996
5996
5997
5997
5998
5998
5999
5999
6000
6000
6001
6002
6003
6004
6005
6006
6007
6008
6009
6010
6011
6012
6013
6014
6015
6016
6017
6018
6019
6020
6021
6022
6023
6024
6026
6027
6028
6029
6030
6031
6032
6033
6034
6035
6036
6037
6038
6039
6040
6041
6042
6043
6044
6045
6046
6047
6048
6049
6051
6051
6052
6052
6053
6053
6054
6054
6055
6055
6056
6056
6057
6057
6058
6058
6059
6059
6060
6060
6061
6061
6062
6062
6063
6063
6064
6064
6065
6065
6066
6066
6067
6067
6068
6068
6069
6069
6070
6070
6071
6071
6072
6072
6073
6073
6074
6074
6075
6075
6076
6076
6077
6077
6078
6078
6079
6079
6080
6080
6081
6081
6082
6082
6083
6083
6084
6084
6085
6085
6086
6086
6087
6087
6088
6088
6089
6089
6090
6090
6091
6091
6092
6092
6093
6093
6094
6094
6095
6095
6096
6096
6097
6097
6098
6098
6099
6099
6100
6100
6101
6101
6102
6102
6103
6103
6104
6104
6105
6105
6106
6106
6107
6107
6108
6108
6109
6109
6110
6110
6111
6111
6112
6112
6113
6113
6114
6114
6115
6115
6116
6116
6117
6117
6118
6118
6119
6119
6120
6120
6121
6121
6122
6122
6123
6123
6124
6124
6125
6125
6126
6126
6127
6127
6128
6128
6129
6129
6130
6130
6131
6131
6132
6132
6133
6133
6134
6134
6135
6135
6136
6136
6137
6137
6138
6138
6139
6139
6140
6140
6141
6141
6142
6142
6143
6143
6144
6144
6145
6145
6146
6146
6147
6147
6148
6148
6149
6149
6150
6150
6151
6151
6152
6152
6153
6153
6154
6154
6155
6155
6156
6156
6157
6157
6158
6158
6159
6159
6160
6160
6161
6161
6162
6162
6163
6163
6164
6164
6165
6165
6166
6166
6167
6167
6168
6168
6169
6169
6170
6170
6171
6171
6172
6172
6173
6173
6174
6174
6175
6175
6176
6176
6177
6177
6178
6178
6179
6179
6180
6180
6181
6181
6182
6182
6183
6183
6184
6184
6185
6185
6186
6186
6187
6187
6188
6188
6189
6189
6190
6190
6191
6191
6192
6192
6193
6193
6194
6194
6195
6195
6196
6196
6197
6197
6198
6198
6199
6199
6200
6200
6201
6201
6202
6202
6203
6203
6204
6204
6205
6205
6206
6206
6207
6207
6208
6208
6209
6209
6210
6210
6211
6211
6212
6212
6213
6213
6214
6214
6215
6215
6216
6216
6217
6217
6218
6218
6219
6219
6220
6220
6221
6221
6222
6222
6223
6223
6224
6224
6225
6225
6226
6226
6227
6227
6228
6228
6229
6229
6230
6230
6231
6231
6232
6232
6233
6233
6234
6234
6235
6235
6236
6236
6237
6237
6238
6238
6239
6239
6240
6240
6241
6241
6242
6242
6243
6243
6244
6244
6245
6245
6246
6246
6247
6247
6248
6248
6249
6249
6250
6250
6251
6251
6252
6252
6253
6253
6254
6254
6255
6255
6256
6256
6257
6257
6258
6258
6259
6259
6260
6260
6261
6261
6262
6262
6263
6263
6264
6264
6265
6265
6266
6266
6267
6267
6268
6268
6269
6269
6270
6270
6271
6271
6272
6272
6273
6273
6274
6274
6275
6275
6276
6276
6277
6277
6278
6278
6279
6279
6280
6280
6281
6281
6282
6282
6283
6283
6284
6284
6285
6285
6286
6286
6287
6287
6288
6288
6289
6289
6290
6290
6291
6291
6292
6292
6293
6293
6294
6294
6295
6295
6296
6296
6297
6297
6298
6298
6299
6299
6300
6300
6301
6301
6302
6302
6303
6303
6304
6304
6305
6305
6306
6306
6307
6307
6308
6308
6309
6309
6310
6310
6311
6311
6312
6312
6313
6313
6314
6314
6315
6315
6316
6316
6317
6317
6318
6318
6319
6319
6320
6320
6321
6321
6322
6322
6323
6323
6324
6324
6325
6325
6326
6326
6327
6327
6328
6328
6329
6329
6330
6330
6331
6331
6332
6332
6333
6333
6334
6334
6335
6335
6336
6336
6337
6337
6338
6338
6339
6339
6340
6340
6341
6341
6342
6342
6343
6343
6344
6344
6345
6345
6346
6346
6347
6347
6348
6348
6349
6349
6350
6350
6351
6351
6352
6353
6354
6355
6355
6356
6357
6358
6359
6359
6360
6361
6362
6363
6363
6364
6365
6366
6367
6367
6368
6369
6370
6371
6371
6372
6373
6374
6375
6376
6376
6377
6378
6379
6380
6380
6381
6382
6383
6384
6384
6385
6386
6387
6388
6388
6389
6390
6391
6392
6392
6393
6394
6395
6396
6396
6397
6398
6399
6400
6401
6401
6402
6403
6404
6404
6405
6406
6407
6407
6408
6409
6410
6410
6411
6412
6413
6413
6414
6415
6416
6416
6417
6418
6419
6419
6420
6421
6422
6422
6423
6424
6425
6426
6426
6427
6428
6429
6429
6430
6431
6432
6432
6433
6434
6435
6435
6436
6437
6438
6438
6439
6440
6441
6441
6442
6443
6444
6444
6445
6446
6447
6447
6448
6449
6450
6451
6451
6452
6452
6453
6453
6454
6454
6455
6455
6456
6456
6457
6457
6458
6458
6459
6459
6460
6460
6461
6461
6462
6462
6463
6463
6464
6464
6465
6465
6466
6466
6467
6467
6468
6468
6469
6469
6470
6470
6471
6471
6472
6472
6473
6473
6474
6474
6475
6475
6476
6476
6477
6477
6478
6478
6479
6479
6480
6480
6481
6481
6482
6482
6483
6483
6484
6484
6485
6485
6486
6486
6487
6487
6488
6488
6489
6489
6490
6490
6491
6491
6492
6492
6493
6493
6494
6494
6495
6495
6496
6496
6497
6497
6498
6498
6499
6499
6500
6500
6501
6501
6502
6502
6503
6503
6504
6504
6505
6505
6506
6506
6507
6507
6508
6508
6509
6509
6510
6510
6511
6511
6512
6512
6513
6513
6514
6514
6515
6515
6516
6516
6517
6517
6518
6518
6519
6519
6520
6520
6521
6521
6522
6522
6523
6523
6524
6524
6525
6525
6526
6526
6527
6527
6528
6528
6529
6529
6530
6530
6531
6531
6532
6532
6533
6533
6534
6534
6535
6535
6536
6536
6537
6537
6538
6538
6539
6539
6540
6540
6541
6541
6542
6542
6543
6543
6544
6544
6545
6545
6546
6546
6547
6547
6548
6548
6549
6549
6550
6550
6551
6551
6552
6552
6553
6553
6554
6554
6555
6555
6556
6556
6557
6557
6558
6558
6559
6559
6560
6560
6561
6561
6562
6562
6563
6563
6564
6564
6565
6565
6566
6566
6567
6567
6568
6568
6569
6569
6570
6570
6571
6571
6572
6572
6573
6573
6574
6574
6575
6575
6576
6576
6577
6577
6578
6578
6579
6579
6580
6580
6581
6581
6582
6582
6583
6583
6584
6584
6585
6585
6586
6586
6587
6587
6588
6588
6589
6589
6590
6590
6591
6591
6592
6592
6593
6593
6594
6594
6595
6595
6596
6596
6597
6597
6598
6598
6599
6599
6600
6600
6601
6601
6602
6602
6603
6603
6604
6604
6605
6605
6606
6606
6607
6607
6608
6608
6609
6609
6610
6610
6611
6611
6612
6612
6613
6613
6614
6614
6615
6615
6616
6616
6617
6617
6618
6618
6619
6619
6620
6620
6621
6621
6622
6622
6623
6623
6624
6624
6625
6625
6626
6626
6627
6627
6628
6628
6629
6629
6630
6630
6631
6631
6632
6632
6633
6633
6634
6634
6635
6635
6636
6636
6637
6637
6638
6638
6639
6639
6640
6640
6641
6641
6642
6642
6643
6643
6644
6644
6645
6645
6646
6646
6647
6647
6648
6648
6649
6649
6650
6650
6651
6653
6655
6657
6659
6661
6663
6665
6667
6669
6671
6673
6675
6677
6679
6681
6683
6685
6687
6689
6691
6693
6695
6697
6699
6701
6701
6702
6703
6704
6705
6706
6707
6708
6709
6710
6711
6711
6712
6713
6714
6715
6716
6717
6718
6719
6720
6721
6721
6722
6723
6724
6725
6726
6727
6728
6729
6730
6731
6731
6732
6733
6734
6735
6736
6737
6738
6739
6740
6741
6741
6742
6743
6744
6745
6746
6747
6748
6749
6750
6751
6751
6752
6752
6753
6753
6754
6754
6755
6755
6756
6756
6757
6757
6758
6758
6759
6759
6760
6760
6761
6761
6762
6762
6763
6763
6764
6764
6765
6765
6766
6766
6767
6767
6768
6768
6769
6769
6770
6770
6771
6771
6772
6772
6773
6773
6774
6774
6775
6775
6776
6776
6777
6777
6778
6778
6779
6779
6780
6780
6781
6781
6782
6782
6783
6783
6784
6784
6785
6785
6786
6786
6787
6787
6788
6788
6789
6789
6790
6790
6791
6791
6792
6792
6793
6793
6794
6794
6795
6795
6796
6796
6797
6797
6798
6798
6799
6799
6800
6800
6801
6802
6804
6805
6807
6808
6810
6811
6813
6814
6816
6817
6819
6820
6822
6823
6825
6826
6828
6829
6831
6832
6834
6835
6837
6838
6840
6841
6843
6844
6846
6847
6849
6851
6851
6852
6852
6853
6854
6854
6855
6856
6856
6857
6858
6858
6859
6860
6860
6861
6862
6862
6863
6863
6864
6865
6865
6866
6867
6867
6868
6869
6869
6870
6871
6871
6872
6873
6873
6874
6875
6875
6876
6876
6877
6878
6878
6879
6880
6880
6881
6882
6882
6883
6884
6884
6885
6886
6886
6887
6888
6888
6889
6889
6890
6891
6891
6892
6893
6893
6894
6895
6895
6896
6897
6897
6898
6899
6899
6900
6901
6901
6902
6902
6903
6903
6904
6904
6905
6905
6906
6906
6907
6907
6908
6908
6909
6909
6910
6910
6911
6911
6912
6912
6913
6913
6914
6914
6915
6915
6916
6916
6917
6917
6918
6918
6919
6919
6920
6920
6921
6921
6922
6922
6923
6923
6924
6924
6925
6925
6926
6926
6927
6927
6928
6928
6929
6929
6930
6930
6931
6931
6932
6932
6933
6933
6934
6934
6935
6935
6936
6936
6937
6937
6938
6938
6939
6939
6940
6940
6941
6941
6942
6942
6943
6943
6944
6944
6945
6945
6946
6946
6947
6947
6948
6948
6949
6949
6950
6950
6951
6951
6952
6952
6953
6953
6954
6954
6955
6955
6956
6956
6957
6957
6958
6958
6959
6959
6960
6960
6961
6961
6962
6962
6963
6963
6964
6964
6965
6965
6966
6966
6967
6967
6968
6968
6969
6969
6970
6970
6971
6971
6972
6972
6973
6973
6974
6974
6975
6975
6976
6976
6977
6977
6978
6978
6979
6979
6980
6980
6981
6981
6982
6982
6983
6983
6984
6984
6985
6985
6986
6986
6987
6987
6988
6988
6989
6989
6990
6990
6991
6991
6992
6992
6993
6993
6994
6994
6995
6995
6996
6996
6997
6997
6998
6998
6999
6999
7000
7000
7001
7002
7003
7004
7005
7006
7007
7008
7009
7011
7012
7013
7014
7015
7016
7017
7018
7019
7021
7022
7023
7024
7025
7026
7027
7028
7029
7031
7032
7033
7034
7035
7036
7037
7038
7039
7041
7042
7043
7044
7045
7046
7047
7048
7049
7051
7051
7052
7052
7053
7053
7054
7055
7055
7056
7056
7057
7058
7058
7059
7059
7060
7061
7061
7062
7062
7063
7064
7064
7065
7065
7066
7067
7067
7068
7068
7069
7070
7070
7071
7071
7072
7073
7073
7074
7074
7075
7076
7076
7077
7077
7078
7078
7079
7080
7080
7081
7081
7082
7083
7083
7084
7084
7085
7086
7086
7087
7087
7088
7089
7089
7090
7090
7091
7092
7092
7093
7093
7094
7095
7095
7096
7096
7097
7098
7098
7099
7099
7100
7101
7101
7102
7103
7104
7105
7106
7107
7108
7109
7110
7111
7111
7112
7113
7114
7115
7116
7117
7118
7119
7120
7121
7121
7122
7123
7124
7125
7126
7127
7128
7129
7130
7131
7131
7132
7133
7134
7135
7136
7137
7138
7139
7140
7141
7141
7142
7143
7144
7145
7146
7147
7148
7149
7150
7151
7151
7152
7152
7153
7153
7154
7154
7155
7156
7156
7157
7157
7158
7158
7159
7159
7160
7161
7161
7162
7162
7163
7163
7164
7165
7165
7166
7166
7167
7167
7168
7168
7169
7170
7170
7171
7171
7172
7172
7173
7174
7174
7175
7175
7176
7176
7177
7177
7178
7179
7179
7180
7180
7181
7181
7182
7183
7183
7184
7184
7185
7185
7186
7186
7187
7188
7188
7189
7189
7190
7190
7191
7192
7192
7193
7193
7194
7194
7195
7195
7196
7197
7197
7198
7198
7199
7199
7200
7201
7201
7202
7202
7203
7203
7204
7204
7205
7205
7206
7206
7207
7207
7208
7208
7209
7209
7210
7210
7211
7211
7212
7212
7213
7213
7214
7214
7215
7215
7216
7216
7217
7217
7218
7218
7219
7219
7220
7220
7221
7221
7222
7222
7223
7223
7224
7224
7225
7225
7226
7226
7227
7227
7228
7228
7229
7229
7230
7230
7231
7231
7232
7232
7233
7233
7234
7234
7235
7235
7236
7236
7237
7237
7238
7238
7239
7239
7240
7240
7241
7241
7242
7242
7243
7243
7244
7244
7245
7245
7246
7246
7247
7247
7248
7248
7249
7249
7250
7250
7251
7253
7255
7257
7259
7261
7263
7265
7267
7269
7271
7273
7275
7277
7279
7281
7283
7285
7287
7289
7291
7293
7295
7297
7299
7301
7301
7302
7302
7303
7303
7304
7304
7305
7305
7306
7306
7307
7307
7308
7308
7309
7309
7310
7310
7311
7311
7312
7312
7313
7313
7314
7314
7315
7315
7316
7316
7317
7317
7318
7318
7319
7319
7320
7320
7321
7321
7322
7322
7323
7323
7324
7324
7325
7325
7326
7326
7327
7327
7328
7328
7329
7329
7330
7330
7331
7331
7332
7332
7333
7333
7334
7334
7335
7335
7336
7336
7337
7337
7338
7338
7339
7339
7340
7340
7341
7341
7342
7342
7343
7343
7344
7344
7345
7345
7346
7346
7347
7347
7348
7348
7349
7349
7350
7350
7351
7353
7355
7357
7359
7361
7363
7365
7367
7369
7371
7373
7375
7377
7379
7381
7383
7385
7387
7389
7391
7393
7395
7397
7399
7401
7402
7403
7404
7405
7406
7407
7408
7409
7410
7411
7412
7413
7414
7415
7416
7417
7418
7419
7420
7421
7422
7423
7424
7425
7426
7427
7428
7429
7430
7431
7432
7433
7434
7435
7436
7437
7438
7439
7440
7441
7442
7443
7444
7445
7446
7447
7448
7449
7450
7451
7452
7453
7454
7455
7456
7457
7458
7459
7460
7461
7462
7463
7464
7465
7466
7467
7468
7469
7470
7471
7472
7473
7474
7475
7476
7477
7478
7479
7480
7481
7482
7483
7484
7485
7486
7487
7488
7489
7490
7491
7492
7493
7494
7495
7496
7497
7498
7499
7501
7501
7502
7503
7504
7505
7505
7506
7507
7508
7509
7509
7510
7511
7512
7513
7513
7514
7515
7516
7517
7517
7518
7519
7520
7521
7521
7522
7523
7524
7525
7526
7526
7527
7528
7529
7530
7530
7531
7532
7533
7534
7534
7535
7536
7537
7538
7538
7539
7540
7541
7542
7542
7543
7544
7545
7546
7546
7547
7548
7549
7550
7551
7551
7552
7552
7553
7553
7554
7554
7555
7555
7556
7556
7557
7557
7558
7558
7559
7559
7560
7560
7561
7561
7562
7562
7563
7563
7564
7564
7565
7565
7566
7566
7567
7567
7568
7568
7569
7569
7570
7570
7571
7571
7572
7572
7573
7573
7574
7574
7575
7575
7576
7576
7577
7577
7578
7578
7579
7579
7580
7580
7581
7581
7582
7582
7583
7583
7584
7584
7585
7585
7586
7586
7587
7587
7588
7588
7589
7589
7590
7590
7591
7591
7592
7592
7593
7593
7594
7594
7595
7595
7596
7596
7597
7597
7598
7598
7599
7599
7600
7600
7601
7601
7602
7602
7603
7603
7604
7604
7605
7605
7606
7606
7607
7607
7608
7608
7609
7609
7610
7610
7611
7611
7612
7612
7613
7613
7614
7614
7615
7615
7616
7616
7617
7617
7618
7618
7619
7619
7620
7620
7621
7621
7622
7622
7623
7623
7624
7624
7625
7625
7626
7626
7627
7627
7628
7628
7629
7629
7630
7630
7631
7631
7632
7632
7633
7633
7634
7634
7635
7635
7636
7636
7637
7637
7638
7638
7639
7639
7640
7640
7641
7641
7642
7642
7643
7643
7644
7644
7645
7645
7646
7646
7647
7647
7648
7648
7649
7649
7650
7650
7651
7652
7654
7655
7657
7658
7660
7661
7663
7664
7666
7667
7669
7670
7672
7673
7675
7676
7678
7679
7681
7682
7684
7685
7687
7688
7690
7691
7693
7694
7696
7697
7699
7701
7701
7702
7702
7703
7703
7704
7705
7705
7706
7706
7707
7707
7708
7709
7709
7710
7710
7711
7712
7712
7713
7713
7714
7714
7715
7716
7716
7717
7717
7718
7719
7719
7720
7720
7721
7721
7722
7723
7723
7724
7724
7725
7726
7726
7727
7727
7728
7728
7729
7730
7730
7731
7731
7732
7732
7733
7734
7734
7735
7735
7736
7737
7737
7738
7738
7739
7739
7740
7741
7741
7742
7742
7743
7744
7744
7745
7745
7746
7746
7747
7748
7748
7749
7749
7750
7751
7751
7752
7752
7753
7753
7754
7754
7755
7755
7756
7756
7757
7757
7758
7758
7759
7759
7760
7760
7761
7761
7762
7762
7763
7763
7764
7764
7765
7765
7766
7766
7767
7767
7768
7768
7769
7769
7770
7770
7771
7771
7772
7772
7773
7773
7774
7774
7775
7775
7776
7776
7777
7777
7778
7778
7779
7779
7780
7780
7781
7781
7782
7782
7783
7783
7784
7784
7785
7785
7786
7786
7787
7787
7788
7788
7789
7789
7790
7790
7791
7791
7792
7792
7793
7793
7794
7794
7795
7795
7796
7796
7797
7797
7798
7798
7799
7799
7800
7800
7801
7803
7805
7807
7809
7811
7813
7815
7817
7819
7821
7823
7825
7827
7829
7831
7833
7835
7837
7839
7841
7843
7845
7847
7849
7851
7851
7852
7852
7853
7853
7854
7854
7855
7855
7856
7856
7857
7857
7858
7858
7859
7859
7860
7860
7861
7861
7862
7862
7863
7863
7864
7864
7865
7865
7866
7866
7867
7867
7868
7868
7869
7869
7870
7870
7871
7871
7872
7872
7873
7873
7874
7874
7875
7875
7876
7876
7877
7877
7878
7878
7879
7879
7880
7880
7881
7881
7882
7882
7883
7883
7884
7884
7885
7885
7886
7886
7887
7887
7888
7888
7889
7889
7890
7890
7891
7891
7892
7892
7893
7893
7894
7894
7895
7895
7896
7896
7897
7897
7898
7898
7899
7899
7900
7900
7901
7901
7902
7902
7903
7903
7904
7904
7905
7905
7906
7906
7907
7907
7908
7908
7909
7909
7910
7910
7911
7911
7912
7912
7913
7913
7914
7914
7915
7915
7916
7916
7917
7917
7918
7918
7919
7919
7920
7920
7921
7921
7922
7922
7923
7923
7924
7924
7925
7925
7926
7926
7927
7927
7928
7928
7929
7929
7930
7930
7931
7931
7932
7932
7933
7933
7934
7934
7935
7935
7936
7936
7937
7937
7938
7938
7939
7939
7940
7940
7941
7941
7942
7942
7943
7943
7944
7944
7945
7945
7946
7946
7947
7947
7948
7948
7949
7949
7950
7950
7951
7951
7952
7952
7953
7953
7954
7954
7955
7955
7956
7956
7957
7957
7958
7958
7959
7959
7960
7960
7961
7961
7962
7962
7963
7963
7964
7964
7965
7965
7966
7966
7967
7967
7968
7968
7969
7969
7970
7970
7971
7971
7972
7972
7973
7973
7974
7974
7975
7975
7976
7976
7977
7977
7978
7978
7979
7979
7980
7980
7981
7981
7982
7982
7983
7983
7984
7984
7985
7985
7986
7986
7987
7987
7988
7988
7989
7989
7990
7990
7991
7991
7992
7992
7993
7993
7994
7994
7995
7995
7996
7996
7997
7997
7998
7998
7999
7999
8000
8000
8001
8003
8005
8007
8009
8011
8013
8015
8017
8019
8021
8023
8025
8027
8029
8031
8033
8035
8037
8039
8041
8043
8045
8047
8049
8051
8051
8052
8052
8053
8053
8054
8054
8055
8055
8056
8056
8057
8057
8058
8058
8059
8059
8060
8060
8061
8061
8062
8062
8063
8063
8064
8064
8065
8065
8066
8066
8067
8067
8068
8068
8069
8069
8070
8070
8071
8071
8072
8072
8073
8073
8074
8074
8075
8075
8076
8076
8077
8077
8078
8078
8079
8079
8080
8080
8081
8081
8082
8082
8083
8083
8084
8084
8085
8085
8086
8086
8087
8087
8088
8088
8089
8089
8090
8090
8091
8091
8092
8092
8093
8093
8094
8094
8095
8095
8096
8096
8097
8097
8098
8098
8099
8099
8100
8100
8101
8101
8102
8103
8104
8105
8106
8107
8108
8109
8110
8111
8111
8112
8113
8114
8115
8116
8117
8118
8119
8120
8121
8121
8122
8123
8124
8125
8126
8127
8128
8129
8130
8131
8131
8132
8133
8134
8135
8136
8137
8138
8139
8140
8141
8141
8142
8143
8144
8145
8146
8147
8148
8149
8150
8151
8152
8154
8156
8157
8159
8161
8163
8164
8166
8168
8169
8171
8173
8175
8176
8178
8180
8182
8183
8185
8187
8188
8190
8192
8194
8195
8197
8199
8201
8201
8202
8202
8203
8203
8204
8204
8205
8205
8206
8206
8207
8207
8208
8208
8209
8209
8210
8210
8211
8211
8212
8212
8213
8213
8214
8214
8215
8215
8216
8216
8217
8217
8218
8218
8219
8219
8220
8220
8221
8221
8222
8222
8223
8223
8224
8224
8225
8225
8226
8226
8227
8227
8228
8228
8229
8229
8230
8230
8231
8231
8232
8232
8233
8233
8234
8234
8235
8235
8236
8236
8237
8237
8238
8238
8239
8239
8240
8240
8241
8241
8242
8242
8243
8243
8244
8244
8245
8245
8246
8246
8247
8247
8248
8248
8249
8249
8250
8250
8251
8251
8252
8252
8253
8253
8254
8254
8255
8255
8256
8256
8257
8257
8258
8258
8259
8259
8260
8260
8261
8261
8262
8262
8263
8263
8264
8264
8265
8265
8266
8266
8267
8267
8268
8268
8269
8269
8270
8270
8271
8271
8272
8272
8273
8273
8274
8274
8275
8275
8276
8276
8277
8277
8278
8278
8279
8279
8280
8280
8281
8281
8282
8282
8283
8283
8284
8284
8285
8285
8286
8286
8287
8287
8288
8288
8289
8289
8290
8290
8291
8291
8292
8292
8293
8293
8294
8294
8295
8295
8296
8296
8297
8297
8298
8298
8299
8299
8300
8300
8301
8301
8302
8303
8303
8304
8305
8306
8306
8307
8308
8309
8309
8310
8311
8312
8312
8313
8314
8314
8315
8316
8317
8317
8318
8319
8320
8320
8321
8322
8323
8323
8324
8325
8326
8326
8327
8328
8328
8329
8330
8331
8331
8332
8333
8334
8334
8335
8336
8337
8337
8338
8339
8339
8340
8341
8342
8342
8343
8344
8345
8345
8346
8347
8348
8348
8349
8350
8351
8351
8352
8353
8354
8355
8356
8357
8358
8359
8360
8361
8362
8363
8364
8365
8366
8367
8368
8369
8370
8371
8372
8373
8374
8375
8376
8377
8378
8379
8380
8381
8382
8383
8384
8385
8386
8387
8388
8389
8390
8391
8392
8393
8394
8395
8396
8397
8398
8399
8400
8401
8401
8402
8402
8403
8403
8404
8404
8405
8405
8406
8406
8407
8407
8408
8408
8409
8409
8410
8410
8411
8411
8412
8412
8413
8413
8414
8414
8415
8415
8416
8416
8417
8417
8418
8418
8419
8419
8420
8420
8421
8421
8422
8422
8423
8423
8424
8424
8425
8425
8426
8426
8427
8427
8428
8428
8429
8429
8430
8430
8431
8431
8432
8432
8433
8433
8434
8434
8435
8435
8436
8436
8437
8437
8438
8438
8439
8439
8440
8440
8441
8441
8442
8442
8443
8443
8444
8444
8445
8445
8446
8446
8447
8447
8448
8448
8449
8449
8450
8450
8451
8452
8453
8455
8456
8458
8459
8461
8462
8463
8465
8466
8468
8469
8471
8472
8473
8475
8476
8478
8479
8481
8482
8483
8485
8486
8488
8489
8491
8492
8493
8495
8496
8498
8499
8501
8501
8502
8503
8504
8505
8505
8506
8507
8508
8509
8510
8510
8511
8512
8513
8514
8514
8515
8516
8517
8518
8519
8519
8520
8521
8522
8523
8523
8524
8525
8526
8527
8528
8528
8529
8530
8531
8532
8532
8533
8534
8535
8536
8537
8537
8538
8539
8540
8541
8541
8542
8543
8544
8545
8546
8546
8547
8548
8549
8550
8551
8551
8552
8552
8553
8553
8554
8554
8555
8555
8556
8556
8557
8557
8558
8558
8559
8559
8560
8560
8561
8561
8562
8562
8563
8563
8564
8564
8565
8565
8566
8566
8567
8567
8568
8568
8569
8569
8570
8570
8571
8571
8572
8572
8573
8573
8574
8574
8575
8575
8576
8576
8577
8577
8578
8578
8579
8579
8580
8580
8581
8581
8582
8582
8583
8583
8584
8584
8585
8585
8586
8586
8587
8587
8588
8588
8589
8589
8590
8590
8591
8591
8592
8592
8593
8593
8594
8594
8595
8595
8596
8596
8597
8597
8598
8598
8599
8599
8600
8600
8601
8601
8602
8602
8603
8604
8604
8605
8606
8606
8607
8607
8608
8609
8609
8610
8611
8611
8612
8612
8613
8614
8614
8615
8616
8616
8617
8617
8618
8619
8619
8620
8621
8621
8622
8622
8623
8624
8624
8625
8626
8626
8627
8627
8628
8629
8629
8630
8631
8631
8632
8632
8633
8634
8634
8635
8636
8636
8637
8637
8638
8639
8639
8640
8641
8641
8642
8642
8643
8644
8644
8645
8646
8646
8647
8647
8648
8649
8649
8650
8651
8651
8652
8652
8653
8653
8654
8654
8655
8655
8656
8656
8657
8657
8658
8658
8659
8659
8660
8660
8661
8661
8662
8662
8663
8663
8664
8664
8665
8665
8666
8666
8667
8667
8668
8668
8669
8669
8670
8670
8671
8671
8672
8672
8673
8673
8674
8674
8675
8675
8676
8676
8677
8677
8678
8678
8679
8679
8680
8680
8681
8681
8682
8682
8683
8683
8684
8684
8685
8685
8686
8686
8687
8687
8688
8688
8689
8689
8690
8690
8691
8691
8692
8692
8693
8693
8694
8694
8695
8695
8696
8696
8697
8697
8698
8698
8699
8699
8700
8700
8701
8701
8702
8702
8703
8703
8704
8704
8705
8705
8706
8706
8707
8707
8708
8708
8709
8709
8710
8710
8711
8711
8712
8712
8713
8713
8714
8714
8715
8715
8716
8716
8717
8717
8718
8718
8719
8719
8720
8720
8721
8721
8722
8722
8723
8723
8724
8724
8725
8725
8726
8726
8727
8727
8728
8728
8729
8729
8730
8730
8731
8731
8732
8732
8733
8733
8734
8734
8735
8735
8736
8736
8737
8737
8738
8738
8739
8739
8740
8740
8741
8741
8742
8742
8743
8743
8744
8744
8745
8745
8746
8746
8747
8747
8748
8748
8749
8749
8750
8750
8751
8751
8752
8752
8753
8753
8754
8754
8755
8755
8756
8756
8757
8757
8758
8758
8759
8759
8760
8760
8761
8761
8762
8762
8763
8763
8764
8764
8765
8765
8766
8766
8767
8767
8768
8768
8769
8769
8770
8770
8771
8771
8772
8772
8773
8773
8774
8774
8775
8775
8776
8776
8777
8777
8778
8778
8779
8779
8780
8780
8781
8781
8782
8782
8783
8783
8784
8784
8785
8785
8786
8786
8787
8787
8788
8788
8789
8789
8790
8790
8791
8791
8792
8792
8793
8793
8794
8794
8795
8795
8796
8796
8797
8797
8798
8798
8799
8799
8800
8800
8801
8801
8802
8802
8803
8803
8804
8804
8805
8805
8806
8806
8807
8807
8808
8808
8809
8809
8810
8810
8811
8811
8812
8812
8813
8813
8814
8814
8815
8815
8816
8816
8817
8817
8818
8818
8819
8819
8820
8820
8821
8821
8822
8822
8823
8823
8824
8824
8825
8825
8826
8826
8827
8827
8828
8828
8829
8829
8830
8830
8831
8831
8832
8832
8833
8833
8834
8834
8835
8835
8836
8836
8837
8837
8838
8838
8839
8839
8840
8840
8841
8841
8842
8842
8843
8843
8844
8844
8845
8845
8846
8846
8847
8847
8848
8848
8849
8849
8850
8850
8851
8851
8852
8852
8853
8853
8854
8854
8855
8855
8856
8856
8857
8857
8858
8858
8859
8859
8860
8860
8861
8861
8862
8862
8863
8863
8864
8864
8865
8865
8866
8866
8867
8867
8868
8868
8869
8869
8870
8870
8871
8871
8872
8872
8873
8873
8874
8874
8875
8875
8876
8876
8877
8877
8878
8878
8879
8879
8880
8880
8881
8881
8882
8882
8883
8883
8884
8884
8885
8885
8886
8886
8887
8887
8888
8888
8889
8889
8890
8890
8891
8891
8892
8892
8893
8893
8894
8894
8895
8895
8896
8896
8897
8897
8898
8898
8899
8899
8900
8900
8901
8902
8903
8904
8906
8907
8908
8910
8911
8912
8914
8915
8916
8918
8919
8920
8922
8923
8924
8926
8927
8928
8929
8931
8932
8933
8935
8936
8937
8939
8940
8941
8943
8944
8945
8947
8948
8949
8951
8951
8952
8952
8953
8953
8954
8954
8955
8955
8956
8956
8957
8957
8958
8958
8959
8959
8960
8960
8961
8961
8962
8962
8963
8963
8964
8964
8965
8965
8966
8966
8967
8967
8968
8968
8969
8969
8970
8970
8971
8971
8972
8972
8973
8973
8974
8974
8975
8975
8976
8976
8977
8977
8978
8978
8979
8979
8980
8980
8981
8981
8982
8982
8983
8983
8984
8984
8985
8985
8986
8986
8987
8987
8988
8988
8989
8989
8990
8990
8991
8991
8992
8992
8993
8993
8994
8994
8995
8995
8996
8996
8997
8997
8998
8998
8999
8999
9000
9000
9001
9001
9002
9002
9003
9003
9004
9004
9005
9005
9006
9006
9007
9007
9008
9008
9009
9009
9010
9010
9011
9011
9012
9012
9013
9013
9014
9014
9015
9015
9016
9016
9017
9017
9018
9018
9019
9019
9020
9020
9021
9021
9022
9022
9023
9023
9024
9024
9025
9025
9026
9026
9027
9027
9028
9028
9029
9029
9030
9030
9031
9031
9032
9032
9033
9033
9034
9034
9035
9035
9036
9036
9037
9037
9038
9038
9039
9039
9040
9040
9041
9041
9042
9042
9043
9043
9044
9044
9045
9045
9046
9046
9047
9047
9048
9048
9049
9049
9050
9050
9051
9051
9052
9052
9053
9053
9054
9054
9055
9055
9056
9056
9057
9057
9058
9058
9059
9059
9060
9060
9061
9061
9062
9062
9063
9063
9064
9064
9065
9065
9066
9066
9067
9067
9068
9068
9069
9069
9070
9070
9071
9071
9072
9072
9073
9073
9074
9074
9075
9075
9076
9076
9077
9077
9078
9078
9079
9079
9080
9080
9081
9081
9082
9082
9083
9083
9084
9084
9085
9085
9086
9086
9087
9087
9088
9088
9089
9089
9090
9090
9091
9091
9092
9092
9093
9093
9094
9094
9095
9095
9096
9096
9097
9097
9098
9098
9099
9099
9100
9100
9101
9101
9102
9102
9103
9103
9104
9104
9105
9105
9106
9106
9107
9107
9108
9108
9109
9109
9110
9110
9111
9111
9112
9112
9113
9113
9114
9114
9115
9115
9116
9116
9117
9117
9118
9118
9119
9119
9120
9120
9121
9121
9122
9122
9123
9123
9124
9124
9125
9125
9126
9126
9127
9127
9128
9128
9129
9129
9130
9130
9131
9131
9132
9132
9133
9133
9134
9134
9135
9135
9136
9136
9137
9137
9138
9138
9139
9139
9140
9140
9141
9141
9142
9142
9143
9143
9144
9144
9145
9145
9146
9146
9147
9147
9148
9148
9149
9149
9150
9150
9151
9151
9152
9153
9154
9155
9156
9157
9158
9159
9159
9160
9161
9162
9163
9164
9165
9166
9167
9167
9168
9169
9170
9171
9172
9173
9174
9175
9176
9176
9177
9178
9179
9180
9181
9182
9183
9184
9184
9185
9186
9187
9188
9189
9190
9191
9192
9192
9193
9194
9195
9196
9197
9198
9199
9200
9201
9201
9202
9203
9204
9204
9205
9206
9207
9208
9208
9209
9210
9211
9212
9212
9213
9214
9215
9216
9216
9217
9218
9219
9220
9220
9221
9222
9223
9224
9224
9225
9226
9227
9227
9228
9229
9230
9231
9231
9232
9233
9234
9235
9235
9236
9237
9238
9239
9239
9240
9241
9242
9243
9243
9244
9245
9246
9247
9247
9248
9249
9250
9251
9251
9252
9252
9253
9253
9254
9254
9255
9255
9256
9256
9257
9257
9258
9258
9259
9259
9260
9260
9261
9261
9262
9262
9263
9263
9264
9264
9265
9265
9266
9266
9267
9267
9268
9268
9269
9269
9270
9270
9271
9271
9272
9272
9273
9273
9274
9274
9275
9275
9276
9276
9277
9277
9278
9278
9279
9279
9280
9280
9281
9281
9282
9282
9283
9283
9284
9284
9285
9285
9286
9286
9287
9287
9288
9288
9289
9289
9290
9290
9291
9291
9292
9292
9293
9293
9294
9294
9295
9295
9296
9296
9297
9297
9298
9298
9299
9299
9300
9300
9301
9301
9302
9302
9303
9303
9304
9304
9305
9305
9306
9306
9307
9307
9308
9308
9309
9309
9310
9310
9311
9311
9312
9312
9313
9313
9314
9314
9315
9315
9316
9316
9317
9317
9318
9318
9319
9319
9320
9320
9321
9321
9322
9322
9323
9323
9324
9324
9325
9325
9326
9326
9327
9327
9328
9328
9329
9329
9330
9330
9331
9331
9332
9332
9333
9333
9334
9334
9335
9335
9336
9336
9337
9337
9338
9338
9339
9339
9340
9340
9341
9341
9342
9342
9343
9343
9344
9344
9345
9345
9346
9346
9347
9347
9348
9348
9349
9349
9350
9350
9351
9351
9352
9352
9353
9353
9354
9354
9355
9355
9356
9356
9357
9357
9358
9358
9359
9359
9360
9360
9361
9361
9362
9362
9363
9363
9364
9364
9365
9365
9366
9366
9367
9367
9368
9368
9369
9369
9370
9370
9371
9371
9372
9372
9373
9373
9374
9374
9375
9375
9376
9376
9377
9377
9378
9378
9379
9379
9380
9380
9381
9381
9382
9382
9383
9383
9384
9384
9385
9385
9386
9386
9387
9387
9388
9388
9389
9389
9390
9390
9391
9391
9392
9392
9393
9393
9394
9394
9395
9395
9396
9396
9397
9397
9398
9398
9399
9399
9400
9400
9401
9401
9402
9402
9403
9403
9404
9404
9405
9405
9406
9406
9407
9407
9408
9408
9409
9409
9410
9410
9411
9411
9412
9412
9413
9413
9414
9414
9415
9415
9416
9416
9417
9417
9418
9418
9419
9419
9420
9420
9421
9421
9422
9422
9423
9423
9424
9424
9425
9425
9426
9426
9427
9427
9428
9428
9429
9429
9430
9430
9431
9431
9432
9432
9433
9433
9434
9434
9435
9435
9436
9436
9437
9437
9438
9438
9439
9439
9440
9440
9441
9441
9442
9442
9443
9443
9444
9444
9445
9445
9446
9446
9447
9447
9448
9448
9449
9449
9450
9450
9451
9453
9455
9457
9459
9461
9463
9465
9467
9469
9471
9473
9475
9477
9479
9481
9483
9485
9487
9489
9491
9493
9495
9497
9499
9501
9501
9502
9502
9503
9503
9504
9504
9505
9505
9506
9506
9507
9507
9508
9508
9509
9509
9510
9510
9511
9511
9512
9512
9513
9513
9514
9514
9515
9515
9516
9516
9517
9517
9518
9518
9519
9519
9520
9520
9521
9521
9522
9522
9523
9523
9524
9524
9525
9525
9526
9526
9527
9527
9528
9528
9529
9529
9530
9530
9531
9531
9532
9532
9533
9533
9534
9534
9535
9535
9536
9536
9537
9537
9538
9538
9539
9539
9540
9540
9541
9541
9542
9542
9543
9543
9544
9544
9545
9545
9546
9546
9547
9547
9548
9548
9549
9549
9550
9550
9551
9551
9552
9552
9553
9553
9554
9554
9555
9555
9556
9556
9557
9557
9558
9558
9559
9559
9560
9560
9561
9561
9562
9562
9563
9563
9564
9564
9565
9565
9566
9566
9567
9567
9568
9568
9569
9569
9570
9570
9571
9571
9572
9572
9573
9573
9574
9574
9575
9575
9576
9576
9577
9577
9578
9578
9579
9579
9580
9580
9581
9581
9582
9582
9583
9583
9584
9584
9585
9585
9586
9586
9587
9587
9588
9588
9589
9589
9590
9590
9591
9591
9592
9592
9593
9593
9594
9594
9595
9595
9596
9596
9597
9597
9598
9598
9599
9599
9600
9600
9601
9603
9605
9607
9609
9611
9613
9615
9617
9619
9621
9623
9625
9627
9629
9631
9633
9635
9637
9639
9641
9643
9645
9647
9649
9651
9651
9652
9652
9653
9653
9654
9655
9655
9656
9656
9657
9657
9658
9659
9659
9660
9660
9661
9662
9662
9663
9663
9664
9664
9665
9666
9666
9667
9667
9668
9669
9669
9670
9670
9671
9671
9672
9673
9673
9674
9674
9675
9676
9676
9677
9677
9678
9678
9679
9680
9680
9681
9681
9682
9682
9683
9684
9684
9685
9685
9686
9687
9687
9688
9688
9689
9689
9690
9691
9691
9692
9692
9693
9694
9694
9695
9695
9696
9696
9697
9698
9698
9699
9699
9700
9701
9701
9702
9702
9703
9703
9704
9704
9705
9705
9706
9706
9707
9707
9708
9708
9709
9709
9710
9710
9711
9711
9712
9712
9713
9713
9714
9714
9715
9715
9716
9716
9717
9717
9718
9718
9719
9719
9720
9720
9721
9721
9722
9722
9723
9723
9724
9724
9725
9725
9726
9726
9727
9727
9728
9728
9729
9729
9730
9730
9731
9731
9732
9732
9733
9733
9734
9734
9735
9735
9736
9736
9737
9737
9738
9738
9739
9739
9740
9740
9741
9741
9742
9742
9743
9743
9744
9744
9745
9745
9746
9746
9747
9747
9748
9748
9749
9749
9750
9750
9751
9751
9752
9752
9753
9753
9754
9754
9755
9755
9756
9756
9757
9757
9758
9758
9759
9759
9760
9760
9761
9761
9762
9762
9763
9763
9764
9764
9765
9765
9766
9766
9767
9767
9768
9768
9769
9769
9770
9770
9771
9771
9772
9772
9773
9773
9774
9774
9775
9775
9776
9776
9777
9777
9778
9778
9779
9779
9780
9780
9781
9781
9782
9782
9783
9783
9784
9784
9785
9785
9786
9786
9787
9787
9788
9788
9789
9789
9790
9790
9791
9791
9792
9792
9793
9793
9794
9794
9795
9795
9796
9796
9797
9797
9798
9798
9799
9799
9800
9800
9801
9801
9802
9802
9803
9803
9804
9804
9805
9805
9806
9806
9807
9807
9808
9808
9809
9809
9810
9810
9811
9811
9812
9812
9813
9813
9814
9814
9815
9815
9816
9816
9817
9817
9818
9818
9819
9819
9820
9820
9821
9821
9822
9822
9823
9823
9824
9824
9825
9825
9826
9826
9827
9827
9828
9828
9829
9829
9830
9830
9831
9831
9832
9832
9833
9833
9834
9834
9835
9835
9836
9836
9837
9837
9838
9838
9839
9839
9840
9840
9841
9841
9842
9842
9843
9843
9844
9844
9845
9845
9846
9846
9847
9847
9848
9848
9849
9849
9850
9850
9851
9853
9855
9857
9859
9861
9863
9865
9867
9869
9871
9873
9875
9877
9879
9881
9883
9885
9887
9889
9891
9893
9895
9897
9899
9901
9901
9902
9902
9903
9903
9904
9904
9905
9905
9906
9906
9907
9907
9908
9908
9909
9909
9910
9910
9911
9911
9912
9912
9913
9913
9914
9914
9915
9915
9916
9916
9917
9917
9918
9918
9919
9919
9920
9920
9921
9921
9922
9922
9923
9923
9924
9924
9925
9925
9926
9926
9927
9927
9928
9928
9929
9929
9930
9930
9931
9931
9932
9932
9933
9933
9934
9934
9935
9935
9936
9936
9937
9937
9938
9938
9939
9939
9940
9940
9941
9941
9942
9942
9943
9943
9944
9944
9945
9945
9946
9946
9947
9947
9948
9948
9949
9949
9950
9950
9951
9952
9953
9954
9955
9957
9958
9959
9960
9961
9963
9964
9965
9966
9968
9969
9970
9971
9972
9974
9975
9976
9977
9979
9980
9981
9982
9983
9985
9986
9987
9988
9990
9991
9992
9993
9994
9996
9997
9998
9999
10001
10001
10002
10002
10003
10003
10004
10004
10005
10005
10006
10006
10007
10007
10008
10008
10009
10009
10010
10010
10011
10011
10012
10012
10013
10013
10014
10014
10015
10015
10016
10016
10017
10017
10018
10018
10019
10019
10020
10020
10021
10021
10022
10022
10023
10023
10024
10024
10025
10025
10026
10026
10027
10027
10028
10028
10029
10029
10030
10030
10031
10031
10032
10032
10033
10033
10034
10034
10035
10035
10036
10036
10037
10037
10038
10038
10039
10039
10040
10040
10041
10041
10042
10042
10043
10043
10044
10044
10045
10045
10046
10046
10047
10047
10048
10048
10049
10049
10050
10050
10051
10051
10052
10052
10053
10053
10054
10054
10055
10055
10056
10056
10057
10057
10058
10058
10059
10059
10060
10060
10061
10061
10062
10062
10063
10063
10064
10064
10065
10065
10066
10066
10067
10067
10068
10068
10069
10069
10070
10070
10071
10071
10072
10072
10073
10073
10074
10074
10075
10075
10076
10076
10077
10077
10078
10078
10079
10079
10080
10080
10081
10081
10082
10082
10083
10083
10084
10084
10085
10085
10086
10086
10087
10087
10088
10088
10089
10089
10090
10090
10091
10091
10092
10092
10093
10093
10094
10094
10095
10095
10096
10096
10097
10097
10098
10098
10099
10099
10100
10100
10101
10101
10102
10103
10104
10105
10106
10107
10108
10109
10110
10111
10111
10112
10113
10114
10115
10116
10117
10118
10119
10120
10121
10121
10122
10123
10124
10125
10126
10127
10128
10129
10130
10131
10131
10132
10133
10134
10135
10136
10137
10138
10139
10140
10141
10141
10142
10143
10144
10145
10146
10147
10148
10149
10150
10151
10153
10155
10157
10159
10161
10163
10165
10167
10169
10171
10173
10175
10177
10179
10181
10183
10185
10187
10189
10191
10193
10195
10197
10199
10201
10201
10202
10202
10203
10203
10204
10204
10205
10205
10206
10206
10207
10207
10208
10208
10209
10209
10210
10210
10211
10211
10212
10212
10213
10213
10214
10214
10215
10215
10216
10216
10217
10217
10218
10218
10219
10219
10220
10220
10221
10221
10222
10222
10223
10223
10224
10224
10225
10225
10226
10226
10227
10227
10228
10228
10229
10229
10230
10230
10231
10231
10232
10232
10233
10233
10234
10234
10235
10235
10236
10236
10237
10237
10238
10238
10239
10239
10240
10240
10241
10241
10242
10242
10243
10243
10244
10244
10245
10245
10246
10246
10247
10247
10248
10248
10249
10249
10250
10250
10251
10251
10252
10252
10253
10253
10254
10254
10255
10255
10256
10256
10257
10257
10258
10258
10259
10259
10260
10260
10261
10261
10262
10262
10263
10263
10264
10264
10265
10265
10266
10266
10267
10267
10268
10268
10269
10269
10270
10270
10271
10271
10272
10272
10273
10273
10274
10274
10275
10275
10276
10276
10277
10277
10278
10278
10279
10279
10280
10280
10281
10281
10282
10282
10283
10283
10284
10284
10285
10285
10286
10286
10287
10287
10288
10288
10289
10289
10290
10290
10291
10291
10292
10292
10293
10293
10294
10294
10295
10295
10296
10296
10297
10297
10298
10298
10299
10299
10300
10300
10301
10302
10304
10306
10308
10310
10312
10314
10316
10318
10320
10322
10324
10326
10327
10329
10331
10333
10335
10337
10339
10341
10343
10345
10347
10349
10351
10351
10352
10352
10353
10353
10354
10354
10355
10355
10356
10356
10357
10357
10358
10358
10359
10359
10360
10360
10361
10361
10362
10362
10363
10363
10364
10364
10365
10365
10366
10366
10367
10367
10368
10368
10369
10369
10370
10370
10371
10371
10372
10372
10373
10373
10374
10374
10375
10375
10376
10376
10377
10377
10378
10378
10379
10379
10380
10380
10381
10381
10382
10382
10383
10383
10384
10384
10385
10385
10386
10386
10387
10387
10388
10388
10389
10389
10390
10390
10391
10391
10392
10392
10393
10393
10394
10394
10395
10395
10396
10396
10397
10397
10398
10398
10399
10399
10400
10400
10401
10401
10402
10402
10403
10403
10404
10404
10405
10405
10406
10406
10407
10407
10408
10408
10409
10409
10410
10410
10411
10411
10412
10412
10413
10413
10414
10414
10415
10415
10416
10416
10417
10417
10418
10418
10419
10419
10420
10420
10421
10421
10422
10422
10423
10423
10424
10424
10425
10425
10426
10426
10427
10427
10428
10428
10429
10429
10430
10430
10431
10431
10432
10432
10433
10433
10434
10434
10435
10435
10436
10436
10437
10437
10438
10438
10439
10439
10440
10440
10441
10441
10442
10442
10443
10443
10444
10444
10445
10445
10446
10446
10447
10447
10448
10448
10449
10449
10450
10450
10451
10453
10455
10457
10459
10461
10463
10465
10467
10469
10471
10473
10475
10477
10479
10481
10483
10485
10487
10489
10491
10493
10495
10497
10499
10501
10501
10502
10502
10503
10503
10504
10504
10505
10505
10506
10506
10507
10507
10508
10508
10509
10509
10510
10510
10511
10511
10512
10512
10513
10513
10514
10514
10515
10515
10516
10516
10517
10517
10518
10518
10519
10519
10520
10520
10521
10521
10522
10522
10523
10523
10524
10524
10525
10525
10526
10526
10527
10527
10528
10528
10529
10529
10530
10530
10531
10531
10532
10532
10533
10533
10534
10534
10535
10535
10536
10536
10537
10537
10538
10538
10539
10539
10540
10540
10541
10541
10542
10542
10543
10543
10544
10544
10545
10545
10546
10546
10547
10547
10548
10548
10549
10549
10550
10550
10551
10551
10552
10552
10553
10553
10554
10554
10555
10555
10556
10556
10557
10557
10558
10558
10559
10559
10560
10560
10561
10561
10562
10562
10563
10563
10564
10564
10565
10565
10566
10566
10567
10567
10568
10568
10569
10569
10570
10570
10571
10571
10572
10572
10573
10573
10574
10574
10575
10575
10576
10576
10577
10577
10578
10578
10579
10579
10580
10580
10581
10581
10582
10582
10583
10583
10584
10584
10585
10585
10586
10586
10587
10587
10588
10588
10589
10589
10590
10590
10591
10591
10592
10592
10593
10593
10594
10594
10595
10595
10596
10596
10597
10597
10598
10598
10599
10599
10600
10600
10601
10601
10602
10603
10603
10604
10605
10606
10606
10607
10608
10609
10609
10610
10611
10612
10612
10613
10614
10615
10615
10616
10617
10618
10618
10619
10620
10621
10621
10622
10623
10624
10624
10625
10626
10627
10627
10628
10629
10630
10630
10631
10632
10633
10633
10634
10635
10636
10636
10637
10638
10639
10639
10640
10641
10642
10642
10643
10644
10645
10645
10646
10647
10648
10648
10649
10650
10651
10653
10655
10657
10659
10661
10663
10665
10667
10669
10671
10673
10675
10677
10679
10681
10683
10685
10687
10689
10691
10693
10695
10697
10699
10701
10701
10702
10702
10703
10703
10704
10704
10705
10705
10706
10706
10707
10707
10708
10708
10709
10709
10710
10710
10711
10711
10712
10712
10713
10713
10714
10714
10715
10715
10716
10716
10717
10717
10718
10718
10719
10719
10720
10720
10721
10721
10722
10722
10723
10723
10724
10724
10725
10725
10726
10726
10727
10727
10728
10728
10729
10729
10730
10730
10731
10731
10732
10732
10733
10733
10734
10734
10735
10735
10736
10736
10737
10737
10738
10738
10739
10739
10740
10740
10741
10741
10742
10742
10743
10743
10744
10744
10745
10745
10746
10746
10747
10747
10748
10748
10749
10749
10750
10750
10751
10751
10752
10752
10753
10753
10754
10754
10755
10755
10756
10756
10757
10757
10758
10758
10759
10759
10760
10760
10761
10761
10762
10762
10763
10763
10764
10764
10765
10765
10766
10766
10767
10767
10768
10768
10769
10769
10770
10770
10771
10771
10772
10772
10773
10773
10774
10774
10775
10775
10776
10776
10777
10777
10778
10778
10779
10779
10780
10780
10781
10781
10782
10782
10783
10783
10784
10784
10785
10785
10786
10786
10787
10787
10788
10788
10789
10789
10790
10790
10791
10791
10792
10792
10793
10793
10794
10794
10795
10795
10796
10796
10797
10797
10798
10798
10799
10799
10800
10800
10801
10801
10802
10802
10803
10803
10804
10804
10805
10805
10806
10806
10807
10807
10808
10808
10809
10809
10810
10810
10811
10811
10812
10812
10813
10813
10814
10814
10815
10815
10816
10816
10817
10817
10818
10818
10819
10819
10820
10820
10821
10821
10822
10822
10823
10823
10824
10824
10825
10825
10826
10826
10827
10827
10828
10828
10829
10829
10830
10830
10831
10831
10832
10832
10833
10833
10834
10834
10835
10835
10836
10836
10837
10837
10838
10838
10839
10839
10840
10840
10841
10841
10842
10842
10843
10843
10844
10844
10845
10845
10846
10846
10847
10847
10848
10848
10849
10849
10850
10850
10851
10851
10852
10852
10853
10853
10854
10854
10855
10855
10856
10856
10857
10857
10858
10858
10859
10859
10860
10860
10861
10861
10862
10862
10863
10863
10864
10864
10865
10865
10866
10866
10867
10867
10868
10868
10869
10869
10870
10870
10871
10871
10872
10872
10873
10873
10874
10874
10875
10875
10876
10876
10877
10877
10878
10878
10879
10879
10880
10880
10881
10881
10882
10882
10883
10883
10884
10884
10885
10885
10886
10886
10887
10887
10888
10888
10889
10889
10890
10890
10891
10891
10892
10892
10893
10893
10894
10894
10895
10895
10896
10896
10897
10897
10898
10898
10899
10899
10900
10900
10901
10901
10902
10902
10903
10903
10904
10904
10905
10905
10906
10906
10907
10907
10908
10908
10909
10909
10910
10910
10911
10911
10912
10912
10913
10913
10914
10914
10915
10915
10916
10916
10917
10917
10918
10918
10919
10919
10920
10920
10921
10921
10922
10922
10923
10923
10924
10924
10925
10925
10926
10926
10927
10927
10928
10928
10929
10929
10930
10930
10931
10931
10932
10932
10933
10933
10934
10934
10935
10935
10936
10936
10937
10937
10938
10938
10939
10939
10940
10940
10941
10941
10942
10942
10943
10943
10944
10944
10945
10945
10946
10946
10947
10947
10948
10948
10949
10949
10950
10950
10951
10951
10952
10952
10953
10954
10954
10955
10956
10956
10957
10957
10958
10959
10959
10960
10961
10961
10962
10962
10963
10964
10964
10965
10966
10966
10967
10967
10968
10969
10969
10970
10971
10971
10972
10972
10973
10974
10974
10975
10976
10976
10977
10977
10978
10979
10979
10980
10981
10981
10982
10982
10983
10984
10984
10985
10986
10986
10987
10987
10988
10989
10989
10990
10991
10991
10992
10992
10993
10994
10994
10995
10996
10996
10997
10997
10998
10999
10999
11000
11001
11001
11002
11002
11003
11003
11004
11004
11005
11005
11006
11006
11007
11007
11008
11008
11009
11009
11010
11010
11011
11011
11012
11012
11013
11013
11014
11014
11015
11015
11016
11016
11017
11017
11018
11018
11019
11019
11020
11020
11021
11021
11022
11022
11023
11023
11024
11024
11025
11025
11026
11026
11027
11027
11028
11028
11029
11029
11030
11030
11031
11031
11032
11032
11033
11033
11034
11034
11035
11035
11036
11036
11037
11037
11038
11038
11039
11039
11040
11040
11041
11041
11042
11042
11043
11043
11044
11044
11045
11045
11046
11046
11047
11047
11048
11048
11049
11049
11050
11050
11051
11051
11052
11052
11053
11053
11054
11054
11055
11055
11056
11056
11057
11057
11058
11058
11059
11059
11060
11060
11061
11061
11062
11062
11063
11063
11064
11064
11065
11065
11066
11066
11067
11067
11068
11068
11069
11069
11070
11070
11071
11071
11072
11072
11073
11073
11074
11074
11075
11075
11076
11076
11077
11077
11078
11078
11079
11079
11080
11080
11081
11081
11082
11082
11083
11083
11084
11084
11085
11085
11086
11086
11087
11087
11088
11088
11089
11089
11090
11090
11091
11091
11092
11092
11093
11093
11094
11094
11095
11095
11096
11096
11097
11097
11098
11098
11099
11099
11100
11100
11101
11101
11102
11102
11103
11103
11104
11104
11105
11105
11106
11106
11107
11107
11108
11108
11109
11109
11110
11110
11111
11111
11112
11112
11113
11113
11114
11114
11115
11115
11116
11116
11117
11117
11118
11118
11119
11119
11120
11120
11121
11121
11122
11122
11123
11123
11124
11124
11125
11125
11126
11126
11127
11127
11128
11128
11129
11129
11130
11130
11131
11131
11132
11132
11133
11133
11134
11134
11135
11135
11136
11136
11137
11137
11138
11138
11139
11139
11140
11140
11141
11141
11142
11142
11143
11143
11144
11144
11145
11145
11146
11146
11147
11147
11148
11148
11149
11149
11150
11150
11151
11151
11152
11152
11153
11153
11154
11154
11155
11155
11156
11156
11157
11157
11158
11158
11159
11159
11160
11160
11161
11161
11162
11162
11163
11163
11164
11164
11165
11165
11166
11166
11167
11167
11168
11168
11169
11169
11170
11170
11171
11171
11172
11172
11173
11173
11174
11174
11175
11175
11176
11176
11177
11177
11178
11178
11179
11179
11180
11180
11181
11181
11182
11182
11183
11183
11184
11184
11185
11185
11186
11186
11187
11187
11188
11188
11189
11189
11190
11190
11191
11191
11192
11192
11193
11193
11194
11194
11195
11195
11196
11196
11197
11197
11198
11198
11199
11199
11200
11200
11201
11201
11202
11202
11203
11203
11204
11204
11205
11205
11206
11206
11207
11207
11208
11208
11209
11209
11210
11210
11211
11211
11212
11212
11213
11213
11214
11214
11215
11215
11216
11216
11217
11217
11218
11218
11219
11219
11220
11220
11221
11221
11222
11222
11223
11223
11224
11224
11225
11225
11226
11226
11227
11227
11228
11228
11229
11229
11230
11230
11231
11231
11232
11232
11233
11233
11234
11234
11235
11235
11236
11236
11237
11237
11238
11238
11239
11239
11240
11240
11241
11241
11242
11242
11243
11243
11244
11244
11245
11245
11246
11246
11247
11247
11248
11248
11249
11249
11250
11250
11251
11251
11252
11252
11253
11253
11254
11254
11255
11255
11256
11256
11257
11257
11258
11258
11259
11259
11260
11260
11261
11261
11262
11262
11263
11263
11264
11264
11265
11265
11266
11266
11267
11267
11268
11268
11269
11269
11270
11270
11271
11271
11272
11272
11273
11273
11274
11274
11275
11275
11276
11276
11277
11277
11278
11278
11279
11279
11280
11280
11281
11281
11282
11282
11283
11283
11284
11284
11285
11285
11286
11286
11287
11287
11288
11288
11289
11289
11290
11290
11291
11291
11292
11292
11293
11293
11294
11294
11295
11295
11296
11296
11297
11297
11298
11298
11299
11299
11300
11300
11301
11301
11302
11302
11303
11303
11304
11304
11305
11305
11306
11306
11307
11307
11308
11308
11309
11309
11310
11310
11311
11311
11312
11312
11313
11313
11314
11314
11315
11315
11316
11316
11317
11317
11318
11318
11319
11319
11320
11320
11321
11321
11322
11322
11323
11323
11324
11324
11325
11325
11326
11326
11327
11327
11328
11328
11329
11329
11330
11330
11331
11331
11332
11332
11333
11333
11334
11334
11335
11335
11336
11336
11337
11337
11338
11338
11339
11339
11340
11340
11341
11341
11342
11342
11343
11343
11344
11344
11345
11345
11346
11346
11347
11347
11348
11348
11349
11349
11350
11350
11351
11351
11352
11352
11353
11353
11354
11354
11355
11355
11356
11356
11357
11357
11358
11358
11359
11359
11360
11360
11361
11361
11362
11362
11363
11363
11364
11364
11365
11365
11366
11366
11367
11367
11368
11368
11369
11369
11370
11370
11371
11371
11372
11372
11373
11373
11374
11374
11375
11375
11376
11376
11377
11377
11378
11378
11379
11379
11380
11380
11381
11381
11382
11382
11383
11383
11384
11384
11385
11385
11386
11386
11387
11387
11388
11388
11389
11389
11390
11390
11391
11391
11392
11392
11393
11393
11394
11394
11395
11395
11396
11396
11397
11397
11398
11398
11399
11399
11400
11400
11401
11401
11402
11402
11403
11403
11404
11404
11405
11405
11406
11406
11407
11407
11408
11408
11409
11409
11410
11410
11411
11411
11412
11412
11413
11413
11414
11414
11415
11415
11416
11416
11417
11417
11418
11418
11419
11419
11420
11420
11421
11421
11422
11422
11423
11423
11424
11424
11425
11425
11426
11426
11427
11427
11428
11428
11429
11429
11430
11430
11431
11431
11432
11432
11433
11433
11434
11434
11435
11435
11436
11436
11437
11437
11438
11438
11439
11439
11440
11440
11441
11441
11442
11442
11443
11443
11444
11444
11445
11445
11446
11446
11447
11447
11448
11448
11449
11449
11450
11450
11451
11451
11452
11452
11453
11453
11454
11454
11455
11455
11456
11456
11457
11457
11458
11458
11459
11459
11460
11460
11461
11461
11462
11462
11463
11463
11464
11464
11465
11465
11466
11466
11467
11467
11468
11468
11469
11469
11470
11470
11471
11471
11472
11472
11473
11473
11474
11474
11475
11475
11476
11476
11477
11477
11478
11478
11479
11479
11480
11480
11481
11481
11482
11482
11483
11483
11484
11484
11485
11485
11486
11486
11487
11487
11488
11488
11489
11489
11490
11490
11491
11491
11492
11492
11493
11493
11494
11494
11495
11495
11496
11496
11497
11497
11498
11498
11499
11499
11500
11500
11501
11503
11505
11507
11509
11511
11513
11515
11517
11519
11521
11523
11525
11527
11529
11531
11533
11535
11537
11539
11541
11543
11545
11547
11549
11551
11551
11552
11552
11553
11553
11554
11554
11555
11555
11556
11556
11557
11557
11558
11558
11559
11559
11560
11560
11561
11561
11562
11562
11563
11563
11564
11564
11565
11565
11566
11566
11567
11567
11568
11568
11569
11569
11570
11570
11571
11571
11572
11572
11573
11573
11574
11574
11575
11575
11576
11576
11577
11577
11578
11578
11579
11579
11580
11580
11581
11581
11582
11582
11583
11583
11584
11584
11585
11585
11586
11586
11587
11587
11588
11588
11589
11589
11590
11590
11591
11591
11592
11592
11593
11593
11594
11594
11595
11595
11596
11596
11597
11597
11598
11598
11599
11599
11600
11600
11601
11601
11602
11602
11603
11603
11604
11604
11605
11605
11606
11606
11607
11607
11608
11608
11609
11609
11610
11610
11611
11611
11612
11612
11613
11613
11614
11614
11615
11615
11616
11616
11617
11617
11618
11618
11619
11619
11620
11620
11621
11621
11622
11622
11623
11623
11624
11624
11625
11625
11626
11626
11627
11627
11628
11628
11629
11629
11630
11630
11631
11631
11632
11632
11633
11633
11634
11634
11635
11635
11636
11636
11637
11637
11638
11638
11639
11639
11640
11640
11641
11641
11642
11642
11643
11643
11644
11644
11645
11645
11646
11646
11647
11647
11648
11648
11649
11649
11650
11650
11651
11651
11652
11652
11653
11653
11654
11654
11655
11655
11656
11656
11657
11657
11658
11658
11659
11659
11660
11660
11661
11661
11662
11662
11663
11663
11664
11664
11665
11665
11666
11666
11667
11667
11668
11668
11669
11669
11670
11670
11671
11671
11672
11672
11673
11673
11674
11674
11675
11675
11676
11676
11677
11677
11678
11678
11679
11679
11680
11680
11681
11681
11682
11682
11683
11683
11684
11684
11685
11685
11686
11686
11687
11687
11688
11688
11689
11689
11690
11690
11691
11691
11692
11692
11693
11693
11694
11694
11695
11695
11696
11696
11697
11697
11698
11698
11699
11699
11700
11700
11701
11701
11702
11702
11703
11703
11704
11704
11705
11705
11706
11706
11707
11707
11708
11708
11709
11709
11710
11710
11711
11711
11712
11712
11713
11713
11714
11714
11715
11715
11716
11716
11717
11717
11718
11718
11719
11719
11720
11720
11721
11721
11722
11722
11723
11723
11724
11724
11725
11725
11726
11726
11727
11727
11728
11728
11729
11729
11730
11730
11731
11731
11732
11732
11733
11733
11734
11734
11735
11735
11736
11736
11737
11737
11738
11738
11739
11739
11740
11740
11741
11741
11742
11742
11743
11743
11744
11744
11745
11745
11746
11746
11747
11747
11748
11748
11749
11749
11750
11750
11751
11751
11752
11752
11753
11753
11754
11754
11755
11755
11756
11756
11757
11757
11758
11758
11759
11759
11760
11760
11761
11761
11762
11762
11763
11763
11764
11764
11765
11765
11766
11766
11767
11767
11768
11768
11769
11769
11770
11770
11771
11771
11772
11772
11773
11773
11774
11774
11775
11775
11776
11776
11777
11777
11778
11778
11779
11779
11780
11780
11781
11781
11782
11782
11783
11783
11784
11784
11785
11785
11786
11786
11787
11787
11788
11788
11789
11789
11790
11790
11791
11791
11792
11792
11793
11793
11794
11794
11795
11795
11796
11796
11797
11797
11798
11798
11799
11799
11800
11800
11801
11801
11802
11802
11803
11803
11804
11804
11805
11805
11806
11806
11807
11807
11808
11808
11809
11809
11810
11810
11811
11811
11812
11812
11813
11813
11814
11814
11815
11815
11816
11816
11817
11817
11818
11818
11819
11819
11820
11820
11821
11821
11822
11822
11823
11823
11824
11824
11825
11825
11826
11826
11827
11827
11828
11828
11829
11829
11830
11830
11831
11831
11832
11832
11833
11833
11834
11834
11835
11835
11836
11836
11837
11837
11838
11838
11839
11839
11840
11840
11841
11841
11842
11842
11843
11843
11844
11844
11845
11845
11846
11846
11847
11847
11848
11848
11849
11849
11850
11850
11851
11851
11852
11852
11853
11853
11854
11854
11855
11855
11856
11856
11857
11857
11858
11858
11859
11859
11860
11860
11861
11861
11862
11862
11863
11863
11864
11864
11865
11865
11866
11866
11867
11867
11868
11868
11869
11869
11870
11870
11871
11871
11872
11872
11873
11873
11874
11874
11875
11875
11876
11876
11877
11877
11878
11878
11879
11879
11880
11880
11881
11881
11882
11882
11883
11883
11884
11884
11885
11885
11886
11886
11887
11887
11888
11888
11889
11889
11890
11890
11891
11891
11892
11892
11893
11893
11894
11894
11895
11895
11896
11896
11897
11897
11898
11898
11899
11899
11900
11900
11901
11901
11902
11902
11903
11903
11904
11904
11905
11905
11906
11906
11907
11907
11908
11908
11909
11909
11910
11910
11911
11911
11912
11912
11913
11913
11914
11914
11915
11915
11916
11916
11917
11917
11918
11918
11919
11919
11920
11920
11921
11921
11922
11922
11923
11923
11924
11924
11925
11925
11926
11926
11927
11927
11928
11928
11929
11929
11930
11930
11931
11931
11932
11932
11933
11933
11934
11934
11935
11935
11936
11936
11937
11937
11938
11938
11939
11939
11940
11940
11941
11941
11942
11942
11943
11943
11944
11944
11945
11945
11946
11946
11947
11947
11948
11948
11949
11949
11950
11950
11951
11951
11952
11952
11953
11953
11954
11954
11955
11955
11956
11956
11957
11957
11958
11958
11959
11959
11960
11960
11961
11961
11962
11962
11963
11963
11964
11964
11965
11965
11966
11966
11967
11967
11968
11968
11969
11969
11970
11970
11971
11971
11972
11972
11973
11973
11974
11974
11975
11975
11976
11976
11977
11977
11978
11978
11979
11979
11980
11980
11981
11981
11982
11982
11983
11983
11984
11984
11985
11985
11986
11986
11987
11987
11988
11988
11989
11989
11990
11990
11991
11991
11992
11992
11993
11993
11994
11994
11995
11995
11996
11996
11997
11997
11998
11998
11999
11999
12000
12000
12001
12001
12002
12002
12003
12003
12004
12005
12005
12006
12006
12007
12008
12008
12009
12009
12010
12011
12011
12012
12012
12013
12013
12014
12015
12015
12016
12016
12017
12018
12018
12019
12019
12020
12021
12021
12022
12022
12023
12023
12024
12025
12025
12026
12026
12027
12028
12028
12029
12029
12030
12031
12031
12032
12032
12033
12033
12034
12035
12035
12036
12036
12037
12038
12038
12039
12039
12040
12041
12041
12042
12042
12043
12043
12044
12045
12045
12046
12046
12047
12048
12048
12049
12049
12050
12051
12051
12052
12052
12053
12053
12054
12054
12055
12055
12056
12056
12057
12057
12058
12058
12059
12059
12060
12060
12061
12061
12062
12062
12063
12063
12064
12064
12065
12065
12066
12066
12067
12067
12068
12068
12069
12069
12070
12070
12071
12071
12072
12072
12073
12073
12074
12074
12075
12075
12076
12076
12077
12077
12078
12078
12079
12079
12080
12080
12081
12081
12082
12082
12083
12083
12084
12084
12085
12085
12086
12086
12087
12087
12088
12088
12089
12089
12090
12090
12091
12091
12092
12092
12093
12093
12094
12094
12095
12095
12096
12096
12097
12097
12098
12098
12099
12099
12100
12100
12101
12101
12102
12102
12103
12103
12104
12104
12105
12105
12106
12106
12107
12107
12108
12108
12109
12109
12110
12110
12111
12111
12112
12112
12113
12113
12114
12114
12115
12115
12116
12116
12117
12117
12118
12118
12119
12119
12120
12120
12121
12121
12122
12122
12123
12123
12124
12124
12125
12125
12126
12126
12127
12127
12128
12128
12129
12129
12130
12130
12131
12131
12132
12132
12133
12133
12134
12134
12135
12135
12136
12136
12137
12137
12138
12138
12139
12139
12140
12140
12141
12141
12142
12142
12143
12143
12144
12144
12145
12145
12146
12146
12147
12147
12148
12148
12149
12149
12150
12150
12151
12151
12152
12152
12153
12153
12154
12154
12155
12155
12156
12156
12157
12157
12158
12158
12159
12159
12160
12160
12161
12161
12162
12162
12163
12163
12164
12164
12165
12165
12166
12166
12167
12167
12168
12168
12169
12169
12170
12170
12171
12171
12172
12172
12173
12173
12174
12174
12175
12175
12176
12176
12177
12177
12178
12178
12179
12179
12180
12180
12181
12181
12182
12182
12183
12183
12184
12184
12185
12185
12186
12186
12187
12187
12188
12188
12189
12189
12190
12190
12191
12191
12192
12192
12193
12193
12194
12194
12195
12195
12196
12196
12197
12197
12198
12198
12199
12199
12200
12200
12201
12201
12202
12202
12203
12203
12204
12204
12205
12205
12206
12206
12207
12207
12208
12208
12209
12209
12210
12210
12211
12211
12212
12212
12213
12213
12214
12214
12215
12215
12216
12216
12217
12217
12218
12218
12219
12219
12220
12220
12221
12221
12222
12222
12223
12223
12224
12224
12225
12225
12226
12226
12227
12227
12228
12228
12229
12229
12230
12230
12231
12231
12232
12232
12233
12233
12234
12234
12235
12235
12236
12236
12237
12237
12238
12238
12239
12239
12240
12240
12241
12241
12242
12242
12243
12243
12244
12244
12245
12245
12246
12246
12247
12247
12248
12248
12249
12249
12250
12250
12251
12251
12252
12252
12253
12253
12254
12254
12255
12255
12256
12256
12257
12257
12258
12258
12259
12259
12260
12260
12261
12261
12262
12262
12263
12263
12264
12264
12265
12265
12266
12266
12267
12267
12268
12268
12269
12269
12270
12270
12271
12271
12272
12272
12273
12273
12274
12274
12275
12275
12276
12276
12277
12277
12278
12278
12279
12279
12280
12280
12281
12281
12282
12282
12283
12283
12284
12284
12285
12285
12286
12286
12287
12287
12288
12288
12289
12289
12290
12290
12291
12291
12292
12292
12293
12293
12294
12294
12295
12295
12296
12296
12297
12297
12298
12298
12299
12299
12300
12300
12301
12301
12302
12302
12303
12303
12304
12304
12305
12305
12306
12306
12307
12307
12308
12308
12309
12309
12310
12310
12311
12311
12312
12312
12313
12313
12314
12314
12315
12315
12316
12316
12317
12317
12318
12318
12319
12319
12320
12320
12321
12321
12322
12322
12323
12323
12324
12324
12325
12325
12326
12326
12327
12327
12328
12328
12329
12329
12330
12330
12331
12331
12332
12332
12333
12333
12334
12334
12335
12335
12336
12336
12337
12337
12338
12338
12339
12339
12340
12340
12341
12341
12342
12342
12343
12343
12344
12344
12345
12345
12346
12346
12347
12347
12348
12348
12349
12349
12350
12350
12351
12351
12352
12352
12353
12353
12354
12354
12355
12355
12356
12356
12357
12357
12358
12358
12359
12359
12360
12360
12361
12361
12362
12362
12363
12363
12364
12364
12365
12365
12366
12366
12367
12367
12368
12368
12369
12369
12370
12370
12371
12371
12372
12372
12373
12373
12374
12374
12375
12375
12376
12376
12377
12377
12378
12378
12379
12379
12380
12380
12381
12381
12382
12382
12383
12383
12384
12384
12385
12385
12386
12386
12387
12387
12388
12388
12389
12389
12390
12390
12391
12391
12392
12392
12393
12393
12394
12394
12395
12395
12396
12396
12397
12397
12398
12398
12399
12399
12400
12400
12401
12401
12402
12402
12403
12403
12404
12404
12405
12405
12406
12406
12407
12407
12408
12408
12409
12409
12410
12410
12411
12411
12412
12412
12413
12413
12414
12414
12415
12415
12416
12416
12417
12417
12418
12418
12419
12419
12420
12420
12421
12421
12422
12422
12423
12423
12424
12424
12425
12425
12426
12426
12427
12427
12428
12428
12429
12429
12430
12430
12431
12431
12432
12432
12433
12433
12434
12434
12435
12435
12436
12436
12437
12437
12438
12438
12439
12439
12440
12440
12441
12441
12442
12442
12443
12443
12444
12444
12445
12445
12446
12446
12447
12447
12448
12448
12449
12449
12450
12450
12451
12451
12452
12452
12453
12453
12454
12454
12455
12455
12456
12456
12457
12457
12458
12458
12459
12459
12460
12460
12461
12461
12462
12462
12463
12463
12464
12464
12465
12465
12466
12466
12467
12467
12468
12468
12469
12469
12470
12470
12471
12471
12472
12472
12473
12473
12474
12474
12475
12475
12476
12476
12477
12477
12478
12478
12479
12479
12480
12480
12481
12481
12482
12482
12483
12483
12484
12484
12485
12485
12486
12486
12487
12487
12488
12488
12489
12489
12490
12490
12491
12491
12492
12492
12493
12493
12494
12494
12495
12495
12496
12496
12497
12497
12498
12498
12499
12499
12500
12500
12501
12501
12502
12502
12503
12503
12504
12504
12505
12505
12506
12506
12507
12507
12508
12508
12509
12509
12510
12510
12511
12511
12512
12512
12513
12513
12514
12514
12515
12515
12516
12516
12517
12517
12518
12518
12519
12519
12520
12520
12521
12521
12522
12522
12523
12523
12524
12524
12525
12525
12526
12526
12527
12527
12528
12528
12529
12529
12530
12530
12531
12531
12532
12532
12533
12533
12534
12534
12535
12535
12536
12536
12537
12537
12538
12538
12539
12539
12540
12540
12541
12541
12542
12542
12543
12543
12544
12544
12545
12545
12546
12546
12547
12547
12548
12548
12549
12549
12550
12550
12551
12551
12552
12552
12553
12553
12554
12554
12555
12555
12556
12556
12557
12557
12558
12558
12559
12559
12560
12560
12561
12561
12562
12562
12563
12563
12564
12564
12565
12565
12566
12566
12567
12567
12568
12568
12569
12569
12570
12570
12571
12571
12572
12572
12573
12573
12574
12574
12575
12575
12576
12576
12577
12577
12578
12578
12579
12579
12580
12580
12581
12581
12582
12582
12583
12583
12584
12584
12585
12585
12586
12586
12587
12587
12588
12588
12589
12589
12590
12590
12591
12591
12592
12592
12593
12593
12594
12594
12595
12595
12596
12596
12597
12597
12598
12598
12599
12599
12600
12600
12601
12602
12603
12604
12605
12606
12607
12609
12610
12611
12612
12613
12614
12616
12617
12618
12619
12620
12621
12623
12624
12625
12626
12627
12628
12630
12631
12632
12633
12634
12635
12637
12638
12639
12640
12641
12642
12644
12645
12646
12647
12648
12649
12651
12651
12652
12652
12653
12653
12654
12654
12655
12655
12656
12656
12657
12657
12658
12658
12659
12659
12660
12660
12661
12661
12662
12662
12663
12663
12664
12664
12665
12665
12666
12666
12667
12667
12668
12668
12669
12669
12670
12670
12671
12671
12672
12672
12673
12673
12674
12674
12675
12675
12676
12676
12677
12677
12678
12678
12679
12679
12680
12680
12681
12681
12682
12682
12683
12683
12684
12684
12685
12685
12686
12686
12687
12687
12688
12688
12689
12689
12690
12690
12691
12691
12692
12692
12693
12693
12694
12694
12695
12695
12696
12696
12697
12697
12698
12698
12699
12699
12700
12700
12701
12701
12702
12702
12703
12703
12704
12704
12705
12705
12706
12706
12707
12707
12708
12708
12709
12709
12710
12710
12711
12711
12712
12712
12713
12713
12714
12714
12715
12715
12716
12716
12717
12717
12718
12718
12719
12719
12720
12720
12721
12721
12722
12722
12723
12723
12724
12724
12725
12725
12726
12726
12727
12727
12728
12728
12729
12729
12730
12730
12731
12731
12732
12732
12733
12733
12734
12734
12735
12735
12736
12736
12737
12737
12738
12738
12739
12739
12740
12740
12741
12741
12742
12742
12743
12743
12744
12744
12745
12745
12746
12746
12747
12747
12748
12748
12749
12749
12750
12750
12751
12751
12752
12752
12753
12753
12754
12754
12755
12755
12756
12756
12757
12757
12758
12758
12759
12759
12760
12760
12761
12761
12762
12762
12763
12763
12764
12764
12765
12765
12766
12766
12767
12767
12768
12768
12769
12769
12770
12770
12771
12771
12772
12772
12773
12773
12774
12774
12775
12775
12776
12776
12777
12777
12778
12778
12779
12779
12780
12780
12781
12781
12782
12782
12783
12783
12784
12784
12785
12785
12786
12786
12787
12787
12788
12788
12789
12789
12790
12790
12791
12791
12792
12792
12793
12793
12794
12794
12795
12795
12796
12796
12797
12797
12798
12798
12799
12799
12800
12800
12801
12801
12802
12802
12803
12803
12804
12804
12805
12805
12806
12806
12807
12807
12808
12808
12809
12809
12810
12810
12811
12811
12812
12812
12813
12813
12814
12814
12815
12815
12816
12816
12817
12817
12818
12818
12819
12819
12820
12820
12821
12821
12822
12822
12823
12823
12824
12824
12825
12825
12826
12826
12827
12827
12828
12828
12829
12829
12830
12830
12831
12831
12832
12832
12833
12833
12834
12834
12835
12835
12836
12836
12837
12837
12838
12838
12839
12839
12840
12840
12841
12841
12842
12842
12843
12843
12844
12844
12845
12845
12846
12846
12847
12847
12848
12848
12849
12849
12850
12850
12851
12851
12852
12852
12853
12853
12854
12854
12855
12855
12856
12856
12857
12857
12858
12858
12859
12859
12860
12860
12861
12861
12862
12862
12863
12863
12864
12864
12865
12865
12866
12866
12867
12867
12868
12868
12869
12869
12870
12870
12871
12871
12872
12872
12873
12873
12874
12874
12875
12875
12876
12876
12877
12877
12878
12878
12879
12879
12880
12880
12881
12881
12882
12882
12883
12883
12884
12884
12885
12885
12886
12886
12887
12887
12888
12888
12889
12889
12890
12890
12891
12891
12892
12892
12893
12893
12894
12894
12895
12895
12896
12896
12897
12897
12898
12898
12899
12899
12900
12900
12901
12901
12902
12902
12903
12903
12904
12904
12905
12905
12906
12906
12907
12907
12908
12908
12909
12909
12910
12910
12911
12911
12912
12912
12913
12913
12914
12914
12915
12915
12916
12916
12917
12917
12918
12918
12919
12919
12920
12920
12921
12921
12922
12922
12923
12923
12924
12924
12925
12925
12926
12926
12927
12927
12928
12928
12929
12929
12930
12930
12931
12931
12932
12932
12933
12933
12934
12934
12935
12935
12936
12936
12937
12937
12938
12938
12939
12939
12940
12940
12941
12941
12942
12942
12943
12943
12944
12944
12945
12945
12946
12946
12947
12947
12948
12948
12949
12949
12950
12950
12951
12951
12952
12952
12953
12953
12954
12954
12955
12955
12956
12956
12957
12957
12958
12958
12959
12959
12960
12960
12961
12961
12962
12962
12963
12963
12964
12964
12965
12965
12966
12966
12967
12967
12968
12968
12969
12969
12970
12970
12971
12971
12972
12972
12973
12973
12974
12974
12975
12975
12976
12976
12977
12977
12978
12978
12979
12979
12980
12980
12981
12981
12982
12982
12983
12983
12984
12984
12985
12985
12986
12986
12987
12987
12988
12988
12989
12989
12990
12990
12991
12991
12992
12992
12993
12993
12994
12994
12995
12995
12996
12996
12997
12997
12998
12998
12999
12999
13000
13000
13001
13001
13002
13002
13003
13003
13004
13004
13005
13005
13006
13006
13007
13007
13008
13008
13009
13009
13010
13010
13011
13011
13012
13012
13013
13013
13014
13014
13015
13015
13016
13016
13017
13017
13018
13018
13019
13019
13020
13020
13021
13021
13022
13022
13023
13023
13024
13024
13025
13025
13026
13026
13027
13027
13028
13028
13029
13029
13030
13030
13031
13031
13032
13032
13033
13033
13034
13034
13035
13035
13036
13036
13037
13037
13038
13038
13039
13039
13040
13040
13041
13041
13042
13042
13043
13043
13044
13044
13045
13045
13046
13046
13047
13047
13048
13048
13049
13049
13050
13050
13051
13051
13052
13052
13053
13053
13054
13054
13055
13055
13056
13056
13057
13057
13058
13058
13059
13059
13060
13060
13061
13061
13062
13062
13063
13063
13064
13064
13065
13065
13066
13066
13067
13067
13068
13068
13069
13069
13070
13070
13071
13071
13072
13072
13073
13073
13074
13074
13075
13075
13076
13076
13077
13077
13078
13078
13079
13079
13080
13080
13081
13081
13082
13082
13083
13083
13084
13084
13085
13085
13086
13086
13087
13087
13088
13088
13089
13089
13090
13090
13091
13091
13092
13092
13093
13093
13094
13094
13095
13095
13096
13096
13097
13097
13098
13098
13099
13099
13100
13100
13101
13101
13102
13102
13103
13103
13104
13104
13105
13105
13106
13106
13107
13107
13108
13108
13109
13109
13110
13110
13111
13111
13112
13112
13113
13113
13114
13114
13115
13115
13116
13116
13117
13117
13118
13118
13119
13119
13120
13120
13121
13121
13122
13122
13123
13123
13124
13124
13125
13125
13126
13126
13127
13127
13128
13128
13129
13129
13130
13130
13131
13131
13132
13132
13133
13133
13134
13134
13135
13135
13136
13136
13137
13137
13138
13138
13139
13139
13140
13140
13141
13141
13142
13142
13143
13143
13144
13144
13145
13145
13146
13146
13147
13147
13148
13148
13149
13149
13150
13150
13151
13151
13152
13152
13153
13153
13154
13154
13155
13155
13156
13156
13157
13157
13158
13158
13159
13159
13160
13160
13161
13161
13162
13162
13163
13163
13164
13164
13165
13165
13166
13166
13167
13167
13168
13168
13169
13169
13170
13170
13171
13171
13172
13172
13173
13173
13174
13174
13175
13175
13176
13176
13177
13177
13178
13178
13179
13179
13180
13180
13181
13181
13182
13182
13183
13183
13184
13184
13185
13185
13186
13186
13187
13187
13188
13188
13189
13189
13190
13190
13191
13191
13192
13192
13193
13193
13194
13194
13195
13195
13196
13196
13197
13197
13198
13198
13199
13199
13200
13200
13201
13201
13202
13202
13203
13203
13204
13204
13205
13205
13206
13206
13207
13207
13208
13208
13209
13209
13210
13210
13211
13211
13212
13212
13213
13213
13214
13214
13215
13215
13216
13216
13217
13217
13218
13218
13219
13219
13220
13220
13221
13221
13222
13222
13223
13223
13224
13224
13225
13225
13226
13226
13227
13227
13228
13228
13229
13229
13230
13230
13231
13231
13232
13232
13233
13233
13234
13234
13235
13235
13236
13236
13237
13237
13238
13238
13239
13239
13240
13240
13241
13241
13242
13242
13243
13243
13244
13244
13245
13245
13246
13246
13247
13247
13248
13248
13249
13249
13250
13250
13251
13251
13252
13252
13253
13253
13254
13254
13255
13255
13256
13256
13257
13257
13258
13258
13259
13259
13260
13260
13261
13261
13262
13262
13263
13263
13264
13264
13265
13265
13266
13266
13267
13267
13268
13268
13269
13269
13270
13270
13271
13271
13272
13272
13273
13273
13274
13274
13275
13275
13276
13276
13277
13277
13278
13278
13279
13279
13280
13280
13281
13281
13282
13282
13283
13283
13284
13284
13285
13285
13286
13286
13287
13287
13288
13288
13289
13289
13290
13290
13291
13291
13292
13292
13293
13293
13294
13294
13295
13295
13296
13296
13297
13297
13298
13298
13299
13299
13300
13300
13301
13301
13302
13302
13303
13303
13304
13304
13305
13305
13306
13306
13307
13307
13308
13308
13309
13309
13310
13310
13311
13311
13312
13312
13313
13313
13314
13314
13315
13315
13316
13316
13317
13317
13318
13318
13319
13319
13320
13320
13321
13321
13322
13322
13323
13323
13324
13324
13325
13325
13326
13326
13327
13327
13328
13328
13329
13329
13330
13330
13331
13331
13332
13332
13333
13333
13334
13334
13335
13335
13336
13336
13337
13337
13338
13338
13339
13339
13340
13340
13341
13341
13342
13342
13343
13343
13344
13344
13345
13345
13346
13346
13347
13347
13348
13348
13349
13349
13350
13350
13351
13351
13352
13352
13353
13353
13354
13354
13355
13355
13356
13356
13357
13357
13358
13358
13359
13359
13360
13360
13361
13361
13362
13362
13363
13363
13364
13364
13365
13365
13366
13366
13367
13367
13368
13368
13369
13369
13370
13370
13371
13371
13372
13372
13373
13373
13374
13374
13375
13375
13376
13376
13377
13377
13378
13378
13379
13379
13380
13380
13381
13381
13382
13382
13383
13383
13384
13384
13385
13385
13386
13386
13387
13387
13388
13388
13389
13389
13390
13390
13391
13391
13392
13392
13393
13393
13394
13394
13395
13395
13396
13396
13397
13397
13398
13398
13399
13399
13400
13400
13401
13401
13402
13402
13403
13403
13404
13404
13405
13405
13406
13406
13407
13407
13408
13408
13409
13409
13410
13410
13411
13411
13412
13412
13413
13413
13414
13414
13415
13415
13416
13416
13417
13417
13418
13418
13419
13419
13420
13420
13421
13421
13422
13422
13423
13423
13424
13424
13425
13425
13426
13426
13427
13427
13428
13428
13429
13429
13430
13430
13431
13431
13432
13432
13433
13433
13434
13434
13435
13435
13436
13436
13437
13437
13438
13438
13439
13439
13440
13440
13441
13441
13442
13442
13443
13443
13444
13444
13445
13445
13446
13446
13447
13447
13448
13448
13449
13449
13450
13450
13451
13451
13452
13452
13453
13453
13454
13454
13455
13455
13456
13456
13457
13457
13458
13458
13459
13459
13460
13460
13461
13461
13462
13462
13463
13463
13464
13464
13465
13465
13466
13466
13467
13467
13468
13468
13469
13469
13470
13470
13471
13471
13472
13472
13473
13473
13474
13474
13475
13475
13476
13476
13477
13477
13478
13478
13479
13479
13480
13480
13481
13481
13482
13482
13483
13483
13484
13484
13485
13485
13486
13486
13487
13487
13488
13488
13489
13489
13490
13490
13491
13491
13492
13492
13493
13493
13494
13494
13495
13495
13496
13496
13497
13497
13498
13498
13499
13499
13500
13500
13501
13501
13502
13502
13503
13503
13504
13504
13505
13505
13506
13507
13507
13508
13508
13509
13509
13510
13510
13511
13511
13512
13513
13513
13514
13514
13515
13515
13516
13516
13517
13518
13518
13519
13519
13520
13520
13521
13521
13522
13522
13523
13524
13524
13525
13525
13526
13526
13527
13527
13528
13529
13529
13530
13530
13531
13531
13532
13532
13533
13533
13534
13535
13535
13536
13536
13537
13537
13538
13538
13539
13540
13540
13541
13541
13542
13542
13543
13543
13544
13544
13545
13546
13546
13547
13547
13548
13548
13549
13549
13550
13551
13551
13552
13552
13553
13553
13554
13554
13555
13555
13556
13556
13557
13557
13558
13558
13559
13559
13560
13560
13561
13561
13562
13562
13563
13563
13564
13564
13565
13565
13566
13566
13567
13567
13568
13568
13569
13569
13570
13570
13571
13571
13572
13572
13573
13573
13574
13574
13575
13575
13576
13576
13577
13577
13578
13578
13579
13579
13580
13580
13581
13581
13582
13582
13583
13583
13584
13584
13585
13585
13586
13586
13587
13587
13588
13588
13589
13589
13590
13590
13591
13591
13592
13592
13593
13593
13594
13594
13595
13595
13596
13596
13597
13597
13598
13598
13599
13599
13600
13600
13601
13601
13602
13602
13603
13603
13604
13604
13605
13605
13606
13606
13607
13607
13608
13608
13609
13609
13610
13610
13611
13611
13612
13612
13613
13613
13614
13614
13615
13615
13616
13616
13617
13617
13618
13618
13619
13619
13620
13620
13621
13621
13622
13622
13623
13623
13624
13624
13625
13625
13626
13626
13627
13627
13628
13628
13629
13629
13630
13630
13631
13631
13632
13632
13633
13633
13634
13634
13635
13635
13636
13636
13637
13637
13638
13638
13639
13639
13640
13640
13641
13641
13642
13642
13643
13643
13644
13644
13645
13645
13646
13646
13647
13647
13648
13648
13649
13649
13650
13650
13651
13651
13652
13652
13653
13653
13654
13654
13655
13655
13656
13656
13657
13657
13658
13658
13659
13659
13660
13660
13661
13661
13662
13662
13663
13663
13664
13664
13665
13665
13666
13666
13667
13667
13668
13668
13669
13669
13670
13670
13671
13671
13672
13672
13673
13673
13674
13674
13675
13675
13676
13676
13677
13677
13678
13678
13679
13679
13680
13680
13681
13681
13682
13682
13683
13683
13684
13684
13685
13685
13686
13686
13687
13687
13688
13688
13689
13689
13690
13690
13691
13691
13692
13692
13693
13693
13694
13694
13695
13695
13696
13696
13697
13697
13698
13698
13699
13699
13700
13700
13701
13701
13702
13702
13703
13703
13704
13704
13705
13705
13706
13706
13707
13707
13708
13708
13709
13709
13710
13710
13711
13711
13712
13712
13713
13713
13714
13714
13715
13715
13716
13716
13717
13717
13718
13718
13719
13719
13720
13720
13721
13721
13722
13722
13723
13723
13724
13724
13725
13725
13726
13726
13727
13727
13728
13728
13729
13729
13730
13730
13731
13731
13732
13732
13733
13733
13734
13734
13735
13735
13736
13736
13737
13737
13738
13738
13739
13739
13740
13740
13741
13741
13742
13742
13743
13743
13744
13744
13745
13745
13746
13746
13747
13747
13748
13748
13749
13749
13750
13750
13751
13751
13752
13752
13753
13753
13754
13754
13755
13755
13756
13756
13757
13757
13758
13758
13759
13759
13760
13760
13761
13761
13762
13762
13763
13763
13764
13764
13765
13765
13766
13766
13767
13767
13768
13768
13769
13769
13770
13770
13771
13771
13772
13772
13773
13773
13774
13774
13775
13775
13776
13776
13777
13777
13778
13778
13779
13779
13780
13780
13781
13781
13782
13782
13783
13783
13784
13784
13785
13785
13786
13786
13787
13787
13788
13788
13789
13789
13790
13790
13791
13791
13792
13792
13793
13793
13794
13794
13795
13795
13796
13796
13797
13797
13798
13798
13799
13799
13800
13800
13801
13801
13802
13802
13803
13803
13804
13804
13805
13805
13806
13806
13807
13807
13808
13808
13809
13809
13810
13810
13811
13811
13812
13812
13813
13813
13814
13814
13815
13815
13816
13816
13817
13817
13818
13818
13819
13819
13820
13820
13821
13821
13822
13822
13823
13823
13824
13824
13825
13825
13826
13826
13827
13827
13828
13828
13829
13829
13830
13830
13831
13831
13832
13832
13833
13833
13834
13834
13835
13835
13836
13836
13837
13837
13838
13838
13839
13839
13840
13840
13841
13841
13842
13842
13843
13843
13844
13844
13845
13845
13846
13846
13847
13847
13848
13848
13849
13849
13850
13850
13851
13851
13852
13852
13853
13853
13854
13854
13855
13855
13856
13856
13857
13857
13858
13858
13859
13859
13860
13860
13861
13861
13862
13862
13863
13863
13864
13864
13865
13865
13866
13866
13867
13867
13868
13868
13869
13869
13870
13870
13871
13871
13872
13872
13873
13873
13874
13874
13875
13875
13876
13876
13877
13877
13878
13878
13879
13879
13880
13880
13881
13881
13882
13882
13883
13883
13884
13884
13885
13885
13886
13886
13887
13887
13888
13888
13889
13889
13890
13890
13891
13891
13892
13892
13893
13893
13894
13894
13895
13895
13896
13896
13897
13897
13898
13898
13899
13899
13900
13900
13901
13901
13902
13902
13903
13903
13904
13904
13905
13905
13906
13906
13907
13907
13908
13908
13909
13909
13910
13910
13911
13911
13912
13912
13913
13913
13914
13914
13915
13915
13916
13916
13917
13917
13918
13918
13919
13919
13920
13920
13921
13921
13922
13922
13923
13923
13924
13924
13925
13925
13926
13926
13927
13927
13928
13928
13929
13929
13930
13930
13931
13931
13932
13932
13933
13933
13934
13934
13935
13935
13936
13936
13937
13937
13938
13938
13939
13939
13940
13940
13941
13941
13942
13942
13943
13943
13944
13944
13945
13945
13946
13946
13947
13947
13948
13948
13949
13949
13950
13950
13951
13951
13952
13952
13953
13953
13954
13954
13955
13955
13956
13956
13957
13957
13958
13958
13959
13959
13960
13960
13961
13961
13962
13962
13963
13963
13964
13964
13965
13965
13966
13966
13967
13967
13968
13968
13969
13969
13970
13970
13971
13971
13972
13972
13973
13973
13974
13974
13975
13975
13976
13976
13977
13977
13978
13978
13979
13979
13980
13980
13981
13981
13982
13982
13983
13983
13984
13984
13985
13985
13986
13986
13987
13987
13988
13988
13989
13989
13990
13990
13991
13991
13992
13992
13993
13993
13994
13994
13995
13995
13996
13996
13997
13997
13998
13998
13999
13999
14000
14000
14001
14001
14002
14002
14003
14003
14004
14004
14005
14005
14006
14006
14007
14007
14008
14008
14009
14009
14010
14010
14011
14011
14012
14012
14013
14013
14014
14014
14015
14015
14016
14016
14017
14017
14018
14018
14019
14019
14020
14020
14021
14021
14022
14022
14023
14023
14024
14024
14025
14025
14026
14026
14027
14027
14028
14028
14029
14029
14030
14030
14031
14031
14032
14032
14033
14033
14034
14034
14035
14035
14036
14036
14037
14037
14038
14038
14039
14039
14040
14040
14041
14041
14042
14042
14043
14043
14044
14044
14045
14045
14046
14046
14047
14047
14048
14048
14049
14049
14050
14050
14051
14051
14052
14052
14053
14053
14054
14054
14055
14055
14056
14056
14057
14057
14058
14058
14059
14059
14060
14060
14061
14061
14062
14062
14063
14063
14064
14064
14065
14065
14066
14066
14067
14067
14068
14068
14069
14069
14070
14070
14071
14071
14072
14072
14073
14073
14074
14074
14075
14075
14076
14076
14077
14077
14078
14078
14079
14079
14080
14080
14081
14081
14082
14082
14083
14083
14084
14084
14085
14085
14086
14086
14087
14087
14088
14088
14089
14089
14090
14090
14091
14091
14092
14092
14093
14093
14094
14094
14095
14095
14096
14096
14097
14097
14098
14098
14099
14099
14100
14100
14101
14101
14102
14103
14104
14104
14105
14106
14107
14108
14108
14109
14110
14111
14111
14112
14113
14114
14115
14115
14116
14117
14118
14118
14119
14120
14121
14122
14122
14123
14124
14125
14126
14126
14127
14128
14129
14129
14130
14131
14132
14133
14133
14134
14135
14136
14136
14137
14138
14139
14140
14140
14141
14142
14143
14143
14144
14145
14146
14147
14147
14148
14149
14150
14151
14151
14152
14152
14153
14153
14154
14154
14155
14155
14156
14156
14157
14157
14158
14158
14159
14159
14160
14160
14161
14161
14162
14162
14163
14163
14164
14164
14165
14165
14166
14166
14167
14167
14168
14168
14169
14169
14170
14170
14171
14171
14172
14172
14173
14173
14174
14174
14175
14175
14176
14176
14177
14177
14178
14178
14179
14179
14180
14180
14181
14181
14182
14182
14183
14183
14184
14184
14185
14185
14186
14186
14187
14187
14188
14188
14189
14189
14190
14190
14191
14191
14192
14192
14193
14193
14194
14194
14195
14195
14196
14196
14197
14197
14198
14198
14199
14199
14200
14200
14201
14201
14202
14202
14203
14203
14204
14204
14205
14205
14206
14206
14207
14207
14208
14208
14209
14209
14210
14210
14211
14211
14212
14212
14213
14213
14214
14214
14215
14215
14216
14216
14217
14217
14218
14218
14219
14219
14220
14220
14221
14221
14222
14222
14223
14223
14224
14224
14225
14225
14226
14226
14227
14227
14228
14228
14229
14229
14230
14230
14231
14231
14232
14232
14233
14233
14234
14234
14235
14235
14236
14236
14237
14237
14238
14238
14239
14239
14240
14240
14241
14241
14242
14242
14243
14243
14244
14244
14245
14245
14246
14246
14247
14247
14248
14248
14249
14249
14250
14250
14251
14251
14252
14252
14253
14253
14254
14254
14255
14255
14256
14256
14257
14257
14258
14258
14259
14259
14260
14260
14261
14261
14262
14262
14263
14263
14264
14264
14265
14265
14266
14266
14267
14267
14268
14268
14269
14269
14270
14270
14271
14271
14272
14272
14273
14273
14274
14274
14275
14275
14276
14276
14277
14277
14278
14278
14279
14279
14280
14280
14281
14281
14282
14282
14283
14283
14284
14284
14285
14285
14286
14286
14287
14287
14288
14288
14289
14289
14290
14290
14291
14291
14292
14292
14293
14293
14294
14294
14295
14295
14296
14296
14297
14297
14298
14298
14299
14299
14300
14300
14301
14301
14302
14302
14303
14303
14304
14304
14305
14305
14306
14306
14307
14307
14308
14308
14309
14309
14310
14310
14311
14311
14312
14312
14313
14313
14314
14314
14315
14315
14316
14316
14317
14317
14318
14318
14319
14319
14320
14320
14321
14321
14322
14322
14323
14323
14324
14324
14325
14325
14326
14326
14327
14327
14328
14328
14329
14329
14330
14330
14331
14331
14332
14332
14333
14333
14334
14334
14335
14335
14336
14336
14337
14337
14338
14338
14339
14339
14340
14340
14341
14341
14342
14342
14343
14343
14344
14344
14345
14345
14346
14346
14347
14347
14348
14348
14349
14349
14350
14350
14351
14353
14355
14357
14359
14361
14363
14365
14367
14369
14371
14373
14375
14377
14379
14381
14383
14385
14387
14389
14391
14393
14395
14397
14399
14401
14401
14402
14402
14403
14403
14404
14404
14405
14405
14406
14406
14407
14407
14408
14408
14409
14409
14410
14410
14411
14411
14412
14412
14413
14413
14414
14414
14415
14415
14416
14416
14417
14417
14418
14418
14419
14419
14420
14420
14421
14421
14422
14422
14423
14423
14424
14424
14425
14425
14426
14426
14427
14427
14428
14428
14429
14429
14430
14430
14431
14431
14432
14432
14433
14433
14434
14434
14435
14435
14436
14436
14437
14437
14438
14438
14439
14439
14440
14440
14441
14441
14442
14442
14443
14443
14444
14444
14445
14445
14446
14446
14447
14447
14448
14448
14449
14449
14450
14450
14451
14452
14454
14455
14457
14458
14460
14461
14463
14464
14466
14467
14469
14470
14472
14473
14475
14476
14478
14479
14481
14482
14484
14485
14487
14488
14490
14491
14493
14494
14496
14497
14499
14501
14501
14502
14502
14503
14503
14504
14504
14505
14505
14506
14506
14507
14507
14508
14508
14509
14509
14510
14510
14511
14511
14512
14512
14513
14513
14514
14514
14515
14515
14516
14516
14517
14517
14518
14518
14519
14519
14520
14520
14521
14521
14522
14522
14523
14523
14524
14524
14525
14525
14526
14526
14527
14527
14528
14528
14529
14529
14530
14530
14531
14531
14532
14532
14533
14533
14534
14534
14535
14535
14536
14536
14537
14537
14538
14538
14539
14539
14540
14540
14541
14541
14542
14542
14543
14543
14544
14544
14545
14545
14546
14546
14547
14547
14548
14548
14549
14549
14550
14550
14551
14551
14552
14552
14553
14553
14554
14554
14555
14555
14556
14556
14557
14557
14558
14558
14559
14559
14560
14560
14561
14561
14562
14562
14563
14563
14564
14564
14565
14565
14566
14566
14567
14567
14568
14568
14569
14569
14570
14570
14571
14571
14572
14572
14573
14573
14574
14574
14575
14575
14576
14576
14577
14577
14578
14578
14579
14579
14580
14580
14581
14581
14582
14582
14583
14583
14584
14584
14585
14585
14586
14586
14587
14587
14588
14588
14589
14589
14590
14590
14591
14591
14592
14592
14593
14593
14594
14594
14595
14595
14596
14596
14597
14597
14598
14598
14599
14599
14600
14600
14601
14601
14602
14602
14603
14603
14604
14604
14605
14605
14606
14606
14607
14607
14608
14608
14609
14609
14610
14610
14611
14611
14612
14612
14613
14613
14614
14614
14615
14615
14616
14616
14617
14617
14618
14618
14619
14619
14620
14620
14621
14621
14622
14622
14623
14623
14624
14624
14625
14625
14626
14626
14627
14627
14628
14628
14629
14629
14630
14630
14631
14631
14632
14632
14633
14633
14634
14634
14635
14635
14636
14636
14637
14637
14638
14638
14639
14639
14640
14640
14641
14641
14642
14642
14643
14643
14644
14644
14645
14645
14646
14646
14647
14647
14648
14648
14649
14649
14650
14650
14651
14651
14652
14652
14653
14653
14654
14654
14655
14655
14656
14656
14657
14657
14658
14658
14659
14659
14660
14660
14661
14661
14662
14662
14663
14663
14664
14664
14665
14665
14666
14666
14667
14667
14668
14668
14669
14669
14670
14670
14671
14671
14672
14672
14673
14673
14674
14674
14675
14675
14676
14676
14677
14677
14678
14678
14679
14679
14680
14680
14681
14681
14682
14682
14683
14683
14684
14684
14685
14685
14686
14686
14687
14687
14688
14688
14689
14689
14690
14690
14691
14691
14692
14692
14693
14693
14694
14694
14695
14695
14696
14696
14697
14697
14698
14698
14699
14699
14700
14700
14701
14701
14702
14702
14703
14703
14704
14704
14705
14705
14706
14706
14707
14707
14708
14708
14709
14709
14710
14710
14711
14711
14712
14712
14713
14713
14714
14714
14715
14715
14716
14716
14717
14717
14718
14718
14719
14719
14720
14720
14721
14721
14722
14722
14723
14723
14724
14724
14725
14725
14726
14726
14727
14727
14728
14728
14729
14729
14730
14730
14731
14731
14732
14732
14733
14733
14734
14734
14735
14735
14736
14736
14737
14737
14738
14738
14739
14739
14740
14740
14741
14741
14742
14742
14743
14743
14744
14744
14745
14745
14746
14746
14747
14747
14748
14748
14749
14749
14750
14750
14751
14751
14752
14752
14753
14753
14754
14754
14755
14755
14756
14756
14757
14757
14758
14758
14759
14759
14760
14760
14761
14761
14762
14762
14763
14763
14764
14764
14765
14765
14766
14766
14767
14767
14768
14768
14769
14769
14770
14770
14771
14771
14772
14772
14773
14773
14774
14774
14775
14775
14776
14776
14777
14777
14778
14778
14779
14779
14780
14780
14781
14781
14782
14782
14783
14783
14784
14784
14785
14785
14786
14786
14787
14787
14788
14788
14789
14789
14790
14790
14791
14791
14792
14792
14793
14793
14794
14794
14795
14795
14796
14796
14797
14797
14798
14798
14799
14799
14800
14800
14801
14801
14802
14802
14803
14803
14804
14804
14805
14805
14806
14806
14807
14807
14808
14808
14809
14809
14810
14810
14811
14811
14812
14812
14813
14813
14814
14814
14815
14815
14816
14816
14817
14817
14818
14818
14819
14819
14820
14820
14821
14821
14822
14822
14823
14823
14824
14824
14825
14825
14826
14826
14827
14827
14828
14828
14829
14829
14830
14830
14831
14831
14832
14832
14833
14833
14834
14834
14835
14835
14836
14836
14837
14837
14838
14838
14839
14839
14840
14840
14841
14841
14842
14842
14843
14843
14844
14844
14845
14845
14846
14846
14847
14847
14848
14848
14849
14849
14850
14850
14851
14851
14852
14852
14853
14853
14854
14854
14855
14855
14856
14856
14857
14857
14858
14858
14859
14859
14860
14860
14861
14861
14862
14862
14863
14863
14864
14864
14865
14865
14866
14866
14867
14867
14868
14868
14869
14869
14870
14870
14871
14871
14872
14872
14873
14873
14874
14874
14875
14875
14876
14876
14877
14877
14878
14878
14879
14879
14880
14880
14881
14881
14882
14882
14883
14883
14884
14884
14885
14885
14886
14886
14887
14887
14888
14888
14889
14889
14890
14890
14891
14891
14892
14892
14893
14893
14894
14894
14895
14895
14896
14896
14897
14897
14898
14898
14899
14899
14900
14900
14901
14901
14902
14902
14903
14903
14904
14904
14905
14905
14906
14906
14907
14907
14908
14908
14909
14909
14910
14910
14911
14911
14912
14912
14913
14913
14914
14914
14915
14915
14916
14916
14917
14917
14918
14918
14919
14919
14920
14920
14921
14921
14922
14922
14923
14923
14924
14924
14925
14925
14926
14926
14927
14927
14928
14928
14929
14929
14930
14930
14931
14931
14932
14932
14933
14933
14934
14934
14935
14935
14936
14936
14937
14937
14938
14938
14939
14939
14940
14940
14941
14941
14942
14942
14943
14943
14944
14944
14945
14945
14946
14946
14947
14947
14948
14948
14949
14949
14950
14950
14951
14951
14952
14952
14953
14953
14954
14954
14955
14955
14956
14956
14957
14957
14958
14958
14959
14959
14960
14960
14961
14961
14962
14962
14963
14963
14964
14964
14965
14965
14966
14966
14967
14967
14968
14968
14969
14969
14970
14970
14971
14971
14972
14972
14973
14973
14974
14974
14975
14975
14976
14976
14977
14977
14978
14978
14979
14979
14980
14980
14981
14981
14982
14982
14983
14983
14984
14984
14985
14985
14986
14986
14987
14987
14988
14988
14989
14989
14990
14990
14991
14991
14992
14992
14993
14993
14994
14994
14995
14995
14996
14996
14997
14997
14998
14998
14999
14999
15000
15000
15001
15001
15002
15002
15003
15003
15004
15004
15005
15005
15006
15006
15007
15007
15008
15008
15009
15009
15010
15010
15011
15011
15012
15012
15013
15013
15014
15014
15015
15015
15016
15016
15017
15017
15018
15018
15019
15019
15020
15020
15021
15021
15022
15022
15023
15023
15024
15024
15025
15025
15026
15026
15027
15027
15028
15028
15029
15029
15030
15030
15031
15031
15032
15032
15033
15033
15034
15034
15035
15035
15036
15036
15037
15037
15038
15038
15039
15039
15040
15040
15041
15041
15042
15042
15043
15043
15044
15044
15045
15045
15046
15046
15047
15047
15048
15048
15049
15049
15050
15050
15051
15051
15052
15052
15053
15053
15054
15054
15055
15055
15056
15056
15057
15057
15058
15058
15059
15059
15060
15060
15061
15061
15062
15062
15063
15063
15064
15064
15065
15065
15066
15066
15067
15067
15068
15068
15069
15069
15070
15070
15071
15071
15072
15072
15073
15073
15074
15074
15075
15075
15076
15076
15077
15077
15078
15078
15079
15079
15080
15080
15081
15081
15082
15082
15083
15083
15084
15084
15085
15085
15086
15086
15087
15087
15088
15088
15089
15089
15090
15090
15091
15091
15092
15092
15093
15093
15094
15094
15095
15095
15096
15096
15097
15097
15098
15098
15099
15099
15100
15100
15101
15101
15102
15102
15103
15103
15104
15104
15105
15105
15106
15106
15107
15107
15108
15108
15109
15109
15110
15110
15111
15111
15112
15112
15113
15113
15114
15114
15115
15115
15116
15116
15117
15117
15118
15118
15119
15119
15120
15120
15121
15121
15122
15122
15123
15123
15124
15124
15125
15125
15126
15126
15127
15127
15128
15128
15129
15129
15130
15130
15131
15131
15132
15132
15133
15133
15134
15134
15135
15135
15136
15136
15137
15137
15138
15138
15139
15139
15140
15140
15141
15141
15142
15142
15143
15143
15144
15144
15145
15145
15146
15146
15147
15147
15148
15148
15149
15149
15150
15150
15151
15151
15152
15152
15153
15153
15154
15154
15155
15155
15156
15156
15157
15157
15158
15158
15159
15159
15160
15160
15161
15161
15162
15162
15163
15163
15164
15164
15165
15165
15166
15166
15167
15167
15168
15168
15169
15169
15170
15170
15171
15171
15172
15172
15173
15173
15174
15174
15175
15175
15176
15176
15177
15177
15178
15178
15179
15179
15180
15180
15181
15181
15182
15182
15183
15183
15184
15184
15185
15185
15186
15186
15187
15187
15188
15188
15189
15189
15190
15190
15191
15191
15192
15192
15193
15193
15194
15194
15195
15195
15196
15196
15197
15197
15198
15198
15199
15199
15200
15200
15201
15201
15202
15202
15203
15203
15204
15204
15205
15205
15206
15206
15207
15207
15208
15208
15209
15209
15210
15210
15211
15211
15212
15212
15213
15213
15214
15214
15215
15215
15216
15216
15217
15217
15218
15218
15219
15219
15220
15220
15221
15221
15222
15222
15223
15223
15224
15224
15225
15225
15226
15226
15227
15227
15228
15228
15229
15229
15230
15230
15231
15231
15232
15232
15233
15233
15234
15234
15235
15235
15236
15236
15237
15237
15238
15238
15239
15239
15240
15240
15241
15241
15242
15242
15243
15243
15244
15244
15245
15245
15246
15246
15247
15247
15248
15248
15249
15249
15250
15250
15251
15251
15252
15252
15253
15253
15254
15254
15255
15255
15256
15256
15257
15257
15258
15258
15259
15259
15260
15260
15261
15261
15262
15262
15263
15263
15264
15264
15265
15265
15266
15266
15267
15267
15268
15268
15269
15269
15270
15270
15271
15271
15272
15272
15273
15273
15274
15274
15275
15275
15276
15276
15277
15277
15278
15278
15279
15279
15280
15280
15281
15281
15282
15282
15283
15283
15284
15284
15285
15285
15286
15286
15287
15287
15288
15288
15289
15289
15290
15290
15291
15291
15292
15292
15293
15293
15294
15294
15295
15295
15296
15296
15297
15297
15298
15298
15299
15299
15300
15300
15301
15301
15302
15302
15303
15303
15304
15304
15305
15305
15306
15306
15307
15307
15308
15308
15309
15309
15310
15310
15311
15311
15312
15312
15313
15313
15314
15314
15315
15315
15316
15316
15317
15317
15318
15318
15319
15319
15320
15320
15321
15321
15322
15322
15323
15323
15324
15324
15325
15325
15326
15326
15327
15327
15328
15328
15329
15329
15330
15330
15331
15331
15332
15332
15333
15333
15334
15334
15335
15335
15336
15336
15337
15337
15338
15338
15339
15339
15340
15340
15341
15341
15342
15342
15343
15343
15344
15344
15345
15345
15346
15346
15347
15347
15348
15348
15349
15349
15350
15350
15351
15351
15352
15352
15353
15353
15354
15354
15355
15355
15356
15356
15357
15357
15358
15358
15359
15359
15360
15360
15361
15361
15362
15362
15363
15363
15364
15364
15365
15365
15366
15366
15367
15367
15368
15368
15369
15369
15370
15370
15371
15371
15372
15372
15373
15373
15374
15374
15375
15375
15376
15376
15377
15377
15378
15378
15379
15379
15380
15380
15381
15381
15382
15382
15383
15383
15384
15384
15385
15385
15386
15386
15387
15387
15388
15388
15389
15389
15390
15390
15391
15391
15392
15392
15393
15393
15394
15394
15395
15395
15396
15396
15397
15397
15398
15398
15399
15399
15400
15400
15401
15401
15402
15402
15403
15403
15404
15404
15405
15405
15406
15406
15407
15407
15408
15408
15409
15409
15410
15410
15411
15411
15412
15412
15413
15413
15414
15414
15415
15415
15416
15416
15417
15417
15418
15418
15419
15419
15420
15420
15421
15421
15422
15422
15423
15423
15424
15424
15425
15425
15426
15426
15427
15427
15428
15428
15429
15429
15430
15430
15431
15431
15432
15432
15433
15433
15434
15434
15435
15435
15436
15436
15437
15437
15438
15438
15439
15439
15440
15440
15441
15441
15442
15442
15443
15443
15444
15444
15445
15445
15446
15446
15447
15447
15448
15448
15449
15449
15450
15450
15451
15451
15452
15452
15453
15453
15454
15454
15455
15455
15456
15456
15457
15457
15458
15458
15459
15459
15460
15460
15461
15461
15462
15462
15463
15463
15464
15464
15465
15465
15466
15466
15467
15467
15468
15468
15469
15469
15470
15470
15471
15471
15472
15472
15473
15473
15474
15474
15475
15475
15476
15476
15477
15477
15478
15478
15479
15479
15480
15480
15481
15481
15482
15482
15483
15483
15484
15484
15485
15485
15486
15486
15487
15487
15488
15488
15489
15489
15490
15490
15491
15491
15492
15492
15493
15493
15494
15494
15495
15495
15496
15496
15497
15497
15498
15498
15499
15499
15500
15500
15501
15501
15502
15502
15503
15503
15504
15504
15505
15505
15506
15506
15507
15507
15508
15508
15509
15509
15510
15510
15511
15511
15512
15512
15513
15513
15514
15514
15515
15515
15516
15516
15517
15517
15518
15518
15519
15519
15520
15520
15521
15521
15522
15522
15523
15523
15524
15524
15525
15525
15526
15526
15527
15527
15528
15528
15529
15529
15530
15530
15531
15531
15532
15532
15533
15533
15534
15534
15535
15535
15536
15536
15537
15537
15538
15538
15539
15539
15540
15540
15541
15541
15542
15542
15543
15543
15544
15544
15545
15545
15546
15546
15547
15547
15548
15548
15549
15549
15550
15550
15551
15551
15552
15552
15553
15553
15554
15554
15555
15555
15556
15556
15557
15557
15558
15558
15559
15559
15560
15560
15561
15561
15562
15562
15563
15563
15564
15564
15565
15565
15566
15566
15567
15567
15568
15568
15569
15569
15570
15570
15571
15571
15572
15572
15573
15573
15574
15574
15575
15575
15576
15576
15577
15577
15578
15578
15579
15579
15580
15580
15581
15581
15582
15582
15583
15583
15584
15584
15585
15585
15586
15586
15587
15587
15588
15588
15589
15589
15590
15590
15591
15591
15592
15592
15593
15593
15594
15594
15595
15595
15596
15596
15597
15597
15598
15598
15599
15599
15600
15600
15601
15602
15603
15604
15606
15607
15608
15609
15611
15612
15613
15614
15616
15617
15618
15619
15621
15622
15623
15624
15626
15627
15628
15629
15631
15632
15633
15634
15636
15637
15638
15639
15641
15642
15643
15644
15646
15647
15648
15649
15651
15651
15652
15652
15653
15653
15654
15654
15655
15655
15656
15656
15657
15657
15658
15658
15659
15659
15660
15660
15661
15661
15662
15662
15663
15663
15664
15664
15665
15665
15666
15666
15667
15667
15668
15668
15669
15669
15670
15670
15671
15671
15672
15672
15673
15673
15674
15674
15675
15675
15676
15676
15677
15677
15678
15678
15679
15679
15680
15680
15681
15681
15682
15682
15683
15683
15684
15684
15685
15685
15686
15686
15687
15687
15688
15688
15689
15689
15690
15690
15691
15691
15692
15692
15693
15693
15694
15694
15695
15695
15696
15696
15697
15697
15698
15698
15699
15699
15700
15700
15701
15701
15702
15702
15703
15703
15704
15704
15705
15705
15706
15706
15707
15707
15708
15708
15709
15709
15710
15710
15711
15711
15712
15712
15713
15713
15714
15714
15715
15715
15716
15716
15717
15717
15718
15718
15719
15719
15720
15720
15721
15721
15722
15722
15723
15723
15724
15724
15725
15725
15726
15726
15727
15727
15728
15728
15729
15729
15730
15730
15731
15731
15732
15732
15733
15733
15734
15734
15735
15735
15736
15736
15737
15737
15738
15738
15739
15739
15740
15740
15741
15741
15742
15742
15743
15743
15744
15744
15745
15745
15746
15746
15747
15747
15748
15748
15749
15749
15750
15750
15751
15752
15753
15755
15756
15758
15759
15761
15762
15764
15765
15767
15768
15770
15771
15773
15774
15776
15777
15778
15780
15781
15783
15784
15786
15787
15789
15790
15792
15793
15795
15796
15798
15799
15801
15801
15802
15802
15803
15803
15804
15804
15805
15805
15806
15806
15807
15807
15808
15808
15809
15809
15810
15810
15811
15811
15812
15812
15813
15813
15814
15814
15815
15815
15816
15816
15817
15817
15818
15818
15819
15819
15820
15820
15821
15821
15822
15822
15823
15823
15824
15824
15825
15825
15826
15826
15827
15827
15828
15828
15829
15829
15830
15830
15831
15831
15832
15832
15833
15833
15834
15834
15835
15835
15836
15836
15837
15837
15838
15838
15839
15839
15840
15840
15841
15841
15842
15842
15843
15843
15844
15844
15845
15845
15846
15846
15847
15847
15848
15848
15849
15849
15850
15850
15851
15851
15852
15852
15853
15853
15854
15854
15855
15855
15856
15856
15857
15857
15858
15858
15859
15859
15860
15860
15861
15861
15862
15862
15863
15863
15864
15864
15865
15865
15866
15866
15867
15867
15868
15868
15869
15869
15870
15870
15871
15871
15872
15872
15873
15873
15874
15874
15875
15875
15876
15876
15877
15877
15878
15878
15879
15879
15880
15880
15881
15881
15882
15882
15883
15883
15884
15884
15885
15885
15886
15886
15887
15887
15888
15888
15889
15889
15890
15890
15891
15891
15892
15892
15893
15893
15894
15894
15895
15895
15896
15896
15897
15897
15898
15898
15899
15899
15900
15900
15901
15902
15903
15904
15905
15906
15907
15908
15910
15911
15912
15913
15914
15915
15916
15918
15919
15920
15921
15922
15923
15924
15926
15927
15928
15929
15930
15931
15932
15933
15935
15936
15937
15938
15939
15940
15941
15943
15944
15945
15946
15947
15948
15949
15951
15951
15952
15952
15953
15953
15954
15954
15955
15955
15956
15956
15957
15957
15958
15958
15959
15959
15960
15960
15961
15961
15962
15962
15963
15963
15964
15964
15965
15965
15966
15966
15967
15967
15968
15968
15969
15969
15970
15970
15971
15971
15972
15972
15973
15973
15974
15974
15975
15975
15976
15976
15977
15977
15978
15978
15979
15979
15980
15980
15981
15981
15982
15982
15983
15983
15984
15984
15985
15985
15986
15986
15987
15987
15988
15988
15989
15989
15990
15990
15991
15991
15992
15992
15993
15993
15994
15994
15995
15995
15996
15996
15997
15997
15998
15998
15999
15999
16000
16000
16001
16001
16002
16002
16003
16003
16004
16004
16005
16005
16006
16006
16007
16007
16008
16008
16009
16009
16010
16010
16011
16011
16012
16012
16013
16013
16014
16014
16015
16015
16016
16016
16017
16017
16018
16018
16019
16019
16020
16020
16021
16021
16022
16022
16023
16023
16024
16024
16025
16025
16026
16026
16027
16027
16028
16028
16029
16029
16030
16030
16031
16031
16032
16032
16033
16033
16034
16034
16035
16035
16036
16036
16037
16037
16038
16038
16039
16039
16040
16040
16041
16041
16042
16042
16043
16043
16044
16044
16045
16045
16046
16046
16047
16047
16048
16048
16049
16049
16050
16050
16051
16051
16052
16052
16053
16053
16054
16054
16055
16055
16056
16056
16057
16057
16058
16058
16059
16059
16060
16060
16061
16061
16062
16062
16063
16063
16064
16064
16065
16065
16066
16066
16067
16067
16068
16068
16069
16069
16070
16070
16071
16071
16072
16072
16073
16073
16074
16074
16075
16075
16076
16076
16077
16077
16078
16078
16079
16079
16080
16080
16081
16081
16082
16082
16083
16083
16084
16084
16085
16085
16086
16086
16087
16087
16088
16088
16089
16089
16090
16090
16091
16091
16092
16092
16093
16093
16094
16094
16095
16095
16096
16096
16097
16097
16098
16098
16099
16099
16100
16100
16101
16101
16102
16102
16103
16103
16104
16104
16105
16105
16106
16106
16107
16107
16108
16108
16109
16109
16110
16110
16111
16111
16112
16112
16113
16113
16114
16114
16115
16115
16116
16116
16117
16117
16118
16118
16119
16119
16120
16120
16121
16121
16122
16122
16123
16123
16124
16124
16125
16125
16126
16126
16127
16127
16128
16128
16129
16129
16130
16130
16131
16131
16132
16132
16133
16133
16134
16134
16135
16135
16136
16136
16137
16137
16138
16138
16139
16139
16140
16140
16141
16141
16142
16142
16143
16143
16144
16144
16145
16145
16146
16146
16147
16147
16148
16148
16149
16149
16150
16150
16151
16153
16155
16157
16159
16161
16163
16165
16167
16169
16171
16173
16175
16177
16179
16181
16183
16185
16187
16189
16191
16193
16195
16197
16199
16201
16201
16202
16202
16203
16203
16204
16204
16205
16205
16206
16206
16207
16207
16208
16208
16209
16209
16210
16210
16211
16211
16212
16212
16213
16213
16214
16214
16215
16215
16216
16216
16217
16217
16218
16218
16219
16219
16220
16220
16221
16221
16222
16222
16223
16223
16224
16224
16225
16225
16226
16226
16227
16227
16228
16228
16229
16229
16230
16230
16231
16231
16232
16232
16233
16233
16234
16234
16235
16235
16236
16236
16237
16237
16238
16238
16239
16239
16240
16240
16241
16241
16242
16242
16243
16243
16244
16244
16245
16245
16246
16246
16247
16247
16248
16248
16249
16249
16250
16250
16251
16251
16252
16252
16253
16253
16254
16254
16255
16255
16256
16256
16257
16257
16258
16258
16259
16259
16260
16260
16261
16261
16262
16262
16263
16263
16264
16264
16265
16265
16266
16266
16267
16267
16268
16268
16269
16269
16270
16270
16271
16271
16272
16272
16273
16273
16274
16274
16275
16275
16276
16276
16277
16277
16278
16278
16279
16279
16280
16280
16281
16281
16282
16282
16283
16283
16284
16284
16285
16285
16286
16286
16287
16287
16288
16288
16289
16289
16290
16290
16291
16291
16292
16292
16293
16293
16294
16294
16295
16295
16296
16296
16297
16297
16298
16298
16299
16299
16300
16300
16301
16301
16302
16302
16303
16303
16304
16304
16305
16305
16306
16306
16307
16307
16308
16308
16309
16309
16310
16310
16311
16311
16312
16312
16313
16313
16314
16314
16315
16315
16316
16316
16317
16317
16318
16318
16319
16319
16320
16320
16321
16321
16322
16322
16323
16323
16324
16324
16325
16325
16326
16326
16327
16327
16328
16328
16329
16329
16330
16330
16331
16331
16332
16332
16333
16333
16334
16334
16335
16335
16336
16336
16337
16337
16338
16338
16339
16339
16340
16340
16341
16341
16342
16342
16343
16343
16344
16344
16345
16345
16346
16346
16347
16347
16348
16348
16349
16349
16350
16350
16351
16351
16352
16352
16353
16353
16354
16354
16355
16355
16356
16356
16357
16357
16358
16358
16359
16359
16360
16360
16361
16361
16362
16362
16363
16363
16364
16364
16365
16365
16366
16366
16367
16367
16368
16368
16369
16369
16370
16370
16371
16371
16372
16372
16373
16373
16374
16374
16375
16375
16376
16376
16377
16377
16378
16378
16379
16379
16380
16380
16381
16381
16382
16382
16383
16383
16384
16384
16385
16385
16386
16386
16387
16387
16388
16388
16389
16389
16390
16390
16391
16391
16392
16392
16393
16393
16394
16394
16395
16395
16396
16396
16397
16397
16398
16398
16399
16399
16400
16400
16401
16401
16402
16402
16403
16403
16404
16404
16405
16405
16406
16406
16407
16407
16408
16408
16409
16409
16410
16410
16411
16411
16412
16412
16413
16413
16414
16414
16415
16415
16416
16416
16417
16417
16418
16418
16419
16419
16420
16420
16421
16421
16422
16422
16423
16423
16424
16424
16425
16425
16426
16426
16427
16427
16428
16428
16429
16429
16430
16430
16431
16431
16432
16432
16433
16433
16434
16434
16435
16435
16436
16436
16437
16437
16438
16438
16439
16439
16440
16440
16441
16441
16442
16442
16443
16443
16444
16444
16445
16445
16446
16446
16447
16447
16448
16448
16449
16449
16450
16450
16451
16451
16452
16452
16453
16453
16454
16454
16455
16455
16456
16456
16457
16457
16458
16458
16459
16459
16460
16460
16461
16461
16462
16462
16463
16463
16464
16464
16465
16465
16466
16466
16467
16467
16468
16468
16469
16469
16470
16470
16471
16471
16472
16472
16473
16473
16474
16474
16475
16475
16476
16476
16477
16477
16478
16478
16479
16479
16480
16480
16481
16481
16482
16482
16483
16483
16484
16484
16485
16485
16486
16486
16487
16487
16488
16488
16489
16489
16490
16490
16491
16491
16492
16492
16493
16493
16494
16494
16495
16495
16496
16496
16497
16497
16498
16498
16499
16499
16500
16500
16501
16501
16502
16502
16503
16503
16504
16504
16505
16505
16506
16506
16507
16507
16508
16508
16509
16509
16510
16510
16511
16511
16512
16512
16513
16513
16514
16514
16515
16515
16516
16516
16517
16517
16518
16518
16519
16519
16520
16520
16521
16521
16522
16522
16523
16523
16524
16524
16525
16525
16526
16526
16527
16527
16528
16528
16529
16529
16530
16530
16531
16531
16532
16532
16533
16533
16534
16534
16535
16535
16536
16536
16537
16537
16538
16538
16539
16539
16540
16540
16541
16541
16542
16542
16543
16543
16544
16544
16545
16545
16546
16546
16547
16547
16548
16548
16549
16549
16550
16550
16551
16551
16552
16552
16553
16553
16554
16554
16555
16555
16556
16556
16557
16557
16558
16558
16559
16559
16560
16560
16561
16561
16562
16562
16563
16563
16564
16564
16565
16565
16566
16566
16567
16567
16568
16568
16569
16569
16570
16570
16571
16571
16572
16572
16573
16573
16574
16574
16575
16575
16576
16576
16577
16577
16578
16578
16579
16579
16580
16580
16581
16581
16582
16582
16583
16583
16584
16584
16585
16585
16586
16586
16587
16587
16588
16588
16589
16589
16590
16590
16591
16591
16592
16592
16593
16593
16594
16594
16595
16595
16596
16596
16597
16597
16598
16598
16599
16599
16600
16600
16601
16601
16602
16602
16603
16603
16604
16604
16605
16605
16606
16606
16607
16607
16608
16608
16609
16609
16610
16610
16611
16611
16612
16612
16613
16613
16614
16614
16615
16615
16616
16616
16617
16617
16618
16618
16619
16619
16620
16620
16621
16621
16622
16622
16623
16623
16624
16624
16625
16625
16626
16626
16627
16627
16628
16628
16629
16629
16630
16630
16631
16631
16632
16632
16633
16633
16634
16634
16635
16635
16636
16636
16637
16637
16638
16638
16639
16639
16640
16640
16641
16641
16642
16642
16643
16643
16644
16644
16645
16645
16646
16646
16647
16647
16648
16648
16649
16649
16650
16650
16651
16651
16652
16653
16653
16654
16655
16655
16656
16657
16657
16658
16659
16659
16660
16661
16661
16662
16663
16664
16664
16665
16666
16666
16667
16668
16668
16669
16670
16670
16671
16672
16672
16673
16674
16674
16675
16676
16677
16677
16678
16679
16679
16680
16681
16681
16682
16683
16683
16684
16685
16685
16686
16687
16687
16688
16689
16690
16690
16691
16692
16692
16693
16694
16694
16695
16696
16696
16697
16698
16698
16699
16700
16701
16701
16702
16702
16703
16703
16704
16704
16705
16705
16706
16706
16707
16707
16708
16708
16709
16709
16710
16710
16711
16711
16712
16712
16713
16713
16714
16714
16715
16715
16716
16716
16717
16717
16718
16718
16719
16719
16720
16720
16721
16721
16722
16722
16723
16723
16724
16724
16725
16725
16726
16726
16727
16727
16728
16728
16729
16729
16730
16730
16731
16731
16732
16732
16733
16733
16734
16734
16735
16735
16736
16736
16737
16737
16738
16738
16739
16739
16740
16740
16741
16741
16742
16742
16743
16743
16744
16744
16745
16745
16746
16746
16747
16747
16748
16748
16749
16749
16750
16750
16751
16751
16752
16752
16753
16753
16754
16754
16755
16755
16756
16756
16757
16757
16758
16758
16759
16759
16760
16760
16761
16761
16762
16762
16763
16763
16764
16764
16765
16765
16766
16766
16767
16767
16768
16768
16769
16769
16770
16770
16771
16771
16772
16772
16773
16773
16774
16774
16775
16775
16776
16776
16777
16777
16778
16778
16779
16779
16780
16780
16781
16781
16782
16782
16783
16783
16784
16784
16785
16785
16786
16786
16787
16787
16788
16788
16789
16789
16790
16790
16791
16791
16792
16792
16793
16793
16794
16794
16795
16795
16796
16796
16797
16797
16798
16798
16799
16799
16800
16800
16801
16801
16802
16802
16803
16803
16804
16804
16805
16805
16806
16806
16807
16807
16808
16808
16809
16809
16810
16810
16811
16811
16812
16812
16813
16813
16814
16814
16815
16815
16816
16816
16817
16817
16818
16818
16819
16819
16820
16820
16821
16821
16822
16822
16823
16823
16824
16824
16825
16825
16826
16826
16827
16827
16828
16828
16829
16829
16830
16830
16831
16831
16832
16832
16833
16833
16834
16834
16835
16835
16836
16836
16837
16837
16838
16838
16839
16839
16840
16840
16841
16841
16842
16842
16843
16843
16844
16844
16845
16845
16846
16846
16847
16847
16848
16848
16849
16849
16850
16850
16851
16851
16852
16852
16853
16853
16854
16854
16855
16855
16856
16856
16857
16857
16858
16858
16859
16859
16860
16860
16861
16861
16862
16862
16863
16863
16864
16864
16865
16865
16866
16866
16867
16867
16868
16868
16869
16869
16870
16870
16871
16871
16872
16872
16873
16873
16874
16874
16875
16875
16876
16876
16877
16877
16878
16878
16879
16879
16880
16880
16881
16881
16882
16882
16883
16883
16884
16884
16885
16885
16886
16886
16887
16887
16888
16888
16889
16889
16890
16890
16891
16891
16892
16892
16893
16893
16894
16894
16895
16895
16896
16896
16897
16897
16898
16898
16899
16899
16900
16900
16901
16901
16902
16902
16903
16903
16904
16904
16905
16905
16906
16906
16907
16907
16908
16908
16909
16909
16910
16910
16911
16911
16912
16912
16913
16913
16914
16914
16915
16915
16916
16916
16917
16917
16918
16918
16919
16919
16920
16920
16921
16921
16922
16922
16923
16923
16924
16924
16925
16925
16926
16926
16927
16927
16928
16928
16929
16929
16930
16930
16931
16931
16932
16932
16933
16933
16934
16934
16935
16935
16936
16936
16937
16937
16938
16938
16939
16939
16940
16940
16941
16941
16942
16942
16943
16943
16944
16944
16945
16945
16946
16946
16947
16947
16948
16948
16949
16949
16950
16950
16951
16951
16952
16952
16953
16953
16954
16954
16955
16955
16956
16956
16957
16957
16958
16958
16959
16959
16960
16960
16961
16961
16962
16962
16963
16963
16964
16964
16965
16965
16966
16966
16967
16967
16968
16968
16969
16969
16970
16970
16971
16971
16972
16972
16973
16973
16974
16974
16975
16975
16976
16976
16977
16977
16978
16978
16979
16979
16980
16980
16981
16981
16982
16982
16983
16983
16984
16984
16985
16985
16986
16986
16987
16987
16988
16988
16989
16989
16990
16990
16991
16991
16992
16992
16993
16993
16994
16994
16995
16995
16996
16996
16997
16997
16998
16998
16999
16999
17000
17000
17001
17001
17002
17002
17003
17003
17004
17004
17005
17005
17006
17006
17007
17007
17008
17008
17009
17009
17010
17010
17011
17011
17012
17012
17013
17013
17014
17014
17015
17015
17016
17016
17017
17017
17018
17018
17019
17019
17020
17020
17021
17021
17022
17022
17023
17023
17024
17024
17025
17025
17026
17026
17027
17027
17028
17028
17029
17029
17030
17030
17031
17031
17032
17032
17033
17033
17034
17034
17035
17035
17036
17036
17037
17037
17038
17038
17039
17039
17040
17040
17041
17041
17042
17042
17043
17043
17044
17044
17045
17045
17046
17046
17047
17047
17048
17048
17049
17049
17050
17050
17051
17051
17052
17052
17053
17053
17054
17054
17055
17055
17056
17056
17057
17057
17058
17058
17059
17059
17060
17060
17061
17061
17062
17062
17063
17063
17064
17064
17065
17065
17066
17066
17067
17067
17068
17068
17069
17069
17070
17070
17071
17071
17072
17072
17073
17073
17074
17074
17075
17075
17076
17076
17077
17077
17078
17078
17079
17079
17080
17080
17081
17081
17082
17082
17083
17083
17084
17084
17085
17085
17086
17086
17087
17087
17088
17088
17089
17089
17090
17090
17091
17091
17092
17092
17093
17093
17094
17094
17095
17095
17096
17096
17097
17097
17098
17098
17099
17099
17100
17100
17101
17101
17102
17102
17103
17103
17104
17104
17105
17105
17106
17106
17107
17107
17108
17108
17109
17109
17110
17110
17111
17111
17112
17112
17113
17113
17114
17114
17115
17115
17116
17116
17117
17117
17118
17118
17119
17119
17120
17120
17121
17121
17122
17122
17123
17123
17124
17124
17125
17125
17126
17126
17127
17127
17128
17128
17129
17129
17130
17130
17131
17131
17132
17132
17133
17133
17134
17134
17135
17135
17136
17136
17137
17137
17138
17138
17139
17139
17140
17140
17141
17141
17142
17142
17143
17143
17144
17144
17145
17145
17146
17146
17147
17147
17148
17148
17149
17149
17150
17150
17151
17151
17152
17152
17153
17153
17154
17154
17155
17155
17156
17156
17157
17157
17158
17158
17159
17159
17160
17160
17161
17161
17162
17162
17163
17163
17164
17164
17165
17165
17166
17166
17167
17167
17168
17168
17169
17169
17170
17170
17171
17171
17172
17172
17173
17173
17174
17174
17175
17175
17176
17176
17177
17177
17178
17178
17179
17179
17180
17180
17181
17181
17182
17182
17183
17183
17184
17184
17185
17185
17186
17186
17187
17187
17188
17188
17189
17189
17190
17190
17191
17191
17192
17192
17193
17193
17194
17194
17195
17195
17196
17196
17197
17197
17198
17198
17199
17199
17200
17200
17201
17201
17202
17202
17203
17203
17204
17204
17205
17205
17206
17206
17207
17207
17208
17208
17209
17209
17210
17210
17211
17211
17212
17212
17213
17213
17214
17214
17215
17215
17216
17216
17217
17217
17218
17218
17219
17219
17220
17220
17221
17221
17222
17222
17223
17223
17224
17224
17225
17225
17226
17226
17227
17227
17228
17228
17229
17229
17230
17230
17231
17231
17232
17232
17233
17233
17234
17234
17235
17235
17236
17236
17237
17237
17238
17238
17239
17239
17240
17240
17241
17241
17242
17242
17243
17243
17244
17244
17245
17245
17246
17246
17247
17247
17248
17248
17249
17249
17250
17250
17251
17253
17255
17257
17259
17261
17263
17265
17267
17269
17271
17273
17275
17277
17279
17281
17283
17285
17287
17289
17291
17293
17295
17297
17299
17301
17301
17302
17302
17303
17304
17304
17305
17305
17306
17307
17307
17308
17308
17309
17310
17310
17311
17311
17312
17313
17313
17314
17315
17315
17316
17316
17317
17318
17318
17319
17319
17320
17321
17321
17322
17322
17323
17324
17324
17325
17326
17326
17327
17327
17328
17329
17329
17330
17330
17331
17332
17332
17333
17333
17334
17335
17335
17336
17336
17337
17338
17338
17339
17340
17340
17341
17341
17342
17343
17343
17344
17344
17345
17346
17346
17347
17347
17348
17349
17349
17350
17351
17351
17352
17352
17353
17353
17354
17354
17355
17355
17356
17356
17357
17357
17358
17358
17359
17359
17360
17360
17361
17361
17362
17362
17363
17363
17364
17364
17365
17365
17366
17366
17367
17367
17368
17368
17369
17369
17370
17370
17371
17371
17372
17372
17373
17373
17374
17374
17375
17375
17376
17376
17377
17377
17378
17378
17379
17379
17380
17380
17381
17381
17382
17382
17383
17383
17384
17384
17385
17385
17386
17386
17387
17387
17388
17388
17389
17389
17390
17390
17391
17391
17392
17392
17393
17393
17394
17394
17395
17395
17396
17396
17397
17397
17398
17398
17399
17399
17400
17400
17401
17401
17402
17402
17403
17403
17404
17404
17405
17405
17406
17406
17407
17407
17408
17408
17409
17409
17410
17410
17411
17411
17412
17412
17413
17413
17414
17414
17415
17415
17416
17416
17417
17417
17418
17418
17419
17419
17420
17420
17421
17421
17422
17422
17423
17423
17424
17424
17425
17425
17426
17426
17427
17427
17428
17428
17429
17429
17430
17430
17431
17431
17432
17432
17433
17433
17434
17434
17435
17435
17436
17436
17437
17437
17438
17438
17439
17439
17440
17440
17441
17441
17442
17442
17443
17443
17444
17444
17445
17445
17446
17446
17447
17447
17448
17448
17449
17449
17450
17450
17451
17451
17452
17452
17453
17453
17454
17454
17455
17455
17456
17456
17457
17457
17458
17458
17459
17459
17460
17460
17461
17461
17462
17462
17463
17463
17464
17464
17465
17465
17466
17466
17467
17467
17468
17468
17469
17469
17470
17470
17471
17471
17472
17472
17473
17473
17474
17474
17475
17475
17476
17476
17477
17477
17478
17478
17479
17479
17480
17480
17481
17481
17482
17482
17483
17483
17484
17484
17485
17485
17486
17486
17487
17487
17488
17488
17489
17489
17490
17490
17491
17491
17492
17492
17493
17493
17494
17494
17495
17495
17496
17496
17497
17497
17498
17498
17499
17499
17500
17500
17501
17501
17502
17502
17503
17503
17504
17504
17505
17505
17506
17506
17507
17507
17508
17508
17509
17509
17510
17510
17511
17511
17512
17512
17513
17513
17514
17514
17515
17515
17516
17516
17517
17517
17518
17518
17519
17519
17520
17520
17521
17521
17522
17522
17523
17523
17524
17524
17525
17525
17526
17526
17527
17527
17528
17528
17529
17529
17530
17530
17531
17531
17532
17532
17533
17533
17534
17534
17535
17535
17536
17536
17537
17537
17538
17538
17539
17539
17540
17540
17541
17541
17542
17542
17543
17543
17544
17544
17545
17545
17546
17546
17547
17547
17548
17548
17549
17549
17550
17550
17551
17551
17552
17552
17553
17553
17554
17554
17555
17555
17556
17556
17557
17557
17558
17558
17559
17559
17560
17560
17561
17561
17562
17562
17563
17563
17564
17564
17565
17565
17566
17566
17567
17567
17568
17568
17569
17569
17570
17570
17571
17571
17572
17572
17573
17573
17574
17574
17575
17575
17576
17576
17577
17577
17578
17578
17579
17579
17580
17580
17581
17581
17582
17582
17583
17583
17584
17584
17585
17585
17586
17586
17587
17587
17588
17588
17589
17589
17590
17590
17591
17591
17592
17592
17593
17593
17594
17594
17595
17595
17596
17596
17597
17597
17598
17598
17599
17599
17600
17600
17601
17601
17602
17602
17603
17603
17604
17604
17605
17605
17606
17606
17607
17607
17608
17608
17609
17609
17610
17610
17611
17611
17612
17612
17613
17613
17614
17614
17615
17615
17616
17616
17617
17617
17618
17618
17619
17619
17620
17620
17621
17621
17622
17622
17623
17623
17624
17624
17625
17625
17626
17626
17627
17627
17628
17628
17629
17629
17630
17630
17631
17631
17632
17632
17633
17633
17634
17634
17635
17635
17636
17636
17637
17637
17638
17638
17639
17639
17640
17640
17641
17641
17642
17642
17643
17643
17644
17644
17645
17645
17646
17646
17647
17647
17648
17648
17649
17649
17650
17650
17651
17651
17652
17652
17653
17653
17654
17654
17655
17655
17656
17656
17657
17657
17658
17658
17659
17659
17660
17660
17661
17661
17662
17662
17663
17663
17664
17664
17665
17665
17666
17666
17667
17667
17668
17668
17669
17669
17670
17670
17671
17671
17672
17672
17673
17673
17674
17674
17675
17675
17676
17676
17677
17677
17678
17678
17679
17679
17680
17680
17681
17681
17682
17682
17683
17683
17684
17684
17685
17685
17686
17686
17687
17687
17688
17688
17689
17689
17690
17690
17691
17691
17692
17692
17693
17693
17694
17694
17695
17695
17696
17696
17697
17697
17698
17698
17699
17699
17700
17700
17701
17701
17702
17702
17703
17703
17704
17704
17705
17705
17706
17706
17707
17707
17708
17708
17709
17709
17710
17710
17711
17711
17712
17712
17713
17713
17714
17714
17715
17715
17716
17716
17717
17717
17718
17718
17719
17719
17720
17720
17721
17721
17722
17722
17723
17723
17724
17724
17725
17725
17726
17726
17727
17727
17728
17728
17729
17729
17730
17730
17731
17731
17732
17732
17733
17733
17734
17734
17735
17735
17736
17736
17737
17737
17738
17738
17739
17739
17740
17740
17741
17741
17742
17742
17743
17743
17744
17744
17745
17745
17746
17746
17747
17747
17748
17748
17749
17749
17750
17750
17751
17751
17752
17752
17753
17753
17754
17754
17755
17755
17756
17756
17757
17757
17758
17758
17759
17759
17760
17760
17761
17761
17762
17762
17763
17763
17764
17764
17765
17765
17766
17766
17767
17767
17768
17768
17769
17769
17770
17770
17771
17771
17772
17772
17773
17773
17774
17774
17775
17775
17776
17776
17777
17777
17778
17778
17779
17779
17780
17780
17781
17781
17782
17782
17783
17783
17784
17784
17785
17785
17786
17786
17787
17787
17788
17788
17789
17789
17790
17790
17791
17791
17792
17792
17793
17793
17794
17794
17795
17795
17796
17796
17797
17797
17798
17798
17799
17799
17800
17800
17801
17801
17802
17802
17803
17803
17804
17804
17805
17805
17806
17806
17807
17807
17808
17808
17809
17809
17810
17810
17811
17811
17812
17812
17813
17813
17814
17814
17815
17815
17816
17816
17817
17817
17818
17818
17819
17819
17820
17820
17821
17821
17822
17822
17823
17823
17824
17824
17825
17825
17826
17826
17827
17827
17828
17828
17829
17829
17830
17830
17831
17831
17832
17832
17833
17833
17834
17834
17835
17835
17836
17836
17837
17837
17838
17838
17839
17839
17840
17840
17841
17841
17842
17842
17843
17843
17844
17844
17845
17845
17846
17846
17847
17847
17848
17848
17849
17849
17850
17850
17851
17851
17852
17852
17853
17853
17854
17854
17855
17855
17856
17856
17857
17857
17858
17858
17859
17859
17860
17860
17861
17861
17862
17862
17863
17863
17864
17864
17865
17865
17866
17866
17867
17867
17868
17868
17869
17869
17870
17870
17871
17871
17872
17872
17873
17873
17874
17874
17875
17875
17876
17876
17877
17877
17878
17878
17879
17879
17880
17880
17881
17881
17882
17882
17883
17883
17884
17884
17885
17885
17886
17886
17887
17887
17888
17888
17889
17889
17890
17890
17891
17891
17892
17892
17893
17893
17894
17894
17895
17895
17896
17896
17897
17897
17898
17898
17899
17899
17900
17900
17901
17901
17902
17902
17903
17903
17904
17904
17905
17905
17906
17906
17907
17907
17908
17908
17909
17909
17910
17910
17911
17911
17912
17912
17913
17913
17914
17914
17915
17915
17916
17916
17917
17917
17918
17918
17919
17919
17920
17920
17921
17921
17922
17922
17923
17923
17924
17924
17925
17925
17926
17926
17927
17927
17928
17928
17929
17929
17930
17930
17931
17931
17932
17932
17933
17933
17934
17934
17935
17935
17936
17936
17937
17937
17938
17938
17939
17939
17940
17940
17941
17941
17942
17942
17943
17943
17944
17944
17945
17945
17946
17946
17947
17947
17948
17948
17949
17949
17950
17950
17951
17951
17952
17952
17953
17953
17954
17954
17955
17955
17956
17956
17957
17957
17958
17958
17959
17959
17960
17960
17961
17961
17962
17962
17963
17963
17964
17964
17965
17965
17966
17966
17967
17967
17968
17968
17969
17969
17970
17970
17971
17971
17972
17972
17973
17973
17974
17974
17975
17975
17976
17976
17977
17977
17978
17978
17979
17979
17980
17980
17981
17981
17982
17982
17983
17983
17984
17984
17985
17985
17986
17986
17987
17987
17988
17988
17989
17989
17990
17990
17991
17991
17992
17992
17993
17993
17994
17994
17995
17995
17996
17996
17997
17997
17998
17998
17999
17999
18000
18000
18001
18001
18002
18002
18003
18003
18004
18004
18005
18005
18006
18006
18007
18007
18008
18008
18009
18009
18010
18010
18011
18011
18012
18012
18013
18013
18014
18014
18015
18015
18016
18016
18017
18017
18018
18018
18019
18019
18020
18020
18021
18021
18022
18022
18023
18023
18024
18024
18025
18025
18026
18026
18027
18027
18028
18028
18029
18029
18030
18030
18031
18031
18032
18032
18033
18033
18034
18034
18035
18035
18036
18036
18037
18037
18038
18038
18039
18039
18040
18040
18041
18041
18042
18042
18043
18043
18044
18044
18045
18045
18046
18046
18047
18047
18048
18048
18049
18049
18050
18050
18051
18051
18052
18052
18053
18053
18054
18054
18055
18055
18056
18056
18057
18057
18058
18058
18059
18059
18060
18060
18061
18061
18062
18062
18063
18063
18064
18064
18065
18065
18066
18066
18067
18067
18068
18068
18069
18069
18070
18070
18071
18071
18072
18072
18073
18073
18074
18074
18075
18075
18076
18076
18077
18077
18078
18078
18079
18079
18080
18080
18081
18081
18082
18082
18083
18083
18084
18084
18085
18085
18086
18086
18087
18087
18088
18088
18089
18089
18090
18090
18091
18091
18092
18092
18093
18093
18094
18094
18095
18095
18096
18096
18097
18097
18098
18098
18099
18099
18100
18100
18101
18101
18102
18102
18103
18103
18104
18104
18105
18105
18106
18106
18107
18107
18108
18108
18109
18109
18110
18110
18111
18111
18112
18112
18113
18113
18114
18114
18115
18115
18116
18116
18117
18117
18118
18118
18119
18119
18120
18120
18121
18121
18122
18122
18123
18123
18124
18124
18125
18125
18126
18126
18127
18127
18128
18128
18129
18129
18130
18130
18131
18131
18132
18132
18133
18133
18134
18134
18135
18135
18136
18136
18137
18137
18138
18138
18139
18139
18140
18140
18141
18141
18142
18142
18143
18143
18144
18144
18145
18145
18146
18146
18147
18147
18148
18148
18149
18149
18150
18150
18151
18151
18152
18152
18153
18154
18154
18155
18155
18156
18157
18157
18158
18158
18159
18160
18160
18161
18161
18162
18163
18163
18164
18165
18165
18166
18166
18167
18168
18168
18169
18169
18170
18171
18171
18172
18172
18173
18174
18174
18175
18176
18176
18177
18177
18178
18179
18179
18180
18180
18181
18182
18182
18183
18183
18184
18185
18185
18186
18186
18187
18188
18188
18189
18190
18190
18191
18191
18192
18193
18193
18194
18194
18195
18196
18196
18197
18197
18198
18199
18199
18200
18201
18201
18202
18202
18203
18203
18204
18204
18205
18205
18206
18206
18207
18207
18208
18208
18209
18209
18210
18210
18211
18211
18212
18212
18213
18213
18214
18214
18215
18215
18216
18216
18217
18217
18218
18218
18219
18219
18220
18220
18221
18221
18222
18222
18223
18223
18224
18224
18225
18225
18226
18226
18227
18227
18228
18228
18229
18229
18230
18230
18231
18231
18232
18232
18233
18233
18234
18234
18235
18235
18236
18236
18237
18237
18238
18238
18239
18239
18240
18240
18241
18241
18242
18242
18243
18243
18244
18244
18245
18245
18246
18246
18247
18247
18248
18248
18249
18249
18250
18250
18251
18251
18252
18252
18253
18253
18254
18254
18255
18255
18256
18256
18257
18257
18258
18258
18259
18259
18260
18260
18261
18261
18262
18262
18263
18263
18264
18264
18265
18265
18266
18266
18267
18267
18268
18268
18269
18269
18270
18270
18271
18271
18272
18272
18273
18273
18274
18274
18275
18275
18276
18276
18277
18277
18278
18278
18279
18279
18280
18280
18281
18281
18282
18282
18283
18283
18284
18284
18285
18285
18286
18286
18287
18287
18288
18288
18289
18289
18290
18290
18291
18291
18292
18292
18293
18293
18294
18294
18295
18295
18296
18296
18297
18297
18298
18298
18299
18299
18300
18300
18301
18301
18302
18302
18303
18303
18304
18304
18305
18305
18306
18306
18307
18307
18308
18308
18309
18309
18310
18310
18311
18311
18312
18312
18313
18313
18314
18314
18315
18315
18316
18316
18317
18317
18318
18318
18319
18319
18320
18320
18321
18321
18322
18322
18323
18323
18324
18324
18325
18325
18326
18326
18327
18327
18328
18328
18329
18329
18330
18330
18331
18331
18332
18332
18333
18333
18334
18334
18335
18335
18336
18336
18337
18337
18338
18338
18339
18339
18340
18340
18341
18341
18342
18342
18343
18343
18344
18344
18345
18345
18346
18346
18347
18347
18348
18348
18349
18349
18350
18350
18351
18351
18352
18353
18353
18354
18355
18355
18356
18357
18358
18358
18359
18360
18360
18361
18362
18362
18363
18364
18365
18365
18366
18367
18367
18368
18369
18370
18370
18371
18372
18372
18373
18374
18374
18375
18376
18377
18377
18378
18379
18379
18380
18381
18381
18382
18383
18384
18384
18385
18386
18386
18387
18388
18389
18389
18390
18391
18391
18392
18393
18393
18394
18395
18396
18396
18397
18398
18398
18399
18400
18401
18401
18402
18402
18403
18403
18404
18404
18405
18405
18406
18406
18407
18407
18408
18408
18409
18409
18410
18410
18411
18411
18412
18412
18413
18413
18414
18414
18415
18415
18416
18416
18417
18417
18418
18418
18419
18419
18420
18420
18421
18421
18422
18422
18423
18423
18424
18424
18425
18425
18426
18426
18427
18427
18428
18428
18429
18429
18430
18430
18431
18431
18432
18432
18433
18433
18434
18434
18435
18435
18436
18436
18437
18437
18438
18438
18439
18439
18440
18440
18441
18441
18442
18442
18443
18443
18444
18444
18445
18445
18446
18446
18447
18447
18448
18448
18449
18449
18450
18450
18451
18451
18452
18452
18453
18453
18454
18454
18455
18455
18456
18456
18457
18457
18458
18458
18459
18459
18460
18460
18461
18461
18462
18462
18463
18463
18464
18464
18465
18465
18466
18466
18467
18467
18468
18468
18469
18469
18470
18470
18471
18471
18472
18472
18473
18473
18474
18474
18475
18475
18476
18476
18477
18477
18478
18478
18479
18479
18480
18480
18481
18481
18482
18482
18483
18483
18484
18484
18485
18485
18486
18486
18487
18487
18488
18488
18489
18489
18490
18490
18491
18491
18492
18492
18493
18493
18494
18494
18495
18495
18496
18496
18497
18497
18498
18498
18499
18499
18500
18500
18501
18501
18502
18502
18503
18503
18504
18504
18505
18505
18506
18506
18507
18507
18508
18508
18509
18509
18510
18510
18511
18511
18512
18512
18513
18513
18514
18514
18515
18515
18516
18516
18517
18517
18518
18518
18519
18519
18520
18520
18521
18521
18522
18522
18523
18523
18524
18524
18525
18525
18526
18526
18527
18527
18528
18528
18529
18529
18530
18530
18531
18531
18532
18532
18533
18533
18534
18534
18535
18535
18536
18536
18537
18537
18538
18538
18539
18539
18540
18540
18541
18541
18542
18542
18543
18543
18544
18544
18545
18545
18546
18546
18547
18547
18548
18548
18549
18549
18550
18550
18551
18551
18552
18552
18553
18553
18554
18554
18555
18555
18556
18556
18557
18557
18558
18558
18559
18559
18560
18560
18561
18561
18562
18562
18563
18563
18564
18564
18565
18565
18566
18566
18567
18567
18568
18568
18569
18569
18570
18570
18571
18571
18572
18572
18573
18573
18574
18574
18575
18575
18576
18576
18577
18577
18578
18578
18579
18579
18580
18580
18581
18581
18582
18582
18583
18583
18584
18584
18585
18585
18586
18586
18587
18587
18588
18588
18589
18589
18590
18590
18591
18591
18592
18592
18593
18593
18594
18594
18595
18595
18596
18596
18597
18597
18598
18598
18599
18599
18600
18600
18601
18601
18602
18602
18603
18603
18604
18604
18605
18605
18606
18606
18607
18607
18608
18608
18609
18609
18610
18610
18611
18611
18612
18612
18613
18613
18614
18614
18615
18615
18616
18616
18617
18617
18618
18618
18619
18619
18620
18620
18621
18621
18622
18622
18623
18623
18624
18624
18625
18625
18626
18626
18627
18627
18628
18628
18629
18629
18630
18630
18631
18631
18632
18632
18633
18633
18634
18634
18635
18635
18636
18636
18637
18637
18638
18638
18639
18639
18640
18640
18641
18641
18642
18642
18643
18643
18644
18644
18645
18645
18646
18646
18647
18647
18648
18648
18649
18649
18650
18650
18651
18653
18655
18657
18659
18661
18663
18665
18667
18669
18671
18673
18675
18677
18679
18681
18683
18685
18687
18689
18691
18693
18695
18697
18699
18701
18701
18702
18702
18703
18703
18704
18704
18705
18705
18706
18706
18707
18707
18708
18708
18709
18709
18710
18710
18711
18711
18712
18712
18713
18713
18714
18714
18715
18715
18716
18716
18717
18717
18718
18718
18719
18719
18720
18720
18721
18721
18722
18722
18723
18723
18724
18724
18725
18725
18726
18726
18727
18727
18728
18728
18729
18729
18730
18730
18731
18731
18732
18732
18733
18733
18734
18734
18735
18735
18736
18736
18737
18737
18738
18738
18739
18739
18740
18740
18741
18741
18742
18742
18743
18743
18744
18744
18745
18745
18746
18746
18747
18747
18748
18748
18749
18749
18750
18750
18751
18751
18752
18752
18753
18753
18754
18754
18755
18755
18756
18756
18757
18757
18758
18758
18759
18759
18760
18760
18761
18761
18762
18762
18763
18763
18764
18764
18765
18765
18766
18766
18767
18767
18768
18768
18769
18769
18770
18770
18771
18771
18772
18772
18773
18773
18774
18774
18775
18775
18776
18776
18777
18777
18778
18778
18779
18779
18780
18780
18781
18781
18782
18782
18783
18783
18784
18784
18785
18785
18786
18786
18787
18787
18788
18788
18789
18789
18790
18790
18791
18791
18792
18792
18793
18793
18794
18794
18795
18795
18796
18796
18797
18797
18798
18798
18799
18799
18800
18800
18801
18801
18802
18802
18803
18803
18804
18804
18805
18805
18806
18806
18807
18807
18808
18808
18809
18809
18810
18810
18811
18811
18812
18812
18813
18813
18814
18814
18815
18815
18816
18816
18817
18817
18818
18818
18819
18819
18820
18820
18821
18821
18822
18822
18823
18823
18824
18824
18825
18825
18826
18826
18827
18827
18828
18828
18829
18829
18830
18830
18831
18831
18832
18832
18833
18833
18834
18834
18835
18835
18836
18836
18837
18837
18838
18838
18839
18839
18840
18840
18841
18841
18842
18842
18843
18843
18844
18844
18845
18845
18846
18846
18847
18847
18848
18848
18849
18849
18850
18850
18851
18851
18852
18852
18853
18853
18854
18854
18855
18855
18856
18856
18857
18857
18858
18858
18859
18859
18860
18860
18861
18861
18862
18862
18863
18863
18864
18864
18865
18865
18866
18866
18867
18867
18868
18868
18869
18869
18870
18870
18871
18871
18872
18872
18873
18873
18874
18874
18875
18875
18876
18876
18877
18877
18878
18878
18879
18879
18880
18880
18881
18881
18882
18882
18883
18883
18884
18884
18885
18885
18886
18886
18887
18887
18888
18888
18889
18889
18890
18890
18891
18891
18892
18892
18893
18893
18894
18894
18895
18895
18896
18896
18897
18897
18898
18898
18899
18899
18900
18900
18901
18901
18902
18902
18903
18903
18904
18904
18905
18905
18906
18906
18907
18907
18908
18908
18909
18909
18910
18910
18911
18911
18912
18912
18913
18913
18914
18914
18915
18915
18916
18916
18917
18917
18918
18918
18919
18919
18920
18920
18921
18921
18922
18922
18923
18923
18924
18924
18925
18925
18926
18926
18927
18927
18928
18928
18929
18929
18930
18930
18931
18931
18932
18932
18933
18933
18934
18934
18935
18935
18936
18936
18937
18937
18938
18938
18939
18939
18940
18940
18941
18941
18942
18942
18943
18943
18944
18944
18945
18945
18946
18946
18947
18947
18948
18948
18949
18949
18950
18950
18951
18951
18952
18952
18953
18953
18954
18954
18955
18955
18956
18956
18957
18957
18958
18958
18959
18959
18960
18960
18961
18961
18962
18962
18963
18963
18964
18964
18965
18965
18966
18966
18967
18967
18968
18968
18969
18969
18970
18970
18971
18971
18972
18972
18973
18973
18974
18974
18975
18975
18976
18976
18977
18977
18978
18978
18979
18979
18980
18980
18981
18981
18982
18982
18983
18983
18984
18984
18985
18985
18986
18986
18987
18987
18988
18988
18989
18989
18990
18990
18991
18991
18992
18992
18993
18993
18994
18994
18995
18995
18996
18996
18997
18997
18998
18998
18999
18999
19000
19000
19001
19001
19002
19002
19003
19003
19004
19004
19005
19005
19006
19006
19007
19007
19008
19008
19009
19009
19010
19010
19011
19011
19012
19012
19013
19013
19014
19014
19015
19015
19016
19016
19017
19017
19018
19018
19019
19019
19020
19020
19021
19021
19022
19022
19023
19023
19024
19024
19025
19025
19026
19026
19027
19027
19028
19028
19029
19029
19030
19030
19031
19031
19032
19032
19033
19033
19034
19034
19035
19035
19036
19036
19037
19037
19038
19038
19039
19039
19040
19040
19041
19041
19042
19042
19043
19043
19044
19044
19045
19045
19046
19046
19047
19047
19048
19048
19049
19049
19050
19050
19051
19051
19052
19052
19053
19053
19054
19054
19055
19055
19056
19056
19057
19057
19058
19058
19059
19059
19060
19060
19061
19061
19062
19062
19063
19063
19064
19064
19065
19065
19066
19066
19067
19067
19068
19068
19069
19069
19070
19070
19071
19071
19072
19072
19073
19073
19074
19074
19075
19075
19076
19076
19077
19077
19078
19078
19079
19079
19080
19080
19081
19081
19082
19082
19083
19083
19084
19084
19085
19085
19086
19086
19087
19087
19088
19088
19089
19089
19090
19090
19091
19091
19092
19092
19093
19093
19094
19094
19095
19095
19096
19096
19097
19097
19098
19098
19099
19099
19100
19100
19101
19101
19102
19102
19103
19103
19104
19104
19105
19105
19106
19106
19107
19107
19108
19108
19109
19109
19110
19110
19111
19111
19112
19112
19113
19113
19114
19114
19115
19115
19116
19116
19117
19117
19118
19118
19119
19119
19120
19120
19121
19121
19122
19122
19123
19123
19124
19124
19125
19125
19126
19126
19127
19127
19128
19128
19129
19129
19130
19130
19131
19131
19132
19132
19133
19133
19134
19134
19135
19135
19136
19136
19137
19137
19138
19138
19139
19139
19140
19140
19141
19141
19142
19142
19143
19143
19144
19144
19145
19145
19146
19146
19147
19147
19148
19148
19149
19149
19150
19150
19151
19151
19152
19152
19153
19153
19154
19154
19155
19155
19156
19156
19157
19157
19158
19158
19159
19159
19160
19160
19161
19161
19162
19162
19163
19163
19164
19164
19165
19165
19166
19166
19167
19167
19168
19168
19169
19169
19170
19170
19171
19171
19172
19172
19173
19173
19174
19174
19175
19175
19176
19176
19177
19177
19178
19178
19179
19179
19180
19180
19181
19181
19182
19182
19183
19183
19184
19184
19185
19185
19186
19186
19187
19187
19188
19188
19189
19189
19190
19190
19191
19191
19192
19192
19193
19193
19194
19194
19195
19195
19196
19196
19197
19197
19198
19198
19199
19199
19200
19200
19201
19201
19202
19202
19203
19203
19204
19204
19205
19205
19206
19206
19207
19207
19208
19208
19209
19209
19210
19210
19211
19211
19212
19212
19213
19213
19214
19214
19215
19215
19216
19216
19217
19217
19218
19218
19219
19219
19220
19220
19221
19221
19222
19222
19223
19223
19224
19224
19225
19225
19226
19226
19227
19227
19228
19228
19229
19229
19230
19230
19231
19231
19232
19232
19233
19233
19234
19234
19235
19235
19236
19236
19237
19237
19238
19238
19239
19239
19240
19240
19241
19241
19242
19242
19243
19243
19244
19244
19245
19245
19246
19246
19247
19247
19248
19248
19249
19249
19250
19250
19251
19251
19252
19252
19253
19253
19254
19254
19255
19255
19256
19256
19257
19257
19258
19258
19259
19259
19260
19260
19261
19261
19262
19262
19263
19263
19264
19264
19265
19265
19266
19266
19267
19267
19268
19268
19269
19269
19270
19270
19271
19271
19272
19272
19273
19273
19274
19274
19275
19275
19276
19276
19277
19277
19278
19278
19279
19279
19280
19280
19281
19281
19282
19282
19283
19283
19284
19284
19285
19285
19286
19286
19287
19287
19288
19288
19289
19289
19290
19290
19291
19291
19292
19292
19293
19293
19294
19294
19295
19295
19296
19296
19297
19297
19298
19298
19299
19299
19300
19300
19301
19301
19302
19302
19303
19303
19304
19304
19305
19305
19306
19306
19307
19307
19308
19308
19309
19309
19310
19310
19311
19311
19312
19312
19313
19313
19314
19314
19315
19315
19316
19316
19317
19317
19318
19318
19319
19319
19320
19320
19321
19321
19322
19322
19323
19323
19324
19324
19325
19325
19326
19326
19327
19327
19328
19328
19329
19329
19330
19330
19331
19331
19332
19332
19333
19333
19334
19334
19335
19335
19336
19336
19337
19337
19338
19338
19339
19339
19340
19340
19341
19341
19342
19342
19343
19343
19344
19344
19345
19345
19346
19346
19347
19347
19348
19348
19349
19349
19350
19350
19351
19351
19352
19352
19353
19353
19354
19354
19355
19355
19356
19356
19357
19357
19358
19358
19359
19359
19360
19360
19361
19361
19362
19362
19363
19363
19364
19364
19365
19365
19366
19366
19367
19367
19368
19368
19369
19369
19370
19370
19371
19371
19372
19372
19373
19373
19374
19374
19375
19375
19376
19376
19377
19377
19378
19378
19379
19379
19380
19380
19381
19381
19382
19382
19383
19383
19384
19384
19385
19385
19386
19386
19387
19387
19388
19388
19389
19389
19390
19390
19391
19391
19392
19392
19393
19393
19394
19394
19395
19395
19396
19396
19397
19397
19398
19398
19399
19399
19400
19400
19401
19401
19402
19402
19403
19403
19404
19404
19405
19405
19406
19406
19407
19407
19408
19408
19409
19409
19410
19410
19411
19411
19412
19412
19413
19413
19414
19414
19415
19415
19416
19416
19417
19417
19418
19418
19419
19419
19420
19420
19421
19421
19422
19422
19423
19423
19424
19424
19425
19425
19426
19426
19427
19427
19428
19428
19429
19429
19430
19430
19431
19431
19432
19432
19433
19433
19434
19434
19435
19435
19436
19436
19437
19437
19438
19438
19439
19439
19440
19440
19441
19441
19442
19442
19443
19443
19444
19444
19445
19445
19446
19446
19447
19447
19448
19448
19449
19449
19450
19450
19451
19451
19452
19452
19453
19453
19454
19454
19455
19455
19456
19456
19457
19457
19458
19458
19459
19459
19460
19460
19461
19461
19462
19462
19463
19463
19464
19464
19465
19465
19466
19466
19467
19467
19468
19468
19469
19469
19470
19470
19471
19471
19472
19472
19473
19473
19474
19474
19475
19475
19476
19476
19477
19477
19478
19478
19479
19479
19480
19480
19481
19481
19482
19482
19483
19483
19484
19484
19485
19485
19486
19486
19487
19487
19488
19488
19489
19489
19490
19490
19491
19491
19492
19492
19493
19493
19494
19494
19495
19495
19496
19496
19497
19497
19498
19498
19499
19499
19500
19500
19501
19501
19502
19502
19503
19503
19504
19504
19505
19505
19506
19506
19507
19507
19508
19508
19509
19509
19510
19510
19511
19511
19512
19512
19513
19513
19514
19514
19515
19515
19516
19516
19517
19517
19518
19518
19519
19519
19520
19520
19521
19521
19522
19522
19523
19523
19524
19524
19525
19525
19526
19526
19527
19527
19528
19528
19529
19529
19530
19530
19531
19531
19532
19532
19533
19533
19534
19534
19535
19535
19536
19536
19537
19537
19538
19538
19539
19539
19540
19540
19541
19541
19542
19542
19543
19543
19544
19544
19545
19545
19546
19546
19547
19547
19548
19548
19549
19549
19550
19550
19551
19551
19552
19552
19553
19553
19554
19554
19555
19555
19556
19556
19557
19557
19558
19558
19559
19559
19560
19560
19561
19561
19562
19562
19563
19563
19564
19564
19565
19565
19566
19566
19567
19567
19568
19568
19569
19569
19570
19570
19571
19571
19572
19572
19573
19573
19574
19574
19575
19575
19576
19576
19577
19577
19578
19578
19579
19579
19580
19580
19581
19581
19582
19582
19583
19583
19584
19584
19585
19585
19586
19586
19587
19587
19588
19588
19589
19589
19590
19590
19591
19591
19592
19592
19593
19593
19594
19594
19595
19595
19596
19596
19597
19597
19598
19598
19599
19599
19600
19600
19601
19602
19604
19606
19607
19609
19611
19613
19614
19616
19618
19619
19621
19623
19625
19626
19628
19630
19632
19633
19635
19637
19638
19640
19642
19644
19645
19647
19649
19651
19651
19652
19652
19653
19653
19654
19654
19655
19655
19656
19656
19657
19657
19658
19658
19659
19659
19660
19660
19661
19661
19662
19662
19663
19663
19664
19664
19665
19665
19666
19666
19667
19667
19668
19668
19669
19669
19670
19670
19671
19671
19672
19672
19673
19673
19674
19674
19675
19675
19676
19676
19677
19677
19678
19678
19679
19679
19680
19680
19681
19681
19682
19682
19683
19683
19684
19684
19685
19685
19686
19686
19687
19687
19688
19688
19689
19689
19690
19690
19691
19691
19692
19692
19693
19693
19694
19694
19695
19695
19696
19696
19697
19697
19698
19698
19699
19699
19700
19700
19701
19701
19702
19702
19703
19703
19704
19704
19705
19705
19706
19706
19707
19707
19708
19708
19709
19709
19710
19710
19711
19711
19712
19712
19713
19713
19714
19714
19715
19715
19716
19716
19717
19717
19718
19718
19719
19719
19720
19720
19721
19721
19722
19722
19723
19723
19724
19724
19725
19725
19726
19726
19727
19727
19728
19728
19729
19729
19730
19730
19731
19731
19732
19732
19733
19733
19734
19734
19735
19735
19736
19736
19737
19737
19738
19738
19739
19739
19740
19740
19741
19741
19742
19742
19743
19743
19744
19744
19745
19745
19746
19746
19747
19747
19748
19748
19749
19749
19750
19750
19751
19751
19752
19752
19753
19753
19754
19754
19755
19755
19756
19756
19757
19757
19758
19758
19759
19759
19760
19760
19761
19761
19762
19762
19763
19763
19764
19764
19765
19765
19766
19766
19767
19767
19768
19768
19769
19769
19770
19770
19771
19771
19772
19772
19773
19773
19774
19774
19775
19775
19776
19776
19777
19777
19778
19778
19779
19779
19780
19780
19781
19781
19782
19782
19783
19783
19784
19784
19785
19785
19786
19786
19787
19787
19788
19788
19789
19789
19790
19790
19791
19791
19792
19792
19793
19793
19794
19794
19795
19795
19796
19796
19797
19797
19798
19798
19799
19799
19800
19800
19801
19801
19802
19802
19803
19803
19804
19804
19805
19805
19806
19806
19807
19807
19808
19808
19809
19809
19810
19810
19811
19811
19812
19812
19813
19813
19814
19814
19815
19815
19816
19816
19817
19817
19818
19818
19819
19819
19820
19820
19821
19821
19822
19822
19823
19823
19824
19824
19825
19825
19826
19826
19827
19827
19828
19828
19829
19829
19830
19830
19831
19831
19832
19832
19833
19833
19834
19834
19835
19835
19836
19836
19837
19837
19838
19838
19839
19839
19840
19840
19841
19841
19842
19842
19843
19843
19844
19844
19845
19845
19846
19846
19847
19847
19848
19848
19849
19849
19850
19850
19851
19851
19852
19852
19853
19853
19854
19854
19855
19855
19856
19856
19857
19857
19858
19858
19859
19859
19860
19860
19861
19861
19862
19862
19863
19863
19864
19864
19865
19865
19866
19866
19867
19867
19868
19868
19869
19869
19870
19870
19871
19871
19872
19872
19873
19873
19874
19874
19875
19875
19876
19876
19877
19877
19878
19878
19879
19879
19880
19880
19881
19881
19882
19882
19883
19883
19884
19884
19885
19885
19886
19886
19887
19887
19888
19888
19889
19889
19890
19890
19891
19891
19892
19892
19893
19893
19894
19894
19895
19895
19896
19896
19897
19897
19898
19898
19899
19899
19900
19900
19901
19901
19902
19902
19903
19903
19904
19904
19905
19905
19906
19906
19907
19907
19908
19908
19909
19909
19910
19910
19911
19911
19912
19912
19913
19913
19914
19914
19915
19915
19916
19916
19917
19917
19918
19918
19919
19919
19920
19920
19921
19921
19922
19922
19923
19923
19924
19924
19925
19925
19926
19926
19927
19927
19928
19928
19929
19929
19930
19930
19931
19931
19932
19932
19933
19933
19934
19934
19935
19935
19936
19936
19937
19937
19938
19938
19939
19939
19940
19940
19941
19941
19942
19942
19943
19943
19944
19944
19945
19945
19946
19946
19947
19947
19948
19948
19949
19949
19950
19950
19951
19951
19952
19952
19953
19953
19954
19954
19955
19955
19956
19956
19957
19957
19958
19958
19959
19959
19960
19960
19961
19961
19962
19962
19963
19963
19964
19964
19965
19965
19966
19966
19967
19967
19968
19968
19969
19969
19970
19970
19971
19971
19972
19972
19973
19973
19974
19974
19975
19975
19976
19976
19977
19977
19978
19978
19979
19979
19980
19980
19981
19981
19982
19982
19983
19983
19984
19984
19985
19985
19986
19986
19987
19987
19988
19988
19989
19989
19990
19990
19991
19991
19992
19992
19993
19993
19994
19994
19995
19995
19996
19996
19997
19997
19998
19998
19999
19999
20000
20000
20001
20002
20003
20005
20006
20007
20009
20010
20012
20013
20014
20016
20017
20019
20020
20021
20023
20024
20026
20027
20028
20030
20031
20032
20034
20035
20037
20038
20039
20041
20042
20044
20045
20046
20048
20049
20051
20051
20052
20052
20053
20053
20054
20054
20055
20055
20056
20056
20057
20057
20058
20058
20059
20059
20060
20060
20061
20061
20062
20062
20063
20063
20064
20064
20065
20065
20066
20066
20067
20067
20068
20068
20069
20069
20070
20070
20071
20071
20072
20072
20073
20073
20074
20074
20075
20075
20076
20076
20077
20077
20078
20078
20079
20079
20080
20080
20081
20081
20082
20082
20083
20083
20084
20084
20085
20085
20086
20086
20087
20087
20088
20088
20089
20089
20090
20090
20091
20091
20092
20092
20093
20093
20094
20094
20095
20095
20096
20096
20097
20097
20098
20098
20099
20099
20100
20100
20101
20101
20102
20102
20103
20103
20104
20104
20105
20105
20106
20106
20107
20107
20108
20108
20109
20109
20110
20110
20111
20111
20112
20112
20113
20113
20114
20114
20115
20115
20116
20116
20117
20117
20118
20118
20119
20119
20120
20120
20121
20121
20122
20122
20123
20123
20124
20124
20125
20125
20126
20126
20127
20127
20128
20128
20129
20129
20130
20130
20131
20131
20132
20132
20133
20133
20134
20134
20135
20135
20136
20136
20137
20137
20138
20138
20139
20139
20140
20140
20141
20141
20142
20142
20143
20143
20144
20144
20145
20145
20146
20146
20147
20147
20148
20148
20149
20149
20150
20150
20151
20151
20152
20152
20153
20153
20154
20154
20155
20155
20156
20156
20157
20157
20158
20158
20159
20159
20160
20160
20161
20161
20162
20162
20163
20163
20164
20164
20165
20165
20166
20166
20167
20167
20168
20168
20169
20169
20170
20170
20171
20171
20172
20172
20173
20173
20174
20174
20175
20175
20176
20176
20177
20177
20178
20178
20179
20179
20180
20180
20181
20181
20182
20182
20183
20183
20184
20184
20185
20185
20186
20186
20187
20187
20188
20188
20189
20189
20190
20190
20191
20191
20192
20192
20193
20193
20194
20194
20195
20195
20196
20196
20197
20197
20198
20198
20199
20199
20200
20200
20201
20201
20202
20202
20203
20203
20204
20204
20205
20205
20206
20206
20207
20207
20208
20208
20209
20209
20210
20210
20211
20211
20212
20212
20213
20213
20214
20214
20215
20215
20216
20216
20217
20217
20218
20218
20219
20219
20220
20220
20221
20221
20222
20222
20223
20223
20224
20224
20225
20225
20226
20226
20227
20227
20228
20228
20229
20229
20230
20230
20231
20231
20232
20232
20233
20233
20234
20234
20235
20235
20236
20236
20237
20237
20238
20238
20239
20239
20240
20240
20241
20241
20242
20242
20243
20243
20244
20244
20245
20245
20246
20246
20247
20247
20248
20248
20249
20249
20250
20250
20251
20251
20252
20252
20253
20253
20254
20254
20255
20255
20256
20256
20257
20257
20258
20258
20259
20259
20260
20260
20261
20261
20262
20262
20263
20263
20264
20264
20265
20265
20266
20266
20267
20267
20268
20268
20269
20269
20270
20270
20271
20271
20272
20272
20273
20273
20274
20274
20275
20275
20276
20276
20277
20277
20278
20278
20279
20279
20280
20280
20281
20281
20282
20282
20283
20283
20284
20284
20285
20285
20286
20286
20287
20287
20288
20288
20289
20289
20290
20290
20291
20291
20292
20292
20293
20293
20294
20294
20295
20295
20296
20296
20297
20297
20298
20298
20299
20299
20300
20300
20301
20303
20305
20307
20309
20311
20313
20315
20317
20319
20321
20323
20325
20327
20329
20331
20333
20335
20337
20339
20341
20343
20345
20347
20349
20351
20351
20352
20352
20353
20353
20354
20354
20355
20355
20356
20356
20357
20357
20358
20358
20359
20359
20360
20360
20361
20361
20362
20362
20363
20363
20364
20364
20365
20365
20366
20366
20367
20367
20368
20368
20369
20369
20370
20370
20371
20371
20372
20372
20373
20373
20374
20374
20375
20375
20376
20376
20377
20377
20378
20378
20379
20379
20380
20380
20381
20381
20382
20382
20383
20383
20384
20384
20385
20385
20386
20386
20387
20387
20388
20388
20389
20389
20390
20390
20391
20391
20392
20392
20393
20393
20394
20394
20395
20395
20396
20396
20397
20397
20398
20398
20399
20399
20400
20400
20401
20401
20402
20402
20403
20403
20404
20404
20405
20405
20406
20406
20407
20407
20408
20408
20409
20409
20410
20410
20411
20411
20412
20412
20413
20413
20414
20414
20415
20415
20416
20416
20417
20417
20418
20418
20419
20419
20420
20420
20421
20421
20422
20422
20423
20423
20424
20424
20425
20425
20426
20426
20427
20427
20428
20428
20429
20429
20430
20430
20431
20431
20432
20432
20433
20433
20434
20434
20435
20435
20436
20436
20437
20437
20438
20438
20439
20439
20440
20440
20441
20441
20442
20442
20443
20443
20444
20444
20445
20445
20446
20446
20447
20447
20448
20448
20449
20449
20450
20450
20451
20451
20452
20453
20454
20455
20456
20457
20457
20458
20459
20460
20461
20462
20463
20463
20464
20465
20466
20467
20468
20469
20469
20470
20471
20472
20473
20474
20475
20476
20476
20477
20478
20479
20480
20481
20482
20482
20483
20484
20485
20486
20487
20488
20488
20489
20490
20491
20492
20493
20494
20494
20495
20496
20497
20498
20499
20500
20501
20501
20502
20502
20503
20503
20504
20504
20505
20505
20506
20506
20507
20507
20508
20508
20509
20509
20510
20510
20511
20511
20512
20512
20513
20513
20514
20514
20515
20515
20516
20516
20517
20517
20518
20518
20519
20519
20520
20520
20521
20521
20522
20522
20523
20523
20524
20524
20525
20525
20526
20526
20527
20527
20528
20528
20529
20529
20530
20530
20531
20531
20532
20532
20533
20533
20534
20534
20535
20535
20536
20536
20537
20537
20538
20538
20539
20539
20540
20540
20541
20541
20542
20542
20543
20543
20544
20544
20545
20545
20546
20546
20547
20547
20548
20548
20549
20549
20550
20550
20551
20551
20552
20552
20553
20553
20554
20554
20555
20555
20556
20556
20557
20557
20558
20558
20559
20559
20560
20560
20561
20561
20562
20562
20563
20563
20564
20564
20565
20565
20566
20566
20567
20567
20568
20568
20569
20569
20570
20570
20571
20571
20572
20572
20573
20573
20574
20574
20575
20575
20576
20576
20577
20577
20578
20578
20579
20579
20580
20580
20581
20581
20582
20582
20583
20583
20584
20584
20585
20585
20586
20586
20587
20587
20588
20588
20589
20589
20590
20590
20591
20591
20592
20592
20593
20593
20594
20594
20595
20595
20596
20596
20597
20597
20598
20598
20599
20599
20600
20600
20601
20601
20602
20603
20604
20605
20606
20606
20607
20608
20609
20610
20611
20612
20612
20613
20614
20615
20616
20617
20617
20618
20619
20620
20621
20622
20623
20623
20624
20625
20626
20627
20628
20628
20629
20630
20631
20632
20633
20634
20634
20635
20636
20637
20638
20639
20639
20640
20641
20642
20643
20644
20645
20645
20646
20647
20648
20649
20650
20651
20651
20652
20652
20653
20653
20654
20654
20655
20655
20656
20656
20657
20657
20658
20658
20659
20659
20660
20660
20661
20661
20662
20662
20663
20663
20664
20664
20665
20665
20666
20666
20667
20667
20668
20668
20669
20669
20670
20670
20671
20671
20672
20672
20673
20673
20674
20674
20675
20675
20676
20676
20677
20677
20678
20678
20679
20679
20680
20680
20681
20681
20682
20682
20683
20683
20684
20684
20685
20685
20686
20686
20687
20687
20688
20688
20689
20689
20690
20690
20691
20691
20692
20692
20693
20693
20694
20694
20695
20695
20696
20696
20697
20697
20698
20698
20699
20699
20700
20700
20701
20701
20702
20702
20703
20703
20704
20704
20705
20705
20706
20706
20707
20707
20708
20708
20709
20709
20710
20710
20711
20711
20712
20712
20713
20713
20714
20714
20715
20715
20716
20716
20717
20717
20718
20718
20719
20719
20720
20720
20721
20721
20722
20722
20723
20723
20724
20724
20725
20725
20726
20726
20727
20727
20728
20728
20729
20729
20730
20730
20731
20731
20732
20732
20733
20733
20734
20734
20735
20735
20736
20736
20737
20737
20738
20738
20739
20739
20740
20740
20741
20741
20742
20742
20743
20743
20744
20744
20745
20745
20746
20746
20747
20747
20748
20748
20749
20749
20750
20750
20751
20751
20752
20752
20753
20753
20754
20754
20755
20755
20756
20756
20757
20757
20758
20758
20759
20759
20760
20760
20761
20761
20762
20762
20763
20763
20764
20764
20765
20765
20766
20766
20767
20767
20768
20768
20769
20769
20770
20770
20771
20771
20772
20772
20773
20773
20774
20774
20775
20775
20776
20776
20777
20777
20778
20778
20779
20779
20780
20780
20781
20781
20782
20782
20783
20783
20784
20784
20785
20785
20786
20786
20787
20787
20788
20788
20789
20789
20790
20790
20791
20791
20792
20792
20793
20793
20794
20794
20795
20795
20796
20796
20797
20797
20798
20798
20799
20799
20800
20800
20801
20801
20802
20802
20803
20803
20804
20804
20805
20805
20806
20806
20807
20807
20808
20808
20809
20809
20810
20810
20811
20811
20812
20812
20813
20813
20814
20814
20815
20815
20816
20816
20817
20817
20818
20818
20819
20819
20820
20820
20821
20821
20822
20822
20823
20823
20824
20824
20825
20825
20826
20826
20827
20827
20828
20828
20829
20829
20830
20830
20831
20831
20832
20832
20833
20833
20834
20834
20835
20835
20836
20836
20837
20837
20838
20838
20839
20839
20840
20840
20841
20841
20842
20842
20843
20843
20844
20844
20845
20845
20846
20846
20847
20847
20848
20848
20849
20849
20850
20850
20851
20851
20852
20852
20853
20853
20854
20854
20855
20855
20856
20856
20857
20857
20858
20858
20859
20859
20860
20860
20861
20861
20862
20862
20863
20863
20864
20864
20865
20865
20866
20866
20867
20867
20868
20868
20869
20869
20870
20870
20871
20871
20872
20872
20873
20873
20874
20874
20875
20875
20876
20876
20877
20877
20878
20878
20879
20879
20880
20880
20881
20881
20882
20882
20883
20883
20884
20884
20885
20885
20886
20886
20887
20887
20888
20888
20889
20889
20890
20890
20891
20891
20892
20892
20893
20893
20894
20894
20895
20895
20896
20896
20897
20897
20898
20898
20899
20899
20900
20900
20901
20901
20902
20902
20903
20903
20904
20904
20905
20905
20906
20906
20907
20907
20908
20908
20909
20909
20910
20910
20911
20911
20912
20912
20913
20913
20914
20914
20915
20915
20916
20916
20917
20917
20918
20918
20919
20919
20920
20920
20921
20921
20922
20922
20923
20923
20924
20924
20925
20925
20926
20926
20927
20927
20928
20928
20929
20929
20930
20930
20931
20931
20932
20932
20933
20933
20934
20934
20935
20935
20936
20936
20937
20937
20938
20938
20939
20939
20940
20940
20941
20941
20942
20942
20943
20943
20944
20944
20945
20945
20946
20946
20947
20947
20948
20948
20949
20949
20950
20950
20951
20951
20952
20952
20953
20953
20954
20954
20955
20955
20956
20956
20957
20957
20958
20958
20959
20959
20960
20960
20961
20961
20962
20962
20963
20963
20964
20964
20965
20965
20966
20966
20967
20967
20968
20968
20969
20969
20970
20970
20971
20971
20972
20972
20973
20973
20974
20974
20975
20975
20976
20976
20977
20977
20978
20978
20979
20979
20980
20980
20981
20981
20982
20982
20983
20983
20984
20984
20985
20985
20986
20986
20987
20987
20988
20988
20989
20989
20990
20990
20991
20991
20992
20992
20993
20993
20994
20994
20995
20995
20996
20996
20997
20997
20998
20998
20999
20999
21000
21000
21001
21001
21002
21002
21003
21003
21004
21004
21005
21005
21006
21006
21007
21007
21008
21008
21009
21009
21010
21010
21011
21011
21012
21012
21013
21013
21014
21014
21015
21015
21016
21016
21017
21017
21018
21018
21019
21019
21020
21020
21021
21021
21022
21022
21023
21023
21024
21024
21025
21025
21026
21026
21027
21027
21028
21028
21029
21029
21030
21030
21031
21031
21032
21032
21033
21033
21034
21034
21035
21035
21036
21036
21037
21037
21038
21038
21039
21039
21040
21040
21041
21041
21042
21042
21043
21043
21044
21044
21045
21045
21046
21046
21047
21047
21048
21048
21049
21049
21050
21050
21051
21051
21052
21052
21053
21053
21054
21054
21055
21055
21056
21056
21057
21057
21058
21058
21059
21059
21060
21060
21061
21061
21062
21062
21063
21063
21064
21064
21065
21065
21066
21066
21067
21067
21068
21068
21069
21069
21070
21070
21071
21071
21072
21072
21073
21073
21074
21074
21075
21075
21076
21076
21077
21077
21078
21078
21079
21079
21080
21080
21081
21081
21082
21082
21083
21083
21084
21084
21085
21085
21086
21086
21087
21087
21088
21088
21089
21089
21090
21090
21091
21091
21092
21092
21093
21093
21094
21094
21095
21095
21096
21096
21097
21097
21098
21098
21099
21099
21100
21100
21101
21101
21102
21102
21103
21103
21104
21104
21105
21105
21106
21106
21107
21107
21108
21108
21109
21109
21110
21110
21111
21111
21112
21112
21113
21113
21114
21114
21115
21115
21116
21116
21117
21117
21118
21118
21119
21119
21120
21120
21121
21121
21122
21122
21123
21123
21124
21124
21125
21125
21126
21126
21127
21127
21128
21128
21129
21129
21130
21130
21131
21131
21132
21132
21133
21133
21134
21134
21135
21135
21136
21136
21137
21137
21138
21138
21139
21139
21140
21140
21141
21141
21142
21142
21143
21143
21144
21144
21145
21145
21146
21146
21147
21147
21148
21148
21149
21149
21150
21150
21151
21151
21152
21152
21153
21153
21154
21154
21155
21155
21156
21156
21157
21157
21158
21158
21159
21159
21160
21160
21161
21161
21162
21162
21163
21163
21164
21164
21165
21165
21166
21166
21167
21167
21168
21168
21169
21169
21170
21170
21171
21171
21172
21172
21173
21173
21174
21174
21175
21175
21176
21176
21177
21177
21178
21178
21179
21179
21180
21180
21181
21181
21182
21182
21183
21183
21184
21184
21185
21185
21186
21186
21187
21187
21188
21188
21189
21189
21190
21190
21191
21191
21192
21192
21193
21193
21194
21194
21195
21195
21196
21196
21197
21197
21198
21198
21199
21199
21200
21200
21201
21202
21204
21205
21207
21208
21210
21211
21213
21215
21216
21218
21219
21221
21222
21224
21226
21227
21229
21230
21232
21233
21235
21236
21238
21240
21241
21243
21244
21246
21247
21249
21251
21251
21252
21252
21253
21253
21254
21254
21255
21255
21256
21256
21257
21257
21258
21258
21259
21259
21260
21260
21261
21261
21262
21262
21263
21263
21264
21264
21265
21265
21266
21266
21267
21267
21268
21268
21269
21269
21270
21270
21271
21271
21272
21272
21273
21273
21274
21274
21275
21275
21276
21276
21277
21277
21278
21278
21279
21279
21280
21280
21281
21281
21282
21282
21283
21283
21284
21284
21285
21285
21286
21286
21287
21287
21288
21288
21289
21289
21290
21290
21291
21291
21292
21292
21293
21293
21294
21294
21295
21295
21296
21296
21297
21297
21298
21298
21299
21299
21300
21300
21301
21301
21302
21302
21303
21303
21304
21304
21305
21305
21306
21306
21307
21307
21308
21308
21309
21309
21310
21310
21311
21311
21312
21312
21313
21313
21314
21314
21315
21315
21316
21316
21317
21317
21318
21318
21319
21319
21320
21320
21321
21321
21322
21322
21323
21323
21324
21324
21325
21325
21326
21326
21327
21327
21328
21328
21329
21329
21330
21330
21331
21331
21332
21332
21333
21333
21334
21334
21335
21335
21336
21336
21337
21337
21338
21338
21339
21339
21340
21340
21341
21341
21342
21342
21343
21343
21344
21344
21345
21345
21346
21346
21347
21347
21348
21348
21349
21349
21350
21350
21351
21351
21352
21352
21353
21353
21354
21354
21355
21355
21356
21356
21357
21357
21358
21358
21359
21359
21360
21360
21361
21361
21362
21362
21363
21363
21364
21364
21365
21365
21366
21366
21367
21367
21368
21368
21369
21369
21370
21370
21371
21371
21372
21372
21373
21373
21374
21374
21375
21375
21376
21376
21377
21377
21378
21378
21379
21379
21380
21380
21381
21381
21382
21382
21383
21383
21384
21384
21385
21385
21386
21386
21387
21387
21388
21388
21389
21389
21390
21390
21391
21391
21392
21392
21393
21393
21394
21394
21395
21395
21396
21396
21397
21397
21398
21398
21399
21399
21400
21400
21401
21401
21402
21402
21403
21403
21404
21404
21405
21405
21406
21406
21407
21407
21408
21408
21409
21409
21410
21410
21411
21411
21412
21412
21413
21413
21414
21414
21415
21415
21416
21416
21417
21417
21418
21418
21419
21419
21420
21420
21421
21421
21422
21422
21423
21423
21424
21424
21425
21425
21426
21426
21427
21427
21428
21428
21429
21429
21430
21430
21431
21431
21432
21432
21433
21433
21434
21434
21435
21435
21436
21436
21437
21437
21438
21438
21439
21439
21440
21440
21441
21441
21442
21442
21443
21443
21444
21444
21445
21445
21446
21446
21447
21447
21448
21448
21449
21449
21450
21450
21451
21451
21452
21452
21453
21453
21454
21454
21455
21455
21456
21456
21457
21457
21458
21458
21459
21459
21460
21460
21461
21461
21462
21462
21463
21463
21464
21464
21465
21465
21466
21466
21467
21467
21468
21468
21469
21469
21470
21470
21471
21471
21472
21472
21473
21473
21474
21474
21475
21475
21476
21476
21477
21477
21478
21478
21479
21479
21480
21480
21481
21481
21482
21482
21483
21483
21484
21484
21485
21485
21486
21486
21487
21487
21488
21488
21489
21489
21490
21490
21491
21491
21492
21492
21493
21493
21494
21494
21495
21495
21496
21496
21497
21497
21498
21498
21499
21499
21500
21500
21501
21501
21502
21502
21503
21503
21504
21504
21505
21505
21506
21506
21507
21507
21508
21508
21509
21509
21510
21510
21511
21511
21512
21512
21513
21513
21514
21514
21515
21515
21516
21516
21517
21517
21518
21518
21519
21519
21520
21520
21521
21521
21522
21522
21523
21523
21524
21524
21525
21525
21526
21526
21527
21527
21528
21528
21529
21529
21530
21530
21531
21531
21532
21532
21533
21533
21534
21534
21535
21535
21536
21536
21537
21537
21538
21538
21539
21539
21540
21540
21541
21541
21542
21542
21543
21543
21544
21544
21545
21545
21546
21546
21547
21547
21548
21548
21549
21549
21550
21550
21551
21551
21552
21552
21553
21553
21554
21554
21555
21555
21556
21556
21557
21557
21558
21558
21559
21559
21560
21560
21561
21561
21562
21562
21563
21563
21564
21564
21565
21565
21566
21566
21567
21567
21568
21568
21569
21569
21570
21570
21571
21571
21572
21572
21573
21573
21574
21574
21575
21575
21576
21576
21577
21577
21578
21578
21579
21579
21580
21580
21581
21581
21582
21582
21583
21583
21584
21584
21585
21585
21586
21586
21587
21587
21588
21588
21589
21589
21590
21590
21591
21591
21592
21592
21593
21593
21594
21594
21595
21595
21596
21596
21597
21597
21598
21598
21599
21599
21600
21600
21601
21601
21602
21603
21603
21604
21605
21605
21606
21607
21607
21608
21609
21610
21610
21611
21612
21612
21613
21614
21614
21615
21616
21616
21617
21618
21619
21619
21620
21621
21621
21622
21623
21623
21624
21625
21626
21626
21627
21628
21628
21629
21630
21630
21631
21632
21632
21633
21634
21635
21635
21636
21637
21637
21638
21639
21639
21640
21641
21641
21642
21643
21644
21644
21645
21646
21646
21647
21648
21648
21649
21650
21651
21651
21652
21652
21653
21653
21654
21654
21655
21655
21656
21656
21657
21657
21658
21658
21659
21659
21660
21660
21661
21661
21662
21662
21663
21663
21664
21664
21665
21665
21666
21666
21667
21667
21668
21668
21669
21669
21670
21670
21671
21671
21672
21672
21673
21673
21674
21674
21675
21675
21676
21676
21677
21677
21678
21678
21679
21679
21680
21680
21681
21681
21682
21682
21683
21683
21684
21684
21685
21685
21686
21686
21687
21687
21688
21688
21689
21689
21690
21690
21691
21691
21692
21692
21693
21693
21694
21694
21695
21695
21696
21696
21697
21697
21698
21698
21699
21699
21700
21700
21701
21701
21702
21703
21703
21704
21705
21706
21706
21707
21708
21708
21709
21710
21711
21711
21712
21713
21713
21714
21715
21716
21716
21717
21718
21718
21719
21720
21721
21721
21722
21723
21723
21724
21725
21726
21726
21727
21728
21728
21729
21730
21731
21731
21732
21733
21733
21734
21735
21736
21736
21737
21738
21738
21739
21740
21741
21741
21742
21743
21743
21744
21745
21746
21746
21747
21748
21748
21749
21750
21751
21751
21752
21752
21753
21753
21754
21754
21755
21755
21756
21756
21757
21757
21758
21758
21759
21759
21760
21760
21761
21761
21762
21762
21763
21763
21764
21764
21765
21765
21766
21766
21767
21767
21768
21768
21769
21769
21770
21770
21771
21771
21772
21772
21773
21773
21774
21774
21775
21775
21776
21776
21777
21777
21778
21778
21779
21779
21780
21780
21781
21781
21782
21782
21783
21783
21784
21784
21785
21785
21786
21786
21787
21787
21788
21788
21789
21789
21790
21790
21791
21791
21792
21792
21793
21793
21794
21794
21795
21795
21796
21796
21797
21797
21798
21798
21799
21799
21800
21800
21801
21802
21803
21805
21806
21808
21809
21811
21812
21814
21815
21817
21818
21820
21821
21823
21824
21826
21827
21828
21830
21831
21833
21834
21836
21837
21839
21840
21842
21843
21845
21846
21848
21849
21851
21851
21852
21852
21853
21853
21854
21854
21855
21855
21856
21856
21857
21857
21858
21858
21859
21859
21860
21860
21861
21861
21862
21862
21863
21863
21864
21864
21865
21865
21866
21866
21867
21867
21868
21868
21869
21869
21870
21870
21871
21871
21872
21872
21873
21873
21874
21874
21875
21875
21876
21876
21877
21877
21878
21878
21879
21879
21880
21880
21881
21881
21882
21882
21883
21883
21884
21884
21885
21885
21886
21886
21887
21887
21888
21888
21889
21889
21890
21890
21891
21891
21892
21892
21893
21893
21894
21894
21895
21895
21896
21896
21897
21897
21898
21898
21899
21899
21900
21900
21901
21901
21902
21902
21903
21903
21904
21904
21905
21905
21906
21906
21907
21907
21908
21908
21909
21909
21910
21910
21911
21911
21912
21912
21913
21913
21914
21914
21915
21915
21916
21916
21917
21917
21918
21918
21919
21919
21920
21920
21921
21921
21922
21922
21923
21923
21924
21924
21925
21925
21926
21926
21927
21927
21928
21928
21929
21929
21930
21930
21931
21931
21932
21932
21933
21933
21934
21934
21935
21935
21936
21936
21937
21937
21938
21938
21939
21939
21940
21940
21941
21941
21942
21942
21943
21943
21944
21944
21945
21945
21946
21946
21947
21947
21948
21948
21949
21949
21950
21950
21951
21953
21955
21957
21959
21961
21963
21965
21967
21969
21971
21973
21975
21977
21979
21981
21983
21985
21987
21989
21991
21993
21995
21997
21999
22001
22001
22002
22002
22003
22003
22004
22004
22005
22005
22006
22006
22007
22007
22008
22008
22009
22009
22010
22010
22011
22011
22012
22012
22013
22013
22014
22014
22015
22015
22016
22016
22017
22017
22018
22018
22019
22019
22020
22020
22021
22021
22022
22022
22023
22023
22024
22024
22025
22025
22026
22026
22027
22027
22028
22028
22029
22029
22030
22030
22031
22031
22032
22032
22033
22033
22034
22034
22035
22035
22036
22036
22037
22037
22038
22038
22039
22039
22040
22040
22041
22041
22042
22042
22043
22043
22044
22044
22045
22045
22046
22046
22047
22047
22048
22048
22049
22049
22050
22050
22051
22053
22055
22057
22059
22061
22063
22065
22067
22069
22071
22073
22075
22077
22079
22081
22083
22085
22087
22089
22091
22093
22095
22097
22099
22101
22101
22102
22102
22103
22103
22104
22104
22105
22105
22106
22106
22107
22107
22108
22108
22109
22109
22110
22110
22111
22111
22112
22112
22113
22113
22114
22114
22115
22115
22116
22116
22117
22117
22118
22118
22119
22119
22120
22120
22121
22121
22122
22122
22123
22123
22124
22124
22125
22125
22126
22126
22127
22127
22128
22128
22129
22129
22130
22130
22131
22131
22132
22132
22133
22133
22134
22134
22135
22135
22136
22136
22137
22137
22138
22138
22139
22139
22140
22140
22141
22141
22142
22142
22143
22143
22144
22144
22145
22145
22146
22146
22147
22147
22148
22148
22149
22149
22150
22150
22151
22153
22155
22157
22159
22161
22163
22165
22167
22169
22171
22173
22175
22177
22179
22181
22183
22185
22187
22189
22191
22193
22195
22197
22199
22201
22203
22205
22207
22209
22211
22213
22215
22217
22219
22221
22223
22225
22227
22229
22231
22233
22235
22237
22239
22241
22243
22245
22247
22249
22251
22253
22255
22257
22259
22261
22263
22265
22267
22269
22271
22273
22275
22277
22279
22281
22283
22285
22287
22289
22291
22293
22295
22297
22299
22301
22303
22305
22307
22309
22311
22313
22315
22317
22319
22321
22323
22325
22327
22329
22331
22333
22335
22337
22339
22341
22343
22345
22347
22349
22351
22353
22355
22357
22359
22361
22363
22365
22367
22369
22371
22373
22375
22377
22379
22381
22383
22385
22387
22389
22391
22393
22395
22397
22399
22401
22403
22405
22407
22409
22411
22413
22415
22417
22419
22421
22423
22425
22427
22429
22431
22433
22435
22437
22439
22441
22443
22445
22447
22449
22451
22453
22455
22457
22459
22461
22463
22465
22467
22469
22471
22473
22475
22477
22479
22481
22483
22485
22487
22489
22491
22493
22495
22497
22499
22501
22503
22505
22507
22509
22511
22513
22515
22517
22519
22521
22523
22525
22527
22529
22531
22533
22535
22537
22539
22541
22543
22545
22547
22549
22551
22553
22555
22557
22559
22561
22563
22565
22567
22569
22571
22573
22575
22577
22579
22581
22583
22585
22587
22589
22591
22593
22595
22597
22599
22601
22603
22605
22607
22609
22611
22613
22615
22617
22619
22621
22623
22625
22627
22629
22631
22633
22635
22637
22639
22641
22643
22645
22647
22649
22651
22653
22655
22657
22659
22661
22663
22665
22667
22669
22671
22673
22675
22677
22679
22681
22683
22685
22687
22689
22691
22693
22695
22697
22699
22701
22703
22705
22707
22709
22711
22713
22715
22717
22719
22721
22723
22725
22727
22729
22731
22733
22735
22737
22739
22741
22743
22745
22747
22749
22751
22753
22755
22757
22759
22761
22763
22765
22767
22769
22771
22773
22775
22777
22779
22781
22783
22785
22787
22789
22791
22793
22795
22797
22799
22801
22802
22803
22804
22806
22807
22808
22809
22811
22812
22813
22815
22816
22817
22818
22820
22821
22822
22824
22825
22826
22827
22829
22830
22831
22833
22834
22835
22836
22838
22839
22840
22842
22843
22844
22845
22847
22848
22849
22851
22853
22855
22857
22859
22861
22863
22865
22867
22869
22871
22873
22875
22877
22879
22881
22883
22885
22887
22889
22891
22893
22895
22897
22899
22901
22903
22905
22907
22909
22911
22913
22915
22917
22919
22921
22923
22925
22927
22929
22931
22933
22935
22937
22939
22941
22943
22945
22947
22949
22951
22953
22955
22957
22959
22961
22963
22965
22967
22969
22971
22973
22975
22977
22979
22981
22983
22985
22987
22989
22991
22993
22995
22997
22999
23001
23003
23005
23007
23009
23011
23013
23015
23017
23019
23021
23023
23025
23027
23029
23031
23033
23035
23037
23039
23041
23043
23045
23047
23049
23051
23053
23055
23057
23059
23061
23063
23065
23067
23069
23071
23073
23075
23077
23079
23081
23083
23085
23087
23089
23091
23093
23095
23097
23099
23101
23101
23102
23102
23103
23103
23104
23104
23105
23105
23106
23106
23107
23107
23108
23108
23109
23109
23110
23110
23111
23111
23112
23112
23113
23114
23114
23115
23115
23116
23116
23117
23117
23118
23118
23119
23119
23120
23120
23121
23121
23122
23122
23123
23123
23124
23124
23125
23126
23126
23127
23127
23128
23128
23129
23129
23130
23130
23131
23131
23132
23132
23133
23133
23134
23134
23135
23135
23136
23136
23137
23137
23138
23139
23139
23140
23140
23141
23141
23142
23142
23143
23143
23144
23144
23145
23145
23146
23146
23147
23147
23148
23148
23149
23149
23150
23151
23153
23155
23157
23159
23161
23163
23165
23167
23169
23171
23173
23175
23177
23179
23181
23183
23185
23187
23189
23191
23193
23195
23197
23199
23201
23203
23205
23207
23209
23211
23213
23215
23217
23219
23221
23223
23225
23227
23229
23231
23233
23235
23237
23239
23241
23243
23245
23247
23249
23251
23253
23255
23257
23259
23261
23263
23265
23267
23269
23271
23273
23275
23277
23279
23281
23283
23285
23287
23289
23291
23293
23295
23297
23299
23301
23303
23305
23307
23309
23311
23313
23315
23317
23319
23321
23323
23325
23327
23329
23331
23333
23335
23337
23339
23341
23343
23345
23347
23349
23351
23353
23355
23357
23359
23361
23363
23365
23367
23369
23371
23373
23375
23377
23379
23381
23383
23385
23387
23389
23391
23393
23395
23397
23399
23401
23403
23405
23407
23409
23411
23413
23415
23417
23419
23421
23423
23425
23427
23429
23431
23433
23435
23437
23439
23441
23443
23445
23447
23449
23451
23453
23455
23457
23459
23461
23463
23465
23467
23469
23471
23473
23475
23477
23479
23481
23483
23485
23487
23489
23491
23493
23495
23497
23499
23501
23503
23505
23507
23509
23511
23513
23515
23517
23519
23521
23523
23525
23527
23529
23531
23533
23535
23537
23539
23541
23543
23545
23547
23549
23551
23553
23555
23557
23559
23561
23563
23565
23567
23569
23571
23573
23575
23577
23579
23581
23583
23585
23587
23589
23591
23593
23595
23597
23599
23601
23603
23605
23607
23609
23611
23613
23615
23617
23619
23621
23623
23625
23627
23629
23631
23633
23635
23637
23639
23641
23643
23645
23647
23649
23651
23653
23655
23657
23659
23661
23663
23665
23667
23669
23671
23673
23675
23677
23679
23681
23683
23685
23687
23689
23691
23693
23695
23697
23699
23701
23703
23705
23707
23709
23711
23713
23715
23717
23719
23721
23723
23725
23727
23729
23731
23733
23735
23737
23739
23741
23743
23745
23747
23749
23751
23753
23755
23757
23759
23761
23763
23765
23767
23769
23771
23773
23775
23777
23779
23781
23783
23785
23787
23789
23791
23793
23795
23797
23799
23801
23803
23805
23807
23809
23811
23813
23815
23817
23819
23821
23823
23825
23827
23829
23831
23833
23835
23837
23839
23841
23843
23845
23847
23849
23851
23853
23855
23857
23859
23861
23863
23865
23867
23869
23871
23873
23875
23877
23879
23881
23883
23885
23887
23889
23891
23893
23895
23897
23899
23901
23903
23905
23907
23909
23911
23913
23915
23917
23919
23921
23923
23925
23927
23929
23931
23933
23935
23937
23939
23941
23943
23945
23947
23949
23951
23953
23955
23957
23959
23961
23963
23965
23967
23969
23971
23973
23975
23977
23979
23981
23983
23985
23987
23989
23991
23993
23995
23997
23999
24001
24003
24005
24007
24009
24011
24013
24015
24017
24019
24021
24023
24025
24027
24029
24031
24033
24035
24037
24039
24041
24043
24045
24047
24049
24051
24053
24055
24057
24059
24061
24063
24065
24067
24069
24071
24073
24075
24077
24079
24081
24083
24085
24087
24089
24091
24093
24095
24097
24099
24101
24103
24105
24107
24109
24111
24113
24115
24117
24119
24121
24123
24125
24127
24129
24131
24133
24135
24137
24139
24141
24143
24145
24147
24149
24151
24153
24155
24157
24159
24161
24163
24165
24167
24169
24171
24173
24175
24177
24179
24181
24183
24185
24187
24189
24191
24193
24195
24197
24199
24201
24203
24205
24207
24209
24211
24213
24215
24217
24219
24221
24223
24225
24227
24229
24231
24233
24235
24237
24239
24241
24243
24245
24247
24249
24251
24253
24255
24257
24259
24261
24263
24265
24267
24269
24271
24273
24275
24277
24279
24281
24283
24285
24287
24289
24291
24293
24295
24297
24299
24301
24303
24305
24307
24309
24311
24313
24315
24317
24319
24321
24323
24325
24327
24329
24331
24333
24335
24337
24339
24341
24343
24345
24347
24349
24351
24353
24355
24357
24359
24361
24363
24365
24367
24369
24371
24373
24375
24377
24379
24381
24383
24385
24387
24389
24391
24393
24395
24397
24399
24401
24403
24405
24407
24409
24411
24413
24415
24417
24419
24421
24423
24425
24427
24429
24431
24433
24435
24437
24439
24441
24443
24445
24447
24449
24451
24453
24455
24457
24459
24461
24463
24465
24467
24469
24471
24473
24475
24477
24479
24481
24483
24485
24487
24489
24491
24493
24495
24497
24499
24501
24503
24505
24507
24509
24511
24513
24515
24517
24519
24521
24523
24525
24527
24529
24531
24533
24535
24537
24539
24541
24543
24545
24547
24549
24551
24553
24555
24557
24559
24561
24563
24565
24567
24569
24571
24573
24575
24577
24579
24581
24583
24585
24587
24589
24591
24593
24595
24597
24599
24601
24603
24605
24607
24609
24611
24613
24615
24617
24619
24621
24623
24625
24627
24629
24631
24633
24635
24637
24639
24641
24643
24645
24647
24649
24651
24653
24655
24657
24659
24661
24663
24665
24667
24669
24671
24673
24675
24677
24679
24681
24683
24685
24687
24689
24691
24693
24695
24697
24699
24701
24703
24705
24707
24709
24711
24713
24715
24717
24719
24721
24723
24725
24727
24729
24731
24733
24735
24737
24739
24741
24743
24745
24747
24749
24751
24753
24755
24757
24759
24761
24763
24765
24767
24769
24771
24773
24775
24777
24779
24781
24783
24785
24787
24789
24791
24793
24795
24797
24799
24801
24803
24805
24807
24809
24811
24813
24815
24817
24819
24821
24823
24825
24827
24829
24831
24833
24835
24837
24839
24841
24843
24845
24847
24849
24851
24853
24855
24857
24859
24861
24863
24865
24867
24869
24871
24873
24875
24877
24879
24881
24883
24885
24887
24889
24891
24893
24895
24897
24899
24901
24903
24905
24907
24909
24911
24913
24915
24917
24919
24921
24923
24925
24927
24929
24931
24933
24935
24937
24939
24941
24943
24945
24947
24949
24951
24951
24952
24952
24953
24953
24954
24954
24955
24955
24956
24956
24957
24957
24958
24958
24959
24959
24960
24960
24961
24961
24962
24962
24963
24963
24964
24964
24965
24965
24966
24966
24967
24967
24968
24968
24969
24969
24970
24970
24971
24971
24972
24972
24973
24973
24974
24974
24975
24975
24976
24976
24977
24977
24978
24978
24979
24979
24980
24980
24981
24981
24982
24982
24983
24983
24984
24984
24985
24985
24986
24986
24987
24987
24988
24988
24989
24989
24990
24990
24991
24991
24992
24992
24993
24993
24994
24994
24995
24995
24996
24996
24997
24997
24998
24998
24999
24999
25000
25000
25001
25003
25005
25007
25009
25011
25013
25015
25017
25019
25021
25023
25025
25027
25029
25031
25033
25035
25037
25039
25041
25043
25045
25047
25049
25051
25053
25055
25057
25059
25061
25063
25065
25067
25069
25071
25073
25075
25077
25079
25081
25083
25085
25087
25089
25091
25093
25095
25097
25099
25101
25102
25103
25104
25105
25106
25107
25108
25109
25110
25111
25112
25113
25114
25115
25116
25118
25119
25120
25121
25122
25123
25124
25125
25126
25127
25128
25129
25130
25131
25132
25133
25135
25136
25137
25138
25139
25140
25141
25142
25143
25144
25145
25146
25147
25148
25149
25151
25153
25155
25157
25159
25161
25163
25165
25167
25169
25171
25173
25175
25177
25179
25181
25183
25185
25187
25189
25191
25193
25195
25197
25199
25201
25202
25203
25205
25206
25207
25209
25210
25211
25213
25214
25215
25217
25218
25219
25221
25222
25223
25225
25226
25228
25229
25230
25232
25233
25234
25236
25237
25238
25240
25241
25242
25244
25245
25246
25248
25249
25251
25251
25252
25253
25254
25254
25255
25256
25257
25257
25258
25259
25260
25260
25261
25262
25263
25263
25264
25265
25266
25266
25267
25268
25269
25269
25270
25271
25272
25272
25273
25274
25275
25276
25276
25277
25278
25279
25279
25280
25281
25282
25282
25283
25284
25285
25285
25286
25287
25288
25288
25289
25290
25291
25291
25292
25293
25294
25294
25295
25296
25297
25297
25298
25299
25300
25301
25303
25305
25307
25309
25311
25313
25315
25317
25319
25321
25323
25325
25327
25329
25331
25333
25335
25337
25339
25341
25343
25345
25347
25349
25351
25352
25354
25356
25358
25359
25361
25363
25365
25367
25368
25370
25372
25374
25376
25377
25379
25381
25383
25384
25386
25388
25390
25392
25393
25395
25397
25399
25401
25401
25402
25402
25403
25403
25404
25404
25405
25405
25406
25406
25407
25407
25408
25408
25409
25409
25410
25410
25411
25411
25412
25412
25413
25413
25414
25414
25415
25415
25416
25416
25417
25417
25418
25418
25419
25419
25420
25420
25421
25421
25422
25422
25423
25423
25424
25424
25425
25425
25426
25426
25427
25427
25428
25428
25429
25429
25430
25430
25431
25431
25432
25432
25433
25433
25434
25434
25435
25435
25436
25436
25437
25437
25438
25438
25439
25439
25440
25440
25441
25441
25442
25442
25443
25443
25444
25444
25445
25445
25446
25446
25447
25447
25448
25448
25449
25449
25450
25450
25451
25452
25453
25454
25455
25456
25457
25458
25460
25461
25462
25463
25464
25465
25466
25468
25469
25470
25471
25472
25473
25474
25476
25477
25478
25479
25480
25481
25482
25483
25485
25486
25487
25488
25489
25490
25491
25493
25494
25495
25496
25497
25498
25499
25501
25503
25505
25507
25509
25511
25513
25515
25517
25519
25521
25523
25525
25527
25529
25531
25533
25535
25537
25539
25541
25543
25545
25547
25549
25551
25551
25552
25553
25553
25554
25555
25555
25556
25557
25557
25558
25559
25559
25560
25561
25561
25562
25563
25563
25564
25565
25565
25566
25567
25567
25568
25569
25569
25570
25571
25571
25572
25573
25573
25574
25575
25575
25576
25577
25577
25578
25579
25579
25580
25581
25581
25582
25583
25583
25584
25585
25585
25586
25587
25587
25588
25589
25589
25590
25591
25591
25592
25593
25593
25594
25595
25595
25596
25597
25597
25598
25599
25599
25600
25601
25603
25605
25607
25609
25611
25613
25615
25617
25619
25621
25623
25625
25627
25629
25631
25633
25635
25637
25639
25641
25643
25645
25647
25649
25651
25653
25655
25657
25659
25661
25663
25665
25667
25669
25671
25673
25675
25677
25679
25681
25683
25685
25687
25689
25691
25693
25695
25697
25699
25701
25701
25702
25702
25703
25703
25704
25704
25705
25705
25706
25706
25707
25707
25708
25708
25709
25709
25710
25710
25711
25711
25712
25712
25713
25713
25714
25714
25715
25715
25716
25716
25717
25717
25718
25718
25719
25719
25720
25720
25721
25721
25722
25722
25723
25723
25724
25724
25725
25725
25726
25726
25727
25727
25728
25728
25729
25729
25730
25730
25731
25731
25732
25732
25733
25733
25734
25734
25735
25735
25736
25736
25737
25737
25738
25738
25739
25739
25740
25740
25741
25741
25742
25742
25743
25743
25744
25744
25745
25745
25746
25746
25747
25747
25748
25748
25749
25749
25750
25750
25751
25752
25754
25755
25757
25759
25760
25762
25763
25765
25767
25768
25770
25771
25773
25775
25776
25778
25780
25781
25783
25784
25786
25788
25789
25791
25792
25794
25796
25797
25799
25801
25803
25805
25807
25809
25811
25813
25815
25817
25819
25821
25823
25825
25827
25829
25831
25833
25835
25837
25839
25841
25843
25845
25847
25849
25851
25851
25852
25852
25853
25853
25854
25854
25855
25855
25856
25856
25857
25857
25858
25858
25859
25859
25860
25860
25861
25861
25862
25862
25863
25863
25864
25864
25865
25865
25866
25866
25867
25867
25868
25868
25869
25869
25870
25870
25871
25871
25872
25872
25873
25873
25874
25874
25875
25875
25876
25876
25877
25877
25878
25878
25879
25879
25880
25880
25881
25881
25882
25882
25883
25883
25884
25884
25885
25885
25886
25886
25887
25887
25888
25888
25889
25889
25890
25890
25891
25891
25892
25892
25893
25893
25894
25894
25895
25895
25896
25896
25897
25897
25898
25898
25899
25899
25900
25900
25901
25901
25902
25902
25903
25903
25904
25904
25905
25905
25906
25906
25907
25907
25908
25908
25909
25909
25910
25910
25911
25911
25912
25912
25913
25913
25914
25914
25915
25915
25916
25916
25917
25917
25918
25918
25919
25919
25920
25920
25921
25921
25922
25922
25923
25923
25924
25924
25925
25925
25926
25926
25927
25927
25928
25928
25929
25929
25930
25930
25931
25931
25932
25932
25933
25933
25934
25934
25935
25935
25936
25936
25937
25937
25938
25938
25939
25939
25940
25940
25941
25941
25942
25942
25943
25943
25944
25944
25945
25945
25946
25946
25947
25947
25948
25948
25949
25949
25950
25950
25951
25953
25955
25957
25959
25961
25963
25965
25967
25969
25971
25973
25975
25977
25979
25981
25983
25985
25987
25989
25991
25993
25995
25997
25999
26001
26001
26002
26002
26003
26003
26004
26004
26005
26005
26006
26006
26007
26007
26008
26008
26009
26009
26010
26010
26011
26011
26012
26012
26013
26013
26014
26014
26015
26015
26016
26016
26017
26017
26018
26018
26019
26019
26020
26020
26021
26021
26022
26022
26023
26023
26024
26024
26025
26025
26026
26026
26027
26027
26028
26028
26029
26029
26030
26030
26031
26031
26032
26032
26033
26033
26034
26034
26035
26035
26036
26036
26037
26037
26038
26038
26039
26039
26040
26040
26041
26041
26042
26042
26043
26043
26044
26044
26045
26045
26046
26046
26047
26047
26048
26048
26049
26049
26050
26050
26051
26051
26052
26053
26054
26054
26055
26056
26057
26057
26058
26059
26060
26060
26061
26062
26063
26063
26064
26065
26066
26066
26067
26068
26069
26069
26070
26071
26072
26072
26073
26074
26075
26076
26076
26077
26078
26079
26079
26080
26081
26082
26082
26083
26084
26085
26085
26086
26087
26088
26088
26089
26090
26091
26091
26092
26093
26094
26094
26095
26096
26097
26097
26098
26099
26100
26101
26101
26102
26102
26103
26103
26104
26104
26105
26105
26106
26106
26107
26107
26108
26108
26109
26109
26110
26110
26111
26111
26112
26112
26113
26113
26114
26114
26115
26115
26116
26116
26117
26117
26118
26118
26119
26119
26120
26120
26121
26121
26122
26122
26123
26123
26124
26124
26125
26125
26126
26126
26127
26127
26128
26128
26129
26129
26130
26130
26131
26131
26132
26132
26133
26133
26134
26134
26135
26135
26136
26136
26137
26137
26138
26138
26139
26139
26140
26140
26141
26141
26142
26142
26143
26143
26144
26144
26145
26145
26146
26146
26147
26147
26148
26148
26149
26149
26150
26150
26151
26152
26153
26154
26155
26156
26157
26159
26160
26161
26162
26163
26164
26166
26167
26168
26169
26170
26171
26173
26174
26175
26176
26177
26178
26180
26181
26182
26183
26184
26185
26187
26188
26189
26190
26191
26192
26194
26195
26196
26197
26198
26199
26201
26202
26204
26206
26207
26209
26211
26213
26214
26216
26218
26219
26221
26223
26225
26226
26228
26230
26232
26233
26235
26237
26238
26240
26242
26244
26245
26247
26249
26251
26251
26252
26252
26253
26253
26254
26254
26255
26255
26256
26256
26257
26257
26258
26258
26259
26259
26260
26260
26261
26261
26262
26262
26263
26263
26264
26264
26265
26265
26266
26266
26267
26267
26268
26268
26269
26269
26270
26270
26271
26271
26272
26272
26273
26273
26274
26274
26275
26275
26276
26276
26277
26277
26278
26278
26279
26279
26280
26280
26281
26281
26282
26282
26283
26283
26284
26284
26285
26285
26286
26286
26287
26287
26288
26288
26289
26289
26290
26290
26291
26291
26292
26292
26293
26293
26294
26294
26295
26295
26296
26296
26297
26297
26298
26298
26299
26299
26300
26300
26301
26301
26302
26302
26303
26304
26304
26305
26306
26306
26307
26307
26308
26309
26309
26310
26311
26311
26312
26312
26313
26314
26314
26315
26316
26316
26317
26317
26318
26319
26319
26320
26321
26321
26322
26322
26323
26324
26324
26325
26326
26326
26327
26327
26328
26329
26329
26330
26331
26331
26332
26332
26333
26334
26334
26335
26336
26336
26337
26337
26338
26339
26339
26340
26341
26341
26342
26342
26343
26344
26344
26345
26346
26346
26347
26347
26348
26349
26349
26350
26351
26351
26352
26353
26354
26355
26356
26357
26357
26358
26359
26360
26361
26362
26363
26363
26364
26365
26366
26367
26368
26369
26369
26370
26371
26372
26373
26374
26375
26376
26376
26377
26378
26379
26380
26381
26382
26382
26383
26384
26385
26386
26387
26388
26388
26389
26390
26391
26392
26393
26394
26394
26395
26396
26397
26398
26399
26400
26401
26401
26402
26403
26403
26404
26405
26405
26406
26407
26408
26408
26409
26410
26410
26411
26412
26412
26413
26414
26415
26415
26416
26417
26417
26418
26419
26420
26420
26421
26422
26422
26423
26424
26424
26425
26426
26427
26427
26428
26429
26429
26430
26431
26431
26432
26433
26434
26434
26435
26436
26436
26437
26438
26439
26439
26440
26441
26441
26442
26443
26443
26444
26445
26446
26446
26447
26448
26448
26449
26450
26451
26451
26452
26452
26453
26453
26454
26454
26455
26455
26456
26456
26457
26457
26458
26458
26459
26459
26460
26460
26461
26461
26462
26462
26463
26463
26464
26464
26465
26465
26466
26466
26467
26467
26468
26468
26469
26469
26470
26470
26471
26471
26472
26472
26473
26473
26474
26474
26475
26475
26476
26476
26477
26477
26478
26478
26479
26479
26480
26480
26481
26481
26482
26482
26483
26483
26484
26484
26485
26485
26486
26486
26487
26487
26488
26488
26489
26489
26490
26490
26491
26491
26492
26492
26493
26493
26494
26494
26495
26495
26496
26496
26497
26497
26498
26498
26499
26499
26500
26500
26501
26501
26502
26502
26503
26503
26504
26504
26505
26505
26506
26506
26507
26507
26508
26508
26509
26509
26510
26510
26511
26511
26512
26512
26513
26513
26514
26514
26515
26515
26516
26516
26517
26517
26518
26518
26519
26519
26520
26520
26521
26521
26522
26522
26523
26523
26524
26524
26525
26525
26526
26526
26527
26527
26528
26528
26529
26529
26530
26530
26531
26531
26532
26532
26533
26533
26534
26534
26535
26535
26536
26536
26537
26537
26538
26538
26539
26539
26540
26540
26541
26541
26542
26542
26543
26543
26544
26544
26545
26545
26546
26546
26547
26547
26548
26548
26549
26549
26550
26550
26551
26551
26552
26552
26553
26553
26554
26554
26555
26555
26556
26556
26557
26557
26558
26558
26559
26559
26560
26560
26561
26561
26562
26562
26563
26563
26564
26564
26565
26565
26566
26566
26567
26567
26568
26568
26569
26569
26570
26570
26571
26571
26572
26572
26573
26573
26574
26574
26575
26575
26576
26576
26577
26577
26578
26578
26579
26579
26580
26580
26581
26581
26582
26582
26583
26583
26584
26584
26585
26585
26586
26586
26587
26587
26588
26588
26589
26589
26590
26590
26591
26591
26592
26592
26593
26593
26594
26594
26595
26595
26596
26596
26597
26597
26598
26598
26599
26599
26600
26600
26601
26603
26605
26607
26609
26611
26613
26615
26617
26619
26621
26623
26625
26627
26629
26631
26633
26635
26637
26639
26641
26643
26645
26647
26649
26651
26653
26655
26657
26659
26661
26663
26665
26667
26669
26671
26673
26675
26677
26679
26681
26683
26685
26687
26689
26691
26693
26695
26697
26699
26701
26701
26702
26702
26703
26703
26704
26704
26705
26705
26706
26706
26707
26707
26708
26708
26709
26709
26710
26710
26711
26711
26712
26712
26713
26713
26714
26714
26715
26715
26716
26716
26717
26717
26718
26718
26719
26719
26720
26720
26721
26721
26722
26722
26723
26723
26724
26724
26725
26725
26726
26726
26727
26727
26728
26728
26729
26729
26730
26730
26731
26731
26732
26732
26733
26733
26734
26734
26735
26735
26736
26736
26737
26737
26738
26738
26739
26739
26740
26740
26741
26741
26742
26742
26743
26743
26744
26744
26745
26745
26746
26746
26747
26747
26748
26748
26749
26749
26750
26750
26751
26753
26755
26757
26759
26761
26763
26765
26767
26769
26771
26773
26775
26777
26779
26781
26783
26785
26787
26789
26791
26793
26795
26797
26799
26801
26801
26802
26802
26803
26804
26804
26805
26806
26806
26807
26808
26808
26809
26810
26810
26811
26812
26812
26813
26814
26814
26815
26816
26816
26817
26818
26818
26819
26820
26820
26821
26822
26822
26823
26824
26824
26825
26826
26826
26827
26827
26828
26829
26829
26830
26831
26831
26832
26833
26833
26834
26835
26835
26836
26837
26837
26838
26839
26839
26840
26841
26841
26842
26843
26843
26844
26845
26845
26846
26847
26847
26848
26849
26849
26850
26851
26851
26852
26852
26853
26853
26854
26854
26855
26855
26856
26856
26857
26857
26858
26858
26859
26859
26860
26860
26861
26861
26862
26862
26863
26863
26864
26864
26865
26865
26866
26866
26867
26867
26868
26868
26869
26869
26870
26870
26871
26871
26872
26872
26873
26873
26874
26874
26875
26875
26876
26876
26877
26877
26878
26878
26879
26879
26880
26880
26881
26881
26882
26882
26883
26883
26884
26884
26885
26885
26886
26886
26887
26887
26888
26888
26889
26889
26890
26890
26891
26891
26892
26892
26893
26893
26894
26894
26895
26895
26896
26896
26897
26897
26898
26898
26899
26899
26900
26900
26901
26903
26905
26907
26909
26911
26913
26915
26917
26919
26921
26923
26925
26927
26929
26931
26933
26935
26937
26939
26941
26943
26945
26947
26949
26951
26951
26952
26953
26953
26954
26955
26955
26956
26957
26958
26958
26959
26960
26960
26961
26962
26962
26963
26964
26965
26965
26966
26967
26967
26968
26969
26970
26970
26971
26972
26972
26973
26974
26974
26975
26976
26977
26977
26978
26979
26979
26980
26981
26981
26982
26983
26984
26984
26985
26986
26986
26987
26988
26989
26989
26990
26991
26991
26992
26993
26993
26994
26995
26996
26996
26997
26998
26998
26999
27000
27001
27003
27005
27007
27009
27011
27013
27015
27017
27019
27021
27023
27025
27027
27029
27031
27033
27035
27037
27039
27041
27043
27045
27047
27049
27051
27052
27053
27054
27055
27056
27057
27058
27059
27060
27061
27062
27063
27064
27065
27066
27068
27069
27070
27071
27072
27073
27074
27075
27076
27077
27078
27079
27080
27081
27082
27083
27085
27086
27087
27088
27089
27090
27091
27092
27093
27094
27095
27096
27097
27098
27099
27101
27103
27105
27107
27109
27111
27113
27115
27117
27119
27121
27123
27125
27127
27129
27131
27133
27135
27137
27139
27141
27143
27145
27147
27149
27151
27151
27152
27152
27153
27153
27154
27154
27155
27155
27156
27156
27157
27157
27158
27158
27159
27159
27160
27160
27161
27161
27162
27162
27163
27163
27164
27164
27165
27165
27166
27166
27167
27167
27168
27168
27169
27169
27170
27170
27171
27171
27172
27172
27173
27173
27174
27174
27175
27175
27176
27176
27177
27177
27178
27178
27179
27179
27180
27180
27181
27181
27182
27182
27183
27183
27184
27184
27185
27185
27186
27186
27187
27187
27188
27188
27189
27189
27190
27190
27191
27191
27192
27192
27193
27193
27194
27194
27195
27195
27196
27196
27197
27197
27198
27198
27199
27199
27200
27200
27201
27203
27205
27207
27209
27211
27213
27215
27217
27219
27221
27223
27225
27227
27229
27231
27233
27235
27237
27239
27241
27243
27245
27247
27249
27251
27253
27255
27257
27259
27261
27263
27265
27267
27269
27271
27273
27275
27277
27279
27281
27283
27285
27287
27289
27291
27293
27295
27297
27299
27301
27301
27302
27303
27304
27305
27306
27307
27308
27308
27309
27310
27311
27312
27313
27314
27315
27315
27316
27317
27318
27319
27320
27321
27322
27322
27323
27324
27325
27326
27327
27328
27329
27329
27330
27331
27332
27333
27334
27335
27336
27336
27337
27338
27339
27340
27341
27342
27343
27343
27344
27345
27346
27347
27348
27349
27350
27351
27353
27355
27357
27359
27361
27363
27365
27367
27369
27371
27373
27375
27377
27379
27381
27383
27385
27387
27389
27391
27393
27395
27397
27399
27401
27403
27405
27407
27409
27411
27413
27415
27417
27419
27421
27423
27425
27427
27429
27431
27433
27435
27437
27439
27441
27443
27445
27447
27449
27451
27451
27452
27452
27453
27453
27454
27454
27455
27455
27456
27456
27457
27457
27458
27458
27459
27459
27460
27460
27461
27461
27462
27462
27463
27463
27464
27464
27465
27465
27466
27466
27467
27467
27468
27468
27469
27469
27470
27470
27471
27471
27472
27472
27473
27473
27474
27474
27475
27475
27476
27476
27477
27477
27478
27478
27479
27479
27480
27480
27481
27481
27482
27482
27483
27483
27484
27484
27485
27485
27486
27486
27487
27487
27488
27488
27489
27489
27490
27490
27491
27491
27492
27492
27493
27493
27494
27494
27495
27495
27496
27496
27497
27497
27498
27498
27499
27499
27500
27500
27501
27503
27505
27507
27509
27511
27513
27515
27517
27519
27521
27523
27525
27527
27529
27531
27533
27535
27537
27539
27541
27543
27545
27547
27549
27551
27553
27555
27557
27559
27561
27563
27565
27567
27569
27571
27573
27575
27577
27579
27581
27583
27585
27587
27589
27591
27593
27595
27597
27599
27601
27603
27605
27607
27609
27611
27613
27615
27617
27619
27621
27623
27625
27627
27629
27631
27633
27635
27637
27639
27641
27643
27645
27647
27649
27651
27653
27655
27657
27659
27661
27663
27665
27667
27669
27671
27673
27675
27677
27679
27681
27683
27685
27687
27689
27691
27693
27695
27697
27699
27701
27703
27705
27707
27709
27711
27713
27715
27717
27719
27721
27723
27725
27727
27729
27731
27733
27735
27737
27739
27741
27743
27745
27747
27749
27751
27753
27755
27757
27759
27761
27763
27765
27767
27769
27771
27773
27775
27777
27779
27781
27783
27785
27787
27789
27791
27793
27795
27797
27799
27801
27803
27805
27807
27809
27811
27813
27815
27817
27819
27821
27823
27825
27827
27829
27831
27833
27835
27837
27839
27841
27843
27845
27847
27849
27851
27853
27855
27857
27859
27861
27863
27865
27867
27869
27871
27873
27875
27877
27879
27881
27883
27885
27887
27889
27891
27893
27895
27897
27899
27901
27902
27903
27904
27905
27906
27907
27909
27910
27911
27912
27913
27914
27916
27917
27918
27919
27920
27921
27923
27924
27925
27926
27927
27928
27930
27931
27932
27933
27934
27935
27937
27938
27939
27940
27941
27942
27944
27945
27946
27947
27948
27949
27951
27953
27955
27957
27959
27961
27963
27965
27967
27969
27971
27973
27975
27977
27979
27981
27983
27985
27987
27989
27991
27993
27995
27997
27999
28001
28001
28002
28002
28003
28003
28004
28004
28005
28005
28006
28006
28007
28007
28008
28008
28009
28009
28010
28010
28011
28011
28012
28012
28013
28013
28014
28014
28015
28015
28016
28016
28017
28017
28018
28018
28019
28019
28020
28020
28021
28021
28022
28022
28023
28023
28024
28024
28025
28025
28026
28026
28027
28027
28028
28028
28029
28029
28030
28030
28031
28031
28032
28032
28033
28033
28034
28034
28035
28035
28036
28036
28037
28037
28038
28038
28039
28039
28040
28040
28041
28041
28042
28042
28043
28043
28044
28044
28045
28045
28046
28046
28047
28047
28048
28048
28049
28049
28050
28050
28051
28053
28055
28057
28059
28061
28063
28065
28067
28069
28071
28073
28075
28077
28079
28081
28083
28085
28087
28089
28091
28093
28095
28097
28099
28101
28103
28105
28107
28109
28111
28113
28115
28117
28119
28121
28123
28125
28127
28129
28131
28133
28135
28137
28139
28141
28143
28145
28147
28149
28151
28153
28155
28157
28159
28161
28163
28165
28167
28169
28171
28173
28175
28177
28179
28181
28183
28185
28187
28189
28191
28193
28195
28197
28199
28201
28203
28205
28207
28209
28211
28213
28215
28217
28219
28221
28223
28225
28227
28229
28231
28233
28235
28237
28239
28241
28243
28245
28247
28249
28251
28253
28255
28257
28259
28261
28263
28265
28267
28269
28271
28273
28275
28277
28279
28281
28283
28285
28287
28289
28291
28293
28295
28297
28299
28301
28301
28302
28302
28303
28303
28304
28304
28305
28305
28306
28307
28307
28308
28308
28309
28309
28310
28310
28311
28311
28312
28313
28313
28314
28314
28315
28315
28316
28316
28317
28318
28318
28319
28319
28320
28320
28321
28321
28322
28322
28323
28324
28324
28325
28325
28326
28326
28327
28327
28328
28329
28329
28330
28330
28331
28331
28332
28332
28333
28333
28334
28335
28335
28336
28336
28337
28337
28338
28338
28339
28340
28340
28341
28341
28342
28342
28343
28343
28344
28344
28345
28346
28346
28347
28347
28348
28348
28349
28349
28350
28351
28353
28355
28357
28359
28361
28363
28365
28367
28369
28371
28373
28375
28377
28379
28381
28383
28385
28387
28389
28391
28393
28395
28397
28399
28401
28403
28405
28407
28409
28411
28413
28415
28417
28419
28421
28423
28425
28427
28429
28431
28433
28435
28437
28439
28441
28443
28445
28447
28449
28451
28453
28455
28457
28459
28461
28463
28465
28467
28469
28471
28473
28475
28477
28479
28481
28483
28485
28487
28489
28491
28493
28495
28497
28499
28501
28503
28505
28507
28509
28511
28513
28515
28517
28519
28521
28523
28525
28527
28529
28531
28533
28535
28537
28539
28541
28543
28545
28547
28549
28551
28553
28555
28557
28559
28561
28563
28565
28567
28569
28571
28573
28575
28577
28579
28581
28583
28585
28587
28589
28591
28593
28595
28597
28599
28601
28603
28605
28607
28609
28611
28613
28615
28617
28619
28621
28623
28625
28627
28629
28631
28633
28635
28637
28639
28641
28643
28645
28647
28649
28651
28651
28652
28652
28653
28653
28654
28654
28655
28655
28656
28656
28657
28657
28658
28658
28659
28659
28660
28660
28661
28661
28662
28662
28663
28663
28664
28664
28665
28665
28666
28666
28667
28667
28668
28668
28669
28669
28670
28670
28671
28671
28672
28672
28673
28673
28674
28674
28675
28675
28676
28676
28677
28677
28678
28678
28679
28679
28680
28680
28681
28681
28682
28682
28683
28683
28684
28684
28685
28685
28686
28686
28687
28687
28688
28688
28689
28689
28690
28690
28691
28691
28692
28692
28693
28693
28694
28694
28695
28695
28696
28696
28697
28697
28698
28698
28699
28699
28700
28700
28701
28703
28705
28707
28709
28711
28713
28715
28717
28719
28721
28723
28725
28727
28729
28731
28733
28735
28737
28739
28741
28743
28745
28747
28749
28751
28752
28754
28756
28757
28759
28761
28762
28764
28766
28767
28769
28771
28772
28774
28776
28777
28779
28781
28782
28784
28786
28787
28789
28791
28792
28794
28796
28797
28799
28801
28801
28802
28802
28803
28803
28804
28804
28805
28805
28806
28806
28807
28807
28808
28808
28809
28809
28810
28810
28811
28811
28812
28812
28813
28813
28814
28814
28815
28815
28816
28816
28817
28817
28818
28818
28819
28819
28820
28820
28821
28821
28822
28822
28823
28823
28824
28824
28825
28825
28826
28826
28827
28827
28828
28828
28829
28829
28830
28830
28831
28831
28832
28832
28833
28833
28834
28834
28835
28835
28836
28836
28837
28837
28838
28838
28839
28839
28840
28840
28841
28841
28842
28842
28843
28843
28844
28844
28845
28845
28846
28846
28847
28847
28848
28848
28849
28849
28850
28850
28851
28853
28855
28857
28859
28861
28863
28865
28867
28869
28871
28873
28875
28877
28879
28881
28883
28885
28887
28889
28891
28893
28895
28897
28899
28901
28901
28902
28902
28903
28903
28904
28904
28905
28906
28906
28907
28907
28908
28908
28909
28909
28910
28911
28911
28912
28912
28913
28913
28914
28915
28915
28916
28916
28917
28917
28918
28918
28919
28920
28920
28921
28921
28922
28922
28923
28924
28924
28925
28925
28926
28926
28927
28927
28928
28929
28929
28930
28930
28931
28931
28932
28933
28933
28934
28934
28935
28935
28936
28936
28937
28938
28938
28939
28939
28940
28940
28941
28942
28942
28943
28943
28944
28944
28945
28945
28946
28947
28947
28948
28948
28949
28949
28950
28951
28952
28953
28955
28956
28957
28959
28960
28962
28963
28964
28966
28967
28969
28970
28971
28973
28974
28976
28977
28978
28980
28981
28982
28984
28985
28987
28988
28989
28991
28992
28994
28995
28996
28998
28999
29001
29003
29005
29007
29009
29011
29013
29015
29017
29019
29021
29023
29025
29027
29029
29031
29033
29035
29037
29039
29041
29043
29045
29047
29049
29051
29051
29052
29053
29053
29054
29055
29055
29056
29057
29058
29058
29059
29060
29060
29061
29062
29062
29063
29064
29065
29065
29066
29067
29067
29068
29069
29070
29070
29071
29072
29072
29073
29074
29074
29075
29076
29077
29077
29078
29079
29079
29080
29081
29081
29082
29083
29084
29084
29085
29086
29086
29087
29088
29089
29089
29090
29091
29091
29092
29093
29093
29094
29095
29096
29096
29097
29098
29098
29099
29100
29101
29103
29105
29107
29109
29111
29113
29115
29117
29119
29121
29123
29125
29127
29129
29131
29133
29135
29137
29139
29141
29143
29145
29147
29149
29151
29152
29154
29156
29158
29160
29162
29163
29165
29167
29169
29171
29173
29175
29176
29178
29180
29182
29184
29186
29188
29189
29191
29193
29195
29197
29199
29201
29201
29202
29203
29204
29204
29205
29206
29207
29208
29208
29209
29210
29211
29211
29212
29213
29214
29215
29215
29216
29217
29218
29218
29219
29220
29221
29222
29222
29223
29224
29225
29226
29226
29227
29228
29229
29229
29230
29231
29232
29233
29233
29234
29235
29236
29236
29237
29238
29239
29240
29240
29241
29242
29243
29243
29244
29245
29246
29247
29247
29248
29249
29250
29251
29253
29255
29257
29259
29261
29263
29265
29267
29269
29271
29273
29275
29277
29279
29281
29283
29285
29287
29289
29291
29293
29295
29297
29299
29301
29303
29305
29307
29309
29311
29313
29315
29317
29319
29321
29323
29325
29327
29329
29331
29333
29335
29337
29339
29341
29343
29345
29347
29349
29351
29351
29352
29352
29353
29353
29354
29354
29355
29355
29356
29356
29357
29357
29358
29358
29359
29359
29360
29360
29361
29361
29362
29362
29363
29363
29364
29364
29365
29365
29366
29366
29367
29367
29368
29368
29369
29369
29370
29370
29371
29371
29372
29372
29373
29373
29374
29374
29375
29375
29376
29376
29377
29377
29378
29378
29379
29379
29380
29380
29381
29381
29382
29382
29383
29383
29384
29384
29385
29385
29386
29386
29387
29387
29388
29388
29389
29389
29390
29390
29391
29391
29392
29392
29393
29393
29394
29394
29395
29395
29396
29396
29397
29397
29398
29398
29399
29399
29400
29400
29401
29403
29405
29407
29409
29411
29413
29415
29417
29419
29421
29423
29425
29427
29429
29431
29433
29435
29437
29439
29441
29443
29445
29447
29449
29451
29453
29455
29457
29459
29461
29463
29465
29467
29469
29471
29473
29475
29477
29479
29481
29483
29485
29487
29489
29491
29493
29495
29497
29499
29501
29501
29502
29503
29503
29504
29505
29506
29506
29507
29508
29509
29509
29510
29511
29512
29512
29513
29514
29514
29515
29516
29517
29517
29518
29519
29520
29520
29521
29522
29523
29523
29524
29525
29526
29526
29527
29528
29528
29529
29530
29531
29531
29532
29533
29534
29534
29535
29536
29537
29537
29538
29539
29539
29540
29541
29542
29542
29543
29544
29545
29545
29546
29547
29548
29548
29549
29550
29551
29553
29555
29557
29559
29561
29563
29565
29567
29569
29571
29573
29575
29577
29579
29581
29583
29585
29587
29589
29591
29593
29595
29597
29599
29601
29603
29605
29607
29609
29611
29613
29615
29617
29619
29621
29623
29625
29627
29629
29631
29633
29635
29637
29639
29641
29643
29645
29647
29649
29651
29651
29652
29652
29653
29653
29654
29654
29655
29655
29656
29656
29657
29657
29658
29658
29659
29659
29660
29660
29661
29661
29662
29662
29663
29663
29664
29664
29665
29665
29666
29666
29667
29667
29668
29668
29669
29669
29670
29670
29671
29671
29672
29672
29673
29673
29674
29674
29675
29675
29676
29676
29677
29677
29678
29678
29679
29679
29680
29680
29681
29681
29682
29682
29683
29683
29684
29684
29685
29685
29686
29686
29687
29687
29688
29688
29689
29689
29690
29690
29691
29691
29692
29692
29693
29693
29694
29694
29695
29695
29696
29696
29697
29697
29698
29698
29699
29699
29700
29700
29701
29703
29705
29707
29709
29711
29713
29715
29717
29719
29721
29723
29725
29727
29729
29731
29733
29735
29737
29739
29741
29743
29745
29747
29749
29751
29752
29753
29755
29756
29757
29759
29760
29761
29763
29764
29765
29767
29768
29769
29771
29772
29773
29775
29776
29778
29779
29780
29782
29783
29784
29786
29787
29788
29790
29791
29792
29794
29795
29796
29798
29799
29801
29803
29805
29807
29809
29811
29813
29815
29817
29819
29821
29823
29825
29827
29829
29831
29833
29835
29837
29839
29841
29843
29845
29847
29849
29851
29853
29855
29857
29859
29861
29863
29865
29867
29869
29871
29873
29875
29877
29879
29881
29883
29885
29887
29889
29891
29893
29895
29897
29899
29901
29903
29905
29907
29909
29911
29913
29915
29917
29919
29921
29923
29925
29927
29929
29931
29933
29935
29937
29939
29941
29943
29945
29947
29949
29951
29952
29954
29955
29957
29958
29960
29961
29963
29965
29966
29968
29969
29971
29972
29974
29976
29977
29979
29980
29982
29983
29985
29986
29988
29990
29991
29993
29994
29996
29997
29999
30001
30003
30005
30007
30009
30011
30013
30015
30017
30019
30021
30023
30025
30027
30029
30031
30033
30035
30037
30039
30041
30043
30045
30047
30049
30051
30051
30052
30052
30053
30053
30054
30054
30055
30055
30056
30056
30057
30057
30058
30058
30059
30059
30060
30060
30061
30061
30062
30062
30063
30063
30064
30064
30065
30065
30066
30066
30067
30067
30068
30068
30069
30069
30070
30070
30071
30071
30072
30072
30073
30073
30074
30074
30075
30075
30076
30076
30077
30077
30078
30078
30079
30079
30080
30080
30081
30081
30082
30082
30083
30083
30084
30084
30085
30085
30086
30086
30087
30087
30088
30088
30089
30089
30090
30090
30091
30091
30092
30092
30093
30093
30094
30094
30095
30095
30096
30096
30097
30097
30098
30098
30099
30099
30100
30100
30101
30103
30105
30107
30109
30111
30113
30115
30117
30119
30121
30123
30125
30127
30129
30131
30133
30135
30137
30139
30141
30143
30145
30147
30149
30151
30153
30155
30157
30159
30161
30163
30165
30167
30169
30171
30173
30175
30177
30179
30181
30183
30185
30187
30189
30191
30193
30195
30197
30199
30201
30203
30205
30207
30209
30211
30213
30215
30217
30219
30221
30223
30225
30227
30229
30231
30233
30235
30237
30239
30241
30243
30245
30247
30249
30251
30253
30255
30257
30259
30261
30263
30265
30267
30269
30271
30273
30275
30277
30279
30281
30283
30285
30287
30289
30291
30293
30295
30297
30299
30301
30303
30305
30307
30309
30311
30313
30315
30317
30319
30321
30323
30325
30327
30329
30331
30333
30335
30337
30339
30341
30343
30345
30347
30349
30351
30351
30352
30352
30353
30353
30354
30354
30355
30355
30356
30356
30357
30357
30358
30358
30359
30359
30360
30360
30361
30361
30362
30362
30363
30363
30364
30364
30365
30365
30366
30366
30367
30367
30368
30368
30369
30369
30370
30370
30371
30371
30372
30372
30373
30373
30374
30374
30375
30375
30376
30376
30377
30377
30378
30378
30379
30379
30380
30380
30381
30381
30382
30382
30383
30383
30384
30384
30385
30385
30386
30386
30387
30387
30388
30388
30389
30389
30390
30390
30391
30391
30392
30392
30393
30393
30394
30394
30395
30395
30396
30396
30397
30397
30398
30398
30399
30399
30400
30400
30401
30403
30405
30407
30409
30411
30413
30415
30417
30419
30421
30423
30425
30427
30429
30431
30433
30435
30437
30439
30441
30443
30445
30447
30449
30451
30453
30455
30457
30459
30461
30463
30465
30467
30469
30471
30473
30475
30477
30479
30481
30483
30485
30487
30489
30491
30493
30495
30497
30499
30501
30501
30502
30503
30504
30505
30506
30507
30507
30508
30509
30510
30511
30512
30513
30513
30514
30515
30516
30517
30518
30519
30519
30520
30521
30522
30523
30524
30525
30526
30526
30527
30528
30529
30530
30531
30532
30532
30533
30534
30535
30536
30537
30538
30538
30539
30540
30541
30542
30543
30544
30544
30545
30546
30547
30548
30549
30550
30551
30553
30555
30557
30559
30561
30563
30565
30567
30569
30571
30573
30575
30577
30579
30581
30583
30585
30587
30589
30591
30593
30595
30597
30599
30601
30603
30605
30607
30609
30611
30613
30615
30617
30619
30621
30623
30625
30627
30629
30631
30633
30635
30637
30639
30641
30643
30645
30647
30649
30651
30652
30654
30655
30657
30658
30660
30661
30663
30664
30666
30667
30669
30670
30672
30673
30675
30676
30678
30679
30681
30682
30684
30685
30687
30688
30690
30691
30693
30694
30696
30697
30699
30701
30703
30705
30707
30709
30711
30713
30715
30717
30719
30721
30723
30725
30727
30729
30731
30733
30735
30737
30739
30741
30743
30745
30747
30749
30751
30751
30752
30752
30753
30753
30754
30754
30755
30755
30756
30756
30757
30757
30758
30758
30759
30759
30760
30760
30761
30761
30762
30762
30763
30763
30764
30764
30765
30765
30766
30766
30767
30767
30768
30768
30769
30769
30770
30770
30771
30771
30772
30772
30773
30773
30774
30774
30775
30775
30776
30776
30777
30777
30778
30778
30779
30779
30780
30780
30781
30781
30782
30782
30783
30783
30784
30784
30785
30785
30786
30786
30787
30787
30788
30788
30789
30789
30790
30790
30791
30791
30792
30792
30793
30793
30794
30794
30795
30795
30796
30796
30797
30797
30798
30798
30799
30799
30800
30800
30801
30803
30805
30807
30809
30811
30813
30815
30817
30819
30821
30823
30825
30827
30829
30831
30833
30835
30837
30839
30841
30843
30845
30847
30849
30851
30852
30853
30854
30855
30856
30857
30858
30859
30860
30861
30862
30864
30865
30866
30867
30868
30869
30870
30871
30872
30873
30874
30876
30877
30878
30879
30880
30881
30882
30883
30884
30885
30886
30887
30889
30890
30891
30892
30893
30894
30895
30896
30897
30898
30899
30901
30903
30905
30907
30909
30911
30913
30915
30917
30919
30921
30923
30925
30927
30929
30931
30933
30935
30937
30939
30941
30943
30945
30947
30949
30951
30953
30955
30957
30959
30961
30963
30965
30967
30969
30971
30973
30975
30977
30979
30981
30983
30985
30987
30989
30991
30993
30995
30997
30999
31001
31003
31005
31007
31009
31011
31013
31015
31017
31019
31021
31023
31025
31027
31029
31031
31033
31035
31037
31039
31041
31043
31045
31047
31049
31051
31053
31055
31057
31059
31061
31063
31065
31067
31069
31071
31073
31075
31077
31079
31081
31083
31085
31087
31089
31091
31093
31095
31097
31099
31101
31103
31105
31107
31109
31111
31113
31115
31117
31119
31121
31123
31125
31127
31129
31131
31133
31135
31137
31139
31141
31143
31145
31147
31149
31151
31153
31155
31157
31159
31161
31163
31165
31167
31169
31171
31173
31175
31177
31179
31181
31183
31185
31187
31189
31191
31193
31195
31197
31199
31201
31203
31205
31207
31209
31211
31213
31215
31217
31219
31221
31223
31225
31227
31229
31231
31233
31235
31237
31239
31241
31243
31245
31247
31249
31251
31253
31255
31257
31259
31261
31263
31265
31267
31269
31271
31273
31275
31277
31279
31281
31283
31285
31287
31289
31291
31293
31295
31297
31299
31301
31303
31305
31307
31309
31311
31313
31315
31317
31319
31321
31323
31325
31327
31329
31331
31333
31335
31337
31339
31341
31343
31345
31347
31349
31351
31353
31355
31357
31359
31361
31363
31365
31367
31369
31371
31373
31375
31377
31379
31381
31383
31385
31387
31389
31391
31393
31395
31397
31399
31401
31403
31405
31407
31409
31411
31413
31415
31417
31419
31421
31423
31425
31427
31429
31431
31433
31435
31437
31439
31441
31443
31445
31447
31449
31451
31453
31455
31457
31459
31461
31463
31465
31467
31469
31471
31473
31475
31477
31479
31481
31483
31485
31487
31489
31491
31493
31495
31497
31499
31501
31503
31505
31507
31509
31511
31513
31515
31517
31519
31521
31523
31525
31527
31529
31531
31533
31535
31537
31539
31541
31543
31545
31547
31549
31551
31553
31555
31557
31559
31561
31563
31565
31567
31569
31571
31573
31575
31577
31579
31581
31583
31585
31587
31589
31591
31593
31595
31597
31599
31601
31603
31605
31607
31609
31611
31613
31615
31617
31619
31621
31623
31625
31627
31629
31631
31633
31635
31637
31639
31641
31643
31645
31647
31649
31651
31653
31655
31657
31659
31661
31663
31665
31667
31669
31671
31673
31675
31677
31679
31681
31683
31685
31687
31689
31691
31693
31695
31697
31699
31701
31703
31705
31707
31709
31711
31713
31715
31717
31719
31721
31723
31725
31727
31729
31731
31733
31735
31737
31739
31741
31743
31745
31747
31749
31751
31753
31755
31757
31759
31761
31763
31765
31767
31769
31771
31773
31775
31777
31779
31781
31783
31785
31787
31789
31791
31793
31795
31797
31799
31801
31803
31805
31807
31809
31811
31813
31815
31817
31819
31821
31823
31825
31827
31829
31831
31833
31835
31837
31839
31841
31843
31845
31847
31849
31851
31853
31855
31857
31859
31861
31863
31865
31867
31869
31871
31873
31875
31877
31879
31881
31883
31885
31887
31889
31891
31893
31895
31897
31899
31901
31902
31903
31904
31906
31907
31908
31909
31911
31912
31913
31915
31916
31917
31918
31920
31921
31922
31924
31925
31926
31927
31929
31930
31931
31933
31934
31935
31936
31938
31939
31940
31942
31943
31944
31945
31947
31948
31949
31951
31953
31955
31957
31959
31961
31963
31965
31967
31969
31971
31973
31975
31977
31979
31981
31983
31985
31987
31989
31991
31993
31995
31997
31999
32001
32002
32004
32006
32007
32009
32011
32012
32014
32016
32017
32019
32021
32022
32024
32026
32027
32029
32031
32032
32034
32036
32037
32039
32041
32042
32044
32046
32047
32049
32051
32053
32055
32057
32059
32061
32063
32065
32067
32069
32071
32073
32075
32077
32079
32081
32083
32085
32087
32089
32091
32093
32095
32097
32099
32101
32103
32105
32107
32109
32111
32113
32115
32117
32119
32121
32123
32125
32127
32129
32131
32133
32135
32137
32139
32141
32143
32145
32147
32149
32151
32151
32152
32153
32154
32155
32156
32156
32157
32158
32159
32160
32161
32162
32162
32163
32164
32165
32166
32167
32167
32168
32169
32170
32171
32172
32173
32173
32174
32175
32176
32177
32178
32178
32179
32180
32181
32182
32183
32184
32184
32185
32186
32187
32188
32189
32189
32190
32191
32192
32193
32194
32195
32195
32196
32197
32198
32199
32200
32201
32203
32205
32207
32209
32211
32213
32215
32217
32219
32221
32223
32225
32227
32229
32231
32233
32235
32237
32239
32241
32243
32245
32247
32249
32251
32253
32255
32257
32259
32261
32263
32265
32267
32269
32271
32273
32275
32277
32279
32281
32283
32285
32287
32289
32291
32293
32295
32297
32299
32301
32303
32305
32307
32309
32311
32313
32315
32317
32319
32321
32323
32325
32327
32329
32331
32333
32335
32337
32339
32341
32343
32345
32347
32349
32351
32353
32355
32357
32359
32361
32363
32365
32367
32369
32371
32373
32375
32377
32379
32381
32383
32385
32387
32389
32391
32393
32395
32397
32399
32401
32403
32405
32407
32409
32411
32413
32415
32417
32419
32421
32423
32425
32427
32429
32431
32433
32435
32437
32439
32441
32443
32445
32447
32449
32451
32453
32455
32457
32459
32461
32463
32465
32467
32469
32471
32473
32475
32477
32479
32481
32483
32485
32487
32489
32491
32493
32495
32497
32499
32501
32503
32505
32507
32509
32511
32513
32515
32517
32519
32521
32523
32525
32527
32529
32531
32533
32535
32537
32539
32541
32543
32545
32547
32549
32551
32553
32555
32557
32559
32561
32563
32565
32567
32569
32571
32573
32575
32577
32579
32581
32583
32585
32587
32589
32591
32593
32595
32597
32599
32601
32603
32605
32607
32609
32611
32613
32615
32617
32619
32621
32623
32625
32627
32629
32631
32633
32635
32637
32639
32641
32643
32645
32647
32649
32651
32653
32655
32657
32659
32661
32663
32665
32667
32669
32671
32673
32675
32677
32679
32681
32683
32685
32687
32689
32691
32693
32695
32697
32699
32701
32703
32705
32707
32709
32711
32713
32715
32717
32719
32721
32723
32725
32727
32729
32731
32733
32735
32737
32739
32741
32743
32745
32747
32749
32751
32753
32755
32757
32759
32761
32763
32765
32767
32769
32771
32773
32775
32777
32779
32781
32783
32785
32787
32789
32791
32793
32795
32797
32799
32801
32803
32805
32807
32809
32811
32813
32815
32817
32819
32821
32823
32825
32827
32829
32831
32833
32835
32837
32839
32841
32843
32845
32847
32849
32851
32853
32855
32857
32859
32861
32863
32865
32867
32869
32871
32873
32875
32877
32879
32881
32883
32885
32887
32889
32891
32893
32895
32897
32899
32901
32903
32905
32907
32909
32911
32913
32915
32917
32919
32921
32923
32925
32927
32929
32931
32933
32935
32937
32939
32941
32943
32945
32947
32949
32951
32953
32955
32957
32959
32961
32963
32965
32967
32969
32971
32973
32975
32977
32979
32981
32983
32985
32987
32989
32991
32993
32995
32997
32999
33001
33003
33005
33007
33009
33011
33013
33015
33017
33019
33021
33023
33025
33027
33029
33031
33033
33035
33037
33039
33041
33043
33045
33047
33049
33051
33053
33055
33057
33059
33061
33063
33065
33067
33069
33071
33073
33075
33077
33079
33081
33083
33085
33087
33089
33091
33093
33095
33097
33099
33101
33101
33102
33103
33104
33104
33105
33106
33107
33108
33108
33109
33110
33111
33112
33112
33113
33114
33115
33116
33116
33117
33118
33119
33120
33120
33121
33122
33123
33124
33124
33125
33126
33127
33127
33128
33129
33130
33131
33131
33132
33133
33134
33135
33135
33136
33137
33138
33139
33139
33140
33141
33142
33143
33143
33144
33145
33146
33147
33147
33148
33149
33150
33151
33153
33155
33157
33159
33161
33163
33165
33167
33169
33171
33173
33175
33177
33179
33181
33183
33185
33187
33189
33191
33193
33195
33197
33199
33201
33203
33205
33207
33209
33211
33213
33215
33217
33219
33221
33223
33225
33227
33229
33231
33233
33235
33237
33239
33241
33243
33245
33247
33249
33251
33253
33255
33257
33259
33261
33263
33265
33267
33269
33271
33273
33275
33277
33279
33281
33283
33285
33287
33289
33291
33293
33295
33297
33299
33301
33303
33305
33307
33309
33311
33313
33315
33317
33319
33321
33323
33325
33327
33329
33331
33333
33335
33337
33339
33341
33343
33345
33347
33349
33351
33353
33355
33357
33359
33361
33363
33365
33367
33369
33371
33373
33375
33377
33379
33381
33383
33385
33387
33389
33391
33393
33395
33397
33399
33401
33403
33405
33407
33409
33411
33413
33415
33417
33419
33421
33423
33425
33427
33429
33431
33433
33435
33437
33439
33441
33443
33445
33447
33449
33451
33453
33455
33457
33459
33461
33463
33465
33467
33469
33471
33473
33475
33477
33479
33481
33483
33485
33487
33489
33491
33493
33495
33497
33499
33501
33503
33505
33507
33509
33511
33513
33515
33517
33519
33521
33523
33525
33527
33529
33531
33533
33535
33537
33539
33541
33543
33545
33547
33549
33551
33553
33555
33557
33559
33561
33563
33565
33567
33569
33571
33573
33575
33577
33579
33581
33583
33585
33587
33589
33591
33593
33595
33597
33599
33601
33603
33605
33607
33609
33611
33613
33615
33617
33619
33621
33623
33625
33627
33629
33631
33633
33635
33637
33639
33641
33643
33645
33647
33649
33651
33653
33655
33657
33659
33661
33663
33665
33667
33669
33671
33673
33675
33677
33679
33681
33683
33685
33687
33689
33691
33693
33695
33697
33699
33701
33703
33705
33707
33709
33711
33713
33715
33717
33719
33721
33723
33725
33727
33729
33731
33733
33735
33737
33739
33741
33743
33745
33747
33749
33751
33753
33755
33757
33759
33761
33763
33765
33767
33769
33771
33773
33775
33777
33779
33781
33783
33785
33787
33789
33791
33793
33795
33797
33799
33801
33803
33805
33807
33809
33811
33813
33815
33817
33819
33821
33823
33825
33827
33829
33831
33833
33835
33837
33839
33841
33843
33845
33847
33849
33851
33853
33855
33857
33859
33861
33863
33865
33867
33869
33871
33873
33875
33877
33879
33881
33883
33885
33887
33889
33891
33893
33895
33897
33899
33901
33903
33905
33907
33909
33911
33913
33915
33917
33919
33921
33923
33925
33927
33929
33931
33933
33935
33937
33939
33941
33943
33945
33947
33949
33951
33953
33955
33957
33959
33961
33963
33965
33967
33969
33971
33973
33975
33977
33979
33981
33983
33985
33987
33989
33991
33993
33995
33997
33999
34001
34003
34005
34007
34009
34011
34013
34015
34017
34019
34021
34023
34025
34027
34029
34031
34033
34035
34037
34039
34041
34043
34045
34047
34049
34051
34053
34055
34057
34059
34061
34063
34065
34067
34069
34071
34073
34075
34077
34079
34081
34083
34085
34087
34089
34091
34093
34095
34097
34099
34101
34103
34105
34107
34109
34111
34113
34115
34117
34119
34121
34123
34125
34127
34129
34131
34133
34135
34137
34139
34141
34143
34145
34147
34149
34151
34153
34155
34157
34159
34161
34163
34165
34167
34169
34171
34173
34175
34177
34179
34181
34183
34185
34187
34189
34191
34193
34195
34197
34199
34201
34203
34205
34207
34209
34211
34213
34215
34217
34219
34221
34223
34225
34227
34229
34231
34233
34235
34237
34239
34241
34243
34245
34247
34249
34251
34253
34255
34257
34259
34261
34263
34265
34267
34269
34271
34273
34275
34277
34279
34281
34283
34285
34287
34289
34291
34293
34295
34297
34299
34301
34303
34305
34307
34309
34311
34313
34315
34317
34319
34321
34323
34325
34327
34329
34331
34333
34335
34337
34339
34341
34343
34345
34347
34349
34351
34353
34355
34357
34359
34361
34363
34365
34367
34369
34371
34373
34375
34377
34379
34381
34383
34385
34387
34389
34391
34393
34395
34397
34399
34401
34401
34402
34402
34403
34403
34404
34404
34405
34405
34406
34406
34407
34407
34408
34408
34409
34409
34410
34410
34411
34411
34412
34412
34413
34413
34414
34414
34415
34415
34416
34416
34417
34417
34418
34418
34419
34419
34420
34420
34421
34421
34422
34422
34423
34423
34424
34424
34425
34425
34426
34426
34427
34427
34428
34428
34429
34429
34430
34430
34431
34431
34432
34432
34433
34433
34434
34434
34435
34435
34436
34436
34437
34437
34438
34438
34439
34439
34440
34440
34441
34441
34442
34442
34443
34443
34444
34444
34445
34445
34446
34446
34447
34447
34448
34448
34449
34449
34450
34450
34451
34453
34455
34457
34459
34461
34463
34465
34467
34469
34471
34473
34475
34477
34479
34481
34483
34485
34487
34489
34491
34493
34495
34497
34499
34501
34503
34505
34507
34509
34511
34513
34515
34517
34519
34521
34523
34525
34527
34529
34531
34533
34535
34537
34539
34541
34543
34545
34547
34549
34551
34551
34552
34552
34553
34553
34554
34554
34555
34555
34556
34556
34557
34557
34558
34558
34559
34559
34560
34560
34561
34561
34562
34562
34563
34563
34564
34564
34565
34565
34566
34566
34567
34567
34568
34568
34569
34569
34570
34570
34571
34571
34572
34572
34573
34573
34574
34574
34575
34575
34576
34576
34577
34577
34578
34578
34579
34579
34580
34580
34581
34581
34582
34582
34583
34583
34584
34584
34585
34585
34586
34586
34587
34587
34588
34588
34589
34589
34590
34590
34591
34591
34592
34592
34593
34593
34594
34594
34595
34595
34596
34596
34597
34597
34598
34598
34599
34599
34600
34600
34601
34603
34605
34607
34609
34611
34613
34615
34617
34619
34621
34623
34625
34627
34629
34631
34633
34635
34637
34639
34641
34643
34645
34647
34649
34651
34653
34655
34657
34659
34661
34663
34665
34667
34669
34671
34673
34675
34677
34679
34681
34683
34685
34687
34689
34691
34693
34695
34697
34699
34701
34702
34703
34704
34706
34707
34708
34710
34711
34712
34714
34715
34716
34718
34719
34720
34722
34723
34724
34726
34727
34728
34729
34731
34732
34733
34735
34736
34737
34739
34740
34741
34743
34744
34745
34747
34748
34749
34751
34753
34755
34757
34759
34761
34763
34765
34767
34769
34771
34773
34775
34777
34779
34781
34783
34785
34787
34789
34791
34793
34795
34797
34799
34801
34803
34805
34807
34809
34811
34813
34815
34817
34819
34821
34823
34825
34827
34829
34831
34833
34835
34837
34839
34841
34843
34845
34847
34849
34851
34852
34854
34856
34858
34860
34862
34864
34866
34868
34870
34872
34874
34876
34877
34879
34881
34883
34885
34887
34889
34891
34893
34895
34897
34899
34901
34901
34902
34902
34903
34903
34904
34904
34905
34905
34906
34906
34907
34907
34908
34908
34909
34909
34910
34910
34911
34911
34912
34912
34913
34913
34914
34914
34915
34915
34916
34916
34917
34917
34918
34918
34919
34919
34920
34920
34921
34921
34922
34922
34923
34923
34924
34924
34925
34925
34926
34926
34927
34927
34928
34928
34929
34929
34930
34930
34931
34931
34932
34932
34933
34933
34934
34934
34935
34935
34936
34936
34937
34937
34938
34938
34939
34939
34940
34940
34941
34941
34942
34942
34943
34943
34944
34944
34945
34945
34946
34946
34947
34947
34948
34948
34949
34949
34950
34950
34951
34951
34952
34952
34953
34953
34954
34955
34955
34956
34956
34957
34958
34958
34959
34959
34960
34961
34961
34962
34962
34963
34963
34964
34965
34965
34966
34966
34967
34968
34968
34969
34969
34970
34971
34971
34972
34972
34973
34973
34974
34975
34975
34976
34976
34977
34978
34978
34979
34979
34980
34981
34981
34982
34982
34983
34983
34984
34985
34985
34986
34986
34987
34988
34988
34989
34989
34990
34991
34991
34992
34992
34993
34993
34994
34995
34995
34996
34996
34997
34998
34998
34999
34999
35000
35001
35002
35003
35004
35005
35007
35008
35009
35010
35011
35013
35014
35015
35016
35018
35019
35020
35021
35022
35024
35025
35026
35027
35029
35030
35031
35032
35033
35035
35036
35037
35038
35040
35041
35042
35043
35044
35046
35047
35048
35049
35051
35052
35053
35055
35056
35057
35059
35060
35062
35063
35064
35066
35067
35069
35070
35071
35073
35074
35076
35077
35078
35080
35081
35082
35084
35085
35087
35088
35089
35091
35092
35094
35095
35096
35098
35099
35101
35101
35102
35102
35103
35103
35104
35104
35105
35105
35106
35106
35107
35107
35108
35108
35109
35109
35110
35110
35111
35111
35112
35112
35113
35113
35114
35114
35115
35115
35116
35116
35117
35117
35118
35118
35119
35119
35120
35120
35121
35121
35122
35122
35123
35123
35124
35124
35125
35125
35126
35126
35127
35127
35128
35128
35129
35129
35130
35130
35131
35131
35132
35132
35133
35133
35134
35134
35135
35135
35136
35136
35137
35137
35138
35138
35139
35139
35140
35140
35141
35141
35142
35142
35143
35143
35144
35144
35145
35145
35146
35146
35147
35147
35148
35148
35149
35149
35150
35150
35151
35151
35152
35152
35153
35153
35154
35154
35155
35155
35156
35156
35157
35157
35158
35158
35159
35159
35160
35160
35161
35161
35162
35162
35163
35163
35164
35164
35165
35165
35166
35166
35167
35167
35168
35168
35169
35169
35170
35170
35171
35171
35172
35172
35173
35173
35174
35174
35175
35175
35176
35176
35177
35177
35178
35178
35179
35179
35180
35180
35181
35181
35182
35182
35183
35183
35184
35184
35185
35185
35186
35186
35187
35187
35188
35188
35189
35189
35190
35190
35191
35191
35192
35192
35193
35193
35194
35194
35195
35195
35196
35196
35197
35197
35198
35198
35199
35199
35200
35200
35201
35201
35202
35203
35204
35205
35206
35207
35208
35208
35209
35210
35211
35212
35213
35214
35215
35215
35216
35217
35218
35219
35220
35221
35222
35222
35223
35224
35225
35226
35227
35228
35229
35229
35230
35231
35232
35233
35234
35235
35236
35236
35237
35238
35239
35240
35241
35242
35243
35243
35244
35245
35246
35247
35248
35249
35250
35251
35251
35252
35252
35253
35253
35254
35254
35255
35255
35256
35256
35257
35257
35258
35258
35259
35259
35260
35260
35261
35261
35262
35262
35263
35263
35264
35264
35265
35265
35266
35266
35267
35267
35268
35268
35269
35269
35270
35270
35271
35271
35272
35272
35273
35273
35274
35274
35275
35275
35276
35276
35277
35277
35278
35278
35279
35279
35280
35280
35281
35281
35282
35282
35283
35283
35284
35284
35285
35285
35286
35286
35287
35287
35288
35288
35289
35289
35290
35290
35291
35291
35292
35292
35293
35293
35294
35294
35295
35295
35296
35296
35297
35297
35298
35298
35299
35299
35300
35300
35301
35303
35305
35307
35309
35311
35313
35315
35317
35319
35321
35323
35325
35327
35329
35331
35333
35335
35337
35339
35341
35343
35345
35347
35349
35351
35353
35355
35357
35359
35361
35363
35365
35367
35369
35371
35373
35375
35377
35379
35381
35383
35385
35387
35389
35391
35393
35395
35397
35399
35401
35401
35402
35402
35403
35404
35404
35405
35406
35406
35407
35408
35408
35409
35409
35410
35411
35411
35412
35413
35413
35414
35415
35415
35416
35417
35417
35418
35418
35419
35420
35420
35421
35422
35422
35423
35424
35424
35425
35426
35426
35427
35427
35428
35429
35429
35430
35431
35431
35432
35433
35433
35434
35434
35435
35436
35436
35437
35438
35438
35439
35440
35440
35441
35442
35442
35443
35443
35444
35445
35445
35446
35447
35447
35448
35449
35449
35450
35451
35453
35455
35457
35459
35461
35463
35465
35467
35469
35471
35473
35475
35477
35479
35481
35483
35485
35487
35489
35491
35493
35495
35497
35499
35501
35503
35505
35507
35509
35511
35513
35515
35517
35519
35521
35523
35525
35527
35529
35531
35533
35535
35537
35539
35541
35543
35545
35547
35549
35551
35553
35555
35557
35559
35561
35563
35565
35567
35569
35571
35573
35575
35577
35579
35581
35583
35585
35587
35589
35591
35593
35595
35597
35599
35601
35603
35605
35607
35609
35611
35613
35615
35617
35619
35621
35623
35625
35627
35629
35631
35633
35635
35637
35639
35641
35643
35645
35647
35649
35651
35653
35655
35657
35659
35661
35663
35665
35667
35669
35671
35673
35675
35677
35679
35681
35683
35685
35687
35689
35691
35693
35695
35697
35699
35701
35703
35705
35707
35709
35711
35713
35715
35717
35719
35721
35723
35725
35727
35729
35731
35733
35735
35737
35739
35741
35743
35745
35747
35749
35751
35753
35755
35757
35759
35761
35763
35765
35767
35769
35771
35773
35775
35777
35779
35781
35783
35785
35787
35789
35791
35793
35795
35797
35799
35801
35802
35804
35806
35808
35810
35812
35814
35816
35818
35820
35822
35824
35826
35827
35829
35831
35833
35835
35837
35839
35841
35843
35845
35847
35849
35851
35853
35855
35857
35859
35861
35863
35865
35867
35869
35871
35873
35875
35877
35879
35881
35883
35885
35887
35889
35891
35893
35895
35897
35899
35901
35903
35905
35907
35909
35911
35913
35915
35917
35919
35921
35923
35925
35927
35929
35931
35933
35935
35937
35939
35941
35943
35945
35947
35949
35951
35953
35955
35957
35959
35961
35963
35965
35967
35969
35971
35973
35975
35977
35979
35981
35983
35985
35987
35989
35991
35993
35995
35997
35999
36001
36001
36002
36003
36004
36005
36006
36007
36008
36009
36010
36011
36012
36013
36014
36015
36016
36017
36018
36019
36020
36021
36022
36023
36024
36025
36026
36027
36028
36029
36030
36031
36032
36033
36034
36035
36036
36037
36038
36039
36040
36041
36042
36043
36044
36045
36046
36047
36048
36049
36050
36051
36051
36052
36052
36053
36053
36054
36054
36055
36055
36056
36056
36057
36057
36058
36058
36059
36059
36060
36060
36061
36061
36062
36062
36063
36063
36064
36064
36065
36065
36066
36066
36067
36067
36068
36068
36069
36069
36070
36070
36071
36071
36072
36072
36073
36073
36074
36074
36075
36075
36076
36076
36077
36077
36078
36078
36079
36079
36080
36080
36081
36081
36082
36082
36083
36083
36084
36084
36085
36085
36086
36086
36087
36087
36088
36088
36089
36089
36090
36090
36091
36091
36092
36092
36093
36093
36094
36094
36095
36095
36096
36096
36097
36097
36098
36098
36099
36099
36100
36100
36101
36103
36105
36107
36109
36111
36113
36115
36117
36119
36121
36123
36125
36127
36129
36131
36133
36135
36137
36139
36141
36143
36145
36147
36149
36151
36151
36152
36152
36153
36153
36154
36154
36155
36155
36156
36156
36157
36157
36158
36158
36159
36159
36160
36160
36161
36161
36162
36162
36163
36163
36164
36164
36165
36165
36166
36166
36167
36167
36168
36168
36169
36169
36170
36170
36171
36171
36172
36172
36173
36173
36174
36174
36175
36175
36176
36176
36177
36177
36178
36178
36179
36179
36180
36180
36181
36181
36182
36182
36183
36183
36184
36184
36185
36185
36186
36186
36187
36187
36188
36188
36189
36189
36190
36190
36191
36191
36192
36192
36193
36193
36194
36194
36195
36195
36196
36196
36197
36197
36198
36198
36199
36199
36200
36200
36201
36203
36205
36207
36209
36211
36213
36215
36217
36219
36221
36223
36225
36227
36229
36231
36233
36235
36237
36239
36241
36243
36245
36247
36249
36251
36252
36253
36254
36256
36257
36258
36260
36261
36262
36264
36265
36266
36268
36269
36270
36272
36273
36274
36276
36277
36278
36279
36281
36282
36283
36285
36286
36287
36289
36290
36291
36293
36294
36295
36297
36298
36299
36301
36301
36302
36302
36303
36303
36304
36304
36305
36305
36306
36306
36307
36307
36308
36308
36309
36309
36310
36311
36311
36312
36312
36313
36313
36314
36314
36315
36315
36316
36316
36317
36317
36318
36318
36319
36319
36320
36321
36321
36322
36322
36323
36323
36324
36324
36325
36325
36326
36326
36327
36327
36328
36328
36329
36329
36330
36331
36331
36332
36332
36333
36333
36334
36334
36335
36335
36336
36336
36337
36337
36338
36338
36339
36339
36340
36341
36341
36342
36342
36343
36343
36344
36344
36345
36345
36346
36346
36347
36347
36348
36348
36349
36349
36350
36351
36351
36352
36352
36353
36353
36354
36354
36355
36355
36356
36356
36357
36357
36358
36358
36359
36359
36360
36360
36361
36361
36362
36362
36363
36363
36364
36364
36365
36365
36366
36366
36367
36367
36368
36368
36369
36369
36370
36370
36371
36371
36372
36372
36373
36373
36374
36374
36375
36375
36376
36376
36377
36377
36378
36378
36379
36379
36380
36380
36381
36381
36382
36382
36383
36383
36384
36384
36385
36385
36386
36386
36387
36387
36388
36388
36389
36389
36390
36390
36391
36391
36392
36392
36393
36393
36394
36394
36395
36395
36396
36396
36397
36397
36398
36398
36399
36399
36400
36400
36401
36401
36402
36402
36403
36403
36404
36404
36405
36405
36406
36406
36407
36407
36408
36408
36409
36409
36410
36410
36411
36411
36412
36412
36413
36413
36414
36414
36415
36415
36416
36416
36417
36417
36418
36418
36419
36419
36420
36420
36421
36421
36422
36422
36423
36423
36424
36424
36425
36425
36426
36426
36427
36427
36428
36428
36429
36429
36430
36430
36431
36431
36432
36432
36433
36433
36434
36434
36435
36435
36436
36436
36437
36437
36438
36438
36439
36439
36440
36440
36441
36441
36442
36442
36443
36443
36444
36444
36445
36445
36446
36446
36447
36447
36448
36448
36449
36449
36450
36450
36451
36451
36452
36452
36453
36453
36454
36454
36455
36455
36456
36456
36457
36457
36458
36458
36459
36459
36460
36460
36461
36461
36462
36462
36463
36463
36464
36464
36465
36465
36466
36466
36467
36467
36468
36468
36469
36469
36470
36470
36471
36471
36472
36472
36473
36473
36474
36474
36475
36475
36476
36476
36477
36477
36478
36478
36479
36479
36480
36480
36481
36481
36482
36482
36483
36483
36484
36484
36485
36485
36486
36486
36487
36487
36488
36488
36489
36489
36490
36490
36491
36491
36492
36492
36493
36493
36494
36494
36495
36495
36496
36496
36497
36497
36498
36498
36499
36499
36500
36500
36501
36501
36502
36502
36503
36503
36504
36504
36505
36505
36506
36506
36507
36507
36508
36508
36509
36509
36510
36510
36511
36511
36512
36512
36513
36513
36514
36514
36515
36515
36516
36516
36517
36517
36518
36518
36519
36519
36520
36520
36521
36521
36522
36522
36523
36523
36524
36524
36525
36525
36526
36526
36527
36527
36528
36528
36529
36529
36530
36530
36531
36531
36532
36532
36533
36533
36534
36534
36535
36535
36536
36536
36537
36537
36538
36538
36539
36539
36540
36540
36541
36541
36542
36542
36543
36543
36544
36544
36545
36545
36546
36546
36547
36547
36548
36548
36549
36549
36550
36550
36551
36551
36552
36552
36553
36553
36554
36554
36555
36555
36556
36556
36557
36557
36558
36558
36559
36559
36560
36560
36561
36561
36562
36562
36563
36563
36564
36564
36565
36565
36566
36566
36567
36567
36568
36568
36569
36569
36570
36570
36571
36571
36572
36572
36573
36573
36574
36574
36575
36575
36576
36576
36577
36577
36578
36578
36579
36579
36580
36580
36581
36581
36582
36582
36583
36583
36584
36584
36585
36585
36586
36586
36587
36587
36588
36588
36589
36589
36590
36590
36591
36591
36592
36592
36593
36593
36594
36594
36595
36595
36596
36596
36597
36597
36598
36598
36599
36599
36600
36600
36601
36601
36602
36602
36603
36603
36604
36604
36605
36605
36606
36606
36607
36607
36608
36608
36609
36609
36610
36610
36611
36611
36612
36612
36613
36613
36614
36614
36615
36615
36616
36616
36617
36617
36618
36618
36619
36619
36620
36620
36621
36621
36622
36622
36623
36623
36624
36624
36625
36625
36626
36626
36627
36627
36628
36628
36629
36629
36630
36630
36631
36631
36632
36632
36633
36633
36634
36634
36635
36635
36636
36636
36637
36637
36638
36638
36639
36639
36640
36640
36641
36641
36642
36642
36643
36643
36644
36644
36645
36645
36646
36646
36647
36647
36648
36648
36649
36649
36650
36650
36651
36651
36652
36652
36653
36653
36654
36654
36655
36655
36656
36656
36657
36657
36658
36658
36659
36659
36660
36660
36661
36661
36662
36662
36663
36663
36664
36664
36665
36665
36666
36666
36667
36667
36668
36668
36669
36669
36670
36670
36671
36671
36672
36672
36673
36673
36674
36674
36675
36675
36676
36676
36677
36677
36678
36678
36679
36679
36680
36680
36681
36681
36682
36682
36683
36683
36684
36684
36685
36685
36686
36686
36687
36687
36688
36688
36689
36689
36690
36690
36691
36691
36692
36692
36693
36693
36694
36694
36695
36695
36696
36696
36697
36697
36698
36698
36699
36699
36700
36700
36701
36703
36705
36707
36709
36711
36713
36715
36717
36719
36721
36723
36725
36727
36729
36731
36733
36735
36737
36739
36741
36743
36745
36747
36749
36751
36751
36752
36752
36753
36753
36754
36754
36755
36755
36756
36756
36757
36757
36758
36758
36759
36759
36760
36760
36761
36761
36762
36762
36763
36763
36764
36764
36765
36765
36766
36766
36767
36767
36768
36768
36769
36769
36770
36770
36771
36771
36772
36772
36773
36773
36774
36774
36775
36775
36776
36776
36777
36777
36778
36778
36779
36779
36780
36780
36781
36781
36782
36782
36783
36783
36784
36784
36785
36785
36786
36786
36787
36787
36788
36788
36789
36789
36790
36790
36791
36791
36792
36792
36793
36793
36794
36794
36795
36795
36796
36796
36797
36797
36798
36798
36799
36799
36800
36800
36801
36801
36802
36802
36803
36803
36804
36804
36805
36805
36806
36806
36807
36807
36808
36808
36809
36809
36810
36810
36811
36811
36812
36812
36813
36813
36814
36814
36815
36815
36816
36816
36817
36817
36818
36818
36819
36819
36820
36820
36821
36821
36822
36822
36823
36823
36824
36824
36825
36825
36826
36826
36827
36827
36828
36828
36829
36829
36830
36830
36831
36831
36832
36832
36833
36833
36834
36834
36835
36835
36836
36836
36837
36837
36838
36838
36839
36839
36840
36840
36841
36841
36842
36842
36843
36843
36844
36844
36845
36845
36846
36846
36847
36847
36848
36848
36849
36849
36850
36850
36851
36851
36852
36852
36853
36853
36854
36854
36855
36855
36856
36856
36857
36857
36858
36858
36859
36859
36860
36860
36861
36861
36862
36862
36863
36863
36864
36864
36865
36865
36866
36866
36867
36867
36868
36868
36869
36869
36870
36870
36871
36871
36872
36872
36873
36873
36874
36874
36875
36875
36876
36876
36877
36877
36878
36878
36879
36879
36880
36880
36881
36881
36882
36882
36883
36883
36884
36884
36885
36885
36886
36886
36887
36887
36888
36888
36889
36889
36890
36890
36891
36891
36892
36892
36893
36893
36894
36894
36895
36895
36896
36896
36897
36897
36898
36898
36899
36899
36900
36900
36901
36901
36902
36902
36903
36903
36904
36904
36905
36905
36906
36906
36907
36907
36908
36908
36909
36909
36910
36910
36911
36911
36912
36912
36913
36913
36914
36914
36915
36915
36916
36916
36917
36917
36918
36918
36919
36919
36920
36920
36921
36921
36922
36922
36923
36923
36924
36924
36925
36925
36926
36926
36927
36927
36928
36928
36929
36929
36930
36930
36931
36931
36932
36932
36933
36933
36934
36934
36935
36935
36936
36936
36937
36937
36938
36938
36939
36939
36940
36940
36941
36941
36942
36942
36943
36943
36944
36944
36945
36945
36946
36946
36947
36947
36948
36948
36949
36949
36950
36950
36951
36953
36955
36957
36959
36961
36963
36965
36967
36969
36971
36973
36975
36977
36979
36981
36983
36985
36987
36989
36991
36993
36995
36997
36999
37001
37001
37002
37002
37003
37003
37004
37004
37005
37005
37006
37006
37007
37008
37008
37009
37009
37010
37010
37011
37011
37012
37012
37013
37014
37014
37015
37015
37016
37016
37017
37017
37018
37018
37019
37020
37020
37021
37021
37022
37022
37023
37023
37024
37024
37025
37026
37026
37027
37027
37028
37028
37029
37029
37030
37030
37031
37031
37032
37033
37033
37034
37034
37035
37035
37036
37036
37037
37037
37038
37039
37039
37040
37040
37041
37041
37042
37042
37043
37043
37044
37045
37045
37046
37046
37047
37047
37048
37048
37049
37049
37050
37051
37051
37052
37052
37053
37053
37054
37054
37055
37055
37056
37056
37057
37057
37058
37058
37059
37059
37060
37060
37061
37061
37062
37062
37063
37063
37064
37064
37065
37065
37066
37066
37067
37067
37068
37068
37069
37069
37070
37070
37071
37071
37072
37072
37073
37073
37074
37074
37075
37075
37076
37076
37077
37077
37078
37078
37079
37079
37080
37080
37081
37081
37082
37082
37083
37083
37084
37084
37085
37085
37086
37086
37087
37087
37088
37088
37089
37089
37090
37090
37091
37091
37092
37092
37093
37093
37094
37094
37095
37095
37096
37096
37097
37097
37098
37098
37099
37099
37100
37100
37101
37102
37103
37104
37105
37106
37107
37108
37109
37110
37111
37112
37114
37115
37116
37117
37118
37119
37120
37121
37122
37123
37124
37126
37127
37128
37129
37130
37131
37132
37133
37134
37135
37136
37137
37139
37140
37141
37142
37143
37144
37145
37146
37147
37148
37149
37151
37151
37152
37152
37153
37153
37154
37154
37155
37155
37156
37156
37157
37157
37158
37158
37159
37159
37160
37160
37161
37161
37162
37162
37163
37163
37164
37164
37165
37165
37166
37166
37167
37167
37168
37168
37169
37169
37170
37170
37171
37171
37172
37172
37173
37173
37174
37174
37175
37175
37176
37176
37177
37177
37178
37178
37179
37179
37180
37180
37181
37181
37182
37182
37183
37183
37184
37184
37185
37185
37186
37186
37187
37187
37188
37188
37189
37189
37190
37190
37191
37191
37192
37192
37193
37193
37194
37194
37195
37195
37196
37196
37197
37197
37198
37198
37199
37199
37200
37200
37201
37201
37202
37203
37203
37204
37205
37206
37206
37207
37208
37209
37209
37210
37211
37212
37212
37213
37214
37215
37215
37216
37217
37218
37218
37219
37220
37221
37221
37222
37223
37224
37224
37225
37226
37227
37227
37228
37229
37230
37230
37231
37232
37233
37233
37234
37235
37236
37236
37237
37238
37239
37239
37240
37241
37242
37242
37243
37244
37245
37245
37246
37247
37248
37248
37249
37250
37251
37252
37254
37256
37258
37260
37262
37264
37266
37268
37270
37272
37274
37276
37277
37279
37281
37283
37285
37287
37289
37291
37293
37295
37297
37299
37301
37301
37302
37302
37303
37303
37304
37304
37305
37305
37306
37306
37307
37307
37308
37308
37309
37309
37310
37310
37311
37311
37312
37312
37313
37313
37314
37314
37315
37315
37316
37316
37317
37317
37318
37318
37319
37319
37320
37320
37321
37321
37322
37322
37323
37323
37324
37324
37325
37325
37326
37326
37327
37327
37328
37328
37329
37329
37330
37330
37331
37331
37332
37332
37333
37333
37334
37334
37335
37335
37336
37336
37337
37337
37338
37338
37339
37339
37340
37340
37341
37341
37342
37342
37343
37343
37344
37344
37345
37345
37346
37346
37347
37347
37348
37348
37349
37349
37350
37350
37351
37351
37352
37352
37353
37353
37354
37354
37355
37355
37356
37356
37357
37357
37358
37358
37359
37359
37360
37360
37361
37361
37362
37362
37363
37363
37364
37364
37365
37365
37366
37366
37367
37367
37368
37368
37369
37369
37370
37370
37371
37371
37372
37372
37373
37373
37374
37374
37375
37375
37376
37376
37377
37377
37378
37378
37379
37379
37380
37380
37381
37381
37382
37382
37383
37383
37384
37384
37385
37385
37386
37386
37387
37387
37388
37388
37389
37389
37390
37390
37391
37391
37392
37392
37393
37393
37394
37394
37395
37395
37396
37396
37397
37397
37398
37398
37399
37399
37400
37400
37401
37402
37404
37405
37407
37408
37410
37411
37413
37414
37416
37417
37419
37420
37422
37423
37425
37426
37428
37429
37431
37432
37434
37435
37437
37438
37440
37441
37443
37444
37446
37447
37449
37451
37451
37452
37452
37453
37453
37454
37454
37455
37455
37456
37456
37457
37457
37458
37458
37459
37459
37460
37460
37461
37461
37462
37462
37463
37463
37464
37464
37465
37465
37466
37466
37467
37467
37468
37468
37469
37469
37470
37470
37471
37471
37472
37472
37473
37473
37474
37474
37475
37475
37476
37476
37477
37477
37478
37478
37479
37479
37480
37480
37481
37481
37482
37482
37483
37483
37484
37484
37485
37485
37486
37486
37487
37487
37488
37488
37489
37489
37490
37490
37491
37491
37492
37492
37493
37493
37494
37494
37495
37495
37496
37496
37497
37497
37498
37498
37499
37499
37500
37500
37501
37501
37502
37502
37503
37503
37504
37504
37505
37505
37506
37506
37507
37507
37508
37508
37509
37509
37510
37510
37511
37511
37512
37512
37513
37513
37514
37514
37515
37515
37516
37516
37517
37517
37518
37518
37519
37519
37520
37520
37521
37521
37522
37522
37523
37523
37524
37524
37525
37525
37526
37526
37527
37527
37528
37528
37529
37529
37530
37530
37531
37531
37532
37532
37533
37533
37534
37534
37535
37535
37536
37536
37537
37537
37538
37538
37539
37539
37540
37540
37541
37541
37542
37542
37543
37543
37544
37544
37545
37545
37546
37546
37547
37547
37548
37548
37549
37549
37550
37550
37551
37553
37555
37557
37559
37561
37563
37565
37567
37569
37571
37573
37575
37577
37579
37581
37583
37585
37587
37589
37591
37593
37595
37597
37599
37601
37601
37602
37602
37603
37603
37604
37604
37605
37605
37606
37606
37607
37607
37608
37608
37609
37609
37610
37610
37611
37611
37612
37612
37613
37613
37614
37614
37615
37615
37616
37616
37617
37617
37618
37618
37619
37619
37620
37620
37621
37621
37622
37622
37623
37623
37624
37624
37625
37625
37626
37626
37627
37627
37628
37628
37629
37629
37630
37630
37631
37631
37632
37632
37633
37633
37634
37634
37635
37635
37636
37636
37637
37637
37638
37638
37639
37639
37640
37640
37641
37641
37642
37642
37643
37643
37644
37644
37645
37645
37646
37646
37647
37647
37648
37648
37649
37649
37650
37650
37651
37651
37652
37653
37654
37655
37656
37657
37658
37659
37660
37661
37662
37663
37663
37664
37665
37666
37667
37668
37669
37670
37671
37672
37673
37674
37675
37676
37676
37677
37678
37679
37680
37681
37682
37683
37684
37685
37686
37687
37688
37688
37689
37690
37691
37692
37693
37694
37695
37696
37697
37698
37699
37700
37701
37703
37705
37707
37709
37711
37713
37715
37717
37719
37721
37723
37725
37727
37729
37731
37733
37735
37737
37739
37741
37743
37745
37747
37749
37751
37751
37752
37752
37753
37753
37754
37754
37755
37755
37756
37756
37757
37757
37758
37758
37759
37759
37760
37760
37761
37761
37762
37762
37763
37763
37764
37764
37765
37765
37766
37766
37767
37767
37768
37768
37769
37769
37770
37770
37771
37771
37772
37772
37773
37773
37774
37774
37775
37775
37776
37776
37777
37777
37778
37778
37779
37779
37780
37780
37781
37781
37782
37782
37783
37783
37784
37784
37785
37785
37786
37786
37787
37787
37788
37788
37789
37789
37790
37790
37791
37791
37792
37792
37793
37793
37794
37794
37795
37795
37796
37796
37797
37797
37798
37798
37799
37799
37800
37800
37801
37801
37802
37802
37803
37803
37804
37804
37805
37805
37806
37806
37807
37807
37808
37808
37809
37809
37810
37810
37811
37811
37812
37812
37813
37813
37814
37814
37815
37815
37816
37816
37817
37817
37818
37818
37819
37819
37820
37820
37821
37821
37822
37822
37823
37823
37824
37824
37825
37825
37826
37826
37827
37827
37828
37828
37829
37829
37830
37830
37831
37831
37832
37832
37833
37833
37834
37834
37835
37835
37836
37836
37837
37837
37838
37838
37839
37839
37840
37840
37841
37841
37842
37842
37843
37843
37844
37844
37845
37845
37846
37846
37847
37847
37848
37848
37849
37849
37850
37850
37851
37853
37855
37857
37859
37861
37863
37865
37867
37869
37871
37873
37875
37877
37879
37881
37883
37885
37887
37889
37891
37893
37895
37897
37899
37901
37901
37902
37902
37903
37903
37904
37904
37905
37905
37906
37906
37907
37907
37908
37908
37909
37909
37910
37910
37911
37911
37912
37912
37913
37913
37914
37914
37915
37915
37916
37916
37917
37917
37918
37918
37919
37919
37920
37920
37921
37921
37922
37922
37923
37923
37924
37924
37925
37925
37926
37926
37927
37927
37928
37928
37929
37929
37930
37930
37931
37931
37932
37932
37933
37933
37934
37934
37935
37935
37936
37936
37937
37937
37938
37938
37939
37939
37940
37940
37941
37941
37942
37942
37943
37943
37944
37944
37945
37945
37946
37946
37947
37947
37948
37948
37949
37949
37950
37950
37951
37953
37955
37957
37959
37961
37963
37965
37967
37969
37971
37973
37975
37977
37979
37981
37983
37985
37987
37989
37991
37993
37995
37997
37999
38001
38001
38002
38002
38003
38003
38004
38004
38005
38005
38006
38006
38007
38007
38008
38008
38009
38009
38010
38010
38011
38011
38012
38012
38013
38013
38014
38014
38015
38015
38016
38016
38017
38017
38018
38018
38019
38019
38020
38020
38021
38021
38022
38022
38023
38023
38024
38024
38025
38025
38026
38026
38027
38027
38028
38028
38029
38029
38030
38030
38031
38031
38032
38032
38033
38033
38034
38034
38035
38035
38036
38036
38037
38037
38038
38038
38039
38039
38040
38040
38041
38041
38042
38042
38043
38043
38044
38044
38045
38045
38046
38046
38047
38047
38048
38048
38049
38049
38050
38050
38051
38051
38052
38052
38053
38053
38054
38054
38055
38055
38056
38056
38057
38057
38058
38058
38059
38059
38060
38060
38061
38061
38062
38062
38063
38063
38064
38064
38065
38065
38066
38066
38067
38067
38068
38068
38069
38069
38070
38070
38071
38071
38072
38072
38073
38073
38074
38074
38075
38075
38076
38076
38077
38077
38078
38078
38079
38079
38080
38080
38081
38081
38082
38082
38083
38083
38084
38084
38085
38085
38086
38086
38087
38087
38088
38088
38089
38089
38090
38090
38091
38091
38092
38092
38093
38093
38094
38094
38095
38095
38096
38096
38097
38097
38098
38098
38099
38099
38100
38100
38101
38102
38104
38106
38108
38109
38111
38113
38115
38117
38118
38120
38122
38124
38126
38127
38129
38131
38133
38134
38136
38138
38140
38142
38143
38145
38147
38149
38151
38151
38152
38152
38153
38153
38154
38154
38155
38155
38156
38156
38157
38157
38158
38158
38159
38159
38160
38160
38161
38161
38162
38162
38163
38163
38164
38164
38165
38165
38166
38166
38167
38167
38168
38168
38169
38169
38170
38170
38171
38171
38172
38172
38173
38173
38174
38174
38175
38175
38176
38176
38177
38177
38178
38178
38179
38179
38180
38180
38181
38181
38182
38182
38183
38183
38184
38184
38185
38185
38186
38186
38187
38187
38188
38188
38189
38189
38190
38190
38191
38191
38192
38192
38193
38193
38194
38194
38195
38195
38196
38196
38197
38197
38198
38198
38199
38199
38200
38200
38201
38202
38203
38204
38205
38206
38207
38208
38209
38210
38211
38212
38213
38214
38215
38216
38217
38218
38219
38220
38221
38222
38223
38224
38226
38227
38228
38229
38230
38231
38232
38233
38234
38235
38236
38237
38238
38239
38240
38241
38242
38243
38244
38245
38246
38247
38248
38249
38251
38253
38255
38257
38259
38261
38263
38265
38267
38269
38271
38273
38275
38277
38279
38281
38283
38285
38287
38289
38291
38293
38295
38297
38299
38301
38303
38305
38307
38309
38311
38313
38315
38317
38319
38321
38323
38325
38327
38329
38331
38333
38335
38337
38339
38341
38343
38345
38347
38349
38351
38353
38355
38357
38359
38361
38363
38365
38367
38369
38371
38373
38375
38377
38379
38381
38383
38385
38387
38389
38391
38393
38395
38397
38399
38401
38403
38405
38407
38409
38411
38413
38415
38417
38419
38421
38423
38425
38427
38429
38431
38433
38435
38437
38439
38441
38443
38445
38447
38449
38451
38452
38454
38456
38458
38459
38461
38463
38465
38467
38468
38470
38472
38474
38476
38477
38479
38481
38483
38484
38486
38488
38490
38492
38493
38495
38497
38499
38501
38503
38505
38507
38509
38511
38513
38515
38517
38519
38521
38523
38525
38527
38529
38531
38533
38535
38537
38539
38541
38543
38545
38547
38549
38551
38553
38555
38557
38559
38561
38563
38565
38567
38569
38571
38573
38575
38577
38579
38581
38583
38585
38587
38589
38591
38593
38595
38597
38599
38601
38603
38605
38607
38609
38611
38613
38615
38617
38619
38621
38623
38625
38627
38629
38631
38633
38635
38637
38639
38641
38643
38645
38647
38649
38651
38651
38652
38652
38653
38653
38654
38654
38655
38655
38656
38656
38657
38657
38658
38658
38659
38659
38660
38660
38661
38661
38662
38662
38663
38663
38664
38664
38665
38665
38666
38666
38667
38667
38668
38668
38669
38669
38670
38670
38671
38671
38672
38672
38673
38673
38674
38674
38675
38675
38676
38676
38677
38677
38678
38678
38679
38679
38680
38680
38681
38681
38682
38682
38683
38683
38684
38684
38685
38685
38686
38686
38687
38687
38688
38688
38689
38689
38690
38690
38691
38691
38692
38692
38693
38693
38694
38694
38695
38695
38696
38696
38697
38697
38698
38698
38699
38699
38700
38700
38701
38703
38705
38707
38709
38711
38713
38715
38717
38719
38721
38723
38725
38727
38729
38731
38733
38735
38737
38739
38741
38743
38745
38747
38749
