setup,trace_type,episode_id,episode_step,segment_index,segment_role,segment_label,severity,intended_action,best_baseline_method,description
clean,clean,clean-000,0,0,clean_profile,benign_steady,0.5684808436607272,noop,reno,Benign synthetic clean profile: benign_steady.
clean,clean,clean-000,1,0,clean_profile,benign_steady,0.5684808436607272,noop,reno,Benign synthetic clean profile: benign_steady.
clean,clean,clean-000,2,0,clean_profile,benign_steady,0.5684808436607272,noop,reno,Benign synthetic clean profile: benign_steady.
clean,clean,clean-000,3,0,clean_profile,benign_steady,0.5684808436607272,noop,reno,Benign synthetic clean profile: benign_steady.
clean,clean,clean-000,4,0,clean_profile,benign_steady,0.5684808436607272,noop,reno,Benign synthetic clean profile: benign_steady.
clean,clean,clean-000,5,0,clean_profile,benign_steady,0.5684808436607272,noop,reno,Benign synthetic clean profile: benign_steady.
clean,clean,clean-000,6,0,clean_profile,benign_steady,0.5684808436607272,noop,reno,Benign synthetic clean profile: benign_steady.
clean,clean,clean-000,7,0,clean_profile,benign_steady,0.5684808436607272,noop,reno,Benign synthetic clean profile: benign_steady.
clean,clean,clean-000,8,0,clean_profile,benign_steady,0.5684808436607272,noop,reno,Benign synthetic clean profile: benign_steady.
clean,clean,clean-000,9,0,clean_profile,benign_steady,0.5684808436607272,noop,reno,Benign synthetic clean profile: benign_steady.
clean,clean,clean-000,10,0,clean_profile,benign_steady,0.5684808436607272,noop,reno,Benign synthetic clean profile: benign_steady.
clean,clean,clean-000,11,0,clean_profile,benign_steady,0.5684808436607272,noop,reno,Benign synthetic clean profile: benign_steady.
clean,clean,clean-000,12,0,clean_profile,benign_steady,0.5684808436607272,noop,reno,Benign synthetic clean profile: benign_steady.
clean,clean,clean-000,13,0,clean_profile,benign_steady,0.5684808436607272,noop,reno,Benign synthetic clean profile: benign_steady.
clean,clean,clean-000,14,0,clean_profile,benign_steady,0.5684808436607272,noop,reno,Benign synthetic clean profile: benign_steady.
clean,clean,clean-000,15,0,clean_profile,benign_steady,0.5684808436607272,noop,reno,Benign synthetic clean profile: benign_steady.
clean,clean,clean-000,16,0,clean_profile,benign_steady,0.5684808436607272,noop,reno,Benign synthetic clean profile: benign_steady.
clean,clean,clean-000,17,0,clean_profile,benign_steady,0.5684808436607272,noop,reno,Benign synthetic clean profile: benign_steady.
clean,clean,clean-000,18,0,clean_profile,benign_steady,0.5684808436607272,noop,reno,Benign synthetic clean profile: benign_steady.
clean,clean,clean-000,19,0,clean_profile,benign_steady,0.5684808436607272,noop,reno,Benign synthetic clean profile: benign_steady.
clean,clean,clean-000,20,0,clean_profile,benign_steady,0.5684808436607272,noop,reno,Benign synthetic clean profile: benign_steady.
clean,clean,clean-000,21,0,clean_profile,benign_steady,0.5684808436607272,noop,reno,Benign synthetic clean profile: benign_steady.
clean,clean,clean-000,22,0,clean_profile,benign_steady,0.5684808436607272,noop,reno,Benign synthetic clean profile: benign_steady.
clean,clean,clean-000,23,0,clean_profile,benign_steady,0.5684808436607272,noop,reno,Benign synthetic clean profile: benign_steady.
clean,clean,clean-000,24,0,clean_profile,benign_steady,0.5684808436607272,noop,reno,Benign synthetic clean profile: benign_steady.
clean,clean,clean-000,25,0,clean_profile,benign_steady,0.5684808436607272,noop,reno,Benign synthetic clean profile: benign_steady.
clean,clean,clean-000,26,0,clean_profile,benign_steady,0.5684808436607272,noop,reno,Benign synthetic clean profile: benign_steady.
clean,clean,clean-000,27,0,clean_profile,benign_steady,0.5684808436607272,noop,reno,Benign synthetic clean profile: benign_steady.
clean,clean,clean-000,28,0,clean_profile,benign_steady,0.5684808436607272,noop,reno,Benign synthetic clean profile: benign_steady.
clean,clean,clean-000,29,0,clean_profile,benign_steady,0.5684808436607272,noop,reno,Benign synthetic clean profile: benign_steady.
clean,clean,clean-000,30,0,clean_profile,benign_steady,0.5684808436607272,noop,reno,Benign synthetic clean profile: benign_steady.
clean,clean,clean-000,31,0,clean_profile,benign_steady,0.5684808436607272,noop,reno,Benign synthetic clean profile: benign_steady.
clean,clean,clean-000,32,0,clean_profile,benign_steady,0.5684808436607272,noop,reno,Benign synthetic clean profile: benign_steady.
clean,clean,clean-000,33,0,clean_profile,benign_steady,0.5684808436607272,noop,reno,Benign synthetic clean profile: benign_steady.
clean,clean,clean-000,34,0,clean_profile,benign_steady,0.5684808436607272,noop,reno,Benign synthetic clean profile: benign_steady.
clean,clean,clean-000,35,0,clean_profile,benign_steady,0.5684808436607272,noop,reno,Benign synthetic clean profile: benign_steady.
clean,clean,clean-000,36,0,clean_profile,benign_steady,0.5684808436607272,noop,reno,Benign synthetic clean profile: benign_steady.
clean,clean,clean-000,37,0,clean_profile,benign_steady,0.5684808436607272,noop,reno,Benign synthetic clean profile: benign_steady.
clean,clean,clean-000,38,0,clean_profile,benign_steady,0.5684808436607272,noop,reno,Benign synthetic clean profile: benign_steady.
clean,clean,clean-000,39,0,clean_profile,benign_steady,0.5684808436607272,noop,reno,Benign synthetic clean profile: benign_steady.
clean,clean,clean-000,40,0,clean_profile,benign_steady,0.5684808436607272,noop,reno,Benign synthetic clean profile: benign_steady.
clean,clean,clean-000,41,0,clean_profile,benign_steady,0.5684808436607272,noop,reno,Benign synthetic clean profile: benign_steady.
clean,clean,clean-000,42,0,clean_profile,benign_steady,0.5684808436607272,noop,reno,Benign synthetic clean profile: benign_steady.
clean,clean,clean-000,43,0,clean_profile,benign_steady,0.5684808436607272,noop,reno,Benign synthetic clean profile: benign_steady.
clean,clean,clean-000,44,0,clean_profile,benign_steady,0.5684808436607272,noop,reno,Benign synthetic clean profile: benign_steady.
clean,clean,clean-000,45,0,clean_profile,benign_steady,0.5684808436607272,noop,reno,Benign synthetic clean profile: benign_steady.
clean,clean,clean-000,46,0,clean_profile,benign_steady,0.5684808436607272,noop,reno,Benign synthetic clean profile: benign_steady.
clean,clean,clean-000,47,0,clean_profile,benign_steady,0.5684808436607272,noop,reno,Benign synthetic clean profile: benign_steady.
clean,clean,clean-001,0,0,clean_profile,benign_steady,0.38857012651607137,noop,bbr,Benign synthetic clean profile: benign_steady.
clean,clean,clean-001,1,0,clean_profile,benign_steady,0.38857012651607137,noop,bbr,Benign synthetic clean profile: benign_steady.
clean,clean,clean-001,2,0,clean_profile,benign_steady,0.38857012651607137,noop,bbr,Benign synthetic clean profile: benign_steady.
clean,clean,clean-001,3,0,clean_profile,benign_steady,0.38857012651607137,noop,bbr,Benign synthetic clean profile: benign_steady.
clean,clean,clean-001,4,0,clean_profile,benign_steady,0.38857012651607137,noop,bbr,Benign synthetic clean profile: benign_steady.
clean,clean,clean-001,5,0,clean_profile,benign_steady,0.38857012651607137,noop,bbr,Benign synthetic clean profile: benign_steady.
clean,clean,clean-001,6,0,clean_profile,benign_steady,0.38857012651607137,noop,bbr,Benign synthetic clean profile: benign_steady.
clean,clean,clean-001,7,0,clean_profile,benign_steady,0.38857012651607137,noop,bbr,Benign synthetic clean profile: benign_steady.
clean,clean,clean-001,8,0,clean_profile,benign_steady,0.38857012651607137,noop,bbr,Benign synthetic clean profile: benign_steady.
clean,clean,clean-001,9,0,clean_profile,benign_steady,0.38857012651607137,noop,bbr,Benign synthetic clean profile: benign_steady.
clean,clean,clean-001,10,0,clean_profile,benign_steady,0.38857012651607137,noop,bbr,Benign synthetic clean profile: benign_steady.
clean,clean,clean-001,11,0,clean_profile,benign_steady,0.38857012651607137,noop,bbr,Benign synthetic clean profile: benign_steady.
clean,clean,clean-001,12,0,clean_profile,benign_steady,0.38857012651607137,noop,bbr,Benign synthetic clean profile: benign_steady.
clean,clean,clean-001,13,0,clean_profile,benign_steady,0.38857012651607137,noop,bbr,Benign synthetic clean profile: benign_steady.
clean,clean,clean-001,14,0,clean_profile,benign_steady,0.38857012651607137,noop,bbr,Benign synthetic clean profile: benign_steady.
clean,clean,clean-001,15,0,clean_profile,benign_steady,0.38857012651607137,noop,bbr,Benign synthetic clean profile: benign_steady.
clean,clean,clean-001,16,0,clean_profile,benign_steady,0.38857012651607137,noop,bbr,Benign synthetic clean profile: benign_steady.
clean,clean,clean-001,17,0,clean_profile,benign_steady,0.38857012651607137,noop,bbr,Benign synthetic clean profile: benign_steady.
clean,clean,clean-001,18,0,clean_profile,benign_steady,0.38857012651607137,noop,bbr,Benign synthetic clean profile: benign_steady.
clean,clean,clean-001,19,0,clean_profile,benign_steady,0.38857012651607137,noop,bbr,Benign synthetic clean profile: benign_steady.
clean,clean,clean-001,20,0,clean_profile,benign_steady,0.38857012651607137,noop,bbr,Benign synthetic clean profile: benign_steady.
clean,clean,clean-001,21,0,clean_profile,benign_steady,0.38857012651607137,noop,bbr,Benign synthetic clean profile: benign_steady.
clean,clean,clean-001,22,0,clean_profile,benign_steady,0.38857012651607137,noop,bbr,Benign synthetic clean profile: benign_steady.
clean,clean,clean-001,23,0,clean_profile,benign_steady,0.38857012651607137,noop,bbr,Benign synthetic clean profile: benign_steady.
clean,clean,clean-001,24,0,clean_profile,benign_steady,0.38857012651607137,noop,bbr,Benign synthetic clean profile: benign_steady.
clean,clean,clean-001,25,0,clean_profile,benign_steady,0.38857012651607137,noop,bbr,Benign synthetic clean profile: benign_steady.
clean,clean,clean-001,26,0,clean_profile,benign_steady,0.38857012651607137,noop,bbr,Benign synthetic clean profile: benign_steady.
clean,clean,clean-001,27,0,clean_profile,benign_steady,0.38857012651607137,noop,bbr,Benign synthetic clean profile: benign_steady.
clean,clean,clean-001,28,0,clean_profile,benign_steady,0.38857012651607137,noop,bbr,Benign synthetic clean profile: benign_steady.
clean,clean,clean-001,29,0,clean_profile,benign_steady,0.38857012651607137,noop,bbr,Benign synthetic clean profile: benign_steady.
clean,clean,clean-001,30,0,clean_profile,benign_steady,0.38857012651607137,noop,bbr,Benign synthetic clean profile: benign_steady.
clean,clean,clean-001,31,0,clean_profile,benign_steady,0.38857012651607137,noop,bbr,Benign synthetic clean profile: benign_steady.
clean,clean,clean-001,32,0,clean_profile,benign_steady,0.38857012651607137,noop,bbr,Benign synthetic clean profile: benign_steady.
clean,clean,clean-001,33,0,clean_profile,benign_steady,0.38857012651607137,noop,bbr,Benign synthetic clean profile: benign_steady.
clean,clean,clean-001,34,0,clean_profile,benign_steady,0.38857012651607137,noop,bbr,Benign synthetic clean profile: benign_steady.
clean,clean,clean-001,35,0,clean_profile,benign_steady,0.38857012651607137,noop,bbr,Benign synthetic clean profile: benign_steady.
clean,clean,clean-001,36,0,clean_profile,benign_steady,0.38857012651607137,noop,bbr,Benign synthetic clean profile: benign_steady.
clean,clean,clean-001,37,0,clean_profile,benign_steady,0.38857012651607137,noop,bbr,Benign synthetic clean profile: benign_steady.
clean,clean,clean-001,38,0,clean_profile,benign_steady,0.38857012651607137,noop,bbr,Benign synthetic clean profile: benign_steady.
clean,clean,clean-001,39,0,clean_profile,benign_steady,0.38857012651607137,noop,bbr,Benign synthetic clean profile: benign_steady.
clean,clean,clean-001,40,0,clean_profile,benign_steady,0.38857012651607137,noop,bbr,Benign synthetic clean profile: benign_steady.
clean,clean,clean-001,41,0,clean_profile,benign_steady,0.38857012651607137,noop,bbr,Benign synthetic clean profile: benign_steady.
clean,clean,clean-001,42,0,clean_profile,benign_steady,0.38857012651607137,noop,bbr,Benign synthetic clean profile: benign_steady.
clean,clean,clean-001,43,0,clean_profile,benign_steady,0.38857012651607137,noop,bbr,Benign synthetic clean profile: benign_steady.
clean,clean,clean-001,44,0,clean_profile,benign_steady,0.38857012651607137,noop,bbr,Benign synthetic clean profile: benign_steady.
clean,clean,clean-001,45,0,clean_profile,benign_steady,0.38857012651607137,noop,bbr,Benign synthetic clean profile: benign_steady.
clean,clean,clean-001,46,0,clean_profile,benign_steady,0.38857012651607137,noop,bbr,Benign synthetic clean profile: benign_steady.
clean,clean,clean-001,47,0,clean_profile,benign_steady,0.38857012651607137,noop,bbr,Benign synthetic clean profile: benign_steady.
clean,clean,clean-002,0,0,clean_profile,benign_steady,0.4124928454074982,noop,cubic,Benign synthetic clean profile: benign_steady.
clean,clean,clean-002,1,0,clean_profile,benign_steady,0.4124928454074982,noop,cubic,Benign synthetic clean profile: benign_steady.
clean,clean,clean-002,2,0,clean_profile,benign_steady,0.4124928454074982,noop,cubic,Benign synthetic clean profile: benign_steady.
clean,clean,clean-002,3,0,clean_profile,benign_steady,0.4124928454074982,noop,cubic,Benign synthetic clean profile: benign_steady.
clean,clean,clean-002,4,0,clean_profile,benign_steady,0.4124928454074982,noop,cubic,Benign synthetic clean profile: benign_steady.
clean,clean,clean-002,5,0,clean_profile,benign_steady,0.4124928454074982,noop,cubic,Benign synthetic clean profile: benign_steady.
clean,clean,clean-002,6,0,clean_profile,benign_steady,0.4124928454074982,noop,cubic,Benign synthetic clean profile: benign_steady.
clean,clean,clean-002,7,0,clean_profile,benign_steady,0.4124928454074982,noop,cubic,Benign synthetic clean profile: benign_steady.
clean,clean,clean-002,8,0,clean_profile,benign_steady,0.4124928454074982,noop,cubic,Benign synthetic clean profile: benign_steady.
clean,clean,clean-002,9,0,clean_profile,benign_steady,0.4124928454074982,noop,cubic,Benign synthetic clean profile: benign_steady.
clean,clean,clean-002,10,0,clean_profile,benign_steady,0.4124928454074982,noop,cubic,Benign synthetic clean profile: benign_steady.
clean,clean,clean-002,11,0,clean_profile,benign_steady,0.4124928454074982,noop,cubic,Benign synthetic clean profile: benign_steady.
clean,clean,clean-002,12,0,clean_profile,benign_steady,0.4124928454074982,noop,cubic,Benign synthetic clean profile: benign_steady.
clean,clean,clean-002,13,0,clean_profile,benign_steady,0.4124928454074982,noop,cubic,Benign synthetic clean profile: benign_steady.
clean,clean,clean-002,14,0,clean_profile,benign_steady,0.4124928454074982,noop,cubic,Benign synthetic clean profile: benign_steady.
clean,clean,clean-002,15,0,clean_profile,benign_steady,0.4124928454074982,noop,cubic,Benign synthetic clean profile: benign_steady.
clean,clean,clean-002,16,0,clean_profile,benign_steady,0.4124928454074982,noop,cubic,Benign synthetic clean profile: benign_steady.
clean,clean,clean-002,17,0,clean_profile,benign_steady,0.4124928454074982,noop,cubic,Benign synthetic clean profile: benign_steady.
clean,clean,clean-002,18,0,clean_profile,benign_steady,0.4124928454074982,noop,cubic,Benign synthetic clean profile: benign_steady.
clean,clean,clean-002,19,0,clean_profile,benign_steady,0.4124928454074982,noop,cubic,Benign synthetic clean profile: benign_steady.
clean,clean,clean-002,20,0,clean_profile,benign_steady,0.4124928454074982,noop,cubic,Benign synthetic clean profile: benign_steady.
clean,clean,clean-002,21,0,clean_profile,benign_steady,0.4124928454074982,noop,cubic,Benign synthetic clean profile: benign_steady.
clean,clean,clean-002,22,0,clean_profile,benign_steady,0.4124928454074982,noop,cubic,Benign synthetic clean profile: benign_steady.
clean,clean,clean-002,23,0,clean_profile,benign_steady,0.4124928454074982,noop,cubic,Benign synthetic clean profile: benign_steady.
clean,clean,clean-002,24,0,clean_profile,benign_steady,0.4124928454074982,noop,cubic,Benign synthetic clean profile: benign_steady.
clean,clean,clean-002,25,0,clean_profile,benign_steady,0.4124928454074982,noop,cubic,Benign synthetic clean profile: benign_steady.
clean,clean,clean-002,26,0,clean_profile,benign_steady,0.4124928454074982,noop,cubic,Benign synthetic clean profile: benign_steady.
clean,clean,clean-002,27,0,clean_profile,benign_steady,0.4124928454074982,noop,cubic,Benign synthetic clean profile: benign_steady.
clean,clean,clean-002,28,0,clean_profile,benign_steady,0.4124928454074982,noop,cubic,Benign synthetic clean profile: benign_steady.
clean,clean,clean-002,29,0,clean_profile,benign_steady,0.4124928454074982,noop,cubic,Benign synthetic clean profile: benign_steady.
clean,clean,clean-002,30,0,clean_profile,benign_steady,0.4124928454074982,noop,cubic,Benign synthetic clean profile: benign_steady.
clean,clean,clean-002,31,0,clean_profile,benign_steady,0.4124928454074982,noop,cubic,Benign synthetic clean profile: benign_steady.
clean,clean,clean-002,32,0,clean_profile,benign_steady,0.4124928454074982,noop,cubic,Benign synthetic clean profile: benign_steady.
clean,clean,clean-002,33,0,clean_profile,benign_steady,0.4124928454074982,noop,cubic,Benign synthetic clean profile: benign_steady.
clean,clean,clean-002,34,0,clean_profile,benign_steady,0.4124928454074982,noop,cubic,Benign synthetic clean profile: benign_steady.
clean,clean,clean-002,35,0,clean_profile,benign_steady,0.4124928454074982,noop,cubic,Benign synthetic clean profile: benign_steady.
clean,clean,clean-002,36,0,clean_profile,benign_steady,0.4124928454074982,noop,cubic,Benign synthetic clean profile: benign_steady.
clean,clean,clean-002,37,0,clean_profile,benign_steady,0.4124928454074982,noop,cubic,Benign synthetic clean profile: benign_steady.
clean,clean,clean-002,38,0,clean_profile,benign_steady,0.4124928454074982,noop,cubic,Benign synthetic clean profile: benign_steady.
clean,clean,clean-002,39,0,clean_profile,benign_steady,0.4124928454074982,noop,cubic,Benign synthetic clean profile: benign_steady.
clean,clean,clean-002,40,0,clean_profile,benign_steady,0.4124928454074982,noop,cubic,Benign synthetic clean profile: benign_steady.
clean,clean,clean-002,41,0,clean_profile,benign_steady,0.4124928454074982,noop,cubic,Benign synthetic clean profile: benign_steady.
clean,clean,clean-002,42,0,clean_profile,benign_steady,0.4124928454074982,noop,cubic,Benign synthetic clean profile: benign_steady.
clean,clean,clean-002,43,0,clean_profile,benign_steady,0.4124928454074982,noop,cubic,Benign synthetic clean profile: benign_steady.
clean,clean,clean-002,44,0,clean_profile,benign_steady,0.4124928454074982,noop,cubic,Benign synthetic clean profile: benign_steady.
clean,clean,clean-002,45,0,clean_profile,benign_steady,0.4124928454074982,noop,cubic,Benign synthetic clean profile: benign_steady.
clean,clean,clean-002,46,0,clean_profile,benign_steady,0.4124928454074982,noop,cubic,Benign synthetic clean profile: benign_steady.
clean,clean,clean-002,47,0,clean_profile,benign_steady,0.4124928454074982,noop,cubic,Benign synthetic clean profile: benign_steady.
clean,clean,clean-003,0,0,clean_profile,benign_steady,0.38575763911004457,noop,reno,Benign synthetic clean profile: benign_steady.
clean,clean,clean-003,1,0,clean_profile,benign_steady,0.38575763911004457,noop,reno,Benign synthetic clean profile: benign_steady.
clean,clean,clean-003,2,0,clean_profile,benign_steady,0.38575763911004457,noop,reno,Benign synthetic clean profile: benign_steady.
clean,clean,clean-003,3,0,clean_profile,benign_steady,0.38575763911004457,noop,reno,Benign synthetic clean profile: benign_steady.
clean,clean,clean-003,4,0,clean_profile,benign_steady,0.38575763911004457,noop,reno,Benign synthetic clean profile: benign_steady.
clean,clean,clean-003,5,0,clean_profile,benign_steady,0.38575763911004457,noop,reno,Benign synthetic clean profile: benign_steady.
clean,clean,clean-003,6,0,clean_profile,benign_steady,0.38575763911004457,noop,reno,Benign synthetic clean profile: benign_steady.
clean,clean,clean-003,7,0,clean_profile,benign_steady,0.38575763911004457,noop,reno,Benign synthetic clean profile: benign_steady.
clean,clean,clean-003,8,0,clean_profile,benign_steady,0.38575763911004457,noop,reno,Benign synthetic clean profile: benign_steady.
clean,clean,clean-003,9,0,clean_profile,benign_steady,0.38575763911004457,noop,reno,Benign synthetic clean profile: benign_steady.
clean,clean,clean-003,10,0,clean_profile,benign_steady,0.38575763911004457,noop,reno,Benign synthetic clean profile: benign_steady.
clean,clean,clean-003,11,0,clean_profile,benign_steady,0.38575763911004457,noop,reno,Benign synthetic clean profile: benign_steady.
clean,clean,clean-003,12,0,clean_profile,benign_steady,0.38575763911004457,noop,reno,Benign synthetic clean profile: benign_steady.
clean,clean,clean-003,13,0,clean_profile,benign_steady,0.38575763911004457,noop,reno,Benign synthetic clean profile: benign_steady.
clean,clean,clean-003,14,0,clean_profile,benign_steady,0.38575763911004457,noop,reno,Benign synthetic clean profile: benign_steady.
clean,clean,clean-003,15,0,clean_profile,benign_steady,0.38575763911004457,noop,reno,Benign synthetic clean profile: benign_steady.
clean,clean,clean-003,16,0,clean_profile,benign_steady,0.38575763911004457,noop,reno,Benign synthetic clean profile: benign_steady.
clean,clean,clean-003,17,0,clean_profile,benign_steady,0.38575763911004457,noop,reno,Benign synthetic clean profile: benign_steady.
clean,clean,clean-003,18,0,clean_profile,benign_steady,0.38575763911004457,noop,reno,Benign synthetic clean profile: benign_steady.
clean,clean,clean-003,19,0,clean_profile,benign_steady,0.38575763911004457,noop,reno,Benign synthetic clean profile: benign_steady.
clean,clean,clean-003,20,0,clean_profile,benign_steady,0.38575763911004457,noop,reno,Benign synthetic clean profile: benign_steady.
clean,clean,clean-003,21,0,clean_profile,benign_steady,0.38575763911004457,noop,reno,Benign synthetic clean profile: benign_steady.
clean,clean,clean-003,22,0,clean_profile,benign_steady,0.38575763911004457,noop,reno,Benign synthetic clean profile: benign_steady.
clean,clean,clean-003,23,0,clean_profile,benign_steady,0.38575763911004457,noop,reno,Benign synthetic clean profile: benign_steady.
clean,clean,clean-003,24,0,clean_profile,benign_steady,0.38575763911004457,noop,reno,Benign synthetic clean profile: benign_steady.
clean,clean,clean-003,25,0,clean_profile,benign_steady,0.38575763911004457,noop,reno,Benign synthetic clean profile: benign_steady.
clean,clean,clean-003,26,0,clean_profile,benign_steady,0.38575763911004457,noop,reno,Benign synthetic clean profile: benign_steady.
clean,clean,clean-003,27,0,clean_profile,benign_steady,0.38575763911004457,noop,reno,Benign synthetic clean profile: benign_steady.
clean,clean,clean-003,28,0,clean_profile,benign_steady,0.38575763911004457,noop,reno,Benign synthetic clean profile: benign_steady.
clean,clean,clean-003,29,0,clean_profile,benign_steady,0.38575763911004457,noop,reno,Benign synthetic clean profile: benign_steady.
clean,clean,clean-003,30,0,clean_profile,benign_steady,0.38575763911004457,noop,reno,Benign synthetic clean profile: benign_steady.
clean,clean,clean-003,31,0,clean_profile,benign_steady,0.38575763911004457,noop,reno,Benign synthetic clean profile: benign_steady.
clean,clean,clean-003,32,0,clean_profile,benign_steady,0.38575763911004457,noop,reno,Benign synthetic clean profile: benign_steady.
clean,clean,clean-003,33,0,clean_profile,benign_steady,0.38575763911004457,noop,reno,Benign synthetic clean profile: benign_steady.
clean,clean,clean-003,34,0,clean_profile,benign_steady,0.38575763911004457,noop,reno,Benign synthetic clean profile: benign_steady.
clean,clean,clean-003,35,0,clean_profile,benign_steady,0.38575763911004457,noop,reno,Benign synthetic clean profile: benign_steady.
clean,clean,clean-003,36,0,clean_profile,benign_steady,0.38575763911004457,noop,reno,Benign synthetic clean profile: benign_steady.
clean,clean,clean-003,37,0,clean_profile,benign_steady,0.38575763911004457,noop,reno,Benign synthetic clean profile: benign_steady.
clean,clean,clean-003,38,0,clean_profile,benign_steady,0.38575763911004457,noop,reno,Benign synthetic clean profile: benign_steady.
clean,clean,clean-003,39,0,clean_profile,benign_steady,0.38575763911004457,noop,reno,Benign synthetic clean profile: benign_steady.
clean,clean,clean-003,40,0,clean_profile,benign_steady,0.38575763911004457,noop,reno,Benign synthetic clean profile: benign_steady.
clean,clean,clean-003,41,0,clean_profile,benign_steady,0.38575763911004457,noop,reno,Benign synthetic clean profile: benign_steady.
clean,clean,clean-003,42,0,clean_profile,benign_steady,0.38575763911004457,noop,reno,Benign synthetic clean profile: benign_steady.
clean,clean,clean-003,43,0,clean_profile,benign_steady,0.38575763911004457,noop,reno,Benign synthetic clean profile: benign_steady.
clean,clean,clean-003,44,0,clean_profile,benign_steady,0.38575763911004457,noop,reno,Benign synthetic clean profile: benign_steady.
clean,clean,clean-003,45,0,clean_profile,benign_steady,0.38575763911004457,noop,reno,Benign synthetic clean profile: benign_steady.
clean,clean,clean-003,46,0,clean_profile,benign_steady,0.38575763911004457,noop,reno,Benign synthetic clean profile: benign_steady.
clean,clean,clean-003,47,0,clean_profile,benign_steady,0.38575763911004457,noop,reno,Benign synthetic clean profile: benign_steady.
clean,clean,clean-004,0,0,clean_profile,benign_steady,0.5819210047814558,noop,bbr,Benign synthetic clean profile: benign_steady.
clean,clean,clean-004,1,0,clean_profile,benign_steady,0.5819210047814558,noop,bbr,Benign synthetic clean profile: benign_steady.
clean,clean,clean-004,2,0,clean_profile,benign_steady,0.5819210047814558,noop,bbr,Benign synthetic clean profile: benign_steady.
clean,clean,clean-004,3,0,clean_profile,benign_steady,0.5819210047814558,noop,bbr,Benign synthetic clean profile: benign_steady.
clean,clean,clean-004,4,0,clean_profile,benign_steady,0.5819210047814558,noop,bbr,Benign synthetic clean profile: benign_steady.
clean,clean,clean-004,5,0,clean_profile,benign_steady,0.5819210047814558,noop,bbr,Benign synthetic clean profile: benign_steady.
clean,clean,clean-004,6,0,clean_profile,benign_steady,0.5819210047814558,noop,bbr,Benign synthetic clean profile: benign_steady.
clean,clean,clean-004,7,0,clean_profile,benign_steady,0.5819210047814558,noop,bbr,Benign synthetic clean profile: benign_steady.
clean,clean,clean-004,8,0,clean_profile,benign_steady,0.5819210047814558,noop,bbr,Benign synthetic clean profile: benign_steady.
clean,clean,clean-004,9,0,clean_profile,benign_steady,0.5819210047814558,noop,bbr,Benign synthetic clean profile: benign_steady.
clean,clean,clean-004,10,0,clean_profile,benign_steady,0.5819210047814558,noop,bbr,Benign synthetic clean profile: benign_steady.
clean,clean,clean-004,11,0,clean_profile,benign_steady,0.5819210047814558,noop,bbr,Benign synthetic clean profile: benign_steady.
clean,clean,clean-004,12,0,clean_profile,benign_steady,0.5819210047814558,noop,bbr,Benign synthetic clean profile: benign_steady.
clean,clean,clean-004,13,0,clean_profile,benign_steady,0.5819210047814558,noop,bbr,Benign synthetic clean profile: benign_steady.
clean,clean,clean-004,14,0,clean_profile,benign_steady,0.5819210047814558,noop,bbr,Benign synthetic clean profile: benign_steady.
clean,clean,clean-004,15,0,clean_profile,benign_steady,0.5819210047814558,noop,bbr,Benign synthetic clean profile: benign_steady.
clean,clean,clean-004,16,0,clean_profile,benign_steady,0.5819210047814558,noop,bbr,Benign synthetic clean profile: benign_steady.
clean,clean,clean-004,17,0,clean_profile,benign_steady,0.5819210047814558,noop,bbr,Benign synthetic clean profile: benign_steady.
clean,clean,clean-004,18,0,clean_profile,benign_steady,0.5819210047814558,noop,bbr,Benign synthetic clean profile: benign_steady.
clean,clean,clean-004,19,0,clean_profile,benign_steady,0.5819210047814558,noop,bbr,Benign synthetic clean profile: benign_steady.
clean,clean,clean-004,20,0,clean_profile,benign_steady,0.5819210047814558,noop,bbr,Benign synthetic clean profile: benign_steady.
clean,clean,clean-004,21,0,clean_profile,benign_steady,0.5819210047814558,noop,bbr,Benign synthetic clean profile: benign_steady.
clean,clean,clean-004,22,0,clean_profile,benign_steady,0.5819210047814558,noop,bbr,Benign synthetic clean profile: benign_steady.
clean,clean,clean-004,23,0,clean_profile,benign_steady,0.5819210047814558,noop,bbr,Benign synthetic clean profile: benign_steady.
clean,clean,clean-004,24,0,clean_profile,benign_steady,0.5819210047814558,noop,bbr,Benign synthetic clean profile: benign_steady.
clean,clean,clean-004,25,0,clean_profile,benign_steady,0.5819210047814558,noop,bbr,Benign synthetic clean profile: benign_steady.
clean,clean,clean-004,26,0,clean_profile,benign_steady,0.5819210047814558,noop,bbr,Benign synthetic clean profile: benign_steady.
clean,clean,clean-004,27,0,clean_profile,benign_steady,0.5819210047814558,noop,bbr,Benign synthetic clean profile: benign_steady.
clean,clean,clean-004,28,0,clean_profile,benign_steady,0.5819210047814558,noop,bbr,Benign synthetic clean profile: benign_steady.
clean,clean,clean-004,29,0,clean_profile,benign_steady,0.5819210047814558,noop,bbr,Benign synthetic clean profile: benign_steady.
clean,clean,clean-004,30,0,clean_profile,benign_steady,0.5819210047814558,noop,bbr,Benign synthetic clean profile: benign_steady.
clean,clean,clean-004,31,0,clean_profile,benign_steady,0.5819210047814558,noop,bbr,Benign synthetic clean profile: benign_steady.
clean,clean,clean-004,32,0,clean_profile,benign_steady,0.5819210047814558,noop,bbr,Benign synthetic clean profile: benign_steady.
clean,clean,clean-004,33,0,clean_profile,benign_steady,0.5819210047814558,noop,bbr,Benign synthetic clean profile: benign_steady.
clean,clean,clean-004,34,0,clean_profile,benign_steady,0.5819210047814558,noop,bbr,Benign synthetic clean profile: benign_steady.
clean,clean,clean-004,35,0,clean_profile,benign_steady,0.5819210047814558,noop,bbr,Benign synthetic clean profile: benign_steady.
clean,clean,clean-004,36,0,clean_profile,benign_steady,0.5819210047814558,noop,bbr,Benign synthetic clean profile: benign_steady.
clean,clean,clean-004,37,0,clean_profile,benign_steady,0.5819210047814558,noop,bbr,Benign synthetic clean profile: benign_steady.
clean,clean,clean-004,38,0,clean_profile,benign_steady,0.5819210047814558,noop,bbr,Benign synthetic clean profile: benign_steady.
clean,clean,clean-004,39,0,clean_profile,benign_steady,0.5819210047814558,noop,bbr,Benign synthetic clean profile: benign_steady.
clean,clean,clean-004,40,0,clean_profile,benign_steady,0.5819210047814558,noop,bbr,Benign synthetic clean profile: benign_steady.
clean,clean,clean-004,41,0,clean_profile,benign_steady,0.5819210047814558,noop,bbr,Benign synthetic clean profile: benign_steady.
clean,clean,clean-004,42,0,clean_profile,benign_steady,0.5819210047814558,noop,bbr,Benign synthetic clean profile: benign_steady.
clean,clean,clean-004,43,0,clean_profile,benign_steady,0.5819210047814558,noop,bbr,Benign synthetic clean profile: benign_steady.
clean,clean,clean-004,44,0,clean_profile,benign_steady,0.5819210047814558,noop,bbr,Benign synthetic clean profile: benign_steady.
clean,clean,clean-004,45,0,clean_profile,benign_steady,0.5819210047814558,noop,bbr,Benign synthetic clean profile: benign_steady.
clean,clean,clean-004,46,0,clean_profile,benign_steady,0.5819210047814558,noop,bbr,Benign synthetic clean profile: benign_steady.
clean,clean,clean-004,47,0,clean_profile,benign_steady,0.5819210047814558,noop,bbr,Benign synthetic clean profile: benign_steady.
clean,clean,clean-005,0,0,clean_profile,benign_steady,0.4192184873946635,noop,cubic,Benign synthetic clean profile: benign_steady.
clean,clean,clean-005,1,0,clean_profile,benign_steady,0.4192184873946635,noop,cubic,Benign synthetic clean profile: benign_steady.
clean,clean,clean-005,2,0,clean_profile,benign_steady,0.4192184873946635,noop,cubic,Benign synthetic clean profile: benign_steady.
clean,clean,clean-005,3,0,clean_profile,benign_steady,0.4192184873946635,noop,cubic,Benign synthetic clean profile: benign_steady.
clean,clean,clean-005,4,0,clean_profile,benign_steady,0.4192184873946635,noop,cubic,Benign synthetic clean profile: benign_steady.
clean,clean,clean-005,5,0,clean_profile,benign_steady,0.4192184873946635,noop,cubic,Benign synthetic clean profile: benign_steady.
clean,clean,clean-005,6,0,clean_profile,benign_steady,0.4192184873946635,noop,cubic,Benign synthetic clean profile: benign_steady.
clean,clean,clean-005,7,0,clean_profile,benign_steady,0.4192184873946635,noop,cubic,Benign synthetic clean profile: benign_steady.
clean,clean,clean-005,8,0,clean_profile,benign_steady,0.4192184873946635,noop,cubic,Benign synthetic clean profile: benign_steady.
clean,clean,clean-005,9,0,clean_profile,benign_steady,0.4192184873946635,noop,cubic,Benign synthetic clean profile: benign_steady.
clean,clean,clean-005,10,0,clean_profile,benign_steady,0.4192184873946635,noop,cubic,Benign synthetic clean profile: benign_steady.
clean,clean,clean-005,11,0,clean_profile,benign_steady,0.4192184873946635,noop,cubic,Benign synthetic clean profile: benign_steady.
clean,clean,clean-005,12,0,clean_profile,benign_steady,0.4192184873946635,noop,cubic,Benign synthetic clean profile: benign_steady.
clean,clean,clean-005,13,0,clean_profile,benign_steady,0.4192184873946635,noop,cubic,Benign synthetic clean profile: benign_steady.
clean,clean,clean-005,14,0,clean_profile,benign_steady,0.4192184873946635,noop,cubic,Benign synthetic clean profile: benign_steady.
clean,clean,clean-005,15,0,clean_profile,benign_steady,0.4192184873946635,noop,cubic,Benign synthetic clean profile: benign_steady.
clean,clean,clean-005,16,0,clean_profile,benign_steady,0.4192184873946635,noop,cubic,Benign synthetic clean profile: benign_steady.
clean,clean,clean-005,17,0,clean_profile,benign_steady,0.4192184873946635,noop,cubic,Benign synthetic clean profile: benign_steady.
clean,clean,clean-005,18,0,clean_profile,benign_steady,0.4192184873946635,noop,cubic,Benign synthetic clean profile: benign_steady.
clean,clean,clean-005,19,0,clean_profile,benign_steady,0.4192184873946635,noop,cubic,Benign synthetic clean profile: benign_steady.
clean,clean,clean-005,20,0,clean_profile,benign_steady,0.4192184873946635,noop,cubic,Benign synthetic clean profile: benign_steady.
clean,clean,clean-005,21,0,clean_profile,benign_steady,0.4192184873946635,noop,cubic,Benign synthetic clean profile: benign_steady.
clean,clean,clean-005,22,0,clean_profile,benign_steady,0.4192184873946635,noop,cubic,Benign synthetic clean profile: benign_steady.
clean,clean,clean-005,23,0,clean_profile,benign_steady,0.4192184873946635,noop,cubic,Benign synthetic clean profile: benign_steady.
clean,clean,clean-005,24,0,clean_profile,benign_steady,0.4192184873946635,noop,cubic,Benign synthetic clean profile: benign_steady.
clean,clean,clean-005,25,0,clean_profile,benign_steady,0.4192184873946635,noop,cubic,Benign synthetic clean profile: benign_steady.
clean,clean,clean-005,26,0,clean_profile,benign_steady,0.4192184873946635,noop,cubic,Benign synthetic clean profile: benign_steady.
clean,clean,clean-005,27,0,clean_profile,benign_steady,0.4192184873946635,noop,cubic,Benign synthetic clean profile: benign_steady.
clean,clean,clean-005,28,0,clean_profile,benign_steady,0.4192184873946635,noop,cubic,Benign synthetic clean profile: benign_steady.
clean,clean,clean-005,29,0,clean_profile,benign_steady,0.4192184873946635,noop,cubic,Benign synthetic clean profile: benign_steady.
clean,clean,clean-005,30,0,clean_profile,benign_steady,0.4192184873946635,noop,cubic,Benign synthetic clean profile: benign_steady.
clean,clean,clean-005,31,0,clean_profile,benign_steady,0.4192184873946635,noop,cubic,Benign synthetic clean profile: benign_steady.
clean,clean,clean-005,32,0,clean_profile,benign_steady,0.4192184873946635,noop,cubic,Benign synthetic clean profile: benign_steady.
clean,clean,clean-005,33,0,clean_profile,benign_steady,0.4192184873946635,noop,cubic,Benign synthetic clean profile: benign_steady.
clean,clean,clean-005,34,0,clean_profile,benign_steady,0.4192184873946635,noop,cubic,Benign synthetic clean profile: benign_steady.
clean,clean,clean-005,35,0,clean_profile,benign_steady,0.4192184873946635,noop,cubic,Benign synthetic clean profile: benign_steady.
clean,clean,clean-005,36,0,clean_profile,benign_steady,0.4192184873946635,noop,cubic,Benign synthetic clean profile: benign_steady.
clean,clean,clean-005,37,0,clean_profile,benign_steady,0.4192184873946635,noop,cubic,Benign synthetic clean profile: benign_steady.
clean,clean,clean-005,38,0,clean_profile,benign_steady,0.4192184873946635,noop,cubic,Benign synthetic clean profile: benign_steady.
clean,clean,clean-005,39,0,clean_profile,benign_steady,0.4192184873946635,noop,cubic,Benign synthetic clean profile: benign_steady.
clean,clean,clean-005,40,0,clean_profile,benign_steady,0.4192184873946635,noop,cubic,Benign synthetic clean profile: benign_steady.
clean,clean,clean-005,41,0,clean_profile,benign_steady,0.4192184873946635,noop,cubic,Benign synthetic clean profile: benign_steady.
clean,clean,clean-005,42,0,clean_profile,benign_steady,0.4192184873946635,noop,cubic,Benign synthetic clean profile: benign_steady.
clean,clean,clean-005,43,0,clean_profile,benign_steady,0.4192184873946635,noop,cubic,Benign synthetic clean profile: benign_steady.
clean,clean,clean-005,44,0,clean_profile,benign_steady,0.4192184873946635,noop,cubic,Benign synthetic clean profile: benign_steady.
clean,clean,clean-005,45,0,clean_profile,benign_steady,0.4192184873946635,noop,cubic,Benign synthetic clean profile: benign_steady.
clean,clean,clean-005,46,0,clean_profile,benign_steady,0.4192184873946635,noop,cubic,Benign synthetic clean profile: benign_steady.
clean,clean,clean-005,47,0,clean_profile,benign_steady,0.4192184873946635,noop,cubic,Benign synthetic clean profile: benign_steady.
clean,clean,clean-006,0,0,clean_profile,benign_steady,0.5339298250765747,noop,reno,Benign synthetic clean profile: benign_steady.
clean,clean,clean-006,1,0,clean_profile,benign_steady,0.5339298250765747,noop,reno,Benign synthetic clean profile: benign_steady.
clean,clean,clean-006,2,0,clean_profile,benign_steady,0.5339298250765747,noop,reno,Benign synthetic clean profile: benign_steady.
clean,clean,clean-006,3,0,clean_profile,benign_steady,0.5339298250765747,noop,reno,Benign synthetic clean profile: benign_steady.
clean,clean,clean-006,4,0,clean_profile,benign_steady,0.5339298250765747,noop,reno,Benign synthetic clean profile: benign_steady.
clean,clean,clean-006,5,0,clean_profile,benign_steady,0.5339298250765747,noop,reno,Benign synthetic clean profile: benign_steady.
clean,clean,clean-006,6,0,clean_profile,benign_steady,0.5339298250765747,noop,reno,Benign synthetic clean profile: benign_steady.
clean,clean,clean-006,7,0,clean_profile,benign_steady,0.5339298250765747,noop,reno,Benign synthetic clean profile: benign_steady.
clean,clean,clean-006,8,0,clean_profile,benign_steady,0.5339298250765747,noop,reno,Benign synthetic clean profile: benign_steady.
clean,clean,clean-006,9,0,clean_profile,benign_steady,0.5339298250765747,noop,reno,Benign synthetic clean profile: benign_steady.
clean,clean,clean-006,10,0,clean_profile,benign_steady,0.5339298250765747,noop,reno,Benign synthetic clean profile: benign_steady.
clean,clean,clean-006,11,0,clean_profile,benign_steady,0.5339298250765747,noop,reno,Benign synthetic clean profile: benign_steady.
clean,clean,clean-006,12,0,clean_profile,benign_steady,0.5339298250765747,noop,reno,Benign synthetic clean profile: benign_steady.
clean,clean,clean-006,13,0,clean_profile,benign_steady,0.5339298250765747,noop,reno,Benign synthetic clean profile: benign_steady.
clean,clean,clean-006,14,0,clean_profile,benign_steady,0.5339298250765747,noop,reno,Benign synthetic clean profile: benign_steady.
clean,clean,clean-006,15,0,clean_profile,benign_steady,0.5339298250765747,noop,reno,Benign synthetic clean profile: benign_steady.
clean,clean,clean-006,16,0,clean_profile,benign_steady,0.5339298250765747,noop,reno,Benign synthetic clean profile: benign_steady.
clean,clean,clean-006,17,0,clean_profile,benign_steady,0.5339298250765747,noop,reno,Benign synthetic clean profile: benign_steady.
clean,clean,clean-006,18,0,clean_profile,benign_steady,0.5339298250765747,noop,reno,Benign synthetic clean profile: benign_steady.
clean,clean,clean-006,19,0,clean_profile,benign_steady,0.5339298250765747,noop,reno,Benign synthetic clean profile: benign_steady.
clean,clean,clean-006,20,0,clean_profile,benign_steady,0.5339298250765747,noop,reno,Benign synthetic clean profile: benign_steady.
clean,clean,clean-006,21,0,clean_profile,benign_steady,0.5339298250765747,noop,reno,Benign synthetic clean profile: benign_steady.
clean,clean,clean-006,22,0,clean_profile,benign_steady,0.5339298250765747,noop,reno,Benign synthetic clean profile: benign_steady.
clean,clean,clean-006,23,0,clean_profile,benign_steady,0.5339298250765747,noop,reno,Benign synthetic clean profile: benign_steady.
clean,clean,clean-006,24,0,clean_profile,benign_steady,0.5339298250765747,noop,reno,Benign synthetic clean profile: benign_steady.
clean,clean,clean-006,25,0,clean_profile,benign_steady,0.5339298250765747,noop,reno,Benign synthetic clean profile: benign_steady.
clean,clean,clean-006,26,0,clean_profile,benign_steady,0.5339298250765747,noop,reno,Benign synthetic clean profile: benign_steady.
clean,clean,clean-006,27,0,clean_profile,benign_steady,0.5339298250765747,noop,reno,Benign synthetic clean profile: benign_steady.
clean,clean,clean-006,28,0,clean_profile,benign_steady,0.5339298250765747,noop,reno,Benign synthetic clean profile: benign_steady.
clean,clean,clean-006,29,0,clean_profile,benign_steady,0.5339298250765747,noop,reno,Benign synthetic clean profile: benign_steady.
clean,clean,clean-006,30,0,clean_profile,benign_steady,0.5339298250765747,noop,reno,Benign synthetic clean profile: benign_steady.
clean,clean,clean-006,31,0,clean_profile,benign_steady,0.5339298250765747,noop,reno,Benign synthetic clean profile: benign_steady.
clean,clean,clean-006,32,0,clean_profile,benign_steady,0.5339298250765747,noop,reno,Benign synthetic clean profile: benign_steady.
clean,clean,clean-006,33,0,clean_profile,benign_steady,0.5339298250765747,noop,reno,Benign synthetic clean profile: benign_steady.
clean,clean,clean-006,34,0,clean_profile,benign_steady,0.5339298250765747,noop,reno,Benign synthetic clean profile: benign_steady.
clean,clean,clean-006,35,0,clean_profile,benign_steady,0.5339298250765747,noop,reno,Benign synthetic clean profile: benign_steady.
clean,clean,clean-006,36,0,clean_profile,benign_steady,0.5339298250765747,noop,reno,Benign synthetic clean profile: benign_steady.
clean,clean,clean-006,37,0,clean_profile,benign_steady,0.5339298250765747,noop,reno,Benign synthetic clean profile: benign_steady.
clean,clean,clean-006,38,0,clean_profile,benign_steady,0.5339298250765747,noop,reno,Benign synthetic clean profile: benign_steady.
clean,clean,clean-006,39,0,clean_profile,benign_steady,0.5339298250765747,noop,reno,Benign synthetic clean profile: benign_steady.
clean,clean,clean-006,40,0,clean_profile,benign_steady,0.5339298250765747,noop,reno,Benign synthetic clean profile: benign_steady.
clean,clean,clean-006,41,0,clean_profile,benign_steady,0.5339298250765747,noop,reno,Benign synthetic clean profile: benign_steady.
clean,clean,clean-006,42,0,clean_profile,benign_steady,0.5339298250765747,noop,reno,Benign synthetic clean profile: benign_steady.
clean,clean,clean-006,43,0,clean_profile,benign_steady,0.5339298250765747,noop,reno,Benign synthetic clean profile: benign_steady.
clean,clean,clean-006,44,0,clean_profile,benign_steady,0.5339298250765747,noop,reno,Benign synthetic clean profile: benign_steady.
clean,clean,clean-006,45,0,clean_profile,benign_steady,0.5339298250765747,noop,reno,Benign synthetic clean profile: benign_steady.
clean,clean,clean-006,46,0,clean_profile,benign_steady,0.5339298250765747,noop,reno,Benign synthetic clean profile: benign_steady.
clean,clean,clean-006,47,0,clean_profile,benign_steady,0.5339298250765747,noop,reno,Benign synthetic clean profile: benign_steady.
clean,clean,clean-007,0,0,clean_profile,benign_steady,0.5893531924013753,noop,bbr,Benign synthetic clean profile: benign_steady.
clean,clean,clean-007,1,0,clean_profile,benign_steady,0.5893531924013753,noop,bbr,Benign synthetic clean profile: benign_steady.
clean,clean,clean-007,2,0,clean_profile,benign_steady,0.5893531924013753,noop,bbr,Benign synthetic clean profile: benign_steady.
clean,clean,clean-007,3,0,clean_profile,benign_steady,0.5893531924013753,noop,bbr,Benign synthetic clean profile: benign_steady.
clean,clean,clean-007,4,0,clean_profile,benign_steady,0.5893531924013753,noop,bbr,Benign synthetic clean profile: benign_steady.
clean,clean,clean-007,5,0,clean_profile,benign_steady,0.5893531924013753,noop,bbr,Benign synthetic clean profile: benign_steady.
clean,clean,clean-007,6,0,clean_profile,benign_steady,0.5893531924013753,noop,bbr,Benign synthetic clean profile: benign_steady.
clean,clean,clean-007,7,0,clean_profile,benign_steady,0.5893531924013753,noop,bbr,Benign synthetic clean profile: benign_steady.
clean,clean,clean-007,8,0,clean_profile,benign_steady,0.5893531924013753,noop,bbr,Benign synthetic clean profile: benign_steady.
clean,clean,clean-007,9,0,clean_profile,benign_steady,0.5893531924013753,noop,bbr,Benign synthetic clean profile: benign_steady.
clean,clean,clean-007,10,0,clean_profile,benign_steady,0.5893531924013753,noop,bbr,Benign synthetic clean profile: benign_steady.
clean,clean,clean-007,11,0,clean_profile,benign_steady,0.5893531924013753,noop,bbr,Benign synthetic clean profile: benign_steady.
clean,clean,clean-007,12,0,clean_profile,benign_steady,0.5893531924013753,noop,bbr,Benign synthetic clean profile: benign_steady.
clean,clean,clean-007,13,0,clean_profile,benign_steady,0.5893531924013753,noop,bbr,Benign synthetic clean profile: benign_steady.
clean,clean,clean-007,14,0,clean_profile,benign_steady,0.5893531924013753,noop,bbr,Benign synthetic clean profile: benign_steady.
clean,clean,clean-007,15,0,clean_profile,benign_steady,0.5893531924013753,noop,bbr,Benign synthetic clean profile: benign_steady.
clean,clean,clean-007,16,0,clean_profile,benign_steady,0.5893531924013753,noop,bbr,Benign synthetic clean profile: benign_steady.
clean,clean,clean-007,17,0,clean_profile,benign_steady,0.5893531924013753,noop,bbr,Benign synthetic clean profile: benign_steady.
clean,clean,clean-007,18,0,clean_profile,benign_steady,0.5893531924013753,noop,bbr,Benign synthetic clean profile: benign_steady.
clean,clean,clean-007,19,0,clean_profile,benign_steady,0.5893531924013753,noop,bbr,Benign synthetic clean profile: benign_steady.
clean,clean,clean-007,20,0,clean_profile,benign_steady,0.5893531924013753,noop,bbr,Benign synthetic clean profile: benign_steady.
clean,clean,clean-007,21,0,clean_profile,benign_steady,0.5893531924013753,noop,bbr,Benign synthetic clean profile: benign_steady.
clean,clean,clean-007,22,0,clean_profile,benign_steady,0.5893531924013753,noop,bbr,Benign synthetic clean profile: benign_steady.
clean,clean,clean-007,23,0,clean_profile,benign_steady,0.5893531924013753,noop,bbr,Benign synthetic clean profile: benign_steady.
clean,clean,clean-007,24,0,clean_profile,benign_steady,0.5893531924013753,noop,bbr,Benign synthetic clean profile: benign_steady.
clean,clean,clean-007,25,0,clean_profile,benign_steady,0.5893531924013753,noop,bbr,Benign synthetic clean profile: benign_steady.
clean,clean,clean-007,26,0,clean_profile,benign_steady,0.5893531924013753,noop,bbr,Benign synthetic clean profile: benign_steady.
clean,clean,clean-007,27,0,clean_profile,benign_steady,0.5893531924013753,noop,bbr,Benign synthetic clean profile: benign_steady.
clean,clean,clean-007,28,0,clean_profile,benign_steady,0.5893531924013753,noop,bbr,Benign synthetic clean profile: benign_steady.
clean,clean,clean-007,29,0,clean_profile,benign_steady,0.5893531924013753,noop,bbr,Benign synthetic clean profile: benign_steady.
clean,clean,clean-007,30,0,clean_profile,benign_steady,0.5893531924013753,noop,bbr,Benign synthetic clean profile: benign_steady.
clean,clean,clean-007,31,0,clean_profile,benign_steady,0.5893531924013753,noop,bbr,Benign synthetic clean profile: benign_steady.
clean,clean,clean-007,32,0,clean_profile,benign_steady,0.5893531924013753,noop,bbr,Benign synthetic clean profile: benign_steady.
clean,clean,clean-007,33,0,clean_profile,benign_steady,0.5893531924013753,noop,bbr,Benign synthetic clean profile: benign_steady.
clean,clean,clean-007,34,0,clean_profile,benign_steady,0.5893531924013753,noop,bbr,Benign synthetic clean profile: benign_steady.
clean,clean,clean-007,35,0,clean_profile,benign_steady,0.5893531924013753,noop,bbr,Benign synthetic clean profile: benign_steady.
clean,clean,clean-007,36,0,clean_profile,benign_steady,0.5893531924013753,noop,bbr,Benign synthetic clean profile: benign_steady.
clean,clean,clean-007,37,0,clean_profile,benign_steady,0.5893531924013753,noop,bbr,Benign synthetic clean profile: benign_steady.
clean,clean,clean-007,38,0,clean_profile,benign_steady,0.5893531924013753,noop,bbr,Benign synthetic clean profile: benign_steady.
clean,clean,clean-007,39,0,clean_profile,benign_steady,0.5893531924013753,noop,bbr,Benign synthetic clean profile: benign_steady.
clean,clean,clean-007,40,0,clean_profile,benign_steady,0.5893531924013753,noop,bbr,Benign synthetic clean profile: benign_steady.
clean,clean,clean-007,41,0,clean_profile,benign_steady,0.5893531924013753,noop,bbr,Benign synthetic clean profile: benign_steady.
clean,clean,clean-007,42,0,clean_profile,benign_steady,0.5893531924013753,noop,bbr,Benign synthetic clean profile: benign_steady.
clean,clean,clean-007,43,0,clean_profile,benign_steady,0.5893531924013753,noop,bbr,Benign synthetic clean profile: benign_steady.
clean,clean,clean-007,44,0,clean_profile,benign_steady,0.5893531924013753,noop,bbr,Benign synthetic clean profile: benign_steady.
clean,clean,clean-007,45,0,clean_profile,benign_steady,0.5893531924013753,noop,bbr,Benign synthetic clean profile: benign_steady.
clean,clean,clean-007,46,0,clean_profile,benign_steady,0.5893531924013753,noop,bbr,Benign synthetic clean profile: benign_steady.
clean,clean,clean-007,47,0,clean_profile,benign_steady,0.5893531924013753,noop,bbr,Benign synthetic clean profile: benign_steady.
clean,clean,clean-008,0,0,clean_profile,benign_steady,0.6820520289042948,noop,cubic,Benign synthetic clean profile: benign_steady.
clean,clean,clean-008,1,0,clean_profile,benign_steady,0.6820520289042948,noop,cubic,Benign synthetic clean profile: benign_steady.
clean,clean,clean-008,2,0,clean_profile,benign_steady,0.6820520289042948,noop,cubic,Benign synthetic clean profile: benign_steady.
clean,clean,clean-008,3,0,clean_profile,benign_steady,0.6820520289042948,noop,cubic,Benign synthetic clean profile: benign_steady.
clean,clean,clean-008,4,0,clean_profile,benign_steady,0.6820520289042948,noop,cubic,Benign synthetic clean profile: benign_steady.
clean,clean,clean-008,5,0,clean_profile,benign_steady,0.6820520289042948,noop,cubic,Benign synthetic clean profile: benign_steady.
clean,clean,clean-008,6,0,clean_profile,benign_steady,0.6820520289042948,noop,cubic,Benign synthetic clean profile: benign_steady.
clean,clean,clean-008,7,0,clean_profile,benign_steady,0.6820520289042948,noop,cubic,Benign synthetic clean profile: benign_steady.
clean,clean,clean-008,8,0,clean_profile,benign_steady,0.6820520289042948,noop,cubic,Benign synthetic clean profile: benign_steady.
clean,clean,clean-008,9,0,clean_profile,benign_steady,0.6820520289042948,noop,cubic,Benign synthetic clean profile: benign_steady.
clean,clean,clean-008,10,0,clean_profile,benign_steady,0.6820520289042948,noop,cubic,Benign synthetic clean profile: benign_steady.
clean,clean,clean-008,11,0,clean_profile,benign_steady,0.6820520289042948,noop,cubic,Benign synthetic clean profile: benign_steady.
clean,clean,clean-008,12,0,clean_profile,benign_steady,0.6820520289042948,noop,cubic,Benign synthetic clean profile: benign_steady.
clean,clean,clean-008,13,0,clean_profile,benign_steady,0.6820520289042948,noop,cubic,Benign synthetic clean profile: benign_steady.
clean,clean,clean-008,14,0,clean_profile,benign_steady,0.6820520289042948,noop,cubic,Benign synthetic clean profile: benign_steady.
clean,clean,clean-008,15,0,clean_profile,benign_steady,0.6820520289042948,noop,cubic,Benign synthetic clean profile: benign_steady.
clean,clean,clean-008,16,0,clean_profile,benign_steady,0.6820520289042948,noop,cubic,Benign synthetic clean profile: benign_steady.
clean,clean,clean-008,17,0,clean_profile,benign_steady,0.6820520289042948,noop,cubic,Benign synthetic clean profile: benign_steady.
clean,clean,clean-008,18,0,clean_profile,benign_steady,0.6820520289042948,noop,cubic,Benign synthetic clean profile: benign_steady.
clean,clean,clean-008,19,0,clean_profile,benign_steady,0.6820520289042948,noop,cubic,Benign synthetic clean profile: benign_steady.
clean,clean,clean-008,20,0,clean_profile,benign_steady,0.6820520289042948,noop,cubic,Benign synthetic clean profile: benign_steady.
clean,clean,clean-008,21,0,clean_profile,benign_steady,0.6820520289042948,noop,cubic,Benign synthetic clean profile: benign_steady.
clean,clean,clean-008,22,0,clean_profile,benign_steady,0.6820520289042948,noop,cubic,Benign synthetic clean profile: benign_steady.
clean,clean,clean-008,23,0,clean_profile,benign_steady,0.6820520289042948,noop,cubic,Benign synthetic clean profile: benign_steady.
clean,clean,clean-008,24,0,clean_profile,benign_steady,0.6820520289042948,noop,cubic,Benign synthetic clean profile: benign_steady.
clean,clean,clean-008,25,0,clean_profile,benign_steady,0.6820520289042948,noop,cubic,Benign synthetic clean profile: benign_steady.
clean,clean,clean-008,26,0,clean_profile,benign_steady,0.6820520289042948,noop,cubic,Benign synthetic clean profile: benign_steady.
clean,clean,clean-008,27,0,clean_profile,benign_steady,0.6820520289042948,noop,cubic,Benign synthetic clean profile: benign_steady.
clean,clean,clean-008,28,0,clean_profile,benign_steady,0.6820520289042948,noop,cubic,Benign synthetic clean profile: benign_steady.
clean,clean,clean-008,29,0,clean_profile,benign_steady,0.6820520289042948,noop,cubic,Benign synthetic clean profile: benign_steady.
clean,clean,clean-008,30,0,clean_profile,benign_steady,0.6820520289042948,noop,cubic,Benign synthetic clean profile: benign_steady.
clean,clean,clean-008,31,0,clean_profile,benign_steady,0.6820520289042948,noop,cubic,Benign synthetic clean profile: benign_steady.
clean,clean,clean-008,32,0,clean_profile,benign_steady,0.6820520289042948,noop,cubic,Benign synthetic clean profile: benign_steady.
clean,clean,clean-008,33,0,clean_profile,benign_steady,0.6820520289042948,noop,cubic,Benign synthetic clean profile: benign_steady.
clean,clean,clean-008,34,0,clean_profile,benign_steady,0.6820520289042948,noop,cubic,Benign synthetic clean profile: benign_steady.
clean,clean,clean-008,35,0,clean_profile,benign_steady,0.6820520289042948,noop,cubic,Benign synthetic clean profile: benign_steady.
clean,clean,clean-008,36,0,clean_profile,benign_steady,0.6820520289042948,noop,cubic,Benign synthetic clean profile: benign_steady.
clean,clean,clean-008,37,0,clean_profile,benign_steady,0.6820520289042948,noop,cubic,Benign synthetic clean profile: benign_steady.
clean,clean,clean-008,38,0,clean_profile,benign_steady,0.6820520289042948,noop,cubic,Benign synthetic clean profile: benign_steady.
clean,clean,clean-008,39,0,clean_profile,benign_steady,0.6820520289042948,noop,cubic,Benign synthetic clean profile: benign_steady.
clean,clean,clean-008,40,0,clean_profile,benign_steady,0.6820520289042948,noop,cubic,Benign synthetic clean profile: benign_steady.
clean,clean,clean-008,41,0,clean_profile,benign_steady,0.6820520289042948,noop,cubic,Benign synthetic clean profile: benign_steady.
clean,clean,clean-008,42,0,clean_profile,benign_steady,0.6820520289042948,noop,cubic,Benign synthetic clean profile: benign_steady.
clean,clean,clean-008,43,0,clean_profile,benign_steady,0.6820520289042948,noop,cubic,Benign synthetic clean profile: benign_steady.
clean,clean,clean-008,44,0,clean_profile,benign_steady,0.6820520289042948,noop,cubic,Benign synthetic clean profile: benign_steady.
clean,clean,clean-008,45,0,clean_profile,benign_steady,0.6820520289042948,noop,cubic,Benign synthetic clean profile: benign_steady.
clean,clean,clean-008,46,0,clean_profile,benign_steady,0.6820520289042948,noop,cubic,Benign synthetic clean profile: benign_steady.
clean,clean,clean-008,47,0,clean_profile,benign_steady,0.6820520289042948,noop,cubic,Benign synthetic clean profile: benign_steady.
clean,clean,clean-009,0,0,clean_profile,benign_steady,0.26403752136014197,noop,reno,Benign synthetic clean profile: benign_steady.
clean,clean,clean-009,1,0,clean_profile,benign_steady,0.26403752136014197,noop,reno,Benign synthetic clean profile: benign_steady.
clean,clean,clean-009,2,0,clean_profile,benign_steady,0.26403752136014197,noop,reno,Benign synthetic clean profile: benign_steady.
clean,clean,clean-009,3,0,clean_profile,benign_steady,0.26403752136014197,noop,reno,Benign synthetic clean profile: benign_steady.
clean,clean,clean-009,4,0,clean_profile,benign_steady,0.26403752136014197,noop,reno,Benign synthetic clean profile: benign_steady.
clean,clean,clean-009,5,0,clean_profile,benign_steady,0.26403752136014197,noop,reno,Benign synthetic clean profile: benign_steady.
clean,clean,clean-009,6,0,clean_profile,benign_steady,0.26403752136014197,noop,reno,Benign synthetic clean profile: benign_steady.
clean,clean,clean-009,7,0,clean_profile,benign_steady,0.26403752136014197,noop,reno,Benign synthetic clean profile: benign_steady.
clean,clean,clean-009,8,0,clean_profile,benign_steady,0.26403752136014197,noop,reno,Benign synthetic clean profile: benign_steady.
clean,clean,clean-009,9,0,clean_profile,benign_steady,0.26403752136014197,noop,reno,Benign synthetic clean profile: benign_steady.
clean,clean,clean-009,10,0,clean_profile,benign_steady,0.26403752136014197,noop,reno,Benign synthetic clean profile: benign_steady.
clean,clean,clean-009,11,0,clean_profile,benign_steady,0.26403752136014197,noop,reno,Benign synthetic clean profile: benign_steady.
clean,clean,clean-009,12,0,clean_profile,benign_steady,0.26403752136014197,noop,reno,Benign synthetic clean profile: benign_steady.
clean,clean,clean-009,13,0,clean_profile,benign_steady,0.26403752136014197,noop,reno,Benign synthetic clean profile: benign_steady.
clean,clean,clean-009,14,0,clean_profile,benign_steady,0.26403752136014197,noop,reno,Benign synthetic clean profile: benign_steady.
clean,clean,clean-009,15,0,clean_profile,benign_steady,0.26403752136014197,noop,reno,Benign synthetic clean profile: benign_steady.
clean,clean,clean-009,16,0,clean_profile,benign_steady,0.26403752136014197,noop,reno,Benign synthetic clean profile: benign_steady.
clean,clean,clean-009,17,0,clean_profile,benign_steady,0.26403752136014197,noop,reno,Benign synthetic clean profile: benign_steady.
clean,clean,clean-009,18,0,clean_profile,benign_steady,0.26403752136014197,noop,reno,Benign synthetic clean profile: benign_steady.
clean,clean,clean-009,19,0,clean_profile,benign_steady,0.26403752136014197,noop,reno,Benign synthetic clean profile: benign_steady.
clean,clean,clean-009,20,0,clean_profile,benign_steady,0.26403752136014197,noop,reno,Benign synthetic clean profile: benign_steady.
clean,clean,clean-009,21,0,clean_profile,benign_steady,0.26403752136014197,noop,reno,Benign synthetic clean profile: benign_steady.
clean,clean,clean-009,22,0,clean_profile,benign_steady,0.26403752136014197,noop,reno,Benign synthetic clean profile: benign_steady.
clean,clean,clean-009,23,0,clean_profile,benign_steady,0.26403752136014197,noop,reno,Benign synthetic clean profile: benign_steady.
clean,clean,clean-009,24,0,clean_profile,benign_steady,0.26403752136014197,noop,reno,Benign synthetic clean profile: benign_steady.
clean,clean,clean-009,25,0,clean_profile,benign_steady,0.26403752136014197,noop,reno,Benign synthetic clean profile: benign_steady.
clean,clean,clean-009,26,0,clean_profile,benign_steady,0.26403752136014197,noop,reno,Benign synthetic clean profile: benign_steady.
clean,clean,clean-009,27,0,clean_profile,benign_steady,0.26403752136014197,noop,reno,Benign synthetic clean profile: benign_steady.
clean,clean,clean-009,28,0,clean_profile,benign_steady,0.26403752136014197,noop,reno,Benign synthetic clean profile: benign_steady.
clean,clean,clean-009,29,0,clean_profile,benign_steady,0.26403752136014197,noop,reno,Benign synthetic clean profile: benign_steady.
clean,clean,clean-009,30,0,clean_profile,benign_steady,0.26403752136014197,noop,reno,Benign synthetic clean profile: benign_steady.
clean,clean,clean-009,31,0,clean_profile,benign_steady,0.26403752136014197,noop,reno,Benign synthetic clean profile: benign_steady.
clean,clean,clean-009,32,0,clean_profile,benign_steady,0.26403752136014197,noop,reno,Benign synthetic clean profile: benign_steady.
clean,clean,clean-009,33,0,clean_profile,benign_steady,0.26403752136014197,noop,reno,Benign synthetic clean profile: benign_steady.
clean,clean,clean-009,34,0,clean_profile,benign_steady,0.26403752136014197,noop,reno,Benign synthetic clean profile: benign_steady.
clean,clean,clean-009,35,0,clean_profile,benign_steady,0.26403752136014197,noop,reno,Benign synthetic clean profile: benign_steady.
clean,clean,clean-009,36,0,clean_profile,benign_steady,0.26403752136014197,noop,reno,Benign synthetic clean profile: benign_steady.
clean,clean,clean-009,37,0,clean_profile,benign_steady,0.26403752136014197,noop,reno,Benign synthetic clean profile: benign_steady.
clean,clean,clean-009,38,0,clean_profile,benign_steady,0.26403752136014197,noop,reno,Benign synthetic clean profile: benign_steady.
clean,clean,clean-009,39,0,clean_profile,benign_steady,0.26403752136014197,noop,reno,Benign synthetic clean profile: benign_steady.
clean,clean,clean-009,40,0,clean_profile,benign_steady,0.26403752136014197,noop,reno,Benign synthetic clean profile: benign_steady.
clean,clean,clean-009,41,0,clean_profile,benign_steady,0.26403752136014197,noop,reno,Benign synthetic clean profile: benign_steady.
clean,clean,clean-009,42,0,clean_profile,benign_steady,0.26403752136014197,noop,reno,Benign synthetic clean profile: benign_steady.
clean,clean,clean-009,43,0,clean_profile,benign_steady,0.26403752136014197,noop,reno,Benign synthetic clean profile: benign_steady.
clean,clean,clean-009,44,0,clean_profile,benign_steady,0.26403752136014197,noop,reno,Benign synthetic clean profile: benign_steady.
clean,clean,clean-009,45,0,clean_profile,benign_steady,0.26403752136014197,noop,reno,Benign synthetic clean profile: benign_steady.
clean,clean,clean-009,46,0,clean_profile,benign_steady,0.26403752136014197,noop,reno,Benign synthetic clean profile: benign_steady.
clean,clean,clean-009,47,0,clean_profile,benign_steady,0.26403752136014197,noop,reno,Benign synthetic clean profile: benign_steady.
clean,clean,clean-010,0,0,clean_profile,benign_steady,0.2604784482928071,noop,bbr,Benign synthetic clean profile: benign_steady.
clean,clean,clean-010,1,0,clean_profile,benign_steady,0.2604784482928071,noop,bbr,Benign synthetic clean profile: benign_steady.
clean,clean,clean-010,2,0,clean_profile,benign_steady,0.2604784482928071,noop,bbr,Benign synthetic clean profile: benign_steady.
clean,clean,clean-010,3,0,clean_profile,benign_steady,0.2604784482928071,noop,bbr,Benign synthetic clean profile: benign_steady.
clean,clean,clean-010,4,0,clean_profile,benign_steady,0.2604784482928071,noop,bbr,Benign synthetic clean profile: benign_steady.
clean,clean,clean-010,5,0,clean_profile,benign_steady,0.2604784482928071,noop,bbr,Benign synthetic clean profile: benign_steady.
clean,clean,clean-010,6,0,clean_profile,benign_steady,0.2604784482928071,noop,bbr,Benign synthetic clean profile: benign_steady.
clean,clean,clean-010,7,0,clean_profile,benign_steady,0.2604784482928071,noop,bbr,Benign synthetic clean profile: benign_steady.
clean,clean,clean-010,8,0,clean_profile,benign_steady,0.2604784482928071,noop,bbr,Benign synthetic clean profile: benign_steady.
clean,clean,clean-010,9,0,clean_profile,benign_steady,0.2604784482928071,noop,bbr,Benign synthetic clean profile: benign_steady.
clean,clean,clean-010,10,0,clean_profile,benign_steady,0.2604784482928071,noop,bbr,Benign synthetic clean profile: benign_steady.
clean,clean,clean-010,11,0,clean_profile,benign_steady,0.2604784482928071,noop,bbr,Benign synthetic clean profile: benign_steady.
clean,clean,clean-010,12,0,clean_profile,benign_steady,0.2604784482928071,noop,bbr,Benign synthetic clean profile: benign_steady.
clean,clean,clean-010,13,0,clean_profile,benign_steady,0.2604784482928071,noop,bbr,Benign synthetic clean profile: benign_steady.
clean,clean,clean-010,14,0,clean_profile,benign_steady,0.2604784482928071,noop,bbr,Benign synthetic clean profile: benign_steady.
clean,clean,clean-010,15,0,clean_profile,benign_steady,0.2604784482928071,noop,bbr,Benign synthetic clean profile: benign_steady.
clean,clean,clean-010,16,0,clean_profile,benign_steady,0.2604784482928071,noop,bbr,Benign synthetic clean profile: benign_steady.
clean,clean,clean-010,17,0,clean_profile,benign_steady,0.2604784482928071,noop,bbr,Benign synthetic clean profile: benign_steady.
clean,clean,clean-010,18,0,clean_profile,benign_steady,0.2604784482928071,noop,bbr,Benign synthetic clean profile: benign_steady.
clean,clean,clean-010,19,0,clean_profile,benign_steady,0.2604784482928071,noop,bbr,Benign synthetic clean profile: benign_steady.
clean,clean,clean-010,20,0,clean_profile,benign_steady,0.2604784482928071,noop,bbr,Benign synthetic clean profile: benign_steady.
clean,clean,clean-010,21,0,clean_profile,benign_steady,0.2604784482928071,noop,bbr,Benign synthetic clean profile: benign_steady.
clean,clean,clean-010,22,0,clean_profile,benign_steady,0.2604784482928071,noop,bbr,Benign synthetic clean profile: benign_steady.
clean,clean,clean-010,23,0,clean_profile,benign_steady,0.2604784482928071,noop,bbr,Benign synthetic clean profile: benign_steady.
clean,clean,clean-010,24,0,clean_profile,benign_steady,0.2604784482928071,noop,bbr,Benign synthetic clean profile: benign_steady.
clean,clean,clean-010,25,0,clean_profile,benign_steady,0.2604784482928071,noop,bbr,Benign synthetic clean profile: benign_steady.
clean,clean,clean-010,26,0,clean_profile,benign_steady,0.2604784482928071,noop,bbr,Benign synthetic clean profile: benign_steady.
clean,clean,clean-010,27,0,clean_profile,benign_steady,0.2604784482928071,noop,bbr,Benign synthetic clean profile: benign_steady.
clean,clean,clean-010,28,0,clean_profile,benign_steady,0.2604784482928071,noop,bbr,Benign synthetic clean profile: benign_steady.
clean,clean,clean-010,29,0,clean_profile,benign_steady,0.2604784482928071,noop,bbr,Benign synthetic clean profile: benign_steady.
clean,clean,clean-010,30,0,clean_profile,benign_steady,0.2604784482928071,noop,bbr,Benign synthetic clean profile: benign_steady.
clean,clean,clean-010,31,0,clean_profile,benign_steady,0.2604784482928071,noop,bbr,Benign synthetic clean profile: benign_steady.
clean,clean,clean-010,32,0,clean_profile,benign_steady,0.2604784482928071,noop,bbr,Benign synthetic clean profile: benign_steady.
clean,clean,clean-010,33,0,clean_profile,benign_steady,0.2604784482928071,noop,bbr,Benign synthetic clean profile: benign_steady.
clean,clean,clean-010,34,0,clean_profile,benign_steady,0.2604784482928071,noop,bbr,Benign synthetic clean profile: benign_steady.
clean,clean,clean-010,35,0,clean_profile,benign_steady,0.2604784482928071,noop,bbr,Benign synthetic clean profile: benign_steady.
clean,clean,clean-010,36,0,clean_profile,benign_steady,0.2604784482928071,noop,bbr,Benign synthetic clean profile: benign_steady.
clean,clean,clean-010,37,0,clean_profile,benign_steady,0.2604784482928071,noop,bbr,Benign synthetic clean profile: benign_steady.
clean,clean,clean-010,38,0,clean_profile,benign_steady,0.2604784482928071,noop,bbr,Benign synthetic clean profile: benign_steady.
clean,clean,clean-010,39,0,clean_profile,benign_steady,0.2604784482928071,noop,bbr,Benign synthetic clean profile: benign_steady.
clean,clean,clean-010,40,0,clean_profile,benign_steady,0.2604784482928071,noop,bbr,Benign synthetic clean profile: benign_steady.
clean,clean,clean-010,41,0,clean_profile,benign_steady,0.2604784482928071,noop,bbr,Benign synthetic clean profile: benign_steady.
clean,clean,clean-010,42,0,clean_profile,benign_steady,0.2604784482928071,noop,bbr,Benign synthetic clean profile: benign_steady.
clean,clean,clean-010,43,0,clean_profile,benign_steady,0.2604784482928071,noop,bbr,Benign synthetic clean profile: benign_steady.
clean,clean,clean-010,44,0,clean_profile,benign_steady,0.2604784482928071,noop,bbr,Benign synthetic clean profile: benign_steady.
clean,clean,clean-010,45,0,clean_profile,benign_steady,0.2604784482928071,noop,bbr,Benign synthetic clean profile: benign_steady.
clean,clean,clean-010,46,0,clean_profile,benign_steady,0.2604784482928071,noop,bbr,Benign synthetic clean profile: benign_steady.
clean,clean,clean-010,47,0,clean_profile,benign_steady,0.2604784482928071,noop,bbr,Benign synthetic clean profile: benign_steady.
clean,clean,clean-011,0,0,clean_profile,benign_steady,0.6125136371456217,noop,cubic,Benign synthetic clean profile: benign_steady.
clean,clean,clean-011,1,0,clean_profile,benign_steady,0.6125136371456217,noop,cubic,Benign synthetic clean profile: benign_steady.
clean,clean,clean-011,2,0,clean_profile,benign_steady,0.6125136371456217,noop,cubic,Benign synthetic clean profile: benign_steady.
clean,clean,clean-011,3,0,clean_profile,benign_steady,0.6125136371456217,noop,cubic,Benign synthetic clean profile: benign_steady.
clean,clean,clean-011,4,0,clean_profile,benign_steady,0.6125136371456217,noop,cubic,Benign synthetic clean profile: benign_steady.
clean,clean,clean-011,5,0,clean_profile,benign_steady,0.6125136371456217,noop,cubic,Benign synthetic clean profile: benign_steady.
clean,clean,clean-011,6,0,clean_profile,benign_steady,0.6125136371456217,noop,cubic,Benign synthetic clean profile: benign_steady.
clean,clean,clean-011,7,0,clean_profile,benign_steady,0.6125136371456217,noop,cubic,Benign synthetic clean profile: benign_steady.
clean,clean,clean-011,8,0,clean_profile,benign_steady,0.6125136371456217,noop,cubic,Benign synthetic clean profile: benign_steady.
clean,clean,clean-011,9,0,clean_profile,benign_steady,0.6125136371456217,noop,cubic,Benign synthetic clean profile: benign_steady.
clean,clean,clean-011,10,0,clean_profile,benign_steady,0.6125136371456217,noop,cubic,Benign synthetic clean profile: benign_steady.
clean,clean,clean-011,11,0,clean_profile,benign_steady,0.6125136371456217,noop,cubic,Benign synthetic clean profile: benign_steady.
clean,clean,clean-011,12,0,clean_profile,benign_steady,0.6125136371456217,noop,cubic,Benign synthetic clean profile: benign_steady.
clean,clean,clean-011,13,0,clean_profile,benign_steady,0.6125136371456217,noop,cubic,Benign synthetic clean profile: benign_steady.
clean,clean,clean-011,14,0,clean_profile,benign_steady,0.6125136371456217,noop,cubic,Benign synthetic clean profile: benign_steady.
clean,clean,clean-011,15,0,clean_profile,benign_steady,0.6125136371456217,noop,cubic,Benign synthetic clean profile: benign_steady.
clean,clean,clean-011,16,0,clean_profile,benign_steady,0.6125136371456217,noop,cubic,Benign synthetic clean profile: benign_steady.
clean,clean,clean-011,17,0,clean_profile,benign_steady,0.6125136371456217,noop,cubic,Benign synthetic clean profile: benign_steady.
clean,clean,clean-011,18,0,clean_profile,benign_steady,0.6125136371456217,noop,cubic,Benign synthetic clean profile: benign_steady.
clean,clean,clean-011,19,0,clean_profile,benign_steady,0.6125136371456217,noop,cubic,Benign synthetic clean profile: benign_steady.
clean,clean,clean-011,20,0,clean_profile,benign_steady,0.6125136371456217,noop,cubic,Benign synthetic clean profile: benign_steady.
clean,clean,clean-011,21,0,clean_profile,benign_steady,0.6125136371456217,noop,cubic,Benign synthetic clean profile: benign_steady.
clean,clean,clean-011,22,0,clean_profile,benign_steady,0.6125136371456217,noop,cubic,Benign synthetic clean profile: benign_steady.
clean,clean,clean-011,23,0,clean_profile,benign_steady,0.6125136371456217,noop,cubic,Benign synthetic clean profile: benign_steady.
clean,clean,clean-011,24,0,clean_profile,benign_steady,0.6125136371456217,noop,cubic,Benign synthetic clean profile: benign_steady.
clean,clean,clean-011,25,0,clean_profile,benign_steady,0.6125136371456217,noop,cubic,Benign synthetic clean profile: benign_steady.
clean,clean,clean-011,26,0,clean_profile,benign_steady,0.6125136371456217,noop,cubic,Benign synthetic clean profile: benign_steady.
clean,clean,clean-011,27,0,clean_profile,benign_steady,0.6125136371456217,noop,cubic,Benign synthetic clean profile: benign_steady.
clean,clean,clean-011,28,0,clean_profile,benign_steady,0.6125136371456217,noop,cubic,Benign synthetic clean profile: benign_steady.
clean,clean,clean-011,29,0,clean_profile,benign_steady,0.6125136371456217,noop,cubic,Benign synthetic clean profile: benign_steady.
clean,clean,clean-011,30,0,clean_profile,benign_steady,0.6125136371456217,noop,cubic,Benign synthetic clean profile: benign_steady.
clean,clean,clean-011,31,0,clean_profile,benign_steady,0.6125136371456217,noop,cubic,Benign synthetic clean profile: benign_steady.
clean,clean,clean-011,32,0,clean_profile,benign_steady,0.6125136371456217,noop,cubic,Benign synthetic clean profile: benign_steady.
clean,clean,clean-011,33,0,clean_profile,benign_steady,0.6125136371456217,noop,cubic,Benign synthetic clean profile: benign_steady.
clean,clean,clean-011,34,0,clean_profile,benign_steady,0.6125136371456217,noop,cubic,Benign synthetic clean profile: benign_steady.
clean,clean,clean-011,35,0,clean_profile,benign_steady,0.6125136371456217,noop,cubic,Benign synthetic clean profile: benign_steady.
clean,clean,clean-011,36,0,clean_profile,benign_steady,0.6125136371456217,noop,cubic,Benign synthetic clean profile: benign_steady.
clean,clean,clean-011,37,0,clean_profile,benign_steady,0.6125136371456217,noop,cubic,Benign synthetic clean profile: benign_steady.
clean,clean,clean-011,38,0,clean_profile,benign_steady,0.6125136371456217,noop,cubic,Benign synthetic clean profile: benign_steady.
clean,clean,clean-011,39,0,clean_profile,benign_steady,0.6125136371456217,noop,cubic,Benign synthetic clean profile: benign_steady.
clean,clean,clean-011,40,0,clean_profile,benign_steady,0.6125136371456217,noop,cubic,Benign synthetic clean profile: benign_steady.
clean,clean,clean-011,41,0,clean_profile,benign_steady,0.6125136371456217,noop,cubic,Benign synthetic clean profile: benign_steady.
clean,clean,clean-011,42,0,clean_profile,benign_steady,0.6125136371456217,noop,cubic,Benign synthetic clean profile: benign_steady.
clean,clean,clean-011,43,0,clean_profile,benign_steady,0.6125136371456217,noop,cubic,Benign synthetic clean profile: benign_steady.
clean,clean,clean-011,44,0,clean_profile,benign_steady,0.6125136371456217,noop,cubic,Benign synthetic clean profile: benign_steady.
clean,clean,clean-011,45,0,clean_profile,benign_steady,0.6125136371456217,noop,cubic,Benign synthetic clean profile: benign_steady.
clean,clean,clean-011,46,0,clean_profile,benign_steady,0.6125136371456217,noop,cubic,Benign synthetic clean profile: benign_steady.
clean,clean,clean-011,47,0,clean_profile,benign_steady,0.6125136371456217,noop,cubic,Benign synthetic clean profile: benign_steady.
clean,clean,clean-012,0,0,clean_profile,benign_steady,0.2925658069567012,noop,reno,Benign synthetic clean profile: benign_steady.
clean,clean,clean-012,1,0,clean_profile,benign_steady,0.2925658069567012,noop,reno,Benign synthetic clean profile: benign_steady.
clean,clean,clean-012,2,0,clean_profile,benign_steady,0.2925658069567012,noop,reno,Benign synthetic clean profile: benign_steady.
clean,clean,clean-012,3,0,clean_profile,benign_steady,0.2925658069567012,noop,reno,Benign synthetic clean profile: benign_steady.
clean,clean,clean-012,4,0,clean_profile,benign_steady,0.2925658069567012,noop,reno,Benign synthetic clean profile: benign_steady.
clean,clean,clean-012,5,0,clean_profile,benign_steady,0.2925658069567012,noop,reno,Benign synthetic clean profile: benign_steady.
clean,clean,clean-012,6,0,clean_profile,benign_steady,0.2925658069567012,noop,reno,Benign synthetic clean profile: benign_steady.
clean,clean,clean-012,7,0,clean_profile,benign_steady,0.2925658069567012,noop,reno,Benign synthetic clean profile: benign_steady.
clean,clean,clean-012,8,0,clean_profile,benign_steady,0.2925658069567012,noop,reno,Benign synthetic clean profile: benign_steady.
clean,clean,clean-012,9,0,clean_profile,benign_steady,0.2925658069567012,noop,reno,Benign synthetic clean profile: benign_steady.
clean,clean,clean-012,10,0,clean_profile,benign_steady,0.2925658069567012,noop,reno,Benign synthetic clean profile: benign_steady.
clean,clean,clean-012,11,0,clean_profile,benign_steady,0.2925658069567012,noop,reno,Benign synthetic clean profile: benign_steady.
clean,clean,clean-012,12,0,clean_profile,benign_steady,0.2925658069567012,noop,reno,Benign synthetic clean profile: benign_steady.
clean,clean,clean-012,13,0,clean_profile,benign_steady,0.2925658069567012,noop,reno,Benign synthetic clean profile: benign_steady.
clean,clean,clean-012,14,0,clean_profile,benign_steady,0.2925658069567012,noop,reno,Benign synthetic clean profile: benign_steady.
clean,clean,clean-012,15,0,clean_profile,benign_steady,0.2925658069567012,noop,reno,Benign synthetic clean profile: benign_steady.
clean,clean,clean-012,16,0,clean_profile,benign_steady,0.2925658069567012,noop,reno,Benign synthetic clean profile: benign_steady.
clean,clean,clean-012,17,0,clean_profile,benign_steady,0.2925658069567012,noop,reno,Benign synthetic clean profile: benign_steady.
clean,clean,clean-012,18,0,clean_profile,benign_steady,0.2925658069567012,noop,reno,Benign synthetic clean profile: benign_steady.
clean,clean,clean-012,19,0,clean_profile,benign_steady,0.2925658069567012,noop,reno,Benign synthetic clean profile: benign_steady.
clean,clean,clean-012,20,0,clean_profile,benign_steady,0.2925658069567012,noop,reno,Benign synthetic clean profile: benign_steady.
clean,clean,clean-012,21,0,clean_profile,benign_steady,0.2925658069567012,noop,reno,Benign synthetic clean profile: benign_steady.
clean,clean,clean-012,22,0,clean_profile,benign_steady,0.2925658069567012,noop,reno,Benign synthetic clean profile: benign_steady.
clean,clean,clean-012,23,0,clean_profile,benign_steady,0.2925658069567012,noop,reno,Benign synthetic clean profile: benign_steady.
clean,clean,clean-012,24,0,clean_profile,benign_steady,0.2925658069567012,noop,reno,Benign synthetic clean profile: benign_steady.
clean,clean,clean-012,25,0,clean_profile,benign_steady,0.2925658069567012,noop,reno,Benign synthetic clean profile: benign_steady.
clean,clean,clean-012,26,0,clean_profile,benign_steady,0.2925658069567012,noop,reno,Benign synthetic clean profile: benign_steady.
clean,clean,clean-012,27,0,clean_profile,benign_steady,0.2925658069567012,noop,reno,Benign synthetic clean profile: benign_steady.
clean,clean,clean-012,28,0,clean_profile,benign_steady,0.2925658069567012,noop,reno,Benign synthetic clean profile: benign_steady.
clean,clean,clean-012,29,0,clean_profile,benign_steady,0.2925658069567012,noop,reno,Benign synthetic clean profile: benign_steady.
clean,clean,clean-012,30,0,clean_profile,benign_steady,0.2925658069567012,noop,reno,Benign synthetic clean profile: benign_steady.
clean,clean,clean-012,31,0,clean_profile,benign_steady,0.2925658069567012,noop,reno,Benign synthetic clean profile: benign_steady.
clean,clean,clean-012,32,0,clean_profile,benign_steady,0.2925658069567012,noop,reno,Benign synthetic clean profile: benign_steady.
clean,clean,clean-012,33,0,clean_profile,benign_steady,0.2925658069567012,noop,reno,Benign synthetic clean profile: benign_steady.
clean,clean,clean-012,34,0,clean_profile,benign_steady,0.2925658069567012,noop,reno,Benign synthetic clean profile: benign_steady.
clean,clean,clean-012,35,0,clean_profile,benign_steady,0.2925658069567012,noop,reno,Benign synthetic clean profile: benign_steady.
clean,clean,clean-012,36,0,clean_profile,benign_steady,0.2925658069567012,noop,reno,Benign synthetic clean profile: benign_steady.
clean,clean,clean-012,37,0,clean_profile,benign_steady,0.2925658069567012,noop,reno,Benign synthetic clean profile: benign_steady.
clean,clean,clean-012,38,0,clean_profile,benign_steady,0.2925658069567012,noop,reno,Benign synthetic clean profile: benign_steady.
clean,clean,clean-012,39,0,clean_profile,benign_steady,0.2925658069567012,noop,reno,Benign synthetic clean profile: benign_steady.
clean,clean,clean-012,40,0,clean_profile,benign_steady,0.2925658069567012,noop,reno,Benign synthetic clean profile: benign_steady.
clean,clean,clean-012,41,0,clean_profile,benign_steady,0.2925658069567012,noop,reno,Benign synthetic clean profile: benign_steady.
clean,clean,clean-012,42,0,clean_profile,benign_steady,0.2925658069567012,noop,reno,Benign synthetic clean profile: benign_steady.
clean,clean,clean-012,43,0,clean_profile,benign_steady,0.2925658069567012,noop,reno,Benign synthetic clean profile: benign_steady.
clean,clean,clean-012,44,0,clean_profile,benign_steady,0.2925658069567012,noop,reno,Benign synthetic clean profile: benign_steady.
clean,clean,clean-012,45,0,clean_profile,benign_steady,0.2925658069567012,noop,reno,Benign synthetic clean profile: benign_steady.
clean,clean,clean-012,46,0,clean_profile,benign_steady,0.2925658069567012,noop,reno,Benign synthetic clean profile: benign_steady.
clean,clean,clean-012,47,0,clean_profile,benign_steady,0.2925658069567012,noop,reno,Benign synthetic clean profile: benign_steady.
clean,clean,clean-013,0,0,clean_profile,benign_steady,0.5050410636544762,noop,bbr,Benign synthetic clean profile: benign_steady.
clean,clean,clean-013,1,0,clean_profile,benign_steady,0.5050410636544762,noop,bbr,Benign synthetic clean profile: benign_steady.
clean,clean,clean-013,2,0,clean_profile,benign_steady,0.5050410636544762,noop,bbr,Benign synthetic clean profile: benign_steady.
clean,clean,clean-013,3,0,clean_profile,benign_steady,0.5050410636544762,noop,bbr,Benign synthetic clean profile: benign_steady.
clean,clean,clean-013,4,0,clean_profile,benign_steady,0.5050410636544762,noop,bbr,Benign synthetic clean profile: benign_steady.
clean,clean,clean-013,5,0,clean_profile,benign_steady,0.5050410636544762,noop,bbr,Benign synthetic clean profile: benign_steady.
clean,clean,clean-013,6,0,clean_profile,benign_steady,0.5050410636544762,noop,bbr,Benign synthetic clean profile: benign_steady.
clean,clean,clean-013,7,0,clean_profile,benign_steady,0.5050410636544762,noop,bbr,Benign synthetic clean profile: benign_steady.
clean,clean,clean-013,8,0,clean_profile,benign_steady,0.5050410636544762,noop,bbr,Benign synthetic clean profile: benign_steady.
clean,clean,clean-013,9,0,clean_profile,benign_steady,0.5050410636544762,noop,bbr,Benign synthetic clean profile: benign_steady.
clean,clean,clean-013,10,0,clean_profile,benign_steady,0.5050410636544762,noop,bbr,Benign synthetic clean profile: benign_steady.
clean,clean,clean-013,11,0,clean_profile,benign_steady,0.5050410636544762,noop,bbr,Benign synthetic clean profile: benign_steady.
clean,clean,clean-013,12,0,clean_profile,benign_steady,0.5050410636544762,noop,bbr,Benign synthetic clean profile: benign_steady.
clean,clean,clean-013,13,0,clean_profile,benign_steady,0.5050410636544762,noop,bbr,Benign synthetic clean profile: benign_steady.
clean,clean,clean-013,14,0,clean_profile,benign_steady,0.5050410636544762,noop,bbr,Benign synthetic clean profile: benign_steady.
clean,clean,clean-013,15,0,clean_profile,benign_steady,0.5050410636544762,noop,bbr,Benign synthetic clean profile: benign_steady.
clean,clean,clean-013,16,0,clean_profile,benign_steady,0.5050410636544762,noop,bbr,Benign synthetic clean profile: benign_steady.
clean,clean,clean-013,17,0,clean_profile,benign_steady,0.5050410636544762,noop,bbr,Benign synthetic clean profile: benign_steady.
clean,clean,clean-013,18,0,clean_profile,benign_steady,0.5050410636544762,noop,bbr,Benign synthetic clean profile: benign_steady.
clean,clean,clean-013,19,0,clean_profile,benign_steady,0.5050410636544762,noop,bbr,Benign synthetic clean profile: benign_steady.
clean,clean,clean-013,20,0,clean_profile,benign_steady,0.5050410636544762,noop,bbr,Benign synthetic clean profile: benign_steady.
clean,clean,clean-013,21,0,clean_profile,benign_steady,0.5050410636544762,noop,bbr,Benign synthetic clean profile: benign_steady.
clean,clean,clean-013,22,0,clean_profile,benign_steady,0.5050410636544762,noop,bbr,Benign synthetic clean profile: benign_steady.
clean,clean,clean-013,23,0,clean_profile,benign_steady,0.5050410636544762,noop,bbr,Benign synthetic clean profile: benign_steady.
clean,clean,clean-013,24,0,clean_profile,benign_steady,0.5050410636544762,noop,bbr,Benign synthetic clean profile: benign_steady.
clean,clean,clean-013,25,0,clean_profile,benign_steady,0.5050410636544762,noop,bbr,Benign synthetic clean profile: benign_steady.
clean,clean,clean-013,26,0,clean_profile,benign_steady,0.5050410636544762,noop,bbr,Benign synthetic clean profile: benign_steady.
clean,clean,clean-013,27,0,clean_profile,benign_steady,0.5050410636544762,noop,bbr,Benign synthetic clean profile: benign_steady.
clean,clean,clean-013,28,0,clean_profile,benign_steady,0.5050410636544762,noop,bbr,Benign synthetic clean profile: benign_steady.
clean,clean,clean-013,29,0,clean_profile,benign_steady,0.5050410636544762,noop,bbr,Benign synthetic clean profile: benign_steady.
clean,clean,clean-013,30,0,clean_profile,benign_steady,0.5050410636544762,noop,bbr,Benign synthetic clean profile: benign_steady.
clean,clean,clean-013,31,0,clean_profile,benign_steady,0.5050410636544762,noop,bbr,Benign synthetic clean profile: benign_steady.
clean,clean,clean-013,32,0,clean_profile,benign_steady,0.5050410636544762,noop,bbr,Benign synthetic clean profile: benign_steady.
clean,clean,clean-013,33,0,clean_profile,benign_steady,0.5050410636544762,noop,bbr,Benign synthetic clean profile: benign_steady.
clean,clean,clean-013,34,0,clean_profile,benign_steady,0.5050410636544762,noop,bbr,Benign synthetic clean profile: benign_steady.
clean,clean,clean-013,35,0,clean_profile,benign_steady,0.5050410636544762,noop,bbr,Benign synthetic clean profile: benign_steady.
clean,clean,clean-013,36,0,clean_profile,benign_steady,0.5050410636544762,noop,bbr,Benign synthetic clean profile: benign_steady.
clean,clean,clean-013,37,0,clean_profile,benign_steady,0.5050410636544762,noop,bbr,Benign synthetic clean profile: benign_steady.
clean,clean,clean-013,38,0,clean_profile,benign_steady,0.5050410636544762,noop,bbr,Benign synthetic clean profile: benign_steady.
clean,clean,clean-013,39,0,clean_profile,benign_steady,0.5050410636544762,noop,bbr,Benign synthetic clean profile: benign_steady.
clean,clean,clean-013,40,0,clean_profile,benign_steady,0.5050410636544762,noop,bbr,Benign synthetic clean profile: benign_steady.
clean,clean,clean-013,41,0,clean_profile,benign_steady,0.5050410636544762,noop,bbr,Benign synthetic clean profile: benign_steady.
clean,clean,clean-013,42,0,clean_profile,benign_steady,0.5050410636544762,noop,bbr,Benign synthetic clean profile: benign_steady.
clean,clean,clean-013,43,0,clean_profile,benign_steady,0.5050410636544762,noop,bbr,Benign synthetic clean profile: benign_steady.
clean,clean,clean-013,44,0,clean_profile,benign_steady,0.5050410636544762,noop,bbr,Benign synthetic clean profile: benign_steady.
clean,clean,clean-013,45,0,clean_profile,benign_steady,0.5050410636544762,noop,bbr,Benign synthetic clean profile: benign_steady.
clean,clean,clean-013,46,0,clean_profile,benign_steady,0.5050410636544762,noop,bbr,Benign synthetic clean profile: benign_steady.
clean,clean,clean-013,47,0,clean_profile,benign_steady,0.5050410636544762,noop,bbr,Benign synthetic clean profile: benign_steady.
clean,clean,clean-014,0,0,clean_profile,benign_steady,0.27909392009824846,noop,cubic,Benign synthetic clean profile: benign_steady.
clean,clean,clean-014,1,0,clean_profile,benign_steady,0.27909392009824846,noop,cubic,Benign synthetic clean profile: benign_steady.
clean,clean,clean-014,2,0,clean_profile,benign_steady,0.27909392009824846,noop,cubic,Benign synthetic clean profile: benign_steady.
clean,clean,clean-014,3,0,clean_profile,benign_steady,0.27909392009824846,noop,cubic,Benign synthetic clean profile: benign_steady.
clean,clean,clean-014,4,0,clean_profile,benign_steady,0.27909392009824846,noop,cubic,Benign synthetic clean profile: benign_steady.
clean,clean,clean-014,5,0,clean_profile,benign_steady,0.27909392009824846,noop,cubic,Benign synthetic clean profile: benign_steady.
clean,clean,clean-014,6,0,clean_profile,benign_steady,0.27909392009824846,noop,cubic,Benign synthetic clean profile: benign_steady.
clean,clean,clean-014,7,0,clean_profile,benign_steady,0.27909392009824846,noop,cubic,Benign synthetic clean profile: benign_steady.
clean,clean,clean-014,8,0,clean_profile,benign_steady,0.27909392009824846,noop,cubic,Benign synthetic clean profile: benign_steady.
clean,clean,clean-014,9,0,clean_profile,benign_steady,0.27909392009824846,noop,cubic,Benign synthetic clean profile: benign_steady.
clean,clean,clean-014,10,0,clean_profile,benign_steady,0.27909392009824846,noop,cubic,Benign synthetic clean profile: benign_steady.
clean,clean,clean-014,11,0,clean_profile,benign_steady,0.27909392009824846,noop,cubic,Benign synthetic clean profile: benign_steady.
clean,clean,clean-014,12,0,clean_profile,benign_steady,0.27909392009824846,noop,cubic,Benign synthetic clean profile: benign_steady.
clean,clean,clean-014,13,0,clean_profile,benign_steady,0.27909392009824846,noop,cubic,Benign synthetic clean profile: benign_steady.
clean,clean,clean-014,14,0,clean_profile,benign_steady,0.27909392009824846,noop,cubic,Benign synthetic clean profile: benign_steady.
clean,clean,clean-014,15,0,clean_profile,benign_steady,0.27909392009824846,noop,cubic,Benign synthetic clean profile: benign_steady.
clean,clean,clean-014,16,0,clean_profile,benign_steady,0.27909392009824846,noop,cubic,Benign synthetic clean profile: benign_steady.
clean,clean,clean-014,17,0,clean_profile,benign_steady,0.27909392009824846,noop,cubic,Benign synthetic clean profile: benign_steady.
clean,clean,clean-014,18,0,clean_profile,benign_steady,0.27909392009824846,noop,cubic,Benign synthetic clean profile: benign_steady.
clean,clean,clean-014,19,0,clean_profile,benign_steady,0.27909392009824846,noop,cubic,Benign synthetic clean profile: benign_steady.
clean,clean,clean-014,20,0,clean_profile,benign_steady,0.27909392009824846,noop,cubic,Benign synthetic clean profile: benign_steady.
clean,clean,clean-014,21,0,clean_profile,benign_steady,0.27909392009824846,noop,cubic,Benign synthetic clean profile: benign_steady.
clean,clean,clean-014,22,0,clean_profile,benign_steady,0.27909392009824846,noop,cubic,Benign synthetic clean profile: benign_steady.
clean,clean,clean-014,23,0,clean_profile,benign_steady,0.27909392009824846,noop,cubic,Benign synthetic clean profile: benign_steady.
clean,clean,clean-014,24,0,clean_profile,benign_steady,0.27909392009824846,noop,cubic,Benign synthetic clean profile: benign_steady.
clean,clean,clean-014,25,0,clean_profile,benign_steady,0.27909392009824846,noop,cubic,Benign synthetic clean profile: benign_steady.
clean,clean,clean-014,26,0,clean_profile,benign_steady,0.27909392009824846,noop,cubic,Benign synthetic clean profile: benign_steady.
clean,clean,clean-014,27,0,clean_profile,benign_steady,0.27909392009824846,noop,cubic,Benign synthetic clean profile: benign_steady.
clean,clean,clean-014,28,0,clean_profile,benign_steady,0.27909392009824846,noop,cubic,Benign synthetic clean profile: benign_steady.
clean,clean,clean-014,29,0,clean_profile,benign_steady,0.27909392009824846,noop,cubic,Benign synthetic clean profile: benign_steady.
clean,clean,clean-014,30,0,clean_profile,benign_steady,0.27909392009824846,noop,cubic,Benign synthetic clean profile: benign_steady.
clean,clean,clean-014,31,0,clean_profile,benign_steady,0.27909392009824846,noop,cubic,Benign synthetic clean profile: benign_steady.
clean,clean,clean-014,32,0,clean_profile,benign_steady,0.27909392009824846,noop,cubic,Benign synthetic clean profile: benign_steady.
clean,clean,clean-014,33,0,clean_profile,benign_steady,0.27909392009824846,noop,cubic,Benign synthetic clean profile: benign_steady.
clean,clean,clean-014,34,0,clean_profile,benign_steady,0.27909392009824846,noop,cubic,Benign synthetic clean profile: benign_steady.
clean,clean,clean-014,35,0,clean_profile,benign_steady,0.27909392009824846,noop,cubic,Benign synthetic clean profile: benign_steady.
clean,clean,clean-014,36,0,clean_profile,benign_steady,0.27909392009824846,noop,cubic,Benign synthetic clean profile: benign_steady.
clean,clean,clean-014,37,0,clean_profile,benign_steady,0.27909392009824846,noop,cubic,Benign synthetic clean profile: benign_steady.
clean,clean,clean-014,38,0,clean_profile,benign_steady,0.27909392009824846,noop,cubic,Benign synthetic clean profile: benign_steady.
clean,clean,clean-014,39,0,clean_profile,benign_steady,0.27909392009824846,noop,cubic,Benign synthetic clean profile: benign_steady.
clean,clean,clean-014,40,0,clean_profile,benign_steady,0.27909392009824846,noop,cubic,Benign synthetic clean profile: benign_steady.
clean,clean,clean-014,41,0,clean_profile,benign_steady,0.27909392009824846,noop,cubic,Benign synthetic clean profile: benign_steady.
clean,clean,clean-014,42,0,clean_profile,benign_steady,0.27909392009824846,noop,cubic,Benign synthetic clean profile: benign_steady.
clean,clean,clean-014,43,0,clean_profile,benign_steady,0.27909392009824846,noop,cubic,Benign synthetic clean profile: benign_steady.
clean,clean,clean-014,44,0,clean_profile,benign_steady,0.27909392009824846,noop,cubic,Benign synthetic clean profile: benign_steady.
clean,clean,clean-014,45,0,clean_profile,benign_steady,0.27909392009824846,noop,cubic,Benign synthetic clean profile: benign_steady.
clean,clean,clean-014,46,0,clean_profile,benign_steady,0.27909392009824846,noop,cubic,Benign synthetic clean profile: benign_steady.
clean,clean,clean-014,47,0,clean_profile,benign_steady,0.27909392009824846,noop,cubic,Benign synthetic clean profile: benign_steady.
clean,clean,clean-015,0,0,clean_profile,benign_steady,0.27993829171307694,noop,reno,Benign synthetic clean profile: benign_steady.
clean,clean,clean-015,1,0,clean_profile,benign_steady,0.27993829171307694,noop,reno,Benign synthetic clean profile: benign_steady.
clean,clean,clean-015,2,0,clean_profile,benign_steady,0.27993829171307694,noop,reno,Benign synthetic clean profile: benign_steady.
clean,clean,clean-015,3,0,clean_profile,benign_steady,0.27993829171307694,noop,reno,Benign synthetic clean profile: benign_steady.
clean,clean,clean-015,4,0,clean_profile,benign_steady,0.27993829171307694,noop,reno,Benign synthetic clean profile: benign_steady.
clean,clean,clean-015,5,0,clean_profile,benign_steady,0.27993829171307694,noop,reno,Benign synthetic clean profile: benign_steady.
clean,clean,clean-015,6,0,clean_profile,benign_steady,0.27993829171307694,noop,reno,Benign synthetic clean profile: benign_steady.
clean,clean,clean-015,7,0,clean_profile,benign_steady,0.27993829171307694,noop,reno,Benign synthetic clean profile: benign_steady.
clean,clean,clean-015,8,0,clean_profile,benign_steady,0.27993829171307694,noop,reno,Benign synthetic clean profile: benign_steady.
clean,clean,clean-015,9,0,clean_profile,benign_steady,0.27993829171307694,noop,reno,Benign synthetic clean profile: benign_steady.
clean,clean,clean-015,10,0,clean_profile,benign_steady,0.27993829171307694,noop,reno,Benign synthetic clean profile: benign_steady.
clean,clean,clean-015,11,0,clean_profile,benign_steady,0.27993829171307694,noop,reno,Benign synthetic clean profile: benign_steady.
clean,clean,clean-015,12,0,clean_profile,benign_steady,0.27993829171307694,noop,reno,Benign synthetic clean profile: benign_steady.
clean,clean,clean-015,13,0,clean_profile,benign_steady,0.27993829171307694,noop,reno,Benign synthetic clean profile: benign_steady.
clean,clean,clean-015,14,0,clean_profile,benign_steady,0.27993829171307694,noop,reno,Benign synthetic clean profile: benign_steady.
clean,clean,clean-015,15,0,clean_profile,benign_steady,0.27993829171307694,noop,reno,Benign synthetic clean profile: benign_steady.
clean,clean,clean-015,16,0,clean_profile,benign_steady,0.27993829171307694,noop,reno,Benign synthetic clean profile: benign_steady.
clean,clean,clean-015,17,0,clean_profile,benign_steady,0.27993829171307694,noop,reno,Benign synthetic clean profile: benign_steady.
clean,clean,clean-015,18,0,clean_profile,benign_steady,0.27993829171307694,noop,reno,Benign synthetic clean profile: benign_steady.
clean,clean,clean-015,19,0,clean_profile,benign_steady,0.27993829171307694,noop,reno,Benign synthetic clean profile: benign_steady.
clean,clean,clean-015,20,0,clean_profile,benign_steady,0.27993829171307694,noop,reno,Benign synthetic clean profile: benign_steady.
clean,clean,clean-015,21,0,clean_profile,benign_steady,0.27993829171307694,noop,reno,Benign synthetic clean profile: benign_steady.
clean,clean,clean-015,22,0,clean_profile,benign_steady,0.27993829171307694,noop,reno,Benign synthetic clean profile: benign_steady.
clean,clean,clean-015,23,0,clean_profile,benign_steady,0.27993829171307694,noop,reno,Benign synthetic clean profile: benign_steady.
clean,clean,clean-015,24,0,clean_profile,benign_steady,0.27993829171307694,noop,reno,Benign synthetic clean profile: benign_steady.
clean,clean,clean-015,25,0,clean_profile,benign_steady,0.27993829171307694,noop,reno,Benign synthetic clean profile: benign_steady.
clean,clean,clean-015,26,0,clean_profile,benign_steady,0.27993829171307694,noop,reno,Benign synthetic clean profile: benign_steady.
clean,clean,clean-015,27,0,clean_profile,benign_steady,0.27993829171307694,noop,reno,Benign synthetic clean profile: benign_steady.
clean,clean,clean-015,28,0,clean_profile,benign_steady,0.27993829171307694,noop,reno,Benign synthetic clean profile: benign_steady.
clean,clean,clean-015,29,0,clean_profile,benign_steady,0.27993829171307694,noop,reno,Benign synthetic clean profile: benign_steady.
clean,clean,clean-015,30,0,clean_profile,benign_steady,0.27993829171307694,noop,reno,Benign synthetic clean profile: benign_steady.
clean,clean,clean-015,31,0,clean_profile,benign_steady,0.27993829171307694,noop,reno,Benign synthetic clean profile: benign_steady.
clean,clean,clean-015,32,0,clean_profile,benign_steady,0.27993829171307694,noop,reno,Benign synthetic clean profile: benign_steady.
clean,clean,clean-015,33,0,clean_profile,benign_steady,0.27993829171307694,noop,reno,Benign synthetic clean profile: benign_steady.
clean,clean,clean-015,34,0,clean_profile,benign_steady,0.27993829171307694,noop,reno,Benign synthetic clean profile: benign_steady.
clean,clean,clean-015,35,0,clean_profile,benign_steady,0.27993829171307694,noop,reno,Benign synthetic clean profile: benign_steady.
clean,clean,clean-015,36,0,clean_profile,benign_steady,0.27993829171307694,noop,reno,Benign synthetic clean profile: benign_steady.
clean,clean,clean-015,37,0,clean_profile,benign_steady,0.27993829171307694,noop,reno,Benign synthetic clean profile: benign_steady.
clean,clean,clean-015,38,0,clean_profile,benign_steady,0.27993829171307694,noop,reno,Benign synthetic clean profile: benign_steady.
clean,clean,clean-015,39,0,clean_profile,benign_steady,0.27993829171307694,noop,reno,Benign synthetic clean profile: benign_steady.
clean,clean,clean-015,40,0,clean_profile,benign_steady,0.27993829171307694,noop,reno,Benign synthetic clean profile: benign_steady.
clean,clean,clean-015,41,0,clean_profile,benign_steady,0.27993829171307694,noop,reno,Benign synthetic clean profile: benign_steady.
clean,clean,clean-015,42,0,clean_profile,benign_steady,0.27993829171307694,noop,reno,Benign synthetic clean profile: benign_steady.
clean,clean,clean-015,43,0,clean_profile,benign_steady,0.27993829171307694,noop,reno,Benign synthetic clean profile: benign_steady.
clean,clean,clean-015,44,0,clean_profile,benign_steady,0.27993829171307694,noop,reno,Benign synthetic clean profile: benign_steady.
clean,clean,clean-015,45,0,clean_profile,benign_steady,0.27993829171307694,noop,reno,Benign synthetic clean profile: benign_steady.
clean,clean,clean-015,46,0,clean_profile,benign_steady,0.27993829171307694,noop,reno,Benign synthetic clean profile: benign_steady.
clean,clean,clean-015,47,0,clean_profile,benign_steady,0.27993829171307694,noop,reno,Benign synthetic clean profile: benign_steady.
clean,clean,clean-016,0,0,clean_profile,benign_steady,0.49544894531763223,noop,bbr,Benign synthetic clean profile: benign_steady.
clean,clean,clean-016,1,0,clean_profile,benign_steady,0.49544894531763223,noop,bbr,Benign synthetic clean profile: benign_steady.
clean,clean,clean-016,2,0,clean_profile,benign_steady,0.49544894531763223,noop,bbr,Benign synthetic clean profile: benign_steady.
clean,clean,clean-016,3,0,clean_profile,benign_steady,0.49544894531763223,noop,bbr,Benign synthetic clean profile: benign_steady.
clean,clean,clean-016,4,0,clean_profile,benign_steady,0.49544894531763223,noop,bbr,Benign synthetic clean profile: benign_steady.
clean,clean,clean-016,5,0,clean_profile,benign_steady,0.49544894531763223,noop,bbr,Benign synthetic clean profile: benign_steady.
clean,clean,clean-016,6,0,clean_profile,benign_steady,0.49544894531763223,noop,bbr,Benign synthetic clean profile: benign_steady.
clean,clean,clean-016,7,0,clean_profile,benign_steady,0.49544894531763223,noop,bbr,Benign synthetic clean profile: benign_steady.
clean,clean,clean-016,8,0,clean_profile,benign_steady,0.49544894531763223,noop,bbr,Benign synthetic clean profile: benign_steady.
clean,clean,clean-016,9,0,clean_profile,benign_steady,0.49544894531763223,noop,bbr,Benign synthetic clean profile: benign_steady.
clean,clean,clean-016,10,0,clean_profile,benign_steady,0.49544894531763223,noop,bbr,Benign synthetic clean profile: benign_steady.
clean,clean,clean-016,11,0,clean_profile,benign_steady,0.49544894531763223,noop,bbr,Benign synthetic clean profile: benign_steady.
clean,clean,clean-016,12,0,clean_profile,benign_steady,0.49544894531763223,noop,bbr,Benign synthetic clean profile: benign_steady.
clean,clean,clean-016,13,0,clean_profile,benign_steady,0.49544894531763223,noop,bbr,Benign synthetic clean profile: benign_steady.
clean,clean,clean-016,14,0,clean_profile,benign_steady,0.49544894531763223,noop,bbr,Benign synthetic clean profile: benign_steady.
clean,clean,clean-016,15,0,clean_profile,benign_steady,0.49544894531763223,noop,bbr,Benign synthetic clean profile: benign_steady.
clean,clean,clean-016,16,0,clean_profile,benign_steady,0.49544894531763223,noop,bbr,Benign synthetic clean profile: benign_steady.
clean,clean,clean-016,17,0,clean_profile,benign_steady,0.49544894531763223,noop,bbr,Benign synthetic clean profile: benign_steady.
clean,clean,clean-016,18,0,clean_profile,benign_steady,0.49544894531763223,noop,bbr,Benign synthetic clean profile: benign_steady.
clean,clean,clean-016,19,0,clean_profile,benign_steady,0.49544894531763223,noop,bbr,Benign synthetic clean profile: benign_steady.
clean,clean,clean-016,20,0,clean_profile,benign_steady,0.49544894531763223,noop,bbr,Benign synthetic clean profile: benign_steady.
clean,clean,clean-016,21,0,clean_profile,benign_steady,0.49544894531763223,noop,bbr,Benign synthetic clean profile: benign_steady.
clean,clean,clean-016,22,0,clean_profile,benign_steady,0.49544894531763223,noop,bbr,Benign synthetic clean profile: benign_steady.
clean,clean,clean-016,23,0,clean_profile,benign_steady,0.49544894531763223,noop,bbr,Benign synthetic clean profile: benign_steady.
clean,clean,clean-016,24,0,clean_profile,benign_steady,0.49544894531763223,noop,bbr,Benign synthetic clean profile: benign_steady.
clean,clean,clean-016,25,0,clean_profile,benign_steady,0.49544894531763223,noop,bbr,Benign synthetic clean profile: benign_steady.
clean,clean,clean-016,26,0,clean_profile,benign_steady,0.49544894531763223,noop,bbr,Benign synthetic clean profile: benign_steady.
clean,clean,clean-016,27,0,clean_profile,benign_steady,0.49544894531763223,noop,bbr,Benign synthetic clean profile: benign_steady.
clean,clean,clean-016,28,0,clean_profile,benign_steady,0.49544894531763223,noop,bbr,Benign synthetic clean profile: benign_steady.
clean,clean,clean-016,29,0,clean_profile,benign_steady,0.49544894531763223,noop,bbr,Benign synthetic clean profile: benign_steady.
clean,clean,clean-016,30,0,clean_profile,benign_steady,0.49544894531763223,noop,bbr,Benign synthetic clean profile: benign_steady.
clean,clean,clean-016,31,0,clean_profile,benign_steady,0.49544894531763223,noop,bbr,Benign synthetic clean profile: benign_steady.
clean,clean,clean-016,32,0,clean_profile,benign_steady,0.49544894531763223,noop,bbr,Benign synthetic clean profile: benign_steady.
clean,clean,clean-016,33,0,clean_profile,benign_steady,0.49544894531763223,noop,bbr,Benign synthetic clean profile: benign_steady.
clean,clean,clean-016,34,0,clean_profile,benign_steady,0.49544894531763223,noop,bbr,Benign synthetic clean profile: benign_steady.
clean,clean,clean-016,35,0,clean_profile,benign_steady,0.49544894531763223,noop,bbr,Benign synthetic clean profile: benign_steady.
clean,clean,clean-016,36,0,clean_profile,benign_steady,0.49544894531763223,noop,bbr,Benign synthetic clean profile: benign_steady.
clean,clean,clean-016,37,0,clean_profile,benign_steady,0.49544894531763223,noop,bbr,Benign synthetic clean profile: benign_steady.
clean,clean,clean-016,38,0,clean_profile,benign_steady,0.49544894531763223,noop,bbr,Benign synthetic clean profile: benign_steady.
clean,clean,clean-016,39,0,clean_profile,benign_steady,0.49544894531763223,noop,bbr,Benign synthetic clean profile: benign_steady.
clean,clean,clean-016,40,0,clean_profile,benign_steady,0.49544894531763223,noop,bbr,Benign synthetic clean profile: benign_steady.
clean,clean,clean-016,41,0,clean_profile,benign_steady,0.49544894531763223,noop,bbr,Benign synthetic clean profile: benign_steady.
clean,clean,clean-016,42,0,clean_profile,benign_steady,0.49544894531763223,noop,bbr,Benign synthetic clean profile: benign_steady.
clean,clean,clean-016,43,0,clean_profile,benign_steady,0.49544894531763223,noop,bbr,Benign synthetic clean profile: benign_steady.
clean,clean,clean-016,44,0,clean_profile,benign_steady,0.49544894531763223,noop,bbr,Benign synthetic clean profile: benign_steady.
clean,clean,clean-016,45,0,clean_profile,benign_steady,0.49544894531763223,noop,bbr,Benign synthetic clean profile: benign_steady.
clean,clean,clean-016,46,0,clean_profile,benign_steady,0.49544894531763223,noop,bbr,Benign synthetic clean profile: benign_steady.
clean,clean,clean-016,47,0,clean_profile,benign_steady,0.49544894531763223,noop,bbr,Benign synthetic clean profile: benign_steady.
clean,clean,clean-017,0,0,clean_profile,benign_steady,0.7088782109432603,noop,cubic,Benign synthetic clean profile: benign_steady.
clean,clean,clean-017,1,0,clean_profile,benign_steady,0.7088782109432603,noop,cubic,Benign synthetic clean profile: benign_steady.
clean,clean,clean-017,2,0,clean_profile,benign_steady,0.7088782109432603,noop,cubic,Benign synthetic clean profile: benign_steady.
clean,clean,clean-017,3,0,clean_profile,benign_steady,0.7088782109432603,noop,cubic,Benign synthetic clean profile: benign_steady.
clean,clean,clean-017,4,0,clean_profile,benign_steady,0.7088782109432603,noop,cubic,Benign synthetic clean profile: benign_steady.
clean,clean,clean-017,5,0,clean_profile,benign_steady,0.7088782109432603,noop,cubic,Benign synthetic clean profile: benign_steady.
clean,clean,clean-017,6,0,clean_profile,benign_steady,0.7088782109432603,noop,cubic,Benign synthetic clean profile: benign_steady.
clean,clean,clean-017,7,0,clean_profile,benign_steady,0.7088782109432603,noop,cubic,Benign synthetic clean profile: benign_steady.
clean,clean,clean-017,8,0,clean_profile,benign_steady,0.7088782109432603,noop,cubic,Benign synthetic clean profile: benign_steady.
clean,clean,clean-017,9,0,clean_profile,benign_steady,0.7088782109432603,noop,cubic,Benign synthetic clean profile: benign_steady.
clean,clean,clean-017,10,0,clean_profile,benign_steady,0.7088782109432603,noop,cubic,Benign synthetic clean profile: benign_steady.
clean,clean,clean-017,11,0,clean_profile,benign_steady,0.7088782109432603,noop,cubic,Benign synthetic clean profile: benign_steady.
clean,clean,clean-017,12,0,clean_profile,benign_steady,0.7088782109432603,noop,cubic,Benign synthetic clean profile: benign_steady.
clean,clean,clean-017,13,0,clean_profile,benign_steady,0.7088782109432603,noop,cubic,Benign synthetic clean profile: benign_steady.
clean,clean,clean-017,14,0,clean_profile,benign_steady,0.7088782109432603,noop,cubic,Benign synthetic clean profile: benign_steady.
clean,clean,clean-017,15,0,clean_profile,benign_steady,0.7088782109432603,noop,cubic,Benign synthetic clean profile: benign_steady.
clean,clean,clean-017,16,0,clean_profile,benign_steady,0.7088782109432603,noop,cubic,Benign synthetic clean profile: benign_steady.
clean,clean,clean-017,17,0,clean_profile,benign_steady,0.7088782109432603,noop,cubic,Benign synthetic clean profile: benign_steady.
clean,clean,clean-017,18,0,clean_profile,benign_steady,0.7088782109432603,noop,cubic,Benign synthetic clean profile: benign_steady.
clean,clean,clean-017,19,0,clean_profile,benign_steady,0.7088782109432603,noop,cubic,Benign synthetic clean profile: benign_steady.
clean,clean,clean-017,20,0,clean_profile,benign_steady,0.7088782109432603,noop,cubic,Benign synthetic clean profile: benign_steady.
clean,clean,clean-017,21,0,clean_profile,benign_steady,0.7088782109432603,noop,cubic,Benign synthetic clean profile: benign_steady.
clean,clean,clean-017,22,0,clean_profile,benign_steady,0.7088782109432603,noop,cubic,Benign synthetic clean profile: benign_steady.
clean,clean,clean-017,23,0,clean_profile,benign_steady,0.7088782109432603,noop,cubic,Benign synthetic clean profile: benign_steady.
clean,clean,clean-017,24,0,clean_profile,benign_steady,0.7088782109432603,noop,cubic,Benign synthetic clean profile: benign_steady.
clean,clean,clean-017,25,0,clean_profile,benign_steady,0.7088782109432603,noop,cubic,Benign synthetic clean profile: benign_steady.
clean,clean,clean-017,26,0,clean_profile,benign_steady,0.7088782109432603,noop,cubic,Benign synthetic clean profile: benign_steady.
clean,clean,clean-017,27,0,clean_profile,benign_steady,0.7088782109432603,noop,cubic,Benign synthetic clean profile: benign_steady.
clean,clean,clean-017,28,0,clean_profile,benign_steady,0.7088782109432603,noop,cubic,Benign synthetic clean profile: benign_steady.
clean,clean,clean-017,29,0,clean_profile,benign_steady,0.7088782109432603,noop,cubic,Benign synthetic clean profile: benign_steady.
clean,clean,clean-017,30,0,clean_profile,benign_steady,0.7088782109432603,noop,cubic,Benign synthetic clean profile: benign_steady.
clean,clean,clean-017,31,0,clean_profile,benign_steady,0.7088782109432603,noop,cubic,Benign synthetic clean profile: benign_steady.
clean,clean,clean-017,32,0,clean_profile,benign_steady,0.7088782109432603,noop,cubic,Benign synthetic clean profile: benign_steady.
clean,clean,clean-017,33,0,clean_profile,benign_steady,0.7088782109432603,noop,cubic,Benign synthetic clean profile: benign_steady.
clean,clean,clean-017,34,0,clean_profile,benign_steady,0.7088782109432603,noop,cubic,Benign synthetic clean profile: benign_steady.
clean,clean,clean-017,35,0,clean_profile,benign_steady,0.7088782109432603,noop,cubic,Benign synthetic clean profile: benign_steady.
clean,clean,clean-017,36,0,clean_profile,benign_steady,0.7088782109432603,noop,cubic,Benign synthetic clean profile: benign_steady.
clean,clean,clean-017,37,0,clean_profile,benign_steady,0.7088782109432603,noop,cubic,Benign synthetic clean profile: benign_steady.
clean,clean,clean-017,38,0,clean_profile,benign_steady,0.7088782109432603,noop,cubic,Benign synthetic clean profile: benign_steady.
clean,clean,clean-017,39,0,clean_profile,benign_steady,0.7088782109432603,noop,cubic,Benign synthetic clean profile: benign_steady.
clean,clean,clean-017,40,0,clean_profile,benign_steady,0.7088782109432603,noop,cubic,Benign synthetic clean profile: benign_steady.
clean,clean,clean-017,41,0,clean_profile,benign_steady,0.7088782109432603,noop,cubic,Benign synthetic clean profile: benign_steady.
clean,clean,clean-017,42,0,clean_profile,benign_steady,0.7088782109432603,noop,cubic,Benign synthetic clean profile: benign_steady.
clean,clean,clean-017,43,0,clean_profile,benign_steady,0.7088782109432603,noop,cubic,Benign synthetic clean profile: benign_steady.
clean,clean,clean-017,44,0,clean_profile,benign_steady,0.7088782109432603,noop,cubic,Benign synthetic clean profile: benign_steady.
clean,clean,clean-017,45,0,clean_profile,benign_steady,0.7088782109432603,noop,cubic,Benign synthetic clean profile: benign_steady.
clean,clean,clean-017,46,0,clean_profile,benign_steady,0.7088782109432603,noop,cubic,Benign synthetic clean profile: benign_steady.
clean,clean,clean-017,47,0,clean_profile,benign_steady,0.7088782109432603,noop,cubic,Benign synthetic clean profile: benign_steady.
clean,clean,clean-018,0,0,clean_profile,benign_steady,0.5072369647634178,noop,reno,Benign synthetic clean profile: benign_steady.
clean,clean,clean-018,1,0,clean_profile,benign_steady,0.5072369647634178,noop,reno,Benign synthetic clean profile: benign_steady.
clean,clean,clean-018,2,0,clean_profile,benign_steady,0.5072369647634178,noop,reno,Benign synthetic clean profile: benign_steady.
clean,clean,clean-018,3,0,clean_profile,benign_steady,0.5072369647634178,noop,reno,Benign synthetic clean profile: benign_steady.
clean,clean,clean-018,4,0,clean_profile,benign_steady,0.5072369647634178,noop,reno,Benign synthetic clean profile: benign_steady.
clean,clean,clean-018,5,0,clean_profile,benign_steady,0.5072369647634178,noop,reno,Benign synthetic clean profile: benign_steady.
clean,clean,clean-018,6,0,clean_profile,benign_steady,0.5072369647634178,noop,reno,Benign synthetic clean profile: benign_steady.
clean,clean,clean-018,7,0,clean_profile,benign_steady,0.5072369647634178,noop,reno,Benign synthetic clean profile: benign_steady.
clean,clean,clean-018,8,0,clean_profile,benign_steady,0.5072369647634178,noop,reno,Benign synthetic clean profile: benign_steady.
clean,clean,clean-018,9,0,clean_profile,benign_steady,0.5072369647634178,noop,reno,Benign synthetic clean profile: benign_steady.
clean,clean,clean-018,10,0,clean_profile,benign_steady,0.5072369647634178,noop,reno,Benign synthetic clean profile: benign_steady.
clean,clean,clean-018,11,0,clean_profile,benign_steady,0.5072369647634178,noop,reno,Benign synthetic clean profile: benign_steady.
clean,clean,clean-018,12,0,clean_profile,benign_steady,0.5072369647634178,noop,reno,Benign synthetic clean profile: benign_steady.
clean,clean,clean-018,13,0,clean_profile,benign_steady,0.5072369647634178,noop,reno,Benign synthetic clean profile: benign_steady.
clean,clean,clean-018,14,0,clean_profile,benign_steady,0.5072369647634178,noop,reno,Benign synthetic clean profile: benign_steady.
clean,clean,clean-018,15,0,clean_profile,benign_steady,0.5072369647634178,noop,reno,Benign synthetic clean profile: benign_steady.
clean,clean,clean-018,16,0,clean_profile,benign_steady,0.5072369647634178,noop,reno,Benign synthetic clean profile: benign_steady.
clean,clean,clean-018,17,0,clean_profile,benign_steady,0.5072369647634178,noop,reno,Benign synthetic clean profile: benign_steady.
clean,clean,clean-018,18,0,clean_profile,benign_steady,0.5072369647634178,noop,reno,Benign synthetic clean profile: benign_steady.
clean,clean,clean-018,19,0,clean_profile,benign_steady,0.5072369647634178,noop,reno,Benign synthetic clean profile: benign_steady.
clean,clean,clean-018,20,0,clean_profile,benign_steady,0.5072369647634178,noop,reno,Benign synthetic clean profile: benign_steady.
clean,clean,clean-018,21,0,clean_profile,benign_steady,0.5072369647634178,noop,reno,Benign synthetic clean profile: benign_steady.
clean,clean,clean-018,22,0,clean_profile,benign_steady,0.5072369647634178,noop,reno,Benign synthetic clean profile: benign_steady.
clean,clean,clean-018,23,0,clean_profile,benign_steady,0.5072369647634178,noop,reno,Benign synthetic clean profile: benign_steady.
clean,clean,clean-018,24,0,clean_profile,benign_steady,0.5072369647634178,noop,reno,Benign synthetic clean profile: benign_steady.
clean,clean,clean-018,25,0,clean_profile,benign_steady,0.5072369647634178,noop,reno,Benign synthetic clean profile: benign_steady.
clean,clean,clean-018,26,0,clean_profile,benign_steady,0.5072369647634178,noop,reno,Benign synthetic clean profile: benign_steady.
clean,clean,clean-018,27,0,clean_profile,benign_steady,0.5072369647634178,noop,reno,Benign synthetic clean profile: benign_steady.
clean,clean,clean-018,28,0,clean_profile,benign_steady,0.5072369647634178,noop,reno,Benign synthetic clean profile: benign_steady.
clean,clean,clean-018,29,0,clean_profile,benign_steady,0.5072369647634178,noop,reno,Benign synthetic clean profile: benign_steady.
clean,clean,clean-018,30,0,clean_profile,benign_steady,0.5072369647634178,noop,reno,Benign synthetic clean profile: benign_steady.
clean,clean,clean-018,31,0,clean_profile,benign_steady,0.5072369647634178,noop,reno,Benign synthetic clean profile: benign_steady.
clean,clean,clean-018,32,0,clean_profile,benign_steady,0.5072369647634178,noop,reno,Benign synthetic clean profile: benign_steady.
clean,clean,clean-018,33,0,clean_profile,benign_steady,0.5072369647634178,noop,reno,Benign synthetic clean profile: benign_steady.
clean,clean,clean-018,34,0,clean_profile,benign_steady,0.5072369647634178,noop,reno,Benign synthetic clean profile: benign_steady.
clean,clean,clean-018,35,0,clean_profile,benign_steady,0.5072369647634178,noop,reno,Benign synthetic clean profile: benign_steady.
clean,clean,clean-018,36,0,clean_profile,benign_steady,0.5072369647634178,noop,reno,Benign synthetic clean profile: benign_steady.
clean,clean,clean-018,37,0,clean_profile,benign_steady,0.5072369647634178,noop,reno,Benign synthetic clean profile: benign_steady.
clean,clean,clean-018,38,0,clean_profile,benign_steady,0.5072369647634178,noop,reno,Benign synthetic clean profile: benign_steady.
clean,clean,clean-018,39,0,clean_profile,benign_steady,0.5072369647634178,noop,reno,Benign synthetic clean profile: benign_steady.
clean,clean,clean-018,40,0,clean_profile,benign_steady,0.5072369647634178,noop,reno,Benign synthetic clean profile: benign_steady.
clean,clean,clean-018,41,0,clean_profile,benign_steady,0.5072369647634178,noop,reno,Benign synthetic clean profile: benign_steady.
clean,clean,clean-018,42,0,clean_profile,benign_steady,0.5072369647634178,noop,reno,Benign synthetic clean profile: benign_steady.
clean,clean,clean-018,43,0,clean_profile,benign_steady,0.5072369647634178,noop,reno,Benign synthetic clean profile: benign_steady.
clean,clean,clean-018,44,0,clean_profile,benign_steady,0.5072369647634178,noop,reno,Benign synthetic clean profile: benign_steady.
clean,clean,clean-018,45,0,clean_profile,benign_steady,0.5072369647634178,noop,reno,Benign synthetic clean profile: benign_steady.
clean,clean,clean-018,46,0,clean_profile,benign_steady,0.5072369647634178,noop,reno,Benign synthetic clean profile: benign_steady.
clean,clean,clean-018,47,0,clean_profile,benign_steady,0.5072369647634178,noop,reno,Benign synthetic clean profile: benign_steady.
clean,clean,clean-019,0,0,clean_profile,benign_steady,0.5860053550049371,noop,bbr,Benign synthetic clean profile: benign_steady.
clean,clean,clean-019,1,0,clean_profile,benign_steady,0.5860053550049371,noop,bbr,Benign synthetic clean profile: benign_steady.
clean,clean,clean-019,2,0,clean_profile,benign_steady,0.5860053550049371,noop,bbr,Benign synthetic clean profile: benign_steady.
clean,clean,clean-019,3,0,clean_profile,benign_steady,0.5860053550049371,noop,bbr,Benign synthetic clean profile: benign_steady.
clean,clean,clean-019,4,0,clean_profile,benign_steady,0.5860053550049371,noop,bbr,Benign synthetic clean profile: benign_steady.
clean,clean,clean-019,5,0,clean_profile,benign_steady,0.5860053550049371,noop,bbr,Benign synthetic clean profile: benign_steady.
clean,clean,clean-019,6,0,clean_profile,benign_steady,0.5860053550049371,noop,bbr,Benign synthetic clean profile: benign_steady.
clean,clean,clean-019,7,0,clean_profile,benign_steady,0.5860053550049371,noop,bbr,Benign synthetic clean profile: benign_steady.
clean,clean,clean-019,8,0,clean_profile,benign_steady,0.5860053550049371,noop,bbr,Benign synthetic clean profile: benign_steady.
clean,clean,clean-019,9,0,clean_profile,benign_steady,0.5860053550049371,noop,bbr,Benign synthetic clean profile: benign_steady.
clean,clean,clean-019,10,0,clean_profile,benign_steady,0.5860053550049371,noop,bbr,Benign synthetic clean profile: benign_steady.
clean,clean,clean-019,11,0,clean_profile,benign_steady,0.5860053550049371,noop,bbr,Benign synthetic clean profile: benign_steady.
clean,clean,clean-019,12,0,clean_profile,benign_steady,0.5860053550049371,noop,bbr,Benign synthetic clean profile: benign_steady.
clean,clean,clean-019,13,0,clean_profile,benign_steady,0.5860053550049371,noop,bbr,Benign synthetic clean profile: benign_steady.
clean,clean,clean-019,14,0,clean_profile,benign_steady,0.5860053550049371,noop,bbr,Benign synthetic clean profile: benign_steady.
clean,clean,clean-019,15,0,clean_profile,benign_steady,0.5860053550049371,noop,bbr,Benign synthetic clean profile: benign_steady.
clean,clean,clean-019,16,0,clean_profile,benign_steady,0.5860053550049371,noop,bbr,Benign synthetic clean profile: benign_steady.
clean,clean,clean-019,17,0,clean_profile,benign_steady,0.5860053550049371,noop,bbr,Benign synthetic clean profile: benign_steady.
clean,clean,clean-019,18,0,clean_profile,benign_steady,0.5860053550049371,noop,bbr,Benign synthetic clean profile: benign_steady.
clean,clean,clean-019,19,0,clean_profile,benign_steady,0.5860053550049371,noop,bbr,Benign synthetic clean profile: benign_steady.
clean,clean,clean-019,20,0,clean_profile,benign_steady,0.5860053550049371,noop,bbr,Benign synthetic clean profile: benign_steady.
clean,clean,clean-019,21,0,clean_profile,benign_steady,0.5860053550049371,noop,bbr,Benign synthetic clean profile: benign_steady.
clean,clean,clean-019,22,0,clean_profile,benign_steady,0.5860053550049371,noop,bbr,Benign synthetic clean profile: benign_steady.
clean,clean,clean-019,23,0,clean_profile,benign_steady,0.5860053550049371,noop,bbr,Benign synthetic clean profile: benign_steady.
clean,clean,clean-019,24,0,clean_profile,benign_steady,0.5860053550049371,noop,bbr,Benign synthetic clean profile: benign_steady.
clean,clean,clean-019,25,0,clean_profile,benign_steady,0.5860053550049371,noop,bbr,Benign synthetic clean profile: benign_steady.
clean,clean,clean-019,26,0,clean_profile,benign_steady,0.5860053550049371,noop,bbr,Benign synthetic clean profile: benign_steady.
clean,clean,clean-019,27,0,clean_profile,benign_steady,0.5860053550049371,noop,bbr,Benign synthetic clean profile: benign_steady.
clean,clean,clean-019,28,0,clean_profile,benign_steady,0.5860053550049371,noop,bbr,Benign synthetic clean profile: benign_steady.
clean,clean,clean-019,29,0,clean_profile,benign_steady,0.5860053550049371,noop,bbr,Benign synthetic clean profile: benign_steady.
clean,clean,clean-019,30,0,clean_profile,benign_steady,0.5860053550049371,noop,bbr,Benign synthetic clean profile: benign_steady.
clean,clean,clean-019,31,0,clean_profile,benign_steady,0.5860053550049371,noop,bbr,Benign synthetic clean profile: benign_steady.
clean,clean,clean-019,32,0,clean_profile,benign_steady,0.5860053550049371,noop,bbr,Benign synthetic clean profile: benign_steady.
clean,clean,clean-019,33,0,clean_profile,benign_steady,0.5860053550049371,noop,bbr,Benign synthetic clean profile: benign_steady.
clean,clean,clean-019,34,0,clean_profile,benign_steady,0.5860053550049371,noop,bbr,Benign synthetic clean profile: benign_steady.
clean,clean,clean-019,35,0,clean_profile,benign_steady,0.5860053550049371,noop,bbr,Benign synthetic clean profile: benign_steady.
clean,clean,clean-019,36,0,clean_profile,benign_steady,0.5860053550049371,noop,bbr,Benign synthetic clean profile: benign_steady.
clean,clean,clean-019,37,0,clean_profile,benign_steady,0.5860053550049371,noop,bbr,Benign synthetic clean profile: benign_steady.
clean,clean,clean-019,38,0,clean_profile,benign_steady,0.5860053550049371,noop,bbr,Benign synthetic clean profile: benign_steady.
clean,clean,clean-019,39,0,clean_profile,benign_steady,0.5860053550049371,noop,bbr,Benign synthetic clean profile: benign_steady.
clean,clean,clean-019,40,0,clean_profile,benign_steady,0.5860053550049371,noop,bbr,Benign synthetic clean profile: benign_steady.
clean,clean,clean-019,41,0,clean_profile,benign_steady,0.5860053550049371,noop,bbr,Benign synthetic clean profile: benign_steady.
clean,clean,clean-019,42,0,clean_profile,benign_steady,0.5860053550049371,noop,bbr,Benign synthetic clean profile: benign_steady.
clean,clean,clean-019,43,0,clean_profile,benign_steady,0.5860053550049371,noop,bbr,Benign synthetic clean profile: benign_steady.
clean,clean,clean-019,44,0,clean_profile,benign_steady,0.5860053550049371,noop,bbr,Benign synthetic clean profile: benign_steady.
clean,clean,clean-019,45,0,clean_profile,benign_steady,0.5860053550049371,noop,bbr,Benign synthetic clean profile: benign_steady.
clean,clean,clean-019,46,0,clean_profile,benign_steady,0.5860053550049371,noop,bbr,Benign synthetic clean profile: benign_steady.
clean,clean,clean-019,47,0,clean_profile,benign_steady,0.5860053550049371,noop,bbr,Benign synthetic clean profile: benign_steady.
clean,clean,clean-020,0,0,clean_profile,benign_steady,0.2903502505051043,noop,cubic,Benign synthetic clean profile: benign_steady.
clean,clean,clean-020,1,0,clean_profile,benign_steady,0.2903502505051043,noop,cubic,Benign synthetic clean profile: benign_steady.
clean,clean,clean-020,2,0,clean_profile,benign_steady,0.2903502505051043,noop,cubic,Benign synthetic clean profile: benign_steady.
clean,clean,clean-020,3,0,clean_profile,benign_steady,0.2903502505051043,noop,cubic,Benign synthetic clean profile: benign_steady.
clean,clean,clean-020,4,0,clean_profile,benign_steady,0.2903502505051043,noop,cubic,Benign synthetic clean profile: benign_steady.
clean,clean,clean-020,5,0,clean_profile,benign_steady,0.2903502505051043,noop,cubic,Benign synthetic clean profile: benign_steady.
clean,clean,clean-020,6,0,clean_profile,benign_steady,0.2903502505051043,noop,cubic,Benign synthetic clean profile: benign_steady.
clean,clean,clean-020,7,0,clean_profile,benign_steady,0.2903502505051043,noop,cubic,Benign synthetic clean profile: benign_steady.
clean,clean,clean-020,8,0,clean_profile,benign_steady,0.2903502505051043,noop,cubic,Benign synthetic clean profile: benign_steady.
clean,clean,clean-020,9,0,clean_profile,benign_steady,0.2903502505051043,noop,cubic,Benign synthetic clean profile: benign_steady.
clean,clean,clean-020,10,0,clean_profile,benign_steady,0.2903502505051043,noop,cubic,Benign synthetic clean profile: benign_steady.
clean,clean,clean-020,11,0,clean_profile,benign_steady,0.2903502505051043,noop,cubic,Benign synthetic clean profile: benign_steady.
clean,clean,clean-020,12,0,clean_profile,benign_steady,0.2903502505051043,noop,cubic,Benign synthetic clean profile: benign_steady.
clean,clean,clean-020,13,0,clean_profile,benign_steady,0.2903502505051043,noop,cubic,Benign synthetic clean profile: benign_steady.
clean,clean,clean-020,14,0,clean_profile,benign_steady,0.2903502505051043,noop,cubic,Benign synthetic clean profile: benign_steady.
clean,clean,clean-020,15,0,clean_profile,benign_steady,0.2903502505051043,noop,cubic,Benign synthetic clean profile: benign_steady.
clean,clean,clean-020,16,0,clean_profile,benign_steady,0.2903502505051043,noop,cubic,Benign synthetic clean profile: benign_steady.
clean,clean,clean-020,17,0,clean_profile,benign_steady,0.2903502505051043,noop,cubic,Benign synthetic clean profile: benign_steady.
clean,clean,clean-020,18,0,clean_profile,benign_steady,0.2903502505051043,noop,cubic,Benign synthetic clean profile: benign_steady.
clean,clean,clean-020,19,0,clean_profile,benign_steady,0.2903502505051043,noop,cubic,Benign synthetic clean profile: benign_steady.
clean,clean,clean-020,20,0,clean_profile,benign_steady,0.2903502505051043,noop,cubic,Benign synthetic clean profile: benign_steady.
clean,clean,clean-020,21,0,clean_profile,benign_steady,0.2903502505051043,noop,cubic,Benign synthetic clean profile: benign_steady.
clean,clean,clean-020,22,0,clean_profile,benign_steady,0.2903502505051043,noop,cubic,Benign synthetic clean profile: benign_steady.
clean,clean,clean-020,23,0,clean_profile,benign_steady,0.2903502505051043,noop,cubic,Benign synthetic clean profile: benign_steady.
clean,clean,clean-020,24,0,clean_profile,benign_steady,0.2903502505051043,noop,cubic,Benign synthetic clean profile: benign_steady.
clean,clean,clean-020,25,0,clean_profile,benign_steady,0.2903502505051043,noop,cubic,Benign synthetic clean profile: benign_steady.
clean,clean,clean-020,26,0,clean_profile,benign_steady,0.2903502505051043,noop,cubic,Benign synthetic clean profile: benign_steady.
clean,clean,clean-020,27,0,clean_profile,benign_steady,0.2903502505051043,noop,cubic,Benign synthetic clean profile: benign_steady.
clean,clean,clean-020,28,0,clean_profile,benign_steady,0.2903502505051043,noop,cubic,Benign synthetic clean profile: benign_steady.
clean,clean,clean-020,29,0,clean_profile,benign_steady,0.2903502505051043,noop,cubic,Benign synthetic clean profile: benign_steady.
clean,clean,clean-020,30,0,clean_profile,benign_steady,0.2903502505051043,noop,cubic,Benign synthetic clean profile: benign_steady.
clean,clean,clean-020,31,0,clean_profile,benign_steady,0.2903502505051043,noop,cubic,Benign synthetic clean profile: benign_steady.
clean,clean,clean-020,32,0,clean_profile,benign_steady,0.2903502505051043,noop,cubic,Benign synthetic clean profile: benign_steady.
clean,clean,clean-020,33,0,clean_profile,benign_steady,0.2903502505051043,noop,cubic,Benign synthetic clean profile: benign_steady.
clean,clean,clean-020,34,0,clean_profile,benign_steady,0.2903502505051043,noop,cubic,Benign synthetic clean profile: benign_steady.
clean,clean,clean-020,35,0,clean_profile,benign_steady,0.2903502505051043,noop,cubic,Benign synthetic clean profile: benign_steady.
clean,clean,clean-020,36,0,clean_profile,benign_steady,0.2903502505051043,noop,cubic,Benign synthetic clean profile: benign_steady.
clean,clean,clean-020,37,0,clean_profile,benign_steady,0.2903502505051043,noop,cubic,Benign synthetic clean profile: benign_steady.
clean,clean,clean-020,38,0,clean_profile,benign_steady,0.2903502505051043,noop,cubic,Benign synthetic clean profile: benign_steady.
clean,clean,clean-020,39,0,clean_profile,benign_steady,0.2903502505051043,noop,cubic,Benign synthetic clean profile: benign_steady.
clean,clean,clean-020,40,0,clean_profile,benign_steady,0.2903502505051043,noop,cubic,Benign synthetic clean profile: benign_steady.
clean,clean,clean-020,41,0,clean_profile,benign_steady,0.2903502505051043,noop,cubic,Benign synthetic clean profile: benign_steady.
clean,clean,clean-020,42,0,clean_profile,benign_steady,0.2903502505051043,noop,cubic,Benign synthetic clean profile: benign_steady.
clean,clean,clean-020,43,0,clean_profile,benign_steady,0.2903502505051043,noop,cubic,Benign synthetic clean profile: benign_steady.
clean,clean,clean-020,44,0,clean_profile,benign_steady,0.2903502505051043,noop,cubic,Benign synthetic clean profile: benign_steady.
clean,clean,clean-020,45,0,clean_profile,benign_steady,0.2903502505051043,noop,cubic,Benign synthetic clean profile: benign_steady.
clean,clean,clean-020,46,0,clean_profile,benign_steady,0.2903502505051043,noop,cubic,Benign synthetic clean profile: benign_steady.
clean,clean,clean-020,47,0,clean_profile,benign_steady,0.2903502505051043,noop,cubic,Benign synthetic clean profile: benign_steady.
clean,clean,clean-021,0,0,clean_profile,benign_steady,0.4887958292299778,noop,reno,Benign synthetic clean profile: benign_steady.
clean,clean,clean-021,1,0,clean_profile,benign_steady,0.4887958292299778,noop,reno,Benign synthetic clean profile: benign_steady.
clean,clean,clean-021,2,0,clean_profile,benign_steady,0.4887958292299778,noop,reno,Benign synthetic clean profile: benign_steady.
clean,clean,clean-021,3,0,clean_profile,benign_steady,0.4887958292299778,noop,reno,Benign synthetic clean profile: benign_steady.
clean,clean,clean-021,4,0,clean_profile,benign_steady,0.4887958292299778,noop,reno,Benign synthetic clean profile: benign_steady.
clean,clean,clean-021,5,0,clean_profile,benign_steady,0.4887958292299778,noop,reno,Benign synthetic clean profile: benign_steady.
clean,clean,clean-021,6,0,clean_profile,benign_steady,0.4887958292299778,noop,reno,Benign synthetic clean profile: benign_steady.
clean,clean,clean-021,7,0,clean_profile,benign_steady,0.4887958292299778,noop,reno,Benign synthetic clean profile: benign_steady.
clean,clean,clean-021,8,0,clean_profile,benign_steady,0.4887958292299778,noop,reno,Benign synthetic clean profile: benign_steady.
clean,clean,clean-021,9,0,clean_profile,benign_steady,0.4887958292299778,noop,reno,Benign synthetic clean profile: benign_steady.
clean,clean,clean-021,10,0,clean_profile,benign_steady,0.4887958292299778,noop,reno,Benign synthetic clean profile: benign_steady.
clean,clean,clean-021,11,0,clean_profile,benign_steady,0.4887958292299778,noop,reno,Benign synthetic clean profile: benign_steady.
clean,clean,clean-021,12,0,clean_profile,benign_steady,0.4887958292299778,noop,reno,Benign synthetic clean profile: benign_steady.
clean,clean,clean-021,13,0,clean_profile,benign_steady,0.4887958292299778,noop,reno,Benign synthetic clean profile: benign_steady.
clean,clean,clean-021,14,0,clean_profile,benign_steady,0.4887958292299778,noop,reno,Benign synthetic clean profile: benign_steady.
clean,clean,clean-021,15,0,clean_profile,benign_steady,0.4887958292299778,noop,reno,Benign synthetic clean profile: benign_steady.
clean,clean,clean-021,16,0,clean_profile,benign_steady,0.4887958292299778,noop,reno,Benign synthetic clean profile: benign_steady.
clean,clean,clean-021,17,0,clean_profile,benign_steady,0.4887958292299778,noop,reno,Benign synthetic clean profile: benign_steady.
clean,clean,clean-021,18,0,clean_profile,benign_steady,0.4887958292299778,noop,reno,Benign synthetic clean profile: benign_steady.
clean,clean,clean-021,19,0,clean_profile,benign_steady,0.4887958292299778,noop,reno,Benign synthetic clean profile: benign_steady.
clean,clean,clean-021,20,0,clean_profile,benign_steady,0.4887958292299778,noop,reno,Benign synthetic clean profile: benign_steady.
clean,clean,clean-021,21,0,clean_profile,benign_steady,0.4887958292299778,noop,reno,Benign synthetic clean profile: benign_steady.
clean,clean,clean-021,22,0,clean_profile,benign_steady,0.4887958292299778,noop,reno,Benign synthetic clean profile: benign_steady.
clean,clean,clean-021,23,0,clean_profile,benign_steady,0.4887958292299778,noop,reno,Benign synthetic clean profile: benign_steady.
clean,clean,clean-021,24,0,clean_profile,benign_steady,0.4887958292299778,noop,reno,Benign synthetic clean profile: benign_steady.
clean,clean,clean-021,25,0,clean_profile,benign_steady,0.4887958292299778,noop,reno,Benign synthetic clean profile: benign_steady.
clean,clean,clean-021,26,0,clean_profile,benign_steady,0.4887958292299778,noop,reno,Benign synthetic clean profile: benign_steady.
clean,clean,clean-021,27,0,clean_profile,benign_steady,0.4887958292299778,noop,reno,Benign synthetic clean profile: benign_steady.
clean,clean,clean-021,28,0,clean_profile,benign_steady,0.4887958292299778,noop,reno,Benign synthetic clean profile: benign_steady.
clean,clean,clean-021,29,0,clean_profile,benign_steady,0.4887958292299778,noop,reno,Benign synthetic clean profile: benign_steady.
clean,clean,clean-021,30,0,clean_profile,benign_steady,0.4887958292299778,noop,reno,Benign synthetic clean profile: benign_steady.
clean,clean,clean-021,31,0,clean_profile,benign_steady,0.4887958292299778,noop,reno,Benign synthetic clean profile: benign_steady.
clean,clean,clean-021,32,0,clean_profile,benign_steady,0.4887958292299778,noop,reno,Benign synthetic clean profile: benign_steady.
clean,clean,clean-021,33,0,clean_profile,benign_steady,0.4887958292299778,noop,reno,Benign synthetic clean profile: benign_steady.
clean,clean,clean-021,34,0,clean_profile,benign_steady,0.4887958292299778,noop,reno,Benign synthetic clean profile: benign_steady.
clean,clean,clean-021,35,0,clean_profile,benign_steady,0.4887958292299778,noop,reno,Benign synthetic clean profile: benign_steady.
clean,clean,clean-021,36,0,clean_profile,benign_steady,0.4887958292299778,noop,reno,Benign synthetic clean profile: benign_steady.
clean,clean,clean-021,37,0,clean_profile,benign_steady,0.4887958292299778,noop,reno,Benign synthetic clean profile: benign_steady.
clean,clean,clean-021,38,0,clean_profile,benign_steady,0.4887958292299778,noop,reno,Benign synthetic clean profile: benign_steady.
clean,clean,clean-021,39,0,clean_profile,benign_steady,0.4887958292299778,noop,reno,Benign synthetic clean profile: benign_steady.
clean,clean,clean-021,40,0,clean_profile,benign_steady,0.4887958292299778,noop,reno,Benign synthetic clean profile: benign_steady.
clean,clean,clean-021,41,0,clean_profile,benign_steady,0.4887958292299778,noop,reno,Benign synthetic clean profile: benign_steady.
clean,clean,clean-021,42,0,clean_profile,benign_steady,0.4887958292299778,noop,reno,Benign synthetic clean profile: benign_steady.
clean,clean,clean-021,43,0,clean_profile,benign_steady,0.4887958292299778,noop,reno,Benign synthetic clean profile: benign_steady.
clean,clean,clean-021,44,0,clean_profile,benign_steady,0.4887958292299778,noop,reno,Benign synthetic clean profile: benign_steady.
clean,clean,clean-021,45,0,clean_profile,benign_steady,0.4887958292299778,noop,reno,Benign synthetic clean profile: benign_steady.
clean,clean,clean-021,46,0,clean_profile,benign_steady,0.4887958292299778,noop,reno,Benign synthetic clean profile: benign_steady.
clean,clean,clean-021,47,0,clean_profile,benign_steady,0.4887958292299778,noop,reno,Benign synthetic clean profile: benign_steady.
clean,clean,clean-022,0,0,clean_profile,benign_steady,0.7004075718692536,noop,bbr,Benign synthetic clean profile: benign_steady.
clean,clean,clean-022,1,0,clean_profile,benign_steady,0.7004075718692536,noop,bbr,Benign synthetic clean profile: benign_steady.
clean,clean,clean-022,2,0,clean_profile,benign_steady,0.7004075718692536,noop,bbr,Benign synthetic clean profile: benign_steady.
clean,clean,clean-022,3,0,clean_profile,benign_steady,0.7004075718692536,noop,bbr,Benign synthetic clean profile: benign_steady.
clean,clean,clean-022,4,0,clean_profile,benign_steady,0.7004075718692536,noop,bbr,Benign synthetic clean profile: benign_steady.
clean,clean,clean-022,5,0,clean_profile,benign_steady,0.7004075718692536,noop,bbr,Benign synthetic clean profile: benign_steady.
clean,clean,clean-022,6,0,clean_profile,benign_steady,0.7004075718692536,noop,bbr,Benign synthetic clean profile: benign_steady.
clean,clean,clean-022,7,0,clean_profile,benign_steady,0.7004075718692536,noop,bbr,Benign synthetic clean profile: benign_steady.
clean,clean,clean-022,8,0,clean_profile,benign_steady,0.7004075718692536,noop,bbr,Benign synthetic clean profile: benign_steady.
clean,clean,clean-022,9,0,clean_profile,benign_steady,0.7004075718692536,noop,bbr,Benign synthetic clean profile: benign_steady.
clean,clean,clean-022,10,0,clean_profile,benign_steady,0.7004075718692536,noop,bbr,Benign synthetic clean profile: benign_steady.
clean,clean,clean-022,11,0,clean_profile,benign_steady,0.7004075718692536,noop,bbr,Benign synthetic clean profile: benign_steady.
clean,clean,clean-022,12,0,clean_profile,benign_steady,0.7004075718692536,noop,bbr,Benign synthetic clean profile: benign_steady.
clean,clean,clean-022,13,0,clean_profile,benign_steady,0.7004075718692536,noop,bbr,Benign synthetic clean profile: benign_steady.
clean,clean,clean-022,14,0,clean_profile,benign_steady,0.7004075718692536,noop,bbr,Benign synthetic clean profile: benign_steady.
clean,clean,clean-022,15,0,clean_profile,benign_steady,0.7004075718692536,noop,bbr,Benign synthetic clean profile: benign_steady.
clean,clean,clean-022,16,0,clean_profile,benign_steady,0.7004075718692536,noop,bbr,Benign synthetic clean profile: benign_steady.
clean,clean,clean-022,17,0,clean_profile,benign_steady,0.7004075718692536,noop,bbr,Benign synthetic clean profile: benign_steady.
clean,clean,clean-022,18,0,clean_profile,benign_steady,0.7004075718692536,noop,bbr,Benign synthetic clean profile: benign_steady.
clean,clean,clean-022,19,0,clean_profile,benign_steady,0.7004075718692536,noop,bbr,Benign synthetic clean profile: benign_steady.
clean,clean,clean-022,20,0,clean_profile,benign_steady,0.7004075718692536,noop,bbr,Benign synthetic clean profile: benign_steady.
clean,clean,clean-022,21,0,clean_profile,benign_steady,0.7004075718692536,noop,bbr,Benign synthetic clean profile: benign_steady.
clean,clean,clean-022,22,0,clean_profile,benign_steady,0.7004075718692536,noop,bbr,Benign synthetic clean profile: benign_steady.
clean,clean,clean-022,23,0,clean_profile,benign_steady,0.7004075718692536,noop,bbr,Benign synthetic clean profile: benign_steady.
clean,clean,clean-022,24,0,clean_profile,benign_steady,0.7004075718692536,noop,bbr,Benign synthetic clean profile: benign_steady.
clean,clean,clean-022,25,0,clean_profile,benign_steady,0.7004075718692536,noop,bbr,Benign synthetic clean profile: benign_steady.
clean,clean,clean-022,26,0,clean_profile,benign_steady,0.7004075718692536,noop,bbr,Benign synthetic clean profile: benign_steady.
clean,clean,clean-022,27,0,clean_profile,benign_steady,0.7004075718692536,noop,bbr,Benign synthetic clean profile: benign_steady.
clean,clean,clean-022,28,0,clean_profile,benign_steady,0.7004075718692536,noop,bbr,Benign synthetic clean profile: benign_steady.
clean,clean,clean-022,29,0,clean_profile,benign_steady,0.7004075718692536,noop,bbr,Benign synthetic clean profile: benign_steady.
clean,clean,clean-022,30,0,clean_profile,benign_steady,0.7004075718692536,noop,bbr,Benign synthetic clean profile: benign_steady.
clean,clean,clean-022,31,0,clean_profile,benign_steady,0.7004075718692536,noop,bbr,Benign synthetic clean profile: benign_steady.
clean,clean,clean-022,32,0,clean_profile,benign_steady,0.7004075718692536,noop,bbr,Benign synthetic clean profile: benign_steady.
clean,clean,clean-022,33,0,clean_profile,benign_steady,0.7004075718692536,noop,bbr,Benign synthetic clean profile: benign_steady.
clean,clean,clean-022,34,0,clean_profile,benign_steady,0.7004075718692536,noop,bbr,Benign synthetic clean profile: benign_steady.
clean,clean,clean-022,35,0,clean_profile,benign_steady,0.7004075718692536,noop,bbr,Benign synthetic clean profile: benign_steady.
clean,clean,clean-022,36,0,clean_profile,benign_steady,0.7004075718692536,noop,bbr,Benign synthetic clean profile: benign_steady.
clean,clean,clean-022,37,0,clean_profile,benign_steady,0.7004075718692536,noop,bbr,Benign synthetic clean profile: benign_steady.
clean,clean,clean-022,38,0,clean_profile,benign_steady,0.7004075718692536,noop,bbr,Benign synthetic clean profile: benign_steady.
clean,clean,clean-022,39,0,clean_profile,benign_steady,0.7004075718692536,noop,bbr,Benign synthetic clean profile: benign_steady.
clean,clean,clean-022,40,0,clean_profile,benign_steady,0.7004075718692536,noop,bbr,Benign synthetic clean profile: benign_steady.
clean,clean,clean-022,41,0,clean_profile,benign_steady,0.7004075718692536,noop,bbr,Benign synthetic clean profile: benign_steady.
clean,clean,clean-022,42,0,clean_profile,benign_steady,0.7004075718692536,noop,bbr,Benign synthetic clean profile: benign_steady.
clean,clean,clean-022,43,0,clean_profile,benign_steady,0.7004075718692536,noop,bbr,Benign synthetic clean profile: benign_steady.
clean,clean,clean-022,44,0,clean_profile,benign_steady,0.7004075718692536,noop,bbr,Benign synthetic clean profile: benign_steady.
clean,clean,clean-022,45,0,clean_profile,benign_steady,0.7004075718692536,noop,bbr,Benign synthetic clean profile: benign_steady.
clean,clean,clean-022,46,0,clean_profile,benign_steady,0.7004075718692536,noop,bbr,Benign synthetic clean profile: benign_steady.
clean,clean,clean-022,47,0,clean_profile,benign_steady,0.7004075718692536,noop,bbr,Benign synthetic clean profile: benign_steady.
clean,clean,clean-023,0,0,clean_profile,benign_steady,0.674321718573523,noop,cubic,Benign synthetic clean profile: benign_steady.
clean,clean,clean-023,1,0,clean_profile,benign_steady,0.674321718573523,noop,cubic,Benign synthetic clean profile: benign_steady.
clean,clean,clean-023,2,0,clean_profile,benign_steady,0.674321718573523,noop,cubic,Benign synthetic clean profile: benign_steady.
clean,clean,clean-023,3,0,clean_profile,benign_steady,0.674321718573523,noop,cubic,Benign synthetic clean profile: benign_steady.
clean,clean,clean-023,4,0,clean_profile,benign_steady,0.674321718573523,noop,cubic,Benign synthetic clean profile: benign_steady.
clean,clean,clean-023,5,0,clean_profile,benign_steady,0.674321718573523,noop,cubic,Benign synthetic clean profile: benign_steady.
clean,clean,clean-023,6,0,clean_profile,benign_steady,0.674321718573523,noop,cubic,Benign synthetic clean profile: benign_steady.
clean,clean,clean-023,7,0,clean_profile,benign_steady,0.674321718573523,noop,cubic,Benign synthetic clean profile: benign_steady.
clean,clean,clean-023,8,0,clean_profile,benign_steady,0.674321718573523,noop,cubic,Benign synthetic clean profile: benign_steady.
clean,clean,clean-023,9,0,clean_profile,benign_steady,0.674321718573523,noop,cubic,Benign synthetic clean profile: benign_steady.
clean,clean,clean-023,10,0,clean_profile,benign_steady,0.674321718573523,noop,cubic,Benign synthetic clean profile: benign_steady.
clean,clean,clean-023,11,0,clean_profile,benign_steady,0.674321718573523,noop,cubic,Benign synthetic clean profile: benign_steady.
clean,clean,clean-023,12,0,clean_profile,benign_steady,0.674321718573523,noop,cubic,Benign synthetic clean profile: benign_steady.
clean,clean,clean-023,13,0,clean_profile,benign_steady,0.674321718573523,noop,cubic,Benign synthetic clean profile: benign_steady.
clean,clean,clean-023,14,0,clean_profile,benign_steady,0.674321718573523,noop,cubic,Benign synthetic clean profile: benign_steady.
clean,clean,clean-023,15,0,clean_profile,benign_steady,0.674321718573523,noop,cubic,Benign synthetic clean profile: benign_steady.
clean,clean,clean-023,16,0,clean_profile,benign_steady,0.674321718573523,noop,cubic,Benign synthetic clean profile: benign_steady.
clean,clean,clean-023,17,0,clean_profile,benign_steady,0.674321718573523,noop,cubic,Benign synthetic clean profile: benign_steady.
clean,clean,clean-023,18,0,clean_profile,benign_steady,0.674321718573523,noop,cubic,Benign synthetic clean profile: benign_steady.
clean,clean,clean-023,19,0,clean_profile,benign_steady,0.674321718573523,noop,cubic,Benign synthetic clean profile: benign_steady.
clean,clean,clean-023,20,0,clean_profile,benign_steady,0.674321718573523,noop,cubic,Benign synthetic clean profile: benign_steady.
clean,clean,clean-023,21,0,clean_profile,benign_steady,0.674321718573523,noop,cubic,Benign synthetic clean profile: benign_steady.
clean,clean,clean-023,22,0,clean_profile,benign_steady,0.674321718573523,noop,cubic,Benign synthetic clean profile: benign_steady.
clean,clean,clean-023,23,0,clean_profile,benign_steady,0.674321718573523,noop,cubic,Benign synthetic clean profile: benign_steady.
clean,clean,clean-023,24,0,clean_profile,benign_steady,0.674321718573523,noop,cubic,Benign synthetic clean profile: benign_steady.
clean,clean,clean-023,25,0,clean_profile,benign_steady,0.674321718573523,noop,cubic,Benign synthetic clean profile: benign_steady.
clean,clean,clean-023,26,0,clean_profile,benign_steady,0.674321718573523,noop,cubic,Benign synthetic clean profile: benign_steady.
clean,clean,clean-023,27,0,clean_profile,benign_steady,0.674321718573523,noop,cubic,Benign synthetic clean profile: benign_steady.
clean,clean,clean-023,28,0,clean_profile,benign_steady,0.674321718573523,noop,cubic,Benign synthetic clean profile: benign_steady.
clean,clean,clean-023,29,0,clean_profile,benign_steady,0.674321718573523,noop,cubic,Benign synthetic clean profile: benign_steady.
clean,clean,clean-023,30,0,clean_profile,benign_steady,0.674321718573523,noop,cubic,Benign synthetic clean profile: benign_steady.
clean,clean,clean-023,31,0,clean_profile,benign_steady,0.674321718573523,noop,cubic,Benign synthetic clean profile: benign_steady.
clean,clean,clean-023,32,0,clean_profile,benign_steady,0.674321718573523,noop,cubic,Benign synthetic clean profile: benign_steady.
clean,clean,clean-023,33,0,clean_profile,benign_steady,0.674321718573523,noop,cubic,Benign synthetic clean profile: benign_steady.
clean,clean,clean-023,34,0,clean_profile,benign_steady,0.674321718573523,noop,cubic,Benign synthetic clean profile: benign_steady.
clean,clean,clean-023,35,0,clean_profile,benign_steady,0.674321718573523,noop,cubic,Benign synthetic clean profile: benign_steady.
clean,clean,clean-023,36,0,clean_profile,benign_steady,0.674321718573523,noop,cubic,Benign synthetic clean profile: benign_steady.
clean,clean,clean-023,37,0,clean_profile,benign_steady,0.674321718573523,noop,cubic,Benign synthetic clean profile: benign_steady.
clean,clean,clean-023,38,0,clean_profile,benign_steady,0.674321718573523,noop,cubic,Benign synthetic clean profile: benign_steady.
clean,clean,clean-023,39,0,clean_profile,benign_steady,0.674321718573523,noop,cubic,Benign synthetic clean profile: benign_steady.
clean,clean,clean-023,40,0,clean_profile,benign_steady,0.674321718573523,noop,cubic,Benign synthetic clean profile: benign_steady.
clean,clean,clean-023,41,0,clean_profile,benign_steady,0.674321718573523,noop,cubic,Benign synthetic clean profile: benign_steady.
clean,clean,clean-023,42,0,clean_profile,benign_steady,0.674321718573523,noop,cubic,Benign synthetic clean profile: benign_steady.
clean,clean,clean-023,43,0,clean_profile,benign_steady,0.674321718573523,noop,cubic,Benign synthetic clean profile: benign_steady.
clean,clean,clean-023,44,0,clean_profile,benign_steady,0.674321718573523,noop,cubic,Benign synthetic clean profile: benign_steady.
clean,clean,clean-023,45,0,clean_profile,benign_steady,0.674321718573523,noop,cubic,Benign synthetic clean profile: benign_steady.
clean,clean,clean-023,46,0,clean_profile,benign_steady,0.674321718573523,noop,cubic,Benign synthetic clean profile: benign_steady.
clean,clean,clean-023,47,0,clean_profile,benign_steady,0.674321718573523,noop,cubic,Benign synthetic clean profile: benign_steady.
clean,clean,clean-024,0,0,clean_profile,benign_steady,0.47849785735234796,noop,reno,Benign synthetic clean profile: benign_steady.
clean,clean,clean-024,1,0,clean_profile,benign_steady,0.47849785735234796,noop,reno,Benign synthetic clean profile: benign_steady.
clean,clean,clean-024,2,0,clean_profile,benign_steady,0.47849785735234796,noop,reno,Benign synthetic clean profile: benign_steady.
clean,clean,clean-024,3,0,clean_profile,benign_steady,0.47849785735234796,noop,reno,Benign synthetic clean profile: benign_steady.
clean,clean,clean-024,4,0,clean_profile,benign_steady,0.47849785735234796,noop,reno,Benign synthetic clean profile: benign_steady.
clean,clean,clean-024,5,0,clean_profile,benign_steady,0.47849785735234796,noop,reno,Benign synthetic clean profile: benign_steady.
clean,clean,clean-024,6,0,clean_profile,benign_steady,0.47849785735234796,noop,reno,Benign synthetic clean profile: benign_steady.
clean,clean,clean-024,7,0,clean_profile,benign_steady,0.47849785735234796,noop,reno,Benign synthetic clean profile: benign_steady.
clean,clean,clean-024,8,0,clean_profile,benign_steady,0.47849785735234796,noop,reno,Benign synthetic clean profile: benign_steady.
clean,clean,clean-024,9,0,clean_profile,benign_steady,0.47849785735234796,noop,reno,Benign synthetic clean profile: benign_steady.
clean,clean,clean-024,10,0,clean_profile,benign_steady,0.47849785735234796,noop,reno,Benign synthetic clean profile: benign_steady.
clean,clean,clean-024,11,0,clean_profile,benign_steady,0.47849785735234796,noop,reno,Benign synthetic clean profile: benign_steady.
clean,clean,clean-024,12,0,clean_profile,benign_steady,0.47849785735234796,noop,reno,Benign synthetic clean profile: benign_steady.
clean,clean,clean-024,13,0,clean_profile,benign_steady,0.47849785735234796,noop,reno,Benign synthetic clean profile: benign_steady.
clean,clean,clean-024,14,0,clean_profile,benign_steady,0.47849785735234796,noop,reno,Benign synthetic clean profile: benign_steady.
clean,clean,clean-024,15,0,clean_profile,benign_steady,0.47849785735234796,noop,reno,Benign synthetic clean profile: benign_steady.
clean,clean,clean-024,16,0,clean_profile,benign_steady,0.47849785735234796,noop,reno,Benign synthetic clean profile: benign_steady.
clean,clean,clean-024,17,0,clean_profile,benign_steady,0.47849785735234796,noop,reno,Benign synthetic clean profile: benign_steady.
clean,clean,clean-024,18,0,clean_profile,benign_steady,0.47849785735234796,noop,reno,Benign synthetic clean profile: benign_steady.
clean,clean,clean-024,19,0,clean_profile,benign_steady,0.47849785735234796,noop,reno,Benign synthetic clean profile: benign_steady.
clean,clean,clean-024,20,0,clean_profile,benign_steady,0.47849785735234796,noop,reno,Benign synthetic clean profile: benign_steady.
clean,clean,clean-024,21,0,clean_profile,benign_steady,0.47849785735234796,noop,reno,Benign synthetic clean profile: benign_steady.
clean,clean,clean-024,22,0,clean_profile,benign_steady,0.47849785735234796,noop,reno,Benign synthetic clean profile: benign_steady.
clean,clean,clean-024,23,0,clean_profile,benign_steady,0.47849785735234796,noop,reno,Benign synthetic clean profile: benign_steady.
clean,clean,clean-024,24,0,clean_profile,benign_steady,0.47849785735234796,noop,reno,Benign synthetic clean profile: benign_steady.
clean,clean,clean-024,25,0,clean_profile,benign_steady,0.47849785735234796,noop,reno,Benign synthetic clean profile: benign_steady.
clean,clean,clean-024,26,0,clean_profile,benign_steady,0.47849785735234796,noop,reno,Benign synthetic clean profile: benign_steady.
clean,clean,clean-024,27,0,clean_profile,benign_steady,0.47849785735234796,noop,reno,Benign synthetic clean profile: benign_steady.
clean,clean,clean-024,28,0,clean_profile,benign_steady,0.47849785735234796,noop,reno,Benign synthetic clean profile: benign_steady.
clean,clean,clean-024,29,0,clean_profile,benign_steady,0.47849785735234796,noop,reno,Benign synthetic clean profile: benign_steady.
clean,clean,clean-024,30,0,clean_profile,benign_steady,0.47849785735234796,noop,reno,Benign synthetic clean profile: benign_steady.
clean,clean,clean-024,31,0,clean_profile,benign_steady,0.47849785735234796,noop,reno,Benign synthetic clean profile: benign_steady.
clean,clean,clean-024,32,0,clean_profile,benign_steady,0.47849785735234796,noop,reno,Benign synthetic clean profile: benign_steady.
clean,clean,clean-024,33,0,clean_profile,benign_steady,0.47849785735234796,noop,reno,Benign synthetic clean profile: benign_steady.
clean,clean,clean-024,34,0,clean_profile,benign_steady,0.47849785735234796,noop,reno,Benign synthetic clean profile: benign_steady.
clean,clean,clean-024,35,0,clean_profile,benign_steady,0.47849785735234796,noop,reno,Benign synthetic clean profile: benign_steady.
clean,clean,clean-024,36,0,clean_profile,benign_steady,0.47849785735234796,noop,reno,Benign synthetic clean profile: benign_steady.
clean,clean,clean-024,37,0,clean_profile,benign_steady,0.47849785735234796,noop,reno,Benign synthetic clean profile: benign_steady.
clean,clean,clean-024,38,0,clean_profile,benign_steady,0.47849785735234796,noop,reno,Benign synthetic clean profile: benign_steady.
clean,clean,clean-024,39,0,clean_profile,benign_steady,0.47849785735234796,noop,reno,Benign synthetic clean profile: benign_steady.
clean,clean,clean-024,40,0,clean_profile,benign_steady,0.47849785735234796,noop,reno,Benign synthetic clean profile: benign_steady.
clean,clean,clean-024,41,0,clean_profile,benign_steady,0.47849785735234796,noop,reno,Benign synthetic clean profile: benign_steady.
clean,clean,clean-024,42,0,clean_profile,benign_steady,0.47849785735234796,noop,reno,Benign synthetic clean profile: benign_steady.
clean,clean,clean-024,43,0,clean_profile,benign_steady,0.47849785735234796,noop,reno,Benign synthetic clean profile: benign_steady.
clean,clean,clean-024,44,0,clean_profile,benign_steady,0.47849785735234796,noop,reno,Benign synthetic clean profile: benign_steady.
clean,clean,clean-024,45,0,clean_profile,benign_steady,0.47849785735234796,noop,reno,Benign synthetic clean profile: benign_steady.
clean,clean,clean-024,46,0,clean_profile,benign_steady,0.47849785735234796,noop,reno,Benign synthetic clean profile: benign_steady.
clean,clean,clean-024,47,0,clean_profile,benign_steady,0.47849785735234796,noop,reno,Benign synthetic clean profile: benign_steady.
clean,clean,clean-025,0,0,clean_profile,benign_steady,0.6813638226392476,noop,bbr,Benign synthetic clean profile: benign_steady.
clean,clean,clean-025,1,0,clean_profile,benign_steady,0.6813638226392476,noop,bbr,Benign synthetic clean profile: benign_steady.
clean,clean,clean-025,2,0,clean_profile,benign_steady,0.6813638226392476,noop,bbr,Benign synthetic clean profile: benign_steady.
clean,clean,clean-025,3,0,clean_profile,benign_steady,0.6813638226392476,noop,bbr,Benign synthetic clean profile: benign_steady.
clean,clean,clean-025,4,0,clean_profile,benign_steady,0.6813638226392476,noop,bbr,Benign synthetic clean profile: benign_steady.
clean,clean,clean-025,5,0,clean_profile,benign_steady,0.6813638226392476,noop,bbr,Benign synthetic clean profile: benign_steady.
clean,clean,clean-025,6,0,clean_profile,benign_steady,0.6813638226392476,noop,bbr,Benign synthetic clean profile: benign_steady.
clean,clean,clean-025,7,0,clean_profile,benign_steady,0.6813638226392476,noop,bbr,Benign synthetic clean profile: benign_steady.
clean,clean,clean-025,8,0,clean_profile,benign_steady,0.6813638226392476,noop,bbr,Benign synthetic clean profile: benign_steady.
clean,clean,clean-025,9,0,clean_profile,benign_steady,0.6813638226392476,noop,bbr,Benign synthetic clean profile: benign_steady.
clean,clean,clean-025,10,0,clean_profile,benign_steady,0.6813638226392476,noop,bbr,Benign synthetic clean profile: benign_steady.
clean,clean,clean-025,11,0,clean_profile,benign_steady,0.6813638226392476,noop,bbr,Benign synthetic clean profile: benign_steady.
clean,clean,clean-025,12,0,clean_profile,benign_steady,0.6813638226392476,noop,bbr,Benign synthetic clean profile: benign_steady.
clean,clean,clean-025,13,0,clean_profile,benign_steady,0.6813638226392476,noop,bbr,Benign synthetic clean profile: benign_steady.
clean,clean,clean-025,14,0,clean_profile,benign_steady,0.6813638226392476,noop,bbr,Benign synthetic clean profile: benign_steady.
clean,clean,clean-025,15,0,clean_profile,benign_steady,0.6813638226392476,noop,bbr,Benign synthetic clean profile: benign_steady.
clean,clean,clean-025,16,0,clean_profile,benign_steady,0.6813638226392476,noop,bbr,Benign synthetic clean profile: benign_steady.
clean,clean,clean-025,17,0,clean_profile,benign_steady,0.6813638226392476,noop,bbr,Benign synthetic clean profile: benign_steady.
clean,clean,clean-025,18,0,clean_profile,benign_steady,0.6813638226392476,noop,bbr,Benign synthetic clean profile: benign_steady.
clean,clean,clean-025,19,0,clean_profile,benign_steady,0.6813638226392476,noop,bbr,Benign synthetic clean profile: benign_steady.
clean,clean,clean-025,20,0,clean_profile,benign_steady,0.6813638226392476,noop,bbr,Benign synthetic clean profile: benign_steady.
clean,clean,clean-025,21,0,clean_profile,benign_steady,0.6813638226392476,noop,bbr,Benign synthetic clean profile: benign_steady.
clean,clean,clean-025,22,0,clean_profile,benign_steady,0.6813638226392476,noop,bbr,Benign synthetic clean profile: benign_steady.
clean,clean,clean-025,23,0,clean_profile,benign_steady,0.6813638226392476,noop,bbr,Benign synthetic clean profile: benign_steady.
clean,clean,clean-025,24,0,clean_profile,benign_steady,0.6813638226392476,noop,bbr,Benign synthetic clean profile: benign_steady.
clean,clean,clean-025,25,0,clean_profile,benign_steady,0.6813638226392476,noop,bbr,Benign synthetic clean profile: benign_steady.
clean,clean,clean-025,26,0,clean_profile,benign_steady,0.6813638226392476,noop,bbr,Benign synthetic clean profile: benign_steady.
clean,clean,clean-025,27,0,clean_profile,benign_steady,0.6813638226392476,noop,bbr,Benign synthetic clean profile: benign_steady.
clean,clean,clean-025,28,0,clean_profile,benign_steady,0.6813638226392476,noop,bbr,Benign synthetic clean profile: benign_steady.
clean,clean,clean-025,29,0,clean_profile,benign_steady,0.6813638226392476,noop,bbr,Benign synthetic clean profile: benign_steady.
clean,clean,clean-025,30,0,clean_profile,benign_steady,0.6813638226392476,noop,bbr,Benign synthetic clean profile: benign_steady.
clean,clean,clean-025,31,0,clean_profile,benign_steady,0.6813638226392476,noop,bbr,Benign synthetic clean profile: benign_steady.
clean,clean,clean-025,32,0,clean_profile,benign_steady,0.6813638226392476,noop,bbr,Benign synthetic clean profile: benign_steady.
clean,clean,clean-025,33,0,clean_profile,benign_steady,0.6813638226392476,noop,bbr,Benign synthetic clean profile: benign_steady.
clean,clean,clean-025,34,0,clean_profile,benign_steady,0.6813638226392476,noop,bbr,Benign synthetic clean profile: benign_steady.
clean,clean,clean-025,35,0,clean_profile,benign_steady,0.6813638226392476,noop,bbr,Benign synthetic clean profile: benign_steady.
clean,clean,clean-025,36,0,clean_profile,benign_steady,0.6813638226392476,noop,bbr,Benign synthetic clean profile: benign_steady.
clean,clean,clean-025,37,0,clean_profile,benign_steady,0.6813638226392476,noop,bbr,Benign synthetic clean profile: benign_steady.
clean,clean,clean-025,38,0,clean_profile,benign_steady,0.6813638226392476,noop,bbr,Benign synthetic clean profile: benign_steady.
clean,clean,clean-025,39,0,clean_profile,benign_steady,0.6813638226392476,noop,bbr,Benign synthetic clean profile: benign_steady.
clean,clean,clean-025,40,0,clean_profile,benign_steady,0.6813638226392476,noop,bbr,Benign synthetic clean profile: benign_steady.
clean,clean,clean-025,41,0,clean_profile,benign_steady,0.6813638226392476,noop,bbr,Benign synthetic clean profile: benign_steady.
clean,clean,clean-025,42,0,clean_profile,benign_steady,0.6813638226392476,noop,bbr,Benign synthetic clean profile: benign_steady.
clean,clean,clean-025,43,0,clean_profile,benign_steady,0.6813638226392476,noop,bbr,Benign synthetic clean profile: benign_steady.
clean,clean,clean-025,44,0,clean_profile,benign_steady,0.6813638226392476,noop,bbr,Benign synthetic clean profile: benign_steady.
clean,clean,clean-025,45,0,clean_profile,benign_steady,0.6813638226392476,noop,bbr,Benign synthetic clean profile: benign_steady.
clean,clean,clean-025,46,0,clean_profile,benign_steady,0.6813638226392476,noop,bbr,Benign synthetic clean profile: benign_steady.
clean,clean,clean-025,47,0,clean_profile,benign_steady,0.6813638226392476,noop,bbr,Benign synthetic clean profile: benign_steady.
clean,clean,clean-026,0,0,clean_profile,benign_steady,0.4775357878521203,noop,cubic,Benign synthetic clean profile: benign_steady.
clean,clean,clean-026,1,0,clean_profile,benign_steady,0.4775357878521203,noop,cubic,Benign synthetic clean profile: benign_steady.
clean,clean,clean-026,2,0,clean_profile,benign_steady,0.4775357878521203,noop,cubic,Benign synthetic clean profile: benign_steady.
clean,clean,clean-026,3,0,clean_profile,benign_steady,0.4775357878521203,noop,cubic,Benign synthetic clean profile: benign_steady.
clean,clean,clean-026,4,0,clean_profile,benign_steady,0.4775357878521203,noop,cubic,Benign synthetic clean profile: benign_steady.
clean,clean,clean-026,5,0,clean_profile,benign_steady,0.4775357878521203,noop,cubic,Benign synthetic clean profile: benign_steady.
clean,clean,clean-026,6,0,clean_profile,benign_steady,0.4775357878521203,noop,cubic,Benign synthetic clean profile: benign_steady.
clean,clean,clean-026,7,0,clean_profile,benign_steady,0.4775357878521203,noop,cubic,Benign synthetic clean profile: benign_steady.
clean,clean,clean-026,8,0,clean_profile,benign_steady,0.4775357878521203,noop,cubic,Benign synthetic clean profile: benign_steady.
clean,clean,clean-026,9,0,clean_profile,benign_steady,0.4775357878521203,noop,cubic,Benign synthetic clean profile: benign_steady.
clean,clean,clean-026,10,0,clean_profile,benign_steady,0.4775357878521203,noop,cubic,Benign synthetic clean profile: benign_steady.
clean,clean,clean-026,11,0,clean_profile,benign_steady,0.4775357878521203,noop,cubic,Benign synthetic clean profile: benign_steady.
clean,clean,clean-026,12,0,clean_profile,benign_steady,0.4775357878521203,noop,cubic,Benign synthetic clean profile: benign_steady.
clean,clean,clean-026,13,0,clean_profile,benign_steady,0.4775357878521203,noop,cubic,Benign synthetic clean profile: benign_steady.
clean,clean,clean-026,14,0,clean_profile,benign_steady,0.4775357878521203,noop,cubic,Benign synthetic clean profile: benign_steady.
clean,clean,clean-026,15,0,clean_profile,benign_steady,0.4775357878521203,noop,cubic,Benign synthetic clean profile: benign_steady.
clean,clean,clean-026,16,0,clean_profile,benign_steady,0.4775357878521203,noop,cubic,Benign synthetic clean profile: benign_steady.
clean,clean,clean-026,17,0,clean_profile,benign_steady,0.4775357878521203,noop,cubic,Benign synthetic clean profile: benign_steady.
clean,clean,clean-026,18,0,clean_profile,benign_steady,0.4775357878521203,noop,cubic,Benign synthetic clean profile: benign_steady.
clean,clean,clean-026,19,0,clean_profile,benign_steady,0.4775357878521203,noop,cubic,Benign synthetic clean profile: benign_steady.
clean,clean,clean-026,20,0,clean_profile,benign_steady,0.4775357878521203,noop,cubic,Benign synthetic clean profile: benign_steady.
clean,clean,clean-026,21,0,clean_profile,benign_steady,0.4775357878521203,noop,cubic,Benign synthetic clean profile: benign_steady.
clean,clean,clean-026,22,0,clean_profile,benign_steady,0.4775357878521203,noop,cubic,Benign synthetic clean profile: benign_steady.
clean,clean,clean-026,23,0,clean_profile,benign_steady,0.4775357878521203,noop,cubic,Benign synthetic clean profile: benign_steady.
clean,clean,clean-026,24,0,clean_profile,benign_steady,0.4775357878521203,noop,cubic,Benign synthetic clean profile: benign_steady.
clean,clean,clean-026,25,0,clean_profile,benign_steady,0.4775357878521203,noop,cubic,Benign synthetic clean profile: benign_steady.
clean,clean,clean-026,26,0,clean_profile,benign_steady,0.4775357878521203,noop,cubic,Benign synthetic clean profile: benign_steady.
clean,clean,clean-026,27,0,clean_profile,benign_steady,0.4775357878521203,noop,cubic,Benign synthetic clean profile: benign_steady.
clean,clean,clean-026,28,0,clean_profile,benign_steady,0.4775357878521203,noop,cubic,Benign synthetic clean profile: benign_steady.
clean,clean,clean-026,29,0,clean_profile,benign_steady,0.4775357878521203,noop,cubic,Benign synthetic clean profile: benign_steady.
clean,clean,clean-026,30,0,clean_profile,benign_steady,0.4775357878521203,noop,cubic,Benign synthetic clean profile: benign_steady.
clean,clean,clean-026,31,0,clean_profile,benign_steady,0.4775357878521203,noop,cubic,Benign synthetic clean profile: benign_steady.
clean,clean,clean-026,32,0,clean_profile,benign_steady,0.4775357878521203,noop,cubic,Benign synthetic clean profile: benign_steady.
clean,clean,clean-026,33,0,clean_profile,benign_steady,0.4775357878521203,noop,cubic,Benign synthetic clean profile: benign_steady.
clean,clean,clean-026,34,0,clean_profile,benign_steady,0.4775357878521203,noop,cubic,Benign synthetic clean profile: benign_steady.
clean,clean,clean-026,35,0,clean_profile,benign_steady,0.4775357878521203,noop,cubic,Benign synthetic clean profile: benign_steady.
clean,clean,clean-026,36,0,clean_profile,benign_steady,0.4775357878521203,noop,cubic,Benign synthetic clean profile: benign_steady.
clean,clean,clean-026,37,0,clean_profile,benign_steady,0.4775357878521203,noop,cubic,Benign synthetic clean profile: benign_steady.
clean,clean,clean-026,38,0,clean_profile,benign_steady,0.4775357878521203,noop,cubic,Benign synthetic clean profile: benign_steady.
clean,clean,clean-026,39,0,clean_profile,benign_steady,0.4775357878521203,noop,cubic,Benign synthetic clean profile: benign_steady.
clean,clean,clean-026,40,0,clean_profile,benign_steady,0.4775357878521203,noop,cubic,Benign synthetic clean profile: benign_steady.
clean,clean,clean-026,41,0,clean_profile,benign_steady,0.4775357878521203,noop,cubic,Benign synthetic clean profile: benign_steady.
clean,clean,clean-026,42,0,clean_profile,benign_steady,0.4775357878521203,noop,cubic,Benign synthetic clean profile: benign_steady.
clean,clean,clean-026,43,0,clean_profile,benign_steady,0.4775357878521203,noop,cubic,Benign synthetic clean profile: benign_steady.
clean,clean,clean-026,44,0,clean_profile,benign_steady,0.4775357878521203,noop,cubic,Benign synthetic clean profile: benign_steady.
clean,clean,clean-026,45,0,clean_profile,benign_steady,0.4775357878521203,noop,cubic,Benign synthetic clean profile: benign_steady.
clean,clean,clean-026,46,0,clean_profile,benign_steady,0.4775357878521203,noop,cubic,Benign synthetic clean profile: benign_steady.
clean,clean,clean-026,47,0,clean_profile,benign_steady,0.4775357878521203,noop,cubic,Benign synthetic clean profile: benign_steady.
clean,clean,clean-027,0,0,clean_profile,benign_steady,0.3979224404268427,noop,reno,Benign synthetic clean profile: benign_steady.
clean,clean,clean-027,1,0,clean_profile,benign_steady,0.3979224404268427,noop,reno,Benign synthetic clean profile: benign_steady.
clean,clean,clean-027,2,0,clean_profile,benign_steady,0.3979224404268427,noop,reno,Benign synthetic clean profile: benign_steady.
clean,clean,clean-027,3,0,clean_profile,benign_steady,0.3979224404268427,noop,reno,Benign synthetic clean profile: benign_steady.
clean,clean,clean-027,4,0,clean_profile,benign_steady,0.3979224404268427,noop,reno,Benign synthetic clean profile: benign_steady.
clean,clean,clean-027,5,0,clean_profile,benign_steady,0.3979224404268427,noop,reno,Benign synthetic clean profile: benign_steady.
clean,clean,clean-027,6,0,clean_profile,benign_steady,0.3979224404268427,noop,reno,Benign synthetic clean profile: benign_steady.
clean,clean,clean-027,7,0,clean_profile,benign_steady,0.3979224404268427,noop,reno,Benign synthetic clean profile: benign_steady.
clean,clean,clean-027,8,0,clean_profile,benign_steady,0.3979224404268427,noop,reno,Benign synthetic clean profile: benign_steady.
clean,clean,clean-027,9,0,clean_profile,benign_steady,0.3979224404268427,noop,reno,Benign synthetic clean profile: benign_steady.
clean,clean,clean-027,10,0,clean_profile,benign_steady,0.3979224404268427,noop,reno,Benign synthetic clean profile: benign_steady.
clean,clean,clean-027,11,0,clean_profile,benign_steady,0.3979224404268427,noop,reno,Benign synthetic clean profile: benign_steady.
clean,clean,clean-027,12,0,clean_profile,benign_steady,0.3979224404268427,noop,reno,Benign synthetic clean profile: benign_steady.
clean,clean,clean-027,13,0,clean_profile,benign_steady,0.3979224404268427,noop,reno,Benign synthetic clean profile: benign_steady.
clean,clean,clean-027,14,0,clean_profile,benign_steady,0.3979224404268427,noop,reno,Benign synthetic clean profile: benign_steady.
clean,clean,clean-027,15,0,clean_profile,benign_steady,0.3979224404268427,noop,reno,Benign synthetic clean profile: benign_steady.
clean,clean,clean-027,16,0,clean_profile,benign_steady,0.3979224404268427,noop,reno,Benign synthetic clean profile: benign_steady.
clean,clean,clean-027,17,0,clean_profile,benign_steady,0.3979224404268427,noop,reno,Benign synthetic clean profile: benign_steady.
clean,clean,clean-027,18,0,clean_profile,benign_steady,0.3979224404268427,noop,reno,Benign synthetic clean profile: benign_steady.
clean,clean,clean-027,19,0,clean_profile,benign_steady,0.3979224404268427,noop,reno,Benign synthetic clean profile: benign_steady.
clean,clean,clean-027,20,0,clean_profile,benign_steady,0.3979224404268427,noop,reno,Benign synthetic clean profile: benign_steady.
clean,clean,clean-027,21,0,clean_profile,benign_steady,0.3979224404268427,noop,reno,Benign synthetic clean profile: benign_steady.
clean,clean,clean-027,22,0,clean_profile,benign_steady,0.3979224404268427,noop,reno,Benign synthetic clean profile: benign_steady.
clean,clean,clean-027,23,0,clean_profile,benign_steady,0.3979224404268427,noop,reno,Benign synthetic clean profile: benign_steady.
clean,clean,clean-027,24,0,clean_profile,benign_steady,0.3979224404268427,noop,reno,Benign synthetic clean profile: benign_steady.
clean,clean,clean-027,25,0,clean_profile,benign_steady,0.3979224404268427,noop,reno,Benign synthetic clean profile: benign_steady.
clean,clean,clean-027,26,0,clean_profile,benign_steady,0.3979224404268427,noop,reno,Benign synthetic clean profile: benign_steady.
clean,clean,clean-027,27,0,clean_profile,benign_steady,0.3979224404268427,noop,reno,Benign synthetic clean profile: benign_steady.
clean,clean,clean-027,28,0,clean_profile,benign_steady,0.3979224404268427,noop,reno,Benign synthetic clean profile: benign_steady.
clean,clean,clean-027,29,0,clean_profile,benign_steady,0.3979224404268427,noop,reno,Benign synthetic clean profile: benign_steady.
clean,clean,clean-027,30,0,clean_profile,benign_steady,0.3979224404268427,noop,reno,Benign synthetic clean profile: benign_steady.
clean,clean,clean-027,31,0,clean_profile,benign_steady,0.3979224404268427,noop,reno,Benign synthetic clean profile: benign_steady.
clean,clean,clean-027,32,0,clean_profile,benign_steady,0.3979224404268427,noop,reno,Benign synthetic clean profile: benign_steady.
clean,clean,clean-027,33,0,clean_profile,benign_steady,0.3979224404268427,noop,reno,Benign synthetic clean profile: benign_steady.
clean,clean,clean-027,34,0,clean_profile,benign_steady,0.3979224404268427,noop,reno,Benign synthetic clean profile: benign_steady.
clean,clean,clean-027,35,0,clean_profile,benign_steady,0.3979224404268427,noop,reno,Benign synthetic clean profile: benign_steady.
clean,clean,clean-027,36,0,clean_profile,benign_steady,0.3979224404268427,noop,reno,Benign synthetic clean profile: benign_steady.
clean,clean,clean-027,37,0,clean_profile,benign_steady,0.3979224404268427,noop,reno,Benign synthetic clean profile: benign_steady.
clean,clean,clean-027,38,0,clean_profile,benign_steady,0.3979224404268427,noop,reno,Benign synthetic clean profile: benign_steady.
clean,clean,clean-027,39,0,clean_profile,benign_steady,0.3979224404268427,noop,reno,Benign synthetic clean profile: benign_steady.
clean,clean,clean-027,40,0,clean_profile,benign_steady,0.3979224404268427,noop,reno,Benign synthetic clean profile: benign_steady.
clean,clean,clean-027,41,0,clean_profile,benign_steady,0.3979224404268427,noop,reno,Benign synthetic clean profile: benign_steady.
clean,clean,clean-027,42,0,clean_profile,benign_steady,0.3979224404268427,noop,reno,Benign synthetic clean profile: benign_steady.
clean,clean,clean-027,43,0,clean_profile,benign_steady,0.3979224404268427,noop,reno,Benign synthetic clean profile: benign_steady.
clean,clean,clean-027,44,0,clean_profile,benign_steady,0.3979224404268427,noop,reno,Benign synthetic clean profile: benign_steady.
clean,clean,clean-027,45,0,clean_profile,benign_steady,0.3979224404268427,noop,reno,Benign synthetic clean profile: benign_steady.
clean,clean,clean-027,46,0,clean_profile,benign_steady,0.3979224404268427,noop,reno,Benign synthetic clean profile: benign_steady.
clean,clean,clean-027,47,0,clean_profile,benign_steady,0.3979224404268427,noop,reno,Benign synthetic clean profile: benign_steady.
clean,clean,clean-028,0,0,clean_profile,benign_steady,0.3139995802113229,noop,bbr,Benign synthetic clean profile: benign_steady.
clean,clean,clean-028,1,0,clean_profile,benign_steady,0.3139995802113229,noop,bbr,Benign synthetic clean profile: benign_steady.
clean,clean,clean-028,2,0,clean_profile,benign_steady,0.3139995802113229,noop,bbr,Benign synthetic clean profile: benign_steady.
clean,clean,clean-028,3,0,clean_profile,benign_steady,0.3139995802113229,noop,bbr,Benign synthetic clean profile: benign_steady.
clean,clean,clean-028,4,0,clean_profile,benign_steady,0.3139995802113229,noop,bbr,Benign synthetic clean profile: benign_steady.
clean,clean,clean-028,5,0,clean_profile,benign_steady,0.3139995802113229,noop,bbr,Benign synthetic clean profile: benign_steady.
clean,clean,clean-028,6,0,clean_profile,benign_steady,0.3139995802113229,noop,bbr,Benign synthetic clean profile: benign_steady.
clean,clean,clean-028,7,0,clean_profile,benign_steady,0.3139995802113229,noop,bbr,Benign synthetic clean profile: benign_steady.
clean,clean,clean-028,8,0,clean_profile,benign_steady,0.3139995802113229,noop,bbr,Benign synthetic clean profile: benign_steady.
clean,clean,clean-028,9,0,clean_profile,benign_steady,0.3139995802113229,noop,bbr,Benign synthetic clean profile: benign_steady.
clean,clean,clean-028,10,0,clean_profile,benign_steady,0.3139995802113229,noop,bbr,Benign synthetic clean profile: benign_steady.
clean,clean,clean-028,11,0,clean_profile,benign_steady,0.3139995802113229,noop,bbr,Benign synthetic clean profile: benign_steady.
clean,clean,clean-028,12,0,clean_profile,benign_steady,0.3139995802113229,noop,bbr,Benign synthetic clean profile: benign_steady.
clean,clean,clean-028,13,0,clean_profile,benign_steady,0.3139995802113229,noop,bbr,Benign synthetic clean profile: benign_steady.
clean,clean,clean-028,14,0,clean_profile,benign_steady,0.3139995802113229,noop,bbr,Benign synthetic clean profile: benign_steady.
clean,clean,clean-028,15,0,clean_profile,benign_steady,0.3139995802113229,noop,bbr,Benign synthetic clean profile: benign_steady.
clean,clean,clean-028,16,0,clean_profile,benign_steady,0.3139995802113229,noop,bbr,Benign synthetic clean profile: benign_steady.
clean,clean,clean-028,17,0,clean_profile,benign_steady,0.3139995802113229,noop,bbr,Benign synthetic clean profile: benign_steady.
clean,clean,clean-028,18,0,clean_profile,benign_steady,0.3139995802113229,noop,bbr,Benign synthetic clean profile: benign_steady.
clean,clean,clean-028,19,0,clean_profile,benign_steady,0.3139995802113229,noop,bbr,Benign synthetic clean profile: benign_steady.
clean,clean,clean-028,20,0,clean_profile,benign_steady,0.3139995802113229,noop,bbr,Benign synthetic clean profile: benign_steady.
clean,clean,clean-028,21,0,clean_profile,benign_steady,0.3139995802113229,noop,bbr,Benign synthetic clean profile: benign_steady.
clean,clean,clean-028,22,0,clean_profile,benign_steady,0.3139995802113229,noop,bbr,Benign synthetic clean profile: benign_steady.
clean,clean,clean-028,23,0,clean_profile,benign_steady,0.3139995802113229,noop,bbr,Benign synthetic clean profile: benign_steady.
clean,clean,clean-028,24,0,clean_profile,benign_steady,0.3139995802113229,noop,bbr,Benign synthetic clean profile: benign_steady.
clean,clean,clean-028,25,0,clean_profile,benign_steady,0.3139995802113229,noop,bbr,Benign synthetic clean profile: benign_steady.
clean,clean,clean-028,26,0,clean_profile,benign_steady,0.3139995802113229,noop,bbr,Benign synthetic clean profile: benign_steady.
clean,clean,clean-028,27,0,clean_profile,benign_steady,0.3139995802113229,noop,bbr,Benign synthetic clean profile: benign_steady.
clean,clean,clean-028,28,0,clean_profile,benign_steady,0.3139995802113229,noop,bbr,Benign synthetic clean profile: benign_steady.
clean,clean,clean-028,29,0,clean_profile,benign_steady,0.3139995802113229,noop,bbr,Benign synthetic clean profile: benign_steady.
clean,clean,clean-028,30,0,clean_profile,benign_steady,0.3139995802113229,noop,bbr,Benign synthetic clean profile: benign_steady.
clean,clean,clean-028,31,0,clean_profile,benign_steady,0.3139995802113229,noop,bbr,Benign synthetic clean profile: benign_steady.
clean,clean,clean-028,32,0,clean_profile,benign_steady,0.3139995802113229,noop,bbr,Benign synthetic clean profile: benign_steady.
clean,clean,clean-028,33,0,clean_profile,benign_steady,0.3139995802113229,noop,bbr,Benign synthetic clean profile: benign_steady.
clean,clean,clean-028,34,0,clean_profile,benign_steady,0.3139995802113229,noop,bbr,Benign synthetic clean profile: benign_steady.
clean,clean,clean-028,35,0,clean_profile,benign_steady,0.3139995802113229,noop,bbr,Benign synthetic clean profile: benign_steady.
clean,clean,clean-028,36,0,clean_profile,benign_steady,0.3139995802113229,noop,bbr,Benign synthetic clean profile: benign_steady.
clean,clean,clean-028,37,0,clean_profile,benign_steady,0.3139995802113229,noop,bbr,Benign synthetic clean profile: benign_steady.
clean,clean,clean-028,38,0,clean_profile,benign_steady,0.3139995802113229,noop,bbr,Benign synthetic clean profile: benign_steady.
clean,clean,clean-028,39,0,clean_profile,benign_steady,0.3139995802113229,noop,bbr,Benign synthetic clean profile: benign_steady.
clean,clean,clean-028,40,0,clean_profile,benign_steady,0.3139995802113229,noop,bbr,Benign synthetic clean profile: benign_steady.
clean,clean,clean-028,41,0,clean_profile,benign_steady,0.3139995802113229,noop,bbr,Benign synthetic clean profile: benign_steady.
clean,clean,clean-028,42,0,clean_profile,benign_steady,0.3139995802113229,noop,bbr,Benign synthetic clean profile: benign_steady.
clean,clean,clean-028,43,0,clean_profile,benign_steady,0.3139995802113229,noop,bbr,Benign synthetic clean profile: benign_steady.
clean,clean,clean-028,44,0,clean_profile,benign_steady,0.3139995802113229,noop,bbr,Benign synthetic clean profile: benign_steady.
clean,clean,clean-028,45,0,clean_profile,benign_steady,0.3139995802113229,noop,bbr,Benign synthetic clean profile: benign_steady.
clean,clean,clean-028,46,0,clean_profile,benign_steady,0.3139995802113229,noop,bbr,Benign synthetic clean profile: benign_steady.
clean,clean,clean-028,47,0,clean_profile,benign_steady,0.3139995802113229,noop,bbr,Benign synthetic clean profile: benign_steady.
clean,clean,clean-029,0,0,clean_profile,benign_steady,0.4279803336715719,noop,cubic,Benign synthetic clean profile: benign_steady.
clean,clean,clean-029,1,0,clean_profile,benign_steady,0.4279803336715719,noop,cubic,Benign synthetic clean profile: benign_steady.
clean,clean,clean-029,2,0,clean_profile,benign_steady,0.4279803336715719,noop,cubic,Benign synthetic clean profile: benign_steady.
clean,clean,clean-029,3,0,clean_profile,benign_steady,0.4279803336715719,noop,cubic,Benign synthetic clean profile: benign_steady.
clean,clean,clean-029,4,0,clean_profile,benign_steady,0.4279803336715719,noop,cubic,Benign synthetic clean profile: benign_steady.
clean,clean,clean-029,5,0,clean_profile,benign_steady,0.4279803336715719,noop,cubic,Benign synthetic clean profile: benign_steady.
clean,clean,clean-029,6,0,clean_profile,benign_steady,0.4279803336715719,noop,cubic,Benign synthetic clean profile: benign_steady.
clean,clean,clean-029,7,0,clean_profile,benign_steady,0.4279803336715719,noop,cubic,Benign synthetic clean profile: benign_steady.
clean,clean,clean-029,8,0,clean_profile,benign_steady,0.4279803336715719,noop,cubic,Benign synthetic clean profile: benign_steady.
clean,clean,clean-029,9,0,clean_profile,benign_steady,0.4279803336715719,noop,cubic,Benign synthetic clean profile: benign_steady.
clean,clean,clean-029,10,0,clean_profile,benign_steady,0.4279803336715719,noop,cubic,Benign synthetic clean profile: benign_steady.
clean,clean,clean-029,11,0,clean_profile,benign_steady,0.4279803336715719,noop,cubic,Benign synthetic clean profile: benign_steady.
clean,clean,clean-029,12,0,clean_profile,benign_steady,0.4279803336715719,noop,cubic,Benign synthetic clean profile: benign_steady.
clean,clean,clean-029,13,0,clean_profile,benign_steady,0.4279803336715719,noop,cubic,Benign synthetic clean profile: benign_steady.
clean,clean,clean-029,14,0,clean_profile,benign_steady,0.4279803336715719,noop,cubic,Benign synthetic clean profile: benign_steady.
clean,clean,clean-029,15,0,clean_profile,benign_steady,0.4279803336715719,noop,cubic,Benign synthetic clean profile: benign_steady.
clean,clean,clean-029,16,0,clean_profile,benign_steady,0.4279803336715719,noop,cubic,Benign synthetic clean profile: benign_steady.
clean,clean,clean-029,17,0,clean_profile,benign_steady,0.4279803336715719,noop,cubic,Benign synthetic clean profile: benign_steady.
clean,clean,clean-029,18,0,clean_profile,benign_steady,0.4279803336715719,noop,cubic,Benign synthetic clean profile: benign_steady.
clean,clean,clean-029,19,0,clean_profile,benign_steady,0.4279803336715719,noop,cubic,Benign synthetic clean profile: benign_steady.
clean,clean,clean-029,20,0,clean_profile,benign_steady,0.4279803336715719,noop,cubic,Benign synthetic clean profile: benign_steady.
clean,clean,clean-029,21,0,clean_profile,benign_steady,0.4279803336715719,noop,cubic,Benign synthetic clean profile: benign_steady.
clean,clean,clean-029,22,0,clean_profile,benign_steady,0.4279803336715719,noop,cubic,Benign synthetic clean profile: benign_steady.
clean,clean,clean-029,23,0,clean_profile,benign_steady,0.4279803336715719,noop,cubic,Benign synthetic clean profile: benign_steady.
clean,clean,clean-029,24,0,clean_profile,benign_steady,0.4279803336715719,noop,cubic,Benign synthetic clean profile: benign_steady.
clean,clean,clean-029,25,0,clean_profile,benign_steady,0.4279803336715719,noop,cubic,Benign synthetic clean profile: benign_steady.
clean,clean,clean-029,26,0,clean_profile,benign_steady,0.4279803336715719,noop,cubic,Benign synthetic clean profile: benign_steady.
clean,clean,clean-029,27,0,clean_profile,benign_steady,0.4279803336715719,noop,cubic,Benign synthetic clean profile: benign_steady.
clean,clean,clean-029,28,0,clean_profile,benign_steady,0.4279803336715719,noop,cubic,Benign synthetic clean profile: benign_steady.
clean,clean,clean-029,29,0,clean_profile,benign_steady,0.4279803336715719,noop,cubic,Benign synthetic clean profile: benign_steady.
clean,clean,clean-029,30,0,clean_profile,benign_steady,0.4279803336715719,noop,cubic,Benign synthetic clean profile: benign_steady.
clean,clean,clean-029,31,0,clean_profile,benign_steady,0.4279803336715719,noop,cubic,Benign synthetic clean profile: benign_steady.
clean,clean,clean-029,32,0,clean_profile,benign_steady,0.4279803336715719,noop,cubic,Benign synthetic clean profile: benign_steady.
clean,clean,clean-029,33,0,clean_profile,benign_steady,0.4279803336715719,noop,cubic,Benign synthetic clean profile: benign_steady.
clean,clean,clean-029,34,0,clean_profile,benign_steady,0.4279803336715719,noop,cubic,Benign synthetic clean profile: benign_steady.
clean,clean,clean-029,35,0,clean_profile,benign_steady,0.4279803336715719,noop,cubic,Benign synthetic clean profile: benign_steady.
clean,clean,clean-029,36,0,clean_profile,benign_steady,0.4279803336715719,noop,cubic,Benign synthetic clean profile: benign_steady.
clean,clean,clean-029,37,0,clean_profile,benign_steady,0.4279803336715719,noop,cubic,Benign synthetic clean profile: benign_steady.
clean,clean,clean-029,38,0,clean_profile,benign_steady,0.4279803336715719,noop,cubic,Benign synthetic clean profile: benign_steady.
clean,clean,clean-029,39,0,clean_profile,benign_steady,0.4279803336715719,noop,cubic,Benign synthetic clean profile: benign_steady.
clean,clean,clean-029,40,0,clean_profile,benign_steady,0.4279803336715719,noop,cubic,Benign synthetic clean profile: benign_steady.
clean,clean,clean-029,41,0,clean_profile,benign_steady,0.4279803336715719,noop,cubic,Benign synthetic clean profile: benign_steady.
clean,clean,clean-029,42,0,clean_profile,benign_steady,0.4279803336715719,noop,cubic,Benign synthetic clean profile: benign_steady.
clean,clean,clean-029,43,0,clean_profile,benign_steady,0.4279803336715719,noop,cubic,Benign synthetic clean profile: benign_steady.
clean,clean,clean-029,44,0,clean_profile,benign_steady,0.4279803336715719,noop,cubic,Benign synthetic clean profile: benign_steady.
clean,clean,clean-029,45,0,clean_profile,benign_steady,0.4279803336715719,noop,cubic,Benign synthetic clean profile: benign_steady.
clean,clean,clean-029,46,0,clean_profile,benign_steady,0.4279803336715719,noop,cubic,Benign synthetic clean profile: benign_steady.
clean,clean,clean-029,47,0,clean_profile,benign_steady,0.4279803336715719,noop,cubic,Benign synthetic clean profile: benign_steady.
clean,clean,clean-030,0,0,clean_profile,benign_steady,0.7006624569012967,noop,reno,Benign synthetic clean profile: benign_steady.
clean,clean,clean-030,1,0,clean_profile,benign_steady,0.7006624569012967,noop,reno,Benign synthetic clean profile: benign_steady.
clean,clean,clean-030,2,0,clean_profile,benign_steady,0.7006624569012967,noop,reno,Benign synthetic clean profile: benign_steady.
clean,clean,clean-030,3,0,clean_profile,benign_steady,0.7006624569012967,noop,reno,Benign synthetic clean profile: benign_steady.
clean,clean,clean-030,4,0,clean_profile,benign_steady,0.7006624569012967,noop,reno,Benign synthetic clean profile: benign_steady.
clean,clean,clean-030,5,0,clean_profile,benign_steady,0.7006624569012967,noop,reno,Benign synthetic clean profile: benign_steady.
clean,clean,clean-030,6,0,clean_profile,benign_steady,0.7006624569012967,noop,reno,Benign synthetic clean profile: benign_steady.
clean,clean,clean-030,7,0,clean_profile,benign_steady,0.7006624569012967,noop,reno,Benign synthetic clean profile: benign_steady.
clean,clean,clean-030,8,0,clean_profile,benign_steady,0.7006624569012967,noop,reno,Benign synthetic clean profile: benign_steady.
clean,clean,clean-030,9,0,clean_profile,benign_steady,0.7006624569012967,noop,reno,Benign synthetic clean profile: benign_steady.
clean,clean,clean-030,10,0,clean_profile,benign_steady,0.7006624569012967,noop,reno,Benign synthetic clean profile: benign_steady.
clean,clean,clean-030,11,0,clean_profile,benign_steady,0.7006624569012967,noop,reno,Benign synthetic clean profile: benign_steady.
clean,clean,clean-030,12,0,clean_profile,benign_steady,0.7006624569012967,noop,reno,Benign synthetic clean profile: benign_steady.
clean,clean,clean-030,13,0,clean_profile,benign_steady,0.7006624569012967,noop,reno,Benign synthetic clean profile: benign_steady.
clean,clean,clean-030,14,0,clean_profile,benign_steady,0.7006624569012967,noop,reno,Benign synthetic clean profile: benign_steady.
clean,clean,clean-030,15,0,clean_profile,benign_steady,0.7006624569012967,noop,reno,Benign synthetic clean profile: benign_steady.
clean,clean,clean-030,16,0,clean_profile,benign_steady,0.7006624569012967,noop,reno,Benign synthetic clean profile: benign_steady.
clean,clean,clean-030,17,0,clean_profile,benign_steady,0.7006624569012967,noop,reno,Benign synthetic clean profile: benign_steady.
clean,clean,clean-030,18,0,clean_profile,benign_steady,0.7006624569012967,noop,reno,Benign synthetic clean profile: benign_steady.
clean,clean,clean-030,19,0,clean_profile,benign_steady,0.7006624569012967,noop,reno,Benign synthetic clean profile: benign_steady.
clean,clean,clean-030,20,0,clean_profile,benign_steady,0.7006624569012967,noop,reno,Benign synthetic clean profile: benign_steady.
clean,clean,clean-030,21,0,clean_profile,benign_steady,0.7006624569012967,noop,reno,Benign synthetic clean profile: benign_steady.
clean,clean,clean-030,22,0,clean_profile,benign_steady,0.7006624569012967,noop,reno,Benign synthetic clean profile: benign_steady.
clean,clean,clean-030,23,0,clean_profile,benign_steady,0.7006624569012967,noop,reno,Benign synthetic clean profile: benign_steady.
clean,clean,clean-030,24,0,clean_profile,benign_steady,0.7006624569012967,noop,reno,Benign synthetic clean profile: benign_steady.
clean,clean,clean-030,25,0,clean_profile,benign_steady,0.7006624569012967,noop,reno,Benign synthetic clean profile: benign_steady.
clean,clean,clean-030,26,0,clean_profile,benign_steady,0.7006624569012967,noop,reno,Benign synthetic clean profile: benign_steady.
clean,clean,clean-030,27,0,clean_profile,benign_steady,0.7006624569012967,noop,reno,Benign synthetic clean profile: benign_steady.
clean,clean,clean-030,28,0,clean_profile,benign_steady,0.7006624569012967,noop,reno,Benign synthetic clean profile: benign_steady.
clean,clean,clean-030,29,0,clean_profile,benign_steady,0.7006624569012967,noop,reno,Benign synthetic clean profile: benign_steady.
clean,clean,clean-030,30,0,clean_profile,benign_steady,0.7006624569012967,noop,reno,Benign synthetic clean profile: benign_steady.
clean,clean,clean-030,31,0,clean_profile,benign_steady,0.7006624569012967,noop,reno,Benign synthetic clean profile: benign_steady.
clean,clean,clean-030,32,0,clean_profile,benign_steady,0.7006624569012967,noop,reno,Benign synthetic clean profile: benign_steady.
clean,clean,clean-030,33,0,clean_profile,benign_steady,0.7006624569012967,noop,reno,Benign synthetic clean profile: benign_steady.
clean,clean,clean-030,34,0,clean_profile,benign_steady,0.7006624569012967,noop,reno,Benign synthetic clean profile: benign_steady.
clean,clean,clean-030,35,0,clean_profile,benign_steady,0.7006624569012967,noop,reno,Benign synthetic clean profile: benign_steady.
clean,clean,clean-030,36,0,clean_profile,benign_steady,0.7006624569012967,noop,reno,Benign synthetic clean profile: benign_steady.
clean,clean,clean-030,37,0,clean_profile,benign_steady,0.7006624569012967,noop,reno,Benign synthetic clean profile: benign_steady.
clean,clean,clean-030,38,0,clean_profile,benign_steady,0.7006624569012967,noop,reno,Benign synthetic clean profile: benign_steady.
clean,clean,clean-030,39,0,clean_profile,benign_steady,0.7006624569012967,noop,reno,Benign synthetic clean profile: benign_steady.
clean,clean,clean-030,40,0,clean_profile,benign_steady,0.7006624569012967,noop,reno,Benign synthetic clean profile: benign_steady.
clean,clean,clean-030,41,0,clean_profile,benign_steady,0.7006624569012967,noop,reno,Benign synthetic clean profile: benign_steady.
clean,clean,clean-030,42,0,clean_profile,benign_steady,0.7006624569012967,noop,reno,Benign synthetic clean profile: benign_steady.
clean,clean,clean-030,43,0,clean_profile,benign_steady,0.7006624569012967,noop,reno,Benign synthetic clean profile: benign_steady.
clean,clean,clean-030,44,0,clean_profile,benign_steady,0.7006624569012967,noop,reno,Benign synthetic clean profile: benign_steady.
clean,clean,clean-030,45,0,clean_profile,benign_steady,0.7006624569012967,noop,reno,Benign synthetic clean profile: benign_steady.
clean,clean,clean-030,46,0,clean_profile,benign_steady,0.7006624569012967,noop,reno,Benign synthetic clean profile: benign_steady.
clean,clean,clean-030,47,0,clean_profile,benign_steady,0.7006624569012967,noop,reno,Benign synthetic clean profile: benign_steady.
clean,clean,clean-031,0,0,clean_profile,benign_steady,0.2577944751633148,noop,bbr,Benign synthetic clean profile: benign_steady.
clean,clean,clean-031,1,0,clean_profile,benign_steady,0.2577944751633148,noop,bbr,Benign synthetic clean profile: benign_steady.
clean,clean,clean-031,2,0,clean_profile,benign_steady,0.2577944751633148,noop,bbr,Benign synthetic clean profile: benign_steady.
clean,clean,clean-031,3,0,clean_profile,benign_steady,0.2577944751633148,noop,bbr,Benign synthetic clean profile: benign_steady.
clean,clean,clean-031,4,0,clean_profile,benign_steady,0.2577944751633148,noop,bbr,Benign synthetic clean profile: benign_steady.
clean,clean,clean-031,5,0,clean_profile,benign_steady,0.2577944751633148,noop,bbr,Benign synthetic clean profile: benign_steady.
clean,clean,clean-031,6,0,clean_profile,benign_steady,0.2577944751633148,noop,bbr,Benign synthetic clean profile: benign_steady.
clean,clean,clean-031,7,0,clean_profile,benign_steady,0.2577944751633148,noop,bbr,Benign synthetic clean profile: benign_steady.
clean,clean,clean-031,8,0,clean_profile,benign_steady,0.2577944751633148,noop,bbr,Benign synthetic clean profile: benign_steady.
clean,clean,clean-031,9,0,clean_profile,benign_steady,0.2577944751633148,noop,bbr,Benign synthetic clean profile: benign_steady.
clean,clean,clean-031,10,0,clean_profile,benign_steady,0.2577944751633148,noop,bbr,Benign synthetic clean profile: benign_steady.
clean,clean,clean-031,11,0,clean_profile,benign_steady,0.2577944751633148,noop,bbr,Benign synthetic clean profile: benign_steady.
clean,clean,clean-031,12,0,clean_profile,benign_steady,0.2577944751633148,noop,bbr,Benign synthetic clean profile: benign_steady.
clean,clean,clean-031,13,0,clean_profile,benign_steady,0.2577944751633148,noop,bbr,Benign synthetic clean profile: benign_steady.
clean,clean,clean-031,14,0,clean_profile,benign_steady,0.2577944751633148,noop,bbr,Benign synthetic clean profile: benign_steady.
clean,clean,clean-031,15,0,clean_profile,benign_steady,0.2577944751633148,noop,bbr,Benign synthetic clean profile: benign_steady.
clean,clean,clean-031,16,0,clean_profile,benign_steady,0.2577944751633148,noop,bbr,Benign synthetic clean profile: benign_steady.
clean,clean,clean-031,17,0,clean_profile,benign_steady,0.2577944751633148,noop,bbr,Benign synthetic clean profile: benign_steady.
clean,clean,clean-031,18,0,clean_profile,benign_steady,0.2577944751633148,noop,bbr,Benign synthetic clean profile: benign_steady.
clean,clean,clean-031,19,0,clean_profile,benign_steady,0.2577944751633148,noop,bbr,Benign synthetic clean profile: benign_steady.
clean,clean,clean-031,20,0,clean_profile,benign_steady,0.2577944751633148,noop,bbr,Benign synthetic clean profile: benign_steady.
clean,clean,clean-031,21,0,clean_profile,benign_steady,0.2577944751633148,noop,bbr,Benign synthetic clean profile: benign_steady.
clean,clean,clean-031,22,0,clean_profile,benign_steady,0.2577944751633148,noop,bbr,Benign synthetic clean profile: benign_steady.
clean,clean,clean-031,23,0,clean_profile,benign_steady,0.2577944751633148,noop,bbr,Benign synthetic clean profile: benign_steady.
clean,clean,clean-031,24,0,clean_profile,benign_steady,0.2577944751633148,noop,bbr,Benign synthetic clean profile: benign_steady.
clean,clean,clean-031,25,0,clean_profile,benign_steady,0.2577944751633148,noop,bbr,Benign synthetic clean profile: benign_steady.
clean,clean,clean-031,26,0,clean_profile,benign_steady,0.2577944751633148,noop,bbr,Benign synthetic clean profile: benign_steady.
clean,clean,clean-031,27,0,clean_profile,benign_steady,0.2577944751633148,noop,bbr,Benign synthetic clean profile: benign_steady.
clean,clean,clean-031,28,0,clean_profile,benign_steady,0.2577944751633148,noop,bbr,Benign synthetic clean profile: benign_steady.
clean,clean,clean-031,29,0,clean_profile,benign_steady,0.2577944751633148,noop,bbr,Benign synthetic clean profile: benign_steady.
clean,clean,clean-031,30,0,clean_profile,benign_steady,0.2577944751633148,noop,bbr,Benign synthetic clean profile: benign_steady.
clean,clean,clean-031,31,0,clean_profile,benign_steady,0.2577944751633148,noop,bbr,Benign synthetic clean profile: benign_steady.
clean,clean,clean-031,32,0,clean_profile,benign_steady,0.2577944751633148,noop,bbr,Benign synthetic clean profile: benign_steady.
clean,clean,clean-031,33,0,clean_profile,benign_steady,0.2577944751633148,noop,bbr,Benign synthetic clean profile: benign_steady.
clean,clean,clean-031,34,0,clean_profile,benign_steady,0.2577944751633148,noop,bbr,Benign synthetic clean profile: benign_steady.
clean,clean,clean-031,35,0,clean_profile,benign_steady,0.2577944751633148,noop,bbr,Benign synthetic clean profile: benign_steady.
clean,clean,clean-031,36,0,clean_profile,benign_steady,0.2577944751633148,noop,bbr,Benign synthetic clean profile: benign_steady.
clean,clean,clean-031,37,0,clean_profile,benign_steady,0.2577944751633148,noop,bbr,Benign synthetic clean profile: benign_steady.
clean,clean,clean-031,38,0,clean_profile,benign_steady,0.2577944751633148,noop,bbr,Benign synthetic clean profile: benign_steady.
clean,clean,clean-031,39,0,clean_profile,benign_steady,0.2577944751633148,noop,bbr,Benign synthetic clean profile: benign_steady.
clean,clean,clean-031,40,0,clean_profile,benign_steady,0.2577944751633148,noop,bbr,Benign synthetic clean profile: benign_steady.
clean,clean,clean-031,41,0,clean_profile,benign_steady,0.2577944751633148,noop,bbr,Benign synthetic clean profile: benign_steady.
clean,clean,clean-031,42,0,clean_profile,benign_steady,0.2577944751633148,noop,bbr,Benign synthetic clean profile: benign_steady.
clean,clean,clean-031,43,0,clean_profile,benign_steady,0.2577944751633148,noop,bbr,Benign synthetic clean profile: benign_steady.
clean,clean,clean-031,44,0,clean_profile,benign_steady,0.2577944751633148,noop,bbr,Benign synthetic clean profile: benign_steady.
clean,clean,clean-031,45,0,clean_profile,benign_steady,0.2577944751633148,noop,bbr,Benign synthetic clean profile: benign_steady.
clean,clean,clean-031,46,0,clean_profile,benign_steady,0.2577944751633148,noop,bbr,Benign synthetic clean profile: benign_steady.
clean,clean,clean-031,47,0,clean_profile,benign_steady,0.2577944751633148,noop,bbr,Benign synthetic clean profile: benign_steady.
clean,clean,clean-032,0,0,clean_profile,benign_steady,0.6087625388708287,noop,cubic,Benign synthetic clean profile: benign_steady.
clean,clean,clean-032,1,0,clean_profile,benign_steady,0.6087625388708287,noop,cubic,Benign synthetic clean profile: benign_steady.
clean,clean,clean-032,2,0,clean_profile,benign_steady,0.6087625388708287,noop,cubic,Benign synthetic clean profile: benign_steady.
clean,clean,clean-032,3,0,clean_profile,benign_steady,0.6087625388708287,noop,cubic,Benign synthetic clean profile: benign_steady.
clean,clean,clean-032,4,0,clean_profile,benign_steady,0.6087625388708287,noop,cubic,Benign synthetic clean profile: benign_steady.
clean,clean,clean-032,5,0,clean_profile,benign_steady,0.6087625388708287,noop,cubic,Benign synthetic clean profile: benign_steady.
clean,clean,clean-032,6,0,clean_profile,benign_steady,0.6087625388708287,noop,cubic,Benign synthetic clean profile: benign_steady.
clean,clean,clean-032,7,0,clean_profile,benign_steady,0.6087625388708287,noop,cubic,Benign synthetic clean profile: benign_steady.
clean,clean,clean-032,8,0,clean_profile,benign_steady,0.6087625388708287,noop,cubic,Benign synthetic clean profile: benign_steady.
clean,clean,clean-032,9,0,clean_profile,benign_steady,0.6087625388708287,noop,cubic,Benign synthetic clean profile: benign_steady.
clean,clean,clean-032,10,0,clean_profile,benign_steady,0.6087625388708287,noop,cubic,Benign synthetic clean profile: benign_steady.
clean,clean,clean-032,11,0,clean_profile,benign_steady,0.6087625388708287,noop,cubic,Benign synthetic clean profile: benign_steady.
clean,clean,clean-032,12,0,clean_profile,benign_steady,0.6087625388708287,noop,cubic,Benign synthetic clean profile: benign_steady.
clean,clean,clean-032,13,0,clean_profile,benign_steady,0.6087625388708287,noop,cubic,Benign synthetic clean profile: benign_steady.
clean,clean,clean-032,14,0,clean_profile,benign_steady,0.6087625388708287,noop,cubic,Benign synthetic clean profile: benign_steady.
clean,clean,clean-032,15,0,clean_profile,benign_steady,0.6087625388708287,noop,cubic,Benign synthetic clean profile: benign_steady.
clean,clean,clean-032,16,0,clean_profile,benign_steady,0.6087625388708287,noop,cubic,Benign synthetic clean profile: benign_steady.
clean,clean,clean-032,17,0,clean_profile,benign_steady,0.6087625388708287,noop,cubic,Benign synthetic clean profile: benign_steady.
clean,clean,clean-032,18,0,clean_profile,benign_steady,0.6087625388708287,noop,cubic,Benign synthetic clean profile: benign_steady.
clean,clean,clean-032,19,0,clean_profile,benign_steady,0.6087625388708287,noop,cubic,Benign synthetic clean profile: benign_steady.
clean,clean,clean-032,20,0,clean_profile,benign_steady,0.6087625388708287,noop,cubic,Benign synthetic clean profile: benign_steady.
clean,clean,clean-032,21,0,clean_profile,benign_steady,0.6087625388708287,noop,cubic,Benign synthetic clean profile: benign_steady.
clean,clean,clean-032,22,0,clean_profile,benign_steady,0.6087625388708287,noop,cubic,Benign synthetic clean profile: benign_steady.
clean,clean,clean-032,23,0,clean_profile,benign_steady,0.6087625388708287,noop,cubic,Benign synthetic clean profile: benign_steady.
clean,clean,clean-032,24,0,clean_profile,benign_steady,0.6087625388708287,noop,cubic,Benign synthetic clean profile: benign_steady.
clean,clean,clean-032,25,0,clean_profile,benign_steady,0.6087625388708287,noop,cubic,Benign synthetic clean profile: benign_steady.
clean,clean,clean-032,26,0,clean_profile,benign_steady,0.6087625388708287,noop,cubic,Benign synthetic clean profile: benign_steady.
clean,clean,clean-032,27,0,clean_profile,benign_steady,0.6087625388708287,noop,cubic,Benign synthetic clean profile: benign_steady.
clean,clean,clean-032,28,0,clean_profile,benign_steady,0.6087625388708287,noop,cubic,Benign synthetic clean profile: benign_steady.
clean,clean,clean-032,29,0,clean_profile,benign_steady,0.6087625388708287,noop,cubic,Benign synthetic clean profile: benign_steady.
clean,clean,clean-032,30,0,clean_profile,benign_steady,0.6087625388708287,noop,cubic,Benign synthetic clean profile: benign_steady.
clean,clean,clean-032,31,0,clean_profile,benign_steady,0.6087625388708287,noop,cubic,Benign synthetic clean profile: benign_steady.
clean,clean,clean-032,32,0,clean_profile,benign_steady,0.6087625388708287,noop,cubic,Benign synthetic clean profile: benign_steady.
clean,clean,clean-032,33,0,clean_profile,benign_steady,0.6087625388708287,noop,cubic,Benign synthetic clean profile: benign_steady.
clean,clean,clean-032,34,0,clean_profile,benign_steady,0.6087625388708287,noop,cubic,Benign synthetic clean profile: benign_steady.
clean,clean,clean-032,35,0,clean_profile,benign_steady,0.6087625388708287,noop,cubic,Benign synthetic clean profile: benign_steady.
clean,clean,clean-032,36,0,clean_profile,benign_steady,0.6087625388708287,noop,cubic,Benign synthetic clean profile: benign_steady.
clean,clean,clean-032,37,0,clean_profile,benign_steady,0.6087625388708287,noop,cubic,Benign synthetic clean profile: benign_steady.
clean,clean,clean-032,38,0,clean_profile,benign_steady,0.6087625388708287,noop,cubic,Benign synthetic clean profile: benign_steady.
clean,clean,clean-032,39,0,clean_profile,benign_steady,0.6087625388708287,noop,cubic,Benign synthetic clean profile: benign_steady.
clean,clean,clean-032,40,0,clean_profile,benign_steady,0.6087625388708287,noop,cubic,Benign synthetic clean profile: benign_steady.
clean,clean,clean-032,41,0,clean_profile,benign_steady,0.6087625388708287,noop,cubic,Benign synthetic clean profile: benign_steady.
clean,clean,clean-032,42,0,clean_profile,benign_steady,0.6087625388708287,noop,cubic,Benign synthetic clean profile: benign_steady.
clean,clean,clean-032,43,0,clean_profile,benign_steady,0.6087625388708287,noop,cubic,Benign synthetic clean profile: benign_steady.
clean,clean,clean-032,44,0,clean_profile,benign_steady,0.6087625388708287,noop,cubic,Benign synthetic clean profile: benign_steady.
clean,clean,clean-032,45,0,clean_profile,benign_steady,0.6087625388708287,noop,cubic,Benign synthetic clean profile: benign_steady.
clean,clean,clean-032,46,0,clean_profile,benign_steady,0.6087625388708287,noop,cubic,Benign synthetic clean profile: benign_steady.
clean,clean,clean-032,47,0,clean_profile,benign_steady,0.6087625388708287,noop,cubic,Benign synthetic clean profile: benign_steady.
clean,clean,clean-033,0,0,clean_profile,benign_steady,0.25463311045839626,noop,reno,Benign synthetic clean profile: benign_steady.
clean,clean,clean-033,1,0,clean_profile,benign_steady,0.25463311045839626,noop,reno,Benign synthetic clean profile: benign_steady.
clean,clean,clean-033,2,0,clean_profile,benign_steady,0.25463311045839626,noop,reno,Benign synthetic clean profile: benign_steady.
clean,clean,clean-033,3,0,clean_profile,benign_steady,0.25463311045839626,noop,reno,Benign synthetic clean profile: benign_steady.
clean,clean,clean-033,4,0,clean_profile,benign_steady,0.25463311045839626,noop,reno,Benign synthetic clean profile: benign_steady.
clean,clean,clean-033,5,0,clean_profile,benign_steady,0.25463311045839626,noop,reno,Benign synthetic clean profile: benign_steady.
clean,clean,clean-033,6,0,clean_profile,benign_steady,0.25463311045839626,noop,reno,Benign synthetic clean profile: benign_steady.
clean,clean,clean-033,7,0,clean_profile,benign_steady,0.25463311045839626,noop,reno,Benign synthetic clean profile: benign_steady.
clean,clean,clean-033,8,0,clean_profile,benign_steady,0.25463311045839626,noop,reno,Benign synthetic clean profile: benign_steady.
clean,clean,clean-033,9,0,clean_profile,benign_steady,0.25463311045839626,noop,reno,Benign synthetic clean profile: benign_steady.
clean,clean,clean-033,10,0,clean_profile,benign_steady,0.25463311045839626,noop,reno,Benign synthetic clean profile: benign_steady.
clean,clean,clean-033,11,0,clean_profile,benign_steady,0.25463311045839626,noop,reno,Benign synthetic clean profile: benign_steady.
clean,clean,clean-033,12,0,clean_profile,benign_steady,0.25463311045839626,noop,reno,Benign synthetic clean profile: benign_steady.
clean,clean,clean-033,13,0,clean_profile,benign_steady,0.25463311045839626,noop,reno,Benign synthetic clean profile: benign_steady.
clean,clean,clean-033,14,0,clean_profile,benign_steady,0.25463311045839626,noop,reno,Benign synthetic clean profile: benign_steady.
clean,clean,clean-033,15,0,clean_profile,benign_steady,0.25463311045839626,noop,reno,Benign synthetic clean profile: benign_steady.
clean,clean,clean-033,16,0,clean_profile,benign_steady,0.25463311045839626,noop,reno,Benign synthetic clean profile: benign_steady.
clean,clean,clean-033,17,0,clean_profile,benign_steady,0.25463311045839626,noop,reno,Benign synthetic clean profile: benign_steady.
clean,clean,clean-033,18,0,clean_profile,benign_steady,0.25463311045839626,noop,reno,Benign synthetic clean profile: benign_steady.
clean,clean,clean-033,19,0,clean_profile,benign_steady,0.25463311045839626,noop,reno,Benign synthetic clean profile: benign_steady.
clean,clean,clean-033,20,0,clean_profile,benign_steady,0.25463311045839626,noop,reno,Benign synthetic clean profile: benign_steady.
clean,clean,clean-033,21,0,clean_profile,benign_steady,0.25463311045839626,noop,reno,Benign synthetic clean profile: benign_steady.
clean,clean,clean-033,22,0,clean_profile,benign_steady,0.25463311045839626,noop,reno,Benign synthetic clean profile: benign_steady.
clean,clean,clean-033,23,0,clean_profile,benign_steady,0.25463311045839626,noop,reno,Benign synthetic clean profile: benign_steady.
clean,clean,clean-033,24,0,clean_profile,benign_steady,0.25463311045839626,noop,reno,Benign synthetic clean profile: benign_steady.
clean,clean,clean-033,25,0,clean_profile,benign_steady,0.25463311045839626,noop,reno,Benign synthetic clean profile: benign_steady.
clean,clean,clean-033,26,0,clean_profile,benign_steady,0.25463311045839626,noop,reno,Benign synthetic clean profile: benign_steady.
clean,clean,clean-033,27,0,clean_profile,benign_steady,0.25463311045839626,noop,reno,Benign synthetic clean profile: benign_steady.
clean,clean,clean-033,28,0,clean_profile,benign_steady,0.25463311045839626,noop,reno,Benign synthetic clean profile: benign_steady.
clean,clean,clean-033,29,0,clean_profile,benign_steady,0.25463311045839626,noop,reno,Benign synthetic clean profile: benign_steady.
clean,clean,clean-033,30,0,clean_profile,benign_steady,0.25463311045839626,noop,reno,Benign synthetic clean profile: benign_steady.
clean,clean,clean-033,31,0,clean_profile,benign_steady,0.25463311045839626,noop,reno,Benign synthetic clean profile: benign_steady.
clean,clean,clean-033,32,0,clean_profile,benign_steady,0.25463311045839626,noop,reno,Benign synthetic clean profile: benign_steady.
clean,clean,clean-033,33,0,clean_profile,benign_steady,0.25463311045839626,noop,reno,Benign synthetic clean profile: benign_steady.
clean,clean,clean-033,34,0,clean_profile,benign_steady,0.25463311045839626,noop,reno,Benign synthetic clean profile: benign_steady.
clean,clean,clean-033,35,0,clean_profile,benign_steady,0.25463311045839626,noop,reno,Benign synthetic clean profile: benign_steady.
clean,clean,clean-033,36,0,clean_profile,benign_steady,0.25463311045839626,noop,reno,Benign synthetic clean profile: benign_steady.
clean,clean,clean-033,37,0,clean_profile,benign_steady,0.25463311045839626,noop,reno,Benign synthetic clean profile: benign_steady.
clean,clean,clean-033,38,0,clean_profile,benign_steady,0.25463311045839626,noop,reno,Benign synthetic clean profile: benign_steady.
clean,clean,clean-033,39,0,clean_profile,benign_steady,0.25463311045839626,noop,reno,Benign synthetic clean profile: benign_steady.
clean,clean,clean-033,40,0,clean_profile,benign_steady,0.25463311045839626,noop,reno,Benign synthetic clean profile: benign_steady.
clean,clean,clean-033,41,0,clean_profile,benign_steady,0.25463311045839626,noop,reno,Benign synthetic clean profile: benign_steady.
clean,clean,clean-033,42,0,clean_profile,benign_steady,0.25463311045839626,noop,reno,Benign synthetic clean profile: benign_steady.
clean,clean,clean-033,43,0,clean_profile,benign_steady,0.25463311045839626,noop,reno,Benign synthetic clean profile: benign_steady.
clean,clean,clean-033,44,0,clean_profile,benign_steady,0.25463311045839626,noop,reno,Benign synthetic clean profile: benign_steady.
clean,clean,clean-033,45,0,clean_profile,benign_steady,0.25463311045839626,noop,reno,Benign synthetic clean profile: benign_steady.
clean,clean,clean-033,46,0,clean_profile,benign_steady,0.25463311045839626,noop,reno,Benign synthetic clean profile: benign_steady.
clean,clean,clean-033,47,0,clean_profile,benign_steady,0.25463311045839626,noop,reno,Benign synthetic clean profile: benign_steady.
clean,clean,clean-034,0,0,clean_profile,benign_steady,0.6889921507822306,noop,bbr,Benign synthetic clean profile: benign_steady.
clean,clean,clean-034,1,0,clean_profile,benign_steady,0.6889921507822306,noop,bbr,Benign synthetic clean profile: benign_steady.
clean,clean,clean-034,2,0,clean_profile,benign_steady,0.6889921507822306,noop,bbr,Benign synthetic clean profile: benign_steady.
clean,clean,clean-034,3,0,clean_profile,benign_steady,0.6889921507822306,noop,bbr,Benign synthetic clean profile: benign_steady.
clean,clean,clean-034,4,0,clean_profile,benign_steady,0.6889921507822306,noop,bbr,Benign synthetic clean profile: benign_steady.
clean,clean,clean-034,5,0,clean_profile,benign_steady,0.6889921507822306,noop,bbr,Benign synthetic clean profile: benign_steady.
clean,clean,clean-034,6,0,clean_profile,benign_steady,0.6889921507822306,noop,bbr,Benign synthetic clean profile: benign_steady.
clean,clean,clean-034,7,0,clean_profile,benign_steady,0.6889921507822306,noop,bbr,Benign synthetic clean profile: benign_steady.
clean,clean,clean-034,8,0,clean_profile,benign_steady,0.6889921507822306,noop,bbr,Benign synthetic clean profile: benign_steady.
clean,clean,clean-034,9,0,clean_profile,benign_steady,0.6889921507822306,noop,bbr,Benign synthetic clean profile: benign_steady.
clean,clean,clean-034,10,0,clean_profile,benign_steady,0.6889921507822306,noop,bbr,Benign synthetic clean profile: benign_steady.
clean,clean,clean-034,11,0,clean_profile,benign_steady,0.6889921507822306,noop,bbr,Benign synthetic clean profile: benign_steady.
clean,clean,clean-034,12,0,clean_profile,benign_steady,0.6889921507822306,noop,bbr,Benign synthetic clean profile: benign_steady.
clean,clean,clean-034,13,0,clean_profile,benign_steady,0.6889921507822306,noop,bbr,Benign synthetic clean profile: benign_steady.
clean,clean,clean-034,14,0,clean_profile,benign_steady,0.6889921507822306,noop,bbr,Benign synthetic clean profile: benign_steady.
clean,clean,clean-034,15,0,clean_profile,benign_steady,0.6889921507822306,noop,bbr,Benign synthetic clean profile: benign_steady.
clean,clean,clean-034,16,0,clean_profile,benign_steady,0.6889921507822306,noop,bbr,Benign synthetic clean profile: benign_steady.
clean,clean,clean-034,17,0,clean_profile,benign_steady,0.6889921507822306,noop,bbr,Benign synthetic clean profile: benign_steady.
clean,clean,clean-034,18,0,clean_profile,benign_steady,0.6889921507822306,noop,bbr,Benign synthetic clean profile: benign_steady.
clean,clean,clean-034,19,0,clean_profile,benign_steady,0.6889921507822306,noop,bbr,Benign synthetic clean profile: benign_steady.
clean,clean,clean-034,20,0,clean_profile,benign_steady,0.6889921507822306,noop,bbr,Benign synthetic clean profile: benign_steady.
clean,clean,clean-034,21,0,clean_profile,benign_steady,0.6889921507822306,noop,bbr,Benign synthetic clean profile: benign_steady.
clean,clean,clean-034,22,0,clean_profile,benign_steady,0.6889921507822306,noop,bbr,Benign synthetic clean profile: benign_steady.
clean,clean,clean-034,23,0,clean_profile,benign_steady,0.6889921507822306,noop,bbr,Benign synthetic clean profile: benign_steady.
clean,clean,clean-034,24,0,clean_profile,benign_steady,0.6889921507822306,noop,bbr,Benign synthetic clean profile: benign_steady.
clean,clean,clean-034,25,0,clean_profile,benign_steady,0.6889921507822306,noop,bbr,Benign synthetic clean profile: benign_steady.
clean,clean,clean-034,26,0,clean_profile,benign_steady,0.6889921507822306,noop,bbr,Benign synthetic clean profile: benign_steady.
clean,clean,clean-034,27,0,clean_profile,benign_steady,0.6889921507822306,noop,bbr,Benign synthetic clean profile: benign_steady.
clean,clean,clean-034,28,0,clean_profile,benign_steady,0.6889921507822306,noop,bbr,Benign synthetic clean profile: benign_steady.
clean,clean,clean-034,29,0,clean_profile,benign_steady,0.6889921507822306,noop,bbr,Benign synthetic clean profile: benign_steady.
clean,clean,clean-034,30,0,clean_profile,benign_steady,0.6889921507822306,noop,bbr,Benign synthetic clean profile: benign_steady.
clean,clean,clean-034,31,0,clean_profile,benign_steady,0.6889921507822306,noop,bbr,Benign synthetic clean profile: benign_steady.
clean,clean,clean-034,32,0,clean_profile,benign_steady,0.6889921507822306,noop,bbr,Benign synthetic clean profile: benign_steady.
clean,clean,clean-034,33,0,clean_profile,benign_steady,0.6889921507822306,noop,bbr,Benign synthetic clean profile: benign_steady.
clean,clean,clean-034,34,0,clean_profile,benign_steady,0.6889921507822306,noop,bbr,Benign synthetic clean profile: benign_steady.
clean,clean,clean-034,35,0,clean_profile,benign_steady,0.6889921507822306,noop,bbr,Benign synthetic clean profile: benign_steady.
clean,clean,clean-034,36,0,clean_profile,benign_steady,0.6889921507822306,noop,bbr,Benign synthetic clean profile: benign_steady.
clean,clean,clean-034,37,0,clean_profile,benign_steady,0.6889921507822306,noop,bbr,Benign synthetic clean profile: benign_steady.
clean,clean,clean-034,38,0,clean_profile,benign_steady,0.6889921507822306,noop,bbr,Benign synthetic clean profile: benign_steady.
clean,clean,clean-034,39,0,clean_profile,benign_steady,0.6889921507822306,noop,bbr,Benign synthetic clean profile: benign_steady.
clean,clean,clean-034,40,0,clean_profile,benign_steady,0.6889921507822306,noop,bbr,Benign synthetic clean profile: benign_steady.
clean,clean,clean-034,41,0,clean_profile,benign_steady,0.6889921507822306,noop,bbr,Benign synthetic clean profile: benign_steady.
clean,clean,clean-034,42,0,clean_profile,benign_steady,0.6889921507822306,noop,bbr,Benign synthetic clean profile: benign_steady.
clean,clean,clean-034,43,0,clean_profile,benign_steady,0.6889921507822306,noop,bbr,Benign synthetic clean profile: benign_steady.
clean,clean,clean-034,44,0,clean_profile,benign_steady,0.6889921507822306,noop,bbr,Benign synthetic clean profile: benign_steady.
clean,clean,clean-034,45,0,clean_profile,benign_steady,0.6889921507822306,noop,bbr,Benign synthetic clean profile: benign_steady.
clean,clean,clean-034,46,0,clean_profile,benign_steady,0.6889921507822306,noop,bbr,Benign synthetic clean profile: benign_steady.
clean,clean,clean-034,47,0,clean_profile,benign_steady,0.6889921507822306,noop,bbr,Benign synthetic clean profile: benign_steady.
clean,clean,clean-035,0,0,clean_profile,benign_steady,0.3450049148790317,noop,cubic,Benign synthetic clean profile: benign_steady.
clean,clean,clean-035,1,0,clean_profile,benign_steady,0.3450049148790317,noop,cubic,Benign synthetic clean profile: benign_steady.
clean,clean,clean-035,2,0,clean_profile,benign_steady,0.3450049148790317,noop,cubic,Benign synthetic clean profile: benign_steady.
clean,clean,clean-035,3,0,clean_profile,benign_steady,0.3450049148790317,noop,cubic,Benign synthetic clean profile: benign_steady.
clean,clean,clean-035,4,0,clean_profile,benign_steady,0.3450049148790317,noop,cubic,Benign synthetic clean profile: benign_steady.
clean,clean,clean-035,5,0,clean_profile,benign_steady,0.3450049148790317,noop,cubic,Benign synthetic clean profile: benign_steady.
clean,clean,clean-035,6,0,clean_profile,benign_steady,0.3450049148790317,noop,cubic,Benign synthetic clean profile: benign_steady.
clean,clean,clean-035,7,0,clean_profile,benign_steady,0.3450049148790317,noop,cubic,Benign synthetic clean profile: benign_steady.
clean,clean,clean-035,8,0,clean_profile,benign_steady,0.3450049148790317,noop,cubic,Benign synthetic clean profile: benign_steady.
clean,clean,clean-035,9,0,clean_profile,benign_steady,0.3450049148790317,noop,cubic,Benign synthetic clean profile: benign_steady.
clean,clean,clean-035,10,0,clean_profile,benign_steady,0.3450049148790317,noop,cubic,Benign synthetic clean profile: benign_steady.
clean,clean,clean-035,11,0,clean_profile,benign_steady,0.3450049148790317,noop,cubic,Benign synthetic clean profile: benign_steady.
clean,clean,clean-035,12,0,clean_profile,benign_steady,0.3450049148790317,noop,cubic,Benign synthetic clean profile: benign_steady.
clean,clean,clean-035,13,0,clean_profile,benign_steady,0.3450049148790317,noop,cubic,Benign synthetic clean profile: benign_steady.
clean,clean,clean-035,14,0,clean_profile,benign_steady,0.3450049148790317,noop,cubic,Benign synthetic clean profile: benign_steady.
clean,clean,clean-035,15,0,clean_profile,benign_steady,0.3450049148790317,noop,cubic,Benign synthetic clean profile: benign_steady.
clean,clean,clean-035,16,0,clean_profile,benign_steady,0.3450049148790317,noop,cubic,Benign synthetic clean profile: benign_steady.
clean,clean,clean-035,17,0,clean_profile,benign_steady,0.3450049148790317,noop,cubic,Benign synthetic clean profile: benign_steady.
clean,clean,clean-035,18,0,clean_profile,benign_steady,0.3450049148790317,noop,cubic,Benign synthetic clean profile: benign_steady.
clean,clean,clean-035,19,0,clean_profile,benign_steady,0.3450049148790317,noop,cubic,Benign synthetic clean profile: benign_steady.
clean,clean,clean-035,20,0,clean_profile,benign_steady,0.3450049148790317,noop,cubic,Benign synthetic clean profile: benign_steady.
clean,clean,clean-035,21,0,clean_profile,benign_steady,0.3450049148790317,noop,cubic,Benign synthetic clean profile: benign_steady.
clean,clean,clean-035,22,0,clean_profile,benign_steady,0.3450049148790317,noop,cubic,Benign synthetic clean profile: benign_steady.
clean,clean,clean-035,23,0,clean_profile,benign_steady,0.3450049148790317,noop,cubic,Benign synthetic clean profile: benign_steady.
clean,clean,clean-035,24,0,clean_profile,benign_steady,0.3450049148790317,noop,cubic,Benign synthetic clean profile: benign_steady.
clean,clean,clean-035,25,0,clean_profile,benign_steady,0.3450049148790317,noop,cubic,Benign synthetic clean profile: benign_steady.
clean,clean,clean-035,26,0,clean_profile,benign_steady,0.3450049148790317,noop,cubic,Benign synthetic clean profile: benign_steady.
clean,clean,clean-035,27,0,clean_profile,benign_steady,0.3450049148790317,noop,cubic,Benign synthetic clean profile: benign_steady.
clean,clean,clean-035,28,0,clean_profile,benign_steady,0.3450049148790317,noop,cubic,Benign synthetic clean profile: benign_steady.
clean,clean,clean-035,29,0,clean_profile,benign_steady,0.3450049148790317,noop,cubic,Benign synthetic clean profile: benign_steady.
clean,clean,clean-035,30,0,clean_profile,benign_steady,0.3450049148790317,noop,cubic,Benign synthetic clean profile: benign_steady.
clean,clean,clean-035,31,0,clean_profile,benign_steady,0.3450049148790317,noop,cubic,Benign synthetic clean profile: benign_steady.
clean,clean,clean-035,32,0,clean_profile,benign_steady,0.3450049148790317,noop,cubic,Benign synthetic clean profile: benign_steady.
clean,clean,clean-035,33,0,clean_profile,benign_steady,0.3450049148790317,noop,cubic,Benign synthetic clean profile: benign_steady.
clean,clean,clean-035,34,0,clean_profile,benign_steady,0.3450049148790317,noop,cubic,Benign synthetic clean profile: benign_steady.
clean,clean,clean-035,35,0,clean_profile,benign_steady,0.3450049148790317,noop,cubic,Benign synthetic clean profile: benign_steady.
clean,clean,clean-035,36,0,clean_profile,benign_steady,0.3450049148790317,noop,cubic,Benign synthetic clean profile: benign_steady.
clean,clean,clean-035,37,0,clean_profile,benign_steady,0.3450049148790317,noop,cubic,Benign synthetic clean profile: benign_steady.
clean,clean,clean-035,38,0,clean_profile,benign_steady,0.3450049148790317,noop,cubic,Benign synthetic clean profile: benign_steady.
clean,clean,clean-035,39,0,clean_profile,benign_steady,0.3450049148790317,noop,cubic,Benign synthetic clean profile: benign_steady.
clean,clean,clean-035,40,0,clean_profile,benign_steady,0.3450049148790317,noop,cubic,Benign synthetic clean profile: benign_steady.
clean,clean,clean-035,41,0,clean_profile,benign_steady,0.3450049148790317,noop,cubic,Benign synthetic clean profile: benign_steady.
clean,clean,clean-035,42,0,clean_profile,benign_steady,0.3450049148790317,noop,cubic,Benign synthetic clean profile: benign_steady.
clean,clean,clean-035,43,0,clean_profile,benign_steady,0.3450049148790317,noop,cubic,Benign synthetic clean profile: benign_steady.
clean,clean,clean-035,44,0,clean_profile,benign_steady,0.3450049148790317,noop,cubic,Benign synthetic clean profile: benign_steady.
clean,clean,clean-035,45,0,clean_profile,benign_steady,0.3450049148790317,noop,cubic,Benign synthetic clean profile: benign_steady.
clean,clean,clean-035,46,0,clean_profile,benign_steady,0.3450049148790317,noop,cubic,Benign synthetic clean profile: benign_steady.
clean,clean,clean-035,47,0,clean_profile,benign_steady,0.3450049148790317,noop,cubic,Benign synthetic clean profile: benign_steady.
synthetic-deficiency-part2,adv,adv-under_aggressiveness-000,0,0,warmup_context,benign_steady,0.26816214354278556,noop,bbr,Benign warm-up context using benign_steady.
synthetic-deficiency-part2,adv,adv-under_aggressiveness-000,1,0,warmup_context,benign_steady,0.26816214354278556,noop,bbr,Benign warm-up context using benign_steady.
synthetic-deficiency-part2,adv,adv-under_aggressiveness-000,2,0,warmup_context,benign_steady,0.26816214354278556,noop,bbr,Benign warm-up context using benign_steady.
synthetic-deficiency-part2,adv,adv-under_aggressiveness-000,3,0,warmup_context,benign_steady,0.26816214354278556,noop,bbr,Benign warm-up context using benign_steady.
synthetic-deficiency-part2,adv,adv-under_aggressiveness-000,4,0,warmup_context,benign_steady,0.26816214354278556,noop,bbr,Benign warm-up context using benign_steady.
synthetic-deficiency-part2,adv,adv-under_aggressiveness-000,5,0,warmup_context,benign_steady,0.26816214354278556,noop,bbr,Benign warm-up context using benign_steady.
synthetic-deficiency-part2,adv,adv-under_aggressiveness-000,6,0,warmup_context,benign_steady,0.26816214354278556,noop,bbr,Benign warm-up context using benign_steady.
synthetic-deficiency-part2,adv,adv-under_aggressiveness-000,7,0,warmup_context,benign_steady,0.26816214354278556,noop,bbr,Benign warm-up context using benign_steady.
synthetic-deficiency-part2,adv,adv-under_aggressiveness-000,8,1,deficiency,under_aggressiveness,0.893959370743209,push_harder,bbr,"Sage keeps its action too low despite favorable RTT, low loss, and available delivery-rate headroom."
synthetic-deficiency-part2,adv,adv-under_aggressiveness-000,9,1,deficiency,under_aggressiveness,0.893959370743209,push_harder,bbr,"Sage keeps its action too low despite favorable RTT, low loss, and available delivery-rate headroom."
synthetic-deficiency-part2,adv,adv-under_aggressiveness-000,10,1,deficiency,under_aggressiveness,0.893959370743209,push_harder,bbr,"Sage keeps its action too low despite favorable RTT, low loss, and available delivery-rate headroom."
synthetic-deficiency-part2,adv,adv-under_aggressiveness-000,11,1,deficiency,under_aggressiveness,0.893959370743209,push_harder,bbr,"Sage keeps its action too low despite favorable RTT, low loss, and available delivery-rate headroom."
synthetic-deficiency-part2,adv,adv-under_aggressiveness-000,12,1,deficiency,under_aggressiveness,0.893959370743209,push_harder,bbr,"Sage keeps its action too low despite favorable RTT, low loss, and available delivery-rate headroom."
synthetic-deficiency-part2,adv,adv-under_aggressiveness-000,13,1,deficiency,under_aggressiveness,0.893959370743209,push_harder,bbr,"Sage keeps its action too low despite favorable RTT, low loss, and available delivery-rate headroom."
synthetic-deficiency-part2,adv,adv-under_aggressiveness-000,14,1,deficiency,under_aggressiveness,0.893959370743209,push_harder,bbr,"Sage keeps its action too low despite favorable RTT, low loss, and available delivery-rate headroom."
synthetic-deficiency-part2,adv,adv-under_aggressiveness-000,15,1,deficiency,under_aggressiveness,0.893959370743209,push_harder,bbr,"Sage keeps its action too low despite favorable RTT, low loss, and available delivery-rate headroom."
synthetic-deficiency-part2,adv,adv-under_aggressiveness-000,16,1,deficiency,under_aggressiveness,0.893959370743209,push_harder,bbr,"Sage keeps its action too low despite favorable RTT, low loss, and available delivery-rate headroom."
synthetic-deficiency-part2,adv,adv-under_aggressiveness-000,17,1,deficiency,under_aggressiveness,0.893959370743209,push_harder,bbr,"Sage keeps its action too low despite favorable RTT, low loss, and available delivery-rate headroom."
synthetic-deficiency-part2,adv,adv-under_aggressiveness-000,18,1,deficiency,under_aggressiveness,0.893959370743209,push_harder,bbr,"Sage keeps its action too low despite favorable RTT, low loss, and available delivery-rate headroom."
synthetic-deficiency-part2,adv,adv-under_aggressiveness-000,19,1,deficiency,under_aggressiveness,0.893959370743209,push_harder,bbr,"Sage keeps its action too low despite favorable RTT, low loss, and available delivery-rate headroom."
synthetic-deficiency-part2,adv,adv-under_aggressiveness-000,20,1,deficiency,under_aggressiveness,0.893959370743209,push_harder,bbr,"Sage keeps its action too low despite favorable RTT, low loss, and available delivery-rate headroom."
synthetic-deficiency-part2,adv,adv-under_aggressiveness-000,21,1,deficiency,under_aggressiveness,0.893959370743209,push_harder,bbr,"Sage keeps its action too low despite favorable RTT, low loss, and available delivery-rate headroom."
synthetic-deficiency-part2,adv,adv-under_aggressiveness-000,22,1,deficiency,under_aggressiveness,0.893959370743209,push_harder,bbr,"Sage keeps its action too low despite favorable RTT, low loss, and available delivery-rate headroom."
synthetic-deficiency-part2,adv,adv-under_aggressiveness-000,23,1,deficiency,under_aggressiveness,0.893959370743209,push_harder,bbr,"Sage keeps its action too low despite favorable RTT, low loss, and available delivery-rate headroom."
synthetic-deficiency-part2,adv,adv-under_aggressiveness-000,24,1,deficiency,under_aggressiveness,0.893959370743209,push_harder,bbr,"Sage keeps its action too low despite favorable RTT, low loss, and available delivery-rate headroom."
synthetic-deficiency-part2,adv,adv-under_aggressiveness-000,25,1,deficiency,under_aggressiveness,0.893959370743209,push_harder,bbr,"Sage keeps its action too low despite favorable RTT, low loss, and available delivery-rate headroom."
synthetic-deficiency-part2,adv,adv-under_aggressiveness-000,26,1,deficiency,under_aggressiveness,0.893959370743209,push_harder,bbr,"Sage keeps its action too low despite favorable RTT, low loss, and available delivery-rate headroom."
synthetic-deficiency-part2,adv,adv-under_aggressiveness-000,27,1,deficiency,under_aggressiveness,0.893959370743209,push_harder,bbr,"Sage keeps its action too low despite favorable RTT, low loss, and available delivery-rate headroom."
synthetic-deficiency-part2,adv,adv-under_aggressiveness-000,28,1,deficiency,under_aggressiveness,0.893959370743209,push_harder,bbr,"Sage keeps its action too low despite favorable RTT, low loss, and available delivery-rate headroom."
synthetic-deficiency-part2,adv,adv-under_aggressiveness-000,29,1,deficiency,under_aggressiveness,0.893959370743209,push_harder,bbr,"Sage keeps its action too low despite favorable RTT, low loss, and available delivery-rate headroom."
synthetic-deficiency-part2,adv,adv-under_aggressiveness-000,30,1,deficiency,under_aggressiveness,0.893959370743209,push_harder,bbr,"Sage keeps its action too low despite favorable RTT, low loss, and available delivery-rate headroom."
synthetic-deficiency-part2,adv,adv-under_aggressiveness-000,31,1,deficiency,under_aggressiveness,0.893959370743209,push_harder,bbr,"Sage keeps its action too low despite favorable RTT, low loss, and available delivery-rate headroom."
synthetic-deficiency-part2,adv,adv-under_aggressiveness-000,32,1,deficiency,under_aggressiveness,0.893959370743209,push_harder,bbr,"Sage keeps its action too low despite favorable RTT, low loss, and available delivery-rate headroom."
synthetic-deficiency-part2,adv,adv-under_aggressiveness-000,33,1,deficiency,under_aggressiveness,0.893959370743209,push_harder,bbr,"Sage keeps its action too low despite favorable RTT, low loss, and available delivery-rate headroom."
synthetic-deficiency-part2,adv,adv-under_aggressiveness-000,34,1,deficiency,under_aggressiveness,0.893959370743209,push_harder,bbr,"Sage keeps its action too low despite favorable RTT, low loss, and available delivery-rate headroom."
synthetic-deficiency-part2,adv,adv-under_aggressiveness-000,35,1,deficiency,under_aggressiveness,0.893959370743209,push_harder,bbr,"Sage keeps its action too low despite favorable RTT, low loss, and available delivery-rate headroom."
synthetic-deficiency-part2,adv,adv-under_aggressiveness-000,36,1,deficiency,under_aggressiveness,0.893959370743209,push_harder,bbr,"Sage keeps its action too low despite favorable RTT, low loss, and available delivery-rate headroom."
synthetic-deficiency-part2,adv,adv-under_aggressiveness-000,37,1,deficiency,under_aggressiveness,0.893959370743209,push_harder,bbr,"Sage keeps its action too low despite favorable RTT, low loss, and available delivery-rate headroom."
synthetic-deficiency-part2,adv,adv-under_aggressiveness-000,38,1,deficiency,under_aggressiveness,0.893959370743209,push_harder,bbr,"Sage keeps its action too low despite favorable RTT, low loss, and available delivery-rate headroom."
synthetic-deficiency-part2,adv,adv-under_aggressiveness-000,39,1,deficiency,under_aggressiveness,0.893959370743209,push_harder,bbr,"Sage keeps its action too low despite favorable RTT, low loss, and available delivery-rate headroom."
synthetic-deficiency-part2,adv,adv-under_aggressiveness-000,40,2,cooldown_context,benign_steady,0.593404308005236,noop,cubic,Benign cool-down context using benign_steady.
synthetic-deficiency-part2,adv,adv-under_aggressiveness-000,41,2,cooldown_context,benign_steady,0.593404308005236,noop,cubic,Benign cool-down context using benign_steady.
synthetic-deficiency-part2,adv,adv-under_aggressiveness-000,42,2,cooldown_context,benign_steady,0.593404308005236,noop,cubic,Benign cool-down context using benign_steady.
synthetic-deficiency-part2,adv,adv-under_aggressiveness-000,43,2,cooldown_context,benign_steady,0.593404308005236,noop,cubic,Benign cool-down context using benign_steady.
synthetic-deficiency-part2,adv,adv-under_aggressiveness-000,44,2,cooldown_context,benign_steady,0.593404308005236,noop,cubic,Benign cool-down context using benign_steady.
synthetic-deficiency-part2,adv,adv-under_aggressiveness-000,45,2,cooldown_context,benign_steady,0.593404308005236,noop,cubic,Benign cool-down context using benign_steady.
synthetic-deficiency-part2,adv,adv-under_aggressiveness-000,46,2,cooldown_context,benign_steady,0.593404308005236,noop,cubic,Benign cool-down context using benign_steady.
synthetic-deficiency-part2,adv,adv-under_aggressiveness-000,47,2,cooldown_context,benign_steady,0.593404308005236,noop,cubic,Benign cool-down context using benign_steady.
synthetic-deficiency-part2,adv,adv-delayed_backoff-001,0,0,warmup_context,benign_steady,0.4424760259442971,noop,bbr,Benign warm-up context using benign_steady.
synthetic-deficiency-part2,adv,adv-delayed_backoff-001,1,0,warmup_context,benign_steady,0.4424760259442971,noop,bbr,Benign warm-up context using benign_steady.
synthetic-deficiency-part2,adv,adv-delayed_backoff-001,2,0,warmup_context,benign_steady,0.4424760259442971,noop,bbr,Benign warm-up context using benign_steady.
synthetic-deficiency-part2,adv,adv-delayed_backoff-001,3,0,warmup_context,benign_steady,0.4424760259442971,noop,bbr,Benign warm-up context using benign_steady.
synthetic-deficiency-part2,adv,adv-delayed_backoff-001,4,0,warmup_context,benign_steady,0.4424760259442971,noop,bbr,Benign warm-up context using benign_steady.
synthetic-deficiency-part2,adv,adv-delayed_backoff-001,5,0,warmup_context,benign_steady,0.4424760259442971,noop,bbr,Benign warm-up context using benign_steady.
synthetic-deficiency-part2,adv,adv-delayed_backoff-001,6,0,warmup_context,benign_steady,0.4424760259442971,noop,bbr,Benign warm-up context using benign_steady.
synthetic-deficiency-part2,adv,adv-delayed_backoff-001,7,0,warmup_context,benign_steady,0.4424760259442971,noop,bbr,Benign warm-up context using benign_steady.
synthetic-deficiency-part2,adv,adv-delayed_backoff-001,8,1,deficiency,delayed_backoff,0.6620160826445657,back_off,reno,"Congestion signals rise rapidly, yet Sage keeps its action elevated instead of backing off promptly."
synthetic-deficiency-part2,adv,adv-delayed_backoff-001,9,1,deficiency,delayed_backoff,0.6620160826445657,back_off,reno,"Congestion signals rise rapidly, yet Sage keeps its action elevated instead of backing off promptly."
synthetic-deficiency-part2,adv,adv-delayed_backoff-001,10,1,deficiency,delayed_backoff,0.6620160826445657,back_off,reno,"Congestion signals rise rapidly, yet Sage keeps its action elevated instead of backing off promptly."
synthetic-deficiency-part2,adv,adv-delayed_backoff-001,11,1,deficiency,delayed_backoff,0.6620160826445657,back_off,reno,"Congestion signals rise rapidly, yet Sage keeps its action elevated instead of backing off promptly."
synthetic-deficiency-part2,adv,adv-delayed_backoff-001,12,1,deficiency,delayed_backoff,0.6620160826445657,back_off,reno,"Congestion signals rise rapidly, yet Sage keeps its action elevated instead of backing off promptly."
synthetic-deficiency-part2,adv,adv-delayed_backoff-001,13,1,deficiency,delayed_backoff,0.6620160826445657,back_off,reno,"Congestion signals rise rapidly, yet Sage keeps its action elevated instead of backing off promptly."
synthetic-deficiency-part2,adv,adv-delayed_backoff-001,14,1,deficiency,delayed_backoff,0.6620160826445657,back_off,reno,"Congestion signals rise rapidly, yet Sage keeps its action elevated instead of backing off promptly."
synthetic-deficiency-part2,adv,adv-delayed_backoff-001,15,1,deficiency,delayed_backoff,0.6620160826445657,back_off,reno,"Congestion signals rise rapidly, yet Sage keeps its action elevated instead of backing off promptly."
synthetic-deficiency-part2,adv,adv-delayed_backoff-001,16,1,deficiency,delayed_backoff,0.6620160826445657,back_off,reno,"Congestion signals rise rapidly, yet Sage keeps its action elevated instead of backing off promptly."
synthetic-deficiency-part2,adv,adv-delayed_backoff-001,17,1,deficiency,delayed_backoff,0.6620160826445657,back_off,reno,"Congestion signals rise rapidly, yet Sage keeps its action elevated instead of backing off promptly."
synthetic-deficiency-part2,adv,adv-delayed_backoff-001,18,1,deficiency,delayed_backoff,0.6620160826445657,back_off,reno,"Congestion signals rise rapidly, yet Sage keeps its action elevated instead of backing off promptly."
synthetic-deficiency-part2,adv,adv-delayed_backoff-001,19,1,deficiency,delayed_backoff,0.6620160826445657,back_off,reno,"Congestion signals rise rapidly, yet Sage keeps its action elevated instead of backing off promptly."
synthetic-deficiency-part2,adv,adv-delayed_backoff-001,20,1,deficiency,delayed_backoff,0.6620160826445657,back_off,reno,"Congestion signals rise rapidly, yet Sage keeps its action elevated instead of backing off promptly."
synthetic-deficiency-part2,adv,adv-delayed_backoff-001,21,1,deficiency,delayed_backoff,0.6620160826445657,back_off,reno,"Congestion signals rise rapidly, yet Sage keeps its action elevated instead of backing off promptly."
synthetic-deficiency-part2,adv,adv-delayed_backoff-001,22,1,deficiency,delayed_backoff,0.6620160826445657,back_off,reno,"Congestion signals rise rapidly, yet Sage keeps its action elevated instead of backing off promptly."
synthetic-deficiency-part2,adv,adv-delayed_backoff-001,23,1,deficiency,delayed_backoff,0.6620160826445657,back_off,reno,"Congestion signals rise rapidly, yet Sage keeps its action elevated instead of backing off promptly."
synthetic-deficiency-part2,adv,adv-delayed_backoff-001,24,1,deficiency,delayed_backoff,0.6620160826445657,back_off,reno,"Congestion signals rise rapidly, yet Sage keeps its action elevated instead of backing off promptly."
synthetic-deficiency-part2,adv,adv-delayed_backoff-001,25,1,deficiency,delayed_backoff,0.6620160826445657,back_off,reno,"Congestion signals rise rapidly, yet Sage keeps its action elevated instead of backing off promptly."
synthetic-deficiency-part2,adv,adv-delayed_backoff-001,26,1,deficiency,delayed_backoff,0.6620160826445657,back_off,reno,"Congestion signals rise rapidly, yet Sage keeps its action elevated instead of backing off promptly."
synthetic-deficiency-part2,adv,adv-delayed_backoff-001,27,1,deficiency,delayed_backoff,0.6620160826445657,back_off,reno,"Congestion signals rise rapidly, yet Sage keeps its action elevated instead of backing off promptly."
synthetic-deficiency-part2,adv,adv-delayed_backoff-001,28,1,deficiency,delayed_backoff,0.6620160826445657,back_off,reno,"Congestion signals rise rapidly, yet Sage keeps its action elevated instead of backing off promptly."
synthetic-deficiency-part2,adv,adv-delayed_backoff-001,29,1,deficiency,delayed_backoff,0.6620160826445657,back_off,reno,"Congestion signals rise rapidly, yet Sage keeps its action elevated instead of backing off promptly."
synthetic-deficiency-part2,adv,adv-delayed_backoff-001,30,1,deficiency,delayed_backoff,0.6620160826445657,back_off,reno,"Congestion signals rise rapidly, yet Sage keeps its action elevated instead of backing off promptly."
synthetic-deficiency-part2,adv,adv-delayed_backoff-001,31,1,deficiency,delayed_backoff,0.6620160826445657,back_off,reno,"Congestion signals rise rapidly, yet Sage keeps its action elevated instead of backing off promptly."
synthetic-deficiency-part2,adv,adv-delayed_backoff-001,32,1,deficiency,delayed_backoff,0.6620160826445657,back_off,reno,"Congestion signals rise rapidly, yet Sage keeps its action elevated instead of backing off promptly."
synthetic-deficiency-part2,adv,adv-delayed_backoff-001,33,1,deficiency,delayed_backoff,0.6620160826445657,back_off,reno,"Congestion signals rise rapidly, yet Sage keeps its action elevated instead of backing off promptly."
synthetic-deficiency-part2,adv,adv-delayed_backoff-001,34,1,deficiency,delayed_backoff,0.6620160826445657,back_off,reno,"Congestion signals rise rapidly, yet Sage keeps its action elevated instead of backing off promptly."
synthetic-deficiency-part2,adv,adv-delayed_backoff-001,35,1,deficiency,delayed_backoff,0.6620160826445657,back_off,reno,"Congestion signals rise rapidly, yet Sage keeps its action elevated instead of backing off promptly."
synthetic-deficiency-part2,adv,adv-delayed_backoff-001,36,1,deficiency,delayed_backoff,0.6620160826445657,back_off,reno,"Congestion signals rise rapidly, yet Sage keeps its action elevated instead of backing off promptly."
synthetic-deficiency-part2,adv,adv-delayed_backoff-001,37,1,deficiency,delayed_backoff,0.6620160826445657,back_off,reno,"Congestion signals rise rapidly, yet Sage keeps its action elevated instead of backing off promptly."
synthetic-deficiency-part2,adv,adv-delayed_backoff-001,38,1,deficiency,delayed_backoff,0.6620160826445657,back_off,reno,"Congestion signals rise rapidly, yet Sage keeps its action elevated instead of backing off promptly."
synthetic-deficiency-part2,adv,adv-delayed_backoff-001,39,1,deficiency,delayed_backoff,0.6620160826445657,back_off,reno,"Congestion signals rise rapidly, yet Sage keeps its action elevated instead of backing off promptly."
synthetic-deficiency-part2,adv,adv-delayed_backoff-001,40,2,cooldown_context,benign_steady,0.583826064148347,noop,cubic,Benign cool-down context using benign_steady.
synthetic-deficiency-part2,adv,adv-delayed_backoff-001,41,2,cooldown_context,benign_steady,0.583826064148347,noop,cubic,Benign cool-down context using benign_steady.
synthetic-deficiency-part2,adv,adv-delayed_backoff-001,42,2,cooldown_context,benign_steady,0.583826064148347,noop,cubic,Benign cool-down context using benign_steady.
synthetic-deficiency-part2,adv,adv-delayed_backoff-001,43,2,cooldown_context,benign_steady,0.583826064148347,noop,cubic,Benign cool-down context using benign_steady.
synthetic-deficiency-part2,adv,adv-delayed_backoff-001,44,2,cooldown_context,benign_steady,0.583826064148347,noop,cubic,Benign cool-down context using benign_steady.
synthetic-deficiency-part2,adv,adv-delayed_backoff-001,45,2,cooldown_context,benign_steady,0.583826064148347,noop,cubic,Benign cool-down context using benign_steady.
synthetic-deficiency-part2,adv,adv-delayed_backoff-001,46,2,cooldown_context,benign_steady,0.583826064148347,noop,cubic,Benign cool-down context using benign_steady.
synthetic-deficiency-part2,adv,adv-delayed_backoff-001,47,2,cooldown_context,benign_steady,0.583826064148347,noop,cubic,Benign cool-down context using benign_steady.
synthetic-deficiency-part2,adv,adv-under_aggressiveness-002,0,0,warmup_context,benign_steady,0.38740321074698514,noop,bbr,Benign warm-up context using benign_steady.
synthetic-deficiency-part2,adv,adv-under_aggressiveness-002,1,0,warmup_context,benign_steady,0.38740321074698514,noop,bbr,Benign warm-up context using benign_steady.
synthetic-deficiency-part2,adv,adv-under_aggressiveness-002,2,0,warmup_context,benign_steady,0.38740321074698514,noop,bbr,Benign warm-up context using benign_steady.
synthetic-deficiency-part2,adv,adv-under_aggressiveness-002,3,0,warmup_context,benign_steady,0.38740321074698514,noop,bbr,Benign warm-up context using benign_steady.
synthetic-deficiency-part2,adv,adv-under_aggressiveness-002,4,0,warmup_context,benign_steady,0.38740321074698514,noop,bbr,Benign warm-up context using benign_steady.
synthetic-deficiency-part2,adv,adv-under_aggressiveness-002,5,0,warmup_context,benign_steady,0.38740321074698514,noop,bbr,Benign warm-up context using benign_steady.
synthetic-deficiency-part2,adv,adv-under_aggressiveness-002,6,0,warmup_context,benign_steady,0.38740321074698514,noop,bbr,Benign warm-up context using benign_steady.
synthetic-deficiency-part2,adv,adv-under_aggressiveness-002,7,0,warmup_context,benign_steady,0.38740321074698514,noop,bbr,Benign warm-up context using benign_steady.
synthetic-deficiency-part2,adv,adv-under_aggressiveness-002,8,1,deficiency,under_aggressiveness,0.4898669103991078,push_harder,bbr,"Sage keeps its action too low despite favorable RTT, low loss, and available delivery-rate headroom."
synthetic-deficiency-part2,adv,adv-under_aggressiveness-002,9,1,deficiency,under_aggressiveness,0.4898669103991078,push_harder,bbr,"Sage keeps its action too low despite favorable RTT, low loss, and available delivery-rate headroom."
synthetic-deficiency-part2,adv,adv-under_aggressiveness-002,10,1,deficiency,under_aggressiveness,0.4898669103991078,push_harder,bbr,"Sage keeps its action too low despite favorable RTT, low loss, and available delivery-rate headroom."
synthetic-deficiency-part2,adv,adv-under_aggressiveness-002,11,1,deficiency,under_aggressiveness,0.4898669103991078,push_harder,bbr,"Sage keeps its action too low despite favorable RTT, low loss, and available delivery-rate headroom."
synthetic-deficiency-part2,adv,adv-under_aggressiveness-002,12,1,deficiency,under_aggressiveness,0.4898669103991078,push_harder,bbr,"Sage keeps its action too low despite favorable RTT, low loss, and available delivery-rate headroom."
synthetic-deficiency-part2,adv,adv-under_aggressiveness-002,13,1,deficiency,under_aggressiveness,0.4898669103991078,push_harder,bbr,"Sage keeps its action too low despite favorable RTT, low loss, and available delivery-rate headroom."
synthetic-deficiency-part2,adv,adv-under_aggressiveness-002,14,1,deficiency,under_aggressiveness,0.4898669103991078,push_harder,bbr,"Sage keeps its action too low despite favorable RTT, low loss, and available delivery-rate headroom."
synthetic-deficiency-part2,adv,adv-under_aggressiveness-002,15,1,deficiency,under_aggressiveness,0.4898669103991078,push_harder,bbr,"Sage keeps its action too low despite favorable RTT, low loss, and available delivery-rate headroom."
synthetic-deficiency-part2,adv,adv-under_aggressiveness-002,16,1,deficiency,under_aggressiveness,0.4898669103991078,push_harder,bbr,"Sage keeps its action too low despite favorable RTT, low loss, and available delivery-rate headroom."
synthetic-deficiency-part2,adv,adv-under_aggressiveness-002,17,1,deficiency,under_aggressiveness,0.4898669103991078,push_harder,bbr,"Sage keeps its action too low despite favorable RTT, low loss, and available delivery-rate headroom."
synthetic-deficiency-part2,adv,adv-under_aggressiveness-002,18,1,deficiency,under_aggressiveness,0.4898669103991078,push_harder,bbr,"Sage keeps its action too low despite favorable RTT, low loss, and available delivery-rate headroom."
synthetic-deficiency-part2,adv,adv-under_aggressiveness-002,19,1,deficiency,under_aggressiveness,0.4898669103991078,push_harder,bbr,"Sage keeps its action too low despite favorable RTT, low loss, and available delivery-rate headroom."
synthetic-deficiency-part2,adv,adv-under_aggressiveness-002,20,1,deficiency,under_aggressiveness,0.4898669103991078,push_harder,bbr,"Sage keeps its action too low despite favorable RTT, low loss, and available delivery-rate headroom."
synthetic-deficiency-part2,adv,adv-under_aggressiveness-002,21,1,deficiency,under_aggressiveness,0.4898669103991078,push_harder,bbr,"Sage keeps its action too low despite favorable RTT, low loss, and available delivery-rate headroom."
synthetic-deficiency-part2,adv,adv-under_aggressiveness-002,22,1,deficiency,under_aggressiveness,0.4898669103991078,push_harder,bbr,"Sage keeps its action too low despite favorable RTT, low loss, and available delivery-rate headroom."
synthetic-deficiency-part2,adv,adv-under_aggressiveness-002,23,1,deficiency,under_aggressiveness,0.4898669103991078,push_harder,bbr,"Sage keeps its action too low despite favorable RTT, low loss, and available delivery-rate headroom."
synthetic-deficiency-part2,adv,adv-under_aggressiveness-002,24,1,deficiency,under_aggressiveness,0.4898669103991078,push_harder,bbr,"Sage keeps its action too low despite favorable RTT, low loss, and available delivery-rate headroom."
synthetic-deficiency-part2,adv,adv-under_aggressiveness-002,25,1,deficiency,under_aggressiveness,0.4898669103991078,push_harder,bbr,"Sage keeps its action too low despite favorable RTT, low loss, and available delivery-rate headroom."
synthetic-deficiency-part2,adv,adv-under_aggressiveness-002,26,1,deficiency,under_aggressiveness,0.4898669103991078,push_harder,bbr,"Sage keeps its action too low despite favorable RTT, low loss, and available delivery-rate headroom."
synthetic-deficiency-part2,adv,adv-under_aggressiveness-002,27,1,deficiency,under_aggressiveness,0.4898669103991078,push_harder,bbr,"Sage keeps its action too low despite favorable RTT, low loss, and available delivery-rate headroom."
synthetic-deficiency-part2,adv,adv-under_aggressiveness-002,28,1,deficiency,under_aggressiveness,0.4898669103991078,push_harder,bbr,"Sage keeps its action too low despite favorable RTT, low loss, and available delivery-rate headroom."
synthetic-deficiency-part2,adv,adv-under_aggressiveness-002,29,1,deficiency,under_aggressiveness,0.4898669103991078,push_harder,bbr,"Sage keeps its action too low despite favorable RTT, low loss, and available delivery-rate headroom."
synthetic-deficiency-part2,adv,adv-under_aggressiveness-002,30,1,deficiency,under_aggressiveness,0.4898669103991078,push_harder,bbr,"Sage keeps its action too low despite favorable RTT, low loss, and available delivery-rate headroom."
synthetic-deficiency-part2,adv,adv-under_aggressiveness-002,31,1,deficiency,under_aggressiveness,0.4898669103991078,push_harder,bbr,"Sage keeps its action too low despite favorable RTT, low loss, and available delivery-rate headroom."
synthetic-deficiency-part2,adv,adv-under_aggressiveness-002,32,1,deficiency,under_aggressiveness,0.4898669103991078,push_harder,bbr,"Sage keeps its action too low despite favorable RTT, low loss, and available delivery-rate headroom."
synthetic-deficiency-part2,adv,adv-under_aggressiveness-002,33,1,deficiency,under_aggressiveness,0.4898669103991078,push_harder,bbr,"Sage keeps its action too low despite favorable RTT, low loss, and available delivery-rate headroom."
synthetic-deficiency-part2,adv,adv-under_aggressiveness-002,34,1,deficiency,under_aggressiveness,0.4898669103991078,push_harder,bbr,"Sage keeps its action too low despite favorable RTT, low loss, and available delivery-rate headroom."
synthetic-deficiency-part2,adv,adv-under_aggressiveness-002,35,1,deficiency,under_aggressiveness,0.4898669103991078,push_harder,bbr,"Sage keeps its action too low despite favorable RTT, low loss, and available delivery-rate headroom."
synthetic-deficiency-part2,adv,adv-under_aggressiveness-002,36,1,deficiency,under_aggressiveness,0.4898669103991078,push_harder,bbr,"Sage keeps its action too low despite favorable RTT, low loss, and available delivery-rate headroom."
synthetic-deficiency-part2,adv,adv-under_aggressiveness-002,37,1,deficiency,under_aggressiveness,0.4898669103991078,push_harder,bbr,"Sage keeps its action too low despite favorable RTT, low loss, and available delivery-rate headroom."
synthetic-deficiency-part2,adv,adv-under_aggressiveness-002,38,1,deficiency,under_aggressiveness,0.4898669103991078,push_harder,bbr,"Sage keeps its action too low despite favorable RTT, low loss, and available delivery-rate headroom."
synthetic-deficiency-part2,adv,adv-under_aggressiveness-002,39,1,deficiency,under_aggressiveness,0.4898669103991078,push_harder,bbr,"Sage keeps its action too low despite favorable RTT, low loss, and available delivery-rate headroom."
synthetic-deficiency-part2,adv,adv-under_aggressiveness-002,40,2,cooldown_context,benign_steady,0.3772268275267534,noop,cubic,Benign cool-down context using benign_steady.
synthetic-deficiency-part2,adv,adv-under_aggressiveness-002,41,2,cooldown_context,benign_steady,0.3772268275267534,noop,cubic,Benign cool-down context using benign_steady.
synthetic-deficiency-part2,adv,adv-under_aggressiveness-002,42,2,cooldown_context,benign_steady,0.3772268275267534,noop,cubic,Benign cool-down context using benign_steady.
synthetic-deficiency-part2,adv,adv-under_aggressiveness-002,43,2,cooldown_context,benign_steady,0.3772268275267534,noop,cubic,Benign cool-down context using benign_steady.
synthetic-deficiency-part2,adv,adv-under_aggressiveness-002,44,2,cooldown_context,benign_steady,0.3772268275267534,noop,cubic,Benign cool-down context using benign_steady.
synthetic-deficiency-part2,adv,adv-under_aggressiveness-002,45,2,cooldown_context,benign_steady,0.3772268275267534,noop,cubic,Benign cool-down context using benign_steady.
synthetic-deficiency-part2,adv,adv-under_aggressiveness-002,46,2,cooldown_context,benign_steady,0.3772268275267534,noop,cubic,Benign cool-down context using benign_steady.
synthetic-deficiency-part2,adv,adv-under_aggressiveness-002,47,2,cooldown_context,benign_steady,0.3772268275267534,noop,cubic,Benign cool-down context using benign_steady.
synthetic-deficiency-part2,adv,adv-under_aggressiveness-003,0,0,warmup_context,benign_steady,0.4262501142580467,noop,bbr,Benign warm-up context using benign_steady.
synthetic-deficiency-part2,adv,adv-under_aggressiveness-003,1,0,warmup_context,benign_steady,0.4262501142580467,noop,bbr,Benign warm-up context using benign_steady.
synthetic-deficiency-part2,adv,adv-under_aggressiveness-003,2,0,warmup_context,benign_steady,0.4262501142580467,noop,bbr,Benign warm-up context using benign_steady.
synthetic-deficiency-part2,adv,adv-under_aggressiveness-003,3,0,warmup_context,benign_steady,0.4262501142580467,noop,bbr,Benign warm-up context using benign_steady.
synthetic-deficiency-part2,adv,adv-under_aggressiveness-003,4,0,warmup_context,benign_steady,0.4262501142580467,noop,bbr,Benign warm-up context using benign_steady.
synthetic-deficiency-part2,adv,adv-under_aggressiveness-003,5,0,warmup_context,benign_steady,0.4262501142580467,noop,bbr,Benign warm-up context using benign_steady.
synthetic-deficiency-part2,adv,adv-under_aggressiveness-003,6,0,warmup_context,benign_steady,0.4262501142580467,noop,bbr,Benign warm-up context using benign_steady.
synthetic-deficiency-part2,adv,adv-under_aggressiveness-003,7,0,warmup_context,benign_steady,0.4262501142580467,noop,bbr,Benign warm-up context using benign_steady.
synthetic-deficiency-part2,adv,adv-under_aggressiveness-003,8,1,deficiency,under_aggressiveness,0.6255887999357556,push_harder,bbr,"Sage keeps its action too low despite favorable RTT, low loss, and available delivery-rate headroom."
synthetic-deficiency-part2,adv,adv-under_aggressiveness-003,9,1,deficiency,under_aggressiveness,0.6255887999357556,push_harder,bbr,"Sage keeps its action too low despite favorable RTT, low loss, and available delivery-rate headroom."
synthetic-deficiency-part2,adv,adv-under_aggressiveness-003,10,1,deficiency,under_aggressiveness,0.6255887999357556,push_harder,bbr,"Sage keeps its action too low despite favorable RTT, low loss, and available delivery-rate headroom."
synthetic-deficiency-part2,adv,adv-under_aggressiveness-003,11,1,deficiency,under_aggressiveness,0.6255887999357556,push_harder,bbr,"Sage keeps its action too low despite favorable RTT, low loss, and available delivery-rate headroom."
synthetic-deficiency-part2,adv,adv-under_aggressiveness-003,12,1,deficiency,under_aggressiveness,0.6255887999357556,push_harder,bbr,"Sage keeps its action too low despite favorable RTT, low loss, and available delivery-rate headroom."
synthetic-deficiency-part2,adv,adv-under_aggressiveness-003,13,1,deficiency,under_aggressiveness,0.6255887999357556,push_harder,bbr,"Sage keeps its action too low despite favorable RTT, low loss, and available delivery-rate headroom."
synthetic-deficiency-part2,adv,adv-under_aggressiveness-003,14,1,deficiency,under_aggressiveness,0.6255887999357556,push_harder,bbr,"Sage keeps its action too low despite favorable RTT, low loss, and available delivery-rate headroom."
synthetic-deficiency-part2,adv,adv-under_aggressiveness-003,15,1,deficiency,under_aggressiveness,0.6255887999357556,push_harder,bbr,"Sage keeps its action too low despite favorable RTT, low loss, and available delivery-rate headroom."
synthetic-deficiency-part2,adv,adv-under_aggressiveness-003,16,1,deficiency,under_aggressiveness,0.6255887999357556,push_harder,bbr,"Sage keeps its action too low despite favorable RTT, low loss, and available delivery-rate headroom."
synthetic-deficiency-part2,adv,adv-under_aggressiveness-003,17,1,deficiency,under_aggressiveness,0.6255887999357556,push_harder,bbr,"Sage keeps its action too low despite favorable RTT, low loss, and available delivery-rate headroom."
synthetic-deficiency-part2,adv,adv-under_aggressiveness-003,18,1,deficiency,under_aggressiveness,0.6255887999357556,push_harder,bbr,"Sage keeps its action too low despite favorable RTT, low loss, and available delivery-rate headroom."
synthetic-deficiency-part2,adv,adv-under_aggressiveness-003,19,1,deficiency,under_aggressiveness,0.6255887999357556,push_harder,bbr,"Sage keeps its action too low despite favorable RTT, low loss, and available delivery-rate headroom."
synthetic-deficiency-part2,adv,adv-under_aggressiveness-003,20,1,deficiency,under_aggressiveness,0.6255887999357556,push_harder,bbr,"Sage keeps its action too low despite favorable RTT, low loss, and available delivery-rate headroom."
synthetic-deficiency-part2,adv,adv-under_aggressiveness-003,21,1,deficiency,under_aggressiveness,0.6255887999357556,push_harder,bbr,"Sage keeps its action too low despite favorable RTT, low loss, and available delivery-rate headroom."
synthetic-deficiency-part2,adv,adv-under_aggressiveness-003,22,1,deficiency,under_aggressiveness,0.6255887999357556,push_harder,bbr,"Sage keeps its action too low despite favorable RTT, low loss, and available delivery-rate headroom."
synthetic-deficiency-part2,adv,adv-under_aggressiveness-003,23,1,deficiency,under_aggressiveness,0.6255887999357556,push_harder,bbr,"Sage keeps its action too low despite favorable RTT, low loss, and available delivery-rate headroom."
synthetic-deficiency-part2,adv,adv-under_aggressiveness-003,24,1,deficiency,under_aggressiveness,0.6255887999357556,push_harder,bbr,"Sage keeps its action too low despite favorable RTT, low loss, and available delivery-rate headroom."
synthetic-deficiency-part2,adv,adv-under_aggressiveness-003,25,1,deficiency,under_aggressiveness,0.6255887999357556,push_harder,bbr,"Sage keeps its action too low despite favorable RTT, low loss, and available delivery-rate headroom."
synthetic-deficiency-part2,adv,adv-under_aggressiveness-003,26,1,deficiency,under_aggressiveness,0.6255887999357556,push_harder,bbr,"Sage keeps its action too low despite favorable RTT, low loss, and available delivery-rate headroom."
synthetic-deficiency-part2,adv,adv-under_aggressiveness-003,27,1,deficiency,under_aggressiveness,0.6255887999357556,push_harder,bbr,"Sage keeps its action too low despite favorable RTT, low loss, and available delivery-rate headroom."
synthetic-deficiency-part2,adv,adv-under_aggressiveness-003,28,1,deficiency,under_aggressiveness,0.6255887999357556,push_harder,bbr,"Sage keeps its action too low despite favorable RTT, low loss, and available delivery-rate headroom."
synthetic-deficiency-part2,adv,adv-under_aggressiveness-003,29,1,deficiency,under_aggressiveness,0.6255887999357556,push_harder,bbr,"Sage keeps its action too low despite favorable RTT, low loss, and available delivery-rate headroom."
synthetic-deficiency-part2,adv,adv-under_aggressiveness-003,30,1,deficiency,under_aggressiveness,0.6255887999357556,push_harder,bbr,"Sage keeps its action too low despite favorable RTT, low loss, and available delivery-rate headroom."
synthetic-deficiency-part2,adv,adv-under_aggressiveness-003,31,1,deficiency,under_aggressiveness,0.6255887999357556,push_harder,bbr,"Sage keeps its action too low despite favorable RTT, low loss, and available delivery-rate headroom."
synthetic-deficiency-part2,adv,adv-under_aggressiveness-003,32,1,deficiency,under_aggressiveness,0.6255887999357556,push_harder,bbr,"Sage keeps its action too low despite favorable RTT, low loss, and available delivery-rate headroom."
synthetic-deficiency-part2,adv,adv-under_aggressiveness-003,33,1,deficiency,under_aggressiveness,0.6255887999357556,push_harder,bbr,"Sage keeps its action too low despite favorable RTT, low loss, and available delivery-rate headroom."
synthetic-deficiency-part2,adv,adv-under_aggressiveness-003,34,1,deficiency,under_aggressiveness,0.6255887999357556,push_harder,bbr,"Sage keeps its action too low despite favorable RTT, low loss, and available delivery-rate headroom."
synthetic-deficiency-part2,adv,adv-under_aggressiveness-003,35,1,deficiency,under_aggressiveness,0.6255887999357556,push_harder,bbr,"Sage keeps its action too low despite favorable RTT, low loss, and available delivery-rate headroom."
synthetic-deficiency-part2,adv,adv-under_aggressiveness-003,36,1,deficiency,under_aggressiveness,0.6255887999357556,push_harder,bbr,"Sage keeps its action too low despite favorable RTT, low loss, and available delivery-rate headroom."
synthetic-deficiency-part2,adv,adv-under_aggressiveness-003,37,1,deficiency,under_aggressiveness,0.6255887999357556,push_harder,bbr,"Sage keeps its action too low despite favorable RTT, low loss, and available delivery-rate headroom."
synthetic-deficiency-part2,adv,adv-under_aggressiveness-003,38,1,deficiency,under_aggressiveness,0.6255887999357556,push_harder,bbr,"Sage keeps its action too low despite favorable RTT, low loss, and available delivery-rate headroom."
synthetic-deficiency-part2,adv,adv-under_aggressiveness-003,39,1,deficiency,under_aggressiveness,0.6255887999357556,push_harder,bbr,"Sage keeps its action too low despite favorable RTT, low loss, and available delivery-rate headroom."
synthetic-deficiency-part2,adv,adv-under_aggressiveness-003,40,2,cooldown_context,benign_steady,0.5808543644937829,noop,cubic,Benign cool-down context using benign_steady.
synthetic-deficiency-part2,adv,adv-under_aggressiveness-003,41,2,cooldown_context,benign_steady,0.5808543644937829,noop,cubic,Benign cool-down context using benign_steady.
synthetic-deficiency-part2,adv,adv-under_aggressiveness-003,42,2,cooldown_context,benign_steady,0.5808543644937829,noop,cubic,Benign cool-down context using benign_steady.
synthetic-deficiency-part2,adv,adv-under_aggressiveness-003,43,2,cooldown_context,benign_steady,0.5808543644937829,noop,cubic,Benign cool-down context using benign_steady.
synthetic-deficiency-part2,adv,adv-under_aggressiveness-003,44,2,cooldown_context,benign_steady,0.5808543644937829,noop,cubic,Benign cool-down context using benign_steady.
synthetic-deficiency-part2,adv,adv-under_aggressiveness-003,45,2,cooldown_context,benign_steady,0.5808543644937829,noop,cubic,Benign cool-down context using benign_steady.
synthetic-deficiency-part2,adv,adv-under_aggressiveness-003,46,2,cooldown_context,benign_steady,0.5808543644937829,noop,cubic,Benign cool-down context using benign_steady.
synthetic-deficiency-part2,adv,adv-under_aggressiveness-003,47,2,cooldown_context,benign_steady,0.5808543644937829,noop,cubic,Benign cool-down context using benign_steady.
synthetic-deficiency-part2,adv,adv-delayed_backoff-004,0,0,warmup_context,benign_steady,0.6123249964722488,noop,bbr,Benign warm-up context using benign_steady.
synthetic-deficiency-part2,adv,adv-delayed_backoff-004,1,0,warmup_context,benign_steady,0.6123249964722488,noop,bbr,Benign warm-up context using benign_steady.
synthetic-deficiency-part2,adv,adv-delayed_backoff-004,2,0,warmup_context,benign_steady,0.6123249964722488,noop,bbr,Benign warm-up context using benign_steady.
synthetic-deficiency-part2,adv,adv-delayed_backoff-004,3,0,warmup_context,benign_steady,0.6123249964722488,noop,bbr,Benign warm-up context using benign_steady.
synthetic-deficiency-part2,adv,adv-delayed_backoff-004,4,0,warmup_context,benign_steady,0.6123249964722488,noop,bbr,Benign warm-up context using benign_steady.
synthetic-deficiency-part2,adv,adv-delayed_backoff-004,5,0,warmup_context,benign_steady,0.6123249964722488,noop,bbr,Benign warm-up context using benign_steady.
synthetic-deficiency-part2,adv,adv-delayed_backoff-004,6,0,warmup_context,benign_steady,0.6123249964722488,noop,bbr,Benign warm-up context using benign_steady.
synthetic-deficiency-part2,adv,adv-delayed_backoff-004,7,0,warmup_context,benign_steady,0.6123249964722488,noop,bbr,Benign warm-up context using benign_steady.
synthetic-deficiency-part2,adv,adv-delayed_backoff-004,8,1,deficiency,delayed_backoff,0.617400559625781,back_off,reno,"Congestion signals rise rapidly, yet Sage keeps its action elevated instead of backing off promptly."
synthetic-deficiency-part2,adv,adv-delayed_backoff-004,9,1,deficiency,delayed_backoff,0.617400559625781,back_off,reno,"Congestion signals rise rapidly, yet Sage keeps its action elevated instead of backing off promptly."
synthetic-deficiency-part2,adv,adv-delayed_backoff-004,10,1,deficiency,delayed_backoff,0.617400559625781,back_off,reno,"Congestion signals rise rapidly, yet Sage keeps its action elevated instead of backing off promptly."
synthetic-deficiency-part2,adv,adv-delayed_backoff-004,11,1,deficiency,delayed_backoff,0.617400559625781,back_off,reno,"Congestion signals rise rapidly, yet Sage keeps its action elevated instead of backing off promptly."
synthetic-deficiency-part2,adv,adv-delayed_backoff-004,12,1,deficiency,delayed_backoff,0.617400559625781,back_off,reno,"Congestion signals rise rapidly, yet Sage keeps its action elevated instead of backing off promptly."
synthetic-deficiency-part2,adv,adv-delayed_backoff-004,13,1,deficiency,delayed_backoff,0.617400559625781,back_off,reno,"Congestion signals rise rapidly, yet Sage keeps its action elevated instead of backing off promptly."
synthetic-deficiency-part2,adv,adv-delayed_backoff-004,14,1,deficiency,delayed_backoff,0.617400559625781,back_off,reno,"Congestion signals rise rapidly, yet Sage keeps its action elevated instead of backing off promptly."
synthetic-deficiency-part2,adv,adv-delayed_backoff-004,15,1,deficiency,delayed_backoff,0.617400559625781,back_off,reno,"Congestion signals rise rapidly, yet Sage keeps its action elevated instead of backing off promptly."
synthetic-deficiency-part2,adv,adv-delayed_backoff-004,16,1,deficiency,delayed_backoff,0.617400559625781,back_off,reno,"Congestion signals rise rapidly, yet Sage keeps its action elevated instead of backing off promptly."
synthetic-deficiency-part2,adv,adv-delayed_backoff-004,17,1,deficiency,delayed_backoff,0.617400559625781,back_off,reno,"Congestion signals rise rapidly, yet Sage keeps its action elevated instead of backing off promptly."
synthetic-deficiency-part2,adv,adv-delayed_backoff-004,18,1,deficiency,delayed_backoff,0.617400559625781,back_off,reno,"Congestion signals rise rapidly, yet Sage keeps its action elevated instead of backing off promptly."
synthetic-deficiency-part2,adv,adv-delayed_backoff-004,19,1,deficiency,delayed_backoff,0.617400559625781,back_off,reno,"Congestion signals rise rapidly, yet Sage keeps its action elevated instead of backing off promptly."
synthetic-deficiency-part2,adv,adv-delayed_backoff-004,20,1,deficiency,delayed_backoff,0.617400559625781,back_off,reno,"Congestion signals rise rapidly, yet Sage keeps its action elevated instead of backing off promptly."
synthetic-deficiency-part2,adv,adv-delayed_backoff-004,21,1,deficiency,delayed_backoff,0.617400559625781,back_off,reno,"Congestion signals rise rapidly, yet Sage keeps its action elevated instead of backing off promptly."
synthetic-deficiency-part2,adv,adv-delayed_backoff-004,22,1,deficiency,delayed_backoff,0.617400559625781,back_off,reno,"Congestion signals rise rapidly, yet Sage keeps its action elevated instead of backing off promptly."
synthetic-deficiency-part2,adv,adv-delayed_backoff-004,23,1,deficiency,delayed_backoff,0.617400559625781,back_off,reno,"Congestion signals rise rapidly, yet Sage keeps its action elevated instead of backing off promptly."
synthetic-deficiency-part2,adv,adv-delayed_backoff-004,24,1,deficiency,delayed_backoff,0.617400559625781,back_off,reno,"Congestion signals rise rapidly, yet Sage keeps its action elevated instead of backing off promptly."
synthetic-deficiency-part2,adv,adv-delayed_backoff-004,25,1,deficiency,delayed_backoff,0.617400559625781,back_off,reno,"Congestion signals rise rapidly, yet Sage keeps its action elevated instead of backing off promptly."
synthetic-deficiency-part2,adv,adv-delayed_backoff-004,26,1,deficiency,delayed_backoff,0.617400559625781,back_off,reno,"Congestion signals rise rapidly, yet Sage keeps its action elevated instead of backing off promptly."
synthetic-deficiency-part2,adv,adv-delayed_backoff-004,27,1,deficiency,delayed_backoff,0.617400559625781,back_off,reno,"Congestion signals rise rapidly, yet Sage keeps its action elevated instead of backing off promptly."
synthetic-deficiency-part2,adv,adv-delayed_backoff-004,28,1,deficiency,delayed_backoff,0.617400559625781,back_off,reno,"Congestion signals rise rapidly, yet Sage keeps its action elevated instead of backing off promptly."
synthetic-deficiency-part2,adv,adv-delayed_backoff-004,29,1,deficiency,delayed_backoff,0.617400559625781,back_off,reno,"Congestion signals rise rapidly, yet Sage keeps its action elevated instead of backing off promptly."
synthetic-deficiency-part2,adv,adv-delayed_backoff-004,30,1,deficiency,delayed_backoff,0.617400559625781,back_off,reno,"Congestion signals rise rapidly, yet Sage keeps its action elevated instead of backing off promptly."
synthetic-deficiency-part2,adv,adv-delayed_backoff-004,31,1,deficiency,delayed_backoff,0.617400559625781,back_off,reno,"Congestion signals rise rapidly, yet Sage keeps its action elevated instead of backing off promptly."
synthetic-deficiency-part2,adv,adv-delayed_backoff-004,32,1,deficiency,delayed_backoff,0.617400559625781,back_off,reno,"Congestion signals rise rapidly, yet Sage keeps its action elevated instead of backing off promptly."
synthetic-deficiency-part2,adv,adv-delayed_backoff-004,33,1,deficiency,delayed_backoff,0.617400559625781,back_off,reno,"Congestion signals rise rapidly, yet Sage keeps its action elevated instead of backing off promptly."
synthetic-deficiency-part2,adv,adv-delayed_backoff-004,34,1,deficiency,delayed_backoff,0.617400559625781,back_off,reno,"Congestion signals rise rapidly, yet Sage keeps its action elevated instead of backing off promptly."
synthetic-deficiency-part2,adv,adv-delayed_backoff-004,35,1,deficiency,delayed_backoff,0.617400559625781,back_off,reno,"Congestion signals rise rapidly, yet Sage keeps its action elevated instead of backing off promptly."
synthetic-deficiency-part2,adv,adv-delayed_backoff-004,36,1,deficiency,delayed_backoff,0.617400559625781,back_off,reno,"Congestion signals rise rapidly, yet Sage keeps its action elevated instead of backing off promptly."
synthetic-deficiency-part2,adv,adv-delayed_backoff-004,37,1,deficiency,delayed_backoff,0.617400559625781,back_off,reno,"Congestion signals rise rapidly, yet Sage keeps its action elevated instead of backing off promptly."
synthetic-deficiency-part2,adv,adv-delayed_backoff-004,38,1,deficiency,delayed_backoff,0.617400559625781,back_off,reno,"Congestion signals rise rapidly, yet Sage keeps its action elevated instead of backing off promptly."
synthetic-deficiency-part2,adv,adv-delayed_backoff-004,39,1,deficiency,delayed_backoff,0.617400559625781,back_off,reno,"Congestion signals rise rapidly, yet Sage keeps its action elevated instead of backing off promptly."
synthetic-deficiency-part2,adv,adv-delayed_backoff-004,40,2,cooldown_context,benign_steady,0.592754233385496,noop,cubic,Benign cool-down context using benign_steady.
synthetic-deficiency-part2,adv,adv-delayed_backoff-004,41,2,cooldown_context,benign_steady,0.592754233385496,noop,cubic,Benign cool-down context using benign_steady.
synthetic-deficiency-part2,adv,adv-delayed_backoff-004,42,2,cooldown_context,benign_steady,0.592754233385496,noop,cubic,Benign cool-down context using benign_steady.
synthetic-deficiency-part2,adv,adv-delayed_backoff-004,43,2,cooldown_context,benign_steady,0.592754233385496,noop,cubic,Benign cool-down context using benign_steady.
synthetic-deficiency-part2,adv,adv-delayed_backoff-004,44,2,cooldown_context,benign_steady,0.592754233385496,noop,cubic,Benign cool-down context using benign_steady.
synthetic-deficiency-part2,adv,adv-delayed_backoff-004,45,2,cooldown_context,benign_steady,0.592754233385496,noop,cubic,Benign cool-down context using benign_steady.
synthetic-deficiency-part2,adv,adv-delayed_backoff-004,46,2,cooldown_context,benign_steady,0.592754233385496,noop,cubic,Benign cool-down context using benign_steady.
synthetic-deficiency-part2,adv,adv-delayed_backoff-004,47,2,cooldown_context,benign_steady,0.592754233385496,noop,cubic,Benign cool-down context using benign_steady.
synthetic-deficiency-part2,adv,adv-delayed_backoff-005,0,0,warmup_context,benign_steady,0.41089129941382324,noop,bbr,Benign warm-up context using benign_steady.
synthetic-deficiency-part2,adv,adv-delayed_backoff-005,1,0,warmup_context,benign_steady,0.41089129941382324,noop,bbr,Benign warm-up context using benign_steady.
synthetic-deficiency-part2,adv,adv-delayed_backoff-005,2,0,warmup_context,benign_steady,0.41089129941382324,noop,bbr,Benign warm-up context using benign_steady.
synthetic-deficiency-part2,adv,adv-delayed_backoff-005,3,0,warmup_context,benign_steady,0.41089129941382324,noop,bbr,Benign warm-up context using benign_steady.
synthetic-deficiency-part2,adv,adv-delayed_backoff-005,4,0,warmup_context,benign_steady,0.41089129941382324,noop,bbr,Benign warm-up context using benign_steady.
synthetic-deficiency-part2,adv,adv-delayed_backoff-005,5,0,warmup_context,benign_steady,0.41089129941382324,noop,bbr,Benign warm-up context using benign_steady.
synthetic-deficiency-part2,adv,adv-delayed_backoff-005,6,0,warmup_context,benign_steady,0.41089129941382324,noop,bbr,Benign warm-up context using benign_steady.
synthetic-deficiency-part2,adv,adv-delayed_backoff-005,7,0,warmup_context,benign_steady,0.41089129941382324,noop,bbr,Benign warm-up context using benign_steady.
synthetic-deficiency-part2,adv,adv-delayed_backoff-005,8,1,deficiency,delayed_backoff,0.9535205572792538,back_off,reno,"Congestion signals rise rapidly, yet Sage keeps its action elevated instead of backing off promptly."
synthetic-deficiency-part2,adv,adv-delayed_backoff-005,9,1,deficiency,delayed_backoff,0.9535205572792538,back_off,reno,"Congestion signals rise rapidly, yet Sage keeps its action elevated instead of backing off promptly."
synthetic-deficiency-part2,adv,adv-delayed_backoff-005,10,1,deficiency,delayed_backoff,0.9535205572792538,back_off,reno,"Congestion signals rise rapidly, yet Sage keeps its action elevated instead of backing off promptly."
synthetic-deficiency-part2,adv,adv-delayed_backoff-005,11,1,deficiency,delayed_backoff,0.9535205572792538,back_off,reno,"Congestion signals rise rapidly, yet Sage keeps its action elevated instead of backing off promptly."
synthetic-deficiency-part2,adv,adv-delayed_backoff-005,12,1,deficiency,delayed_backoff,0.9535205572792538,back_off,reno,"Congestion signals rise rapidly, yet Sage keeps its action elevated instead of backing off promptly."
synthetic-deficiency-part2,adv,adv-delayed_backoff-005,13,1,deficiency,delayed_backoff,0.9535205572792538,back_off,reno,"Congestion signals rise rapidly, yet Sage keeps its action elevated instead of backing off promptly."
synthetic-deficiency-part2,adv,adv-delayed_backoff-005,14,1,deficiency,delayed_backoff,0.9535205572792538,back_off,reno,"Congestion signals rise rapidly, yet Sage keeps its action elevated instead of backing off promptly."
synthetic-deficiency-part2,adv,adv-delayed_backoff-005,15,1,deficiency,delayed_backoff,0.9535205572792538,back_off,reno,"Congestion signals rise rapidly, yet Sage keeps its action elevated instead of backing off promptly."
synthetic-deficiency-part2,adv,adv-delayed_backoff-005,16,1,deficiency,delayed_backoff,0.9535205572792538,back_off,reno,"Congestion signals rise rapidly, yet Sage keeps its action elevated instead of backing off promptly."
synthetic-deficiency-part2,adv,adv-delayed_backoff-005,17,1,deficiency,delayed_backoff,0.9535205572792538,back_off,reno,"Congestion signals rise rapidly, yet Sage keeps its action elevated instead of backing off promptly."
synthetic-deficiency-part2,adv,adv-delayed_backoff-005,18,1,deficiency,delayed_backoff,0.9535205572792538,back_off,reno,"Congestion signals rise rapidly, yet Sage keeps its action elevated instead of backing off promptly."
synthetic-deficiency-part2,adv,adv-delayed_backoff-005,19,1,deficiency,delayed_backoff,0.9535205572792538,back_off,reno,"Congestion signals rise rapidly, yet Sage keeps its action elevated instead of backing off promptly."
synthetic-deficiency-part2,adv,adv-delayed_backoff-005,20,1,deficiency,delayed_backoff,0.9535205572792538,back_off,reno,"Congestion signals rise rapidly, yet Sage keeps its action elevated instead of backing off promptly."
synthetic-deficiency-part2,adv,adv-delayed_backoff-005,21,1,deficiency,delayed_backoff,0.9535205572792538,back_off,reno,"Congestion signals rise rapidly, yet Sage keeps its action elevated instead of backing off promptly."
synthetic-deficiency-part2,adv,adv-delayed_backoff-005,22,1,deficiency,delayed_backoff,0.9535205572792538,back_off,reno,"Congestion signals rise rapidly, yet Sage keeps its action elevated instead of backing off promptly."
synthetic-deficiency-part2,adv,adv-delayed_backoff-005,23,1,deficiency,delayed_backoff,0.9535205572792538,back_off,reno,"Congestion signals rise rapidly, yet Sage keeps its action elevated instead of backing off promptly."
synthetic-deficiency-part2,adv,adv-delayed_backoff-005,24,1,deficiency,delayed_backoff,0.9535205572792538,back_off,reno,"Congestion signals rise rapidly, yet Sage keeps its action elevated instead of backing off promptly."
synthetic-deficiency-part2,adv,adv-delayed_backoff-005,25,1,deficiency,delayed_backoff,0.9535205572792538,back_off,reno,"Congestion signals rise rapidly, yet Sage keeps its action elevated instead of backing off promptly."
synthetic-deficiency-part2,adv,adv-delayed_backoff-005,26,1,deficiency,delayed_backoff,0.9535205572792538,back_off,reno,"Congestion signals rise rapidly, yet Sage keeps its action elevated instead of backing off promptly."
synthetic-deficiency-part2,adv,adv-delayed_backoff-005,27,1,deficiency,delayed_backoff,0.9535205572792538,back_off,reno,"Congestion signals rise rapidly, yet Sage keeps its action elevated instead of backing off promptly."
synthetic-deficiency-part2,adv,adv-delayed_backoff-005,28,1,deficiency,delayed_backoff,0.9535205572792538,back_off,reno,"Congestion signals rise rapidly, yet Sage keeps its action elevated instead of backing off promptly."
synthetic-deficiency-part2,adv,adv-delayed_backoff-005,29,1,deficiency,delayed_backoff,0.9535205572792538,back_off,reno,"Congestion signals rise rapidly, yet Sage keeps its action elevated instead of backing off promptly."
synthetic-deficiency-part2,adv,adv-delayed_backoff-005,30,1,deficiency,delayed_backoff,0.9535205572792538,back_off,reno,"Congestion signals rise rapidly, yet Sage keeps its action elevated instead of backing off promptly."
synthetic-deficiency-part2,adv,adv-delayed_backoff-005,31,1,deficiency,delayed_backoff,0.9535205572792538,back_off,reno,"Congestion signals rise rapidly, yet Sage keeps its action elevated instead of backing off promptly."
synthetic-deficiency-part2,adv,adv-delayed_backoff-005,32,1,deficiency,delayed_backoff,0.9535205572792538,back_off,reno,"Congestion signals rise rapidly, yet Sage keeps its action elevated instead of backing off promptly."
synthetic-deficiency-part2,adv,adv-delayed_backoff-005,33,1,deficiency,delayed_backoff,0.9535205572792538,back_off,reno,"Congestion signals rise rapidly, yet Sage keeps its action elevated instead of backing off promptly."
synthetic-deficiency-part2,adv,adv-delayed_backoff-005,34,1,deficiency,delayed_backoff,0.9535205572792538,back_off,reno,"Congestion signals rise rapidly, yet Sage keeps its action elevated instead of backing off promptly."
synthetic-deficiency-part2,adv,adv-delayed_backoff-005,35,1,deficiency,delayed_backoff,0.9535205572792538,back_off,reno,"Congestion signals rise rapidly, yet Sage keeps its action elevated instead of backing off promptly."
synthetic-deficiency-part2,adv,adv-delayed_backoff-005,36,1,deficiency,delayed_backoff,0.9535205572792538,back_off,reno,"Congestion signals rise rapidly, yet Sage keeps its action elevated instead of backing off promptly."
synthetic-deficiency-part2,adv,adv-delayed_backoff-005,37,1,deficiency,delayed_backoff,0.9535205572792538,back_off,reno,"Congestion signals rise rapidly, yet Sage keeps its action elevated instead of backing off promptly."
synthetic-deficiency-part2,adv,adv-delayed_backoff-005,38,1,deficiency,delayed_backoff,0.9535205572792538,back_off,reno,"Congestion signals rise rapidly, yet Sage keeps its action elevated instead of backing off promptly."
synthetic-deficiency-part2,adv,adv-delayed_backoff-005,39,1,deficiency,delayed_backoff,0.9535205572792538,back_off,reno,"Congestion signals rise rapidly, yet Sage keeps its action elevated instead of backing off promptly."
synthetic-deficiency-part2,adv,adv-delayed_backoff-005,40,2,cooldown_context,benign_steady,0.47159701892296135,noop,cubic,Benign cool-down context using benign_steady.
synthetic-deficiency-part2,adv,adv-delayed_backoff-005,41,2,cooldown_context,benign_steady,0.47159701892296135,noop,cubic,Benign cool-down context using benign_steady.
synthetic-deficiency-part2,adv,adv-delayed_backoff-005,42,2,cooldown_context,benign_steady,0.47159701892296135,noop,cubic,Benign cool-down context using benign_steady.
synthetic-deficiency-part2,adv,adv-delayed_backoff-005,43,2,cooldown_context,benign_steady,0.47159701892296135,noop,cubic,Benign cool-down context using benign_steady.
synthetic-deficiency-part2,adv,adv-delayed_backoff-005,44,2,cooldown_context,benign_steady,0.47159701892296135,noop,cubic,Benign cool-down context using benign_steady.
synthetic-deficiency-part2,adv,adv-delayed_backoff-005,45,2,cooldown_context,benign_steady,0.47159701892296135,noop,cubic,Benign cool-down context using benign_steady.
synthetic-deficiency-part2,adv,adv-delayed_backoff-005,46,2,cooldown_context,benign_steady,0.47159701892296135,noop,cubic,Benign cool-down context using benign_steady.
synthetic-deficiency-part2,adv,adv-delayed_backoff-005,47,2,cooldown_context,benign_steady,0.47159701892296135,noop,cubic,Benign cool-down context using benign_steady.
synthetic-deficiency-part2,adv,adv-rtt_insensitivity-006,0,0,warmup_context,benign_steady,0.6166481414903813,noop,bbr,Benign warm-up context using benign_steady.
synthetic-deficiency-part2,adv,adv-rtt_insensitivity-006,1,0,warmup_context,benign_steady,0.6166481414903813,noop,bbr,Benign warm-up context using benign_steady.
synthetic-deficiency-part2,adv,adv-rtt_insensitivity-006,2,0,warmup_context,benign_steady,0.6166481414903813,noop,bbr,Benign warm-up context using benign_steady.
synthetic-deficiency-part2,adv,adv-rtt_insensitivity-006,3,0,warmup_context,benign_steady,0.6166481414903813,noop,bbr,Benign warm-up context using benign_steady.
synthetic-deficiency-part2,adv,adv-rtt_insensitivity-006,4,0,warmup_context,benign_steady,0.6166481414903813,noop,bbr,Benign warm-up context using benign_steady.
synthetic-deficiency-part2,adv,adv-rtt_insensitivity-006,5,0,warmup_context,benign_steady,0.6166481414903813,noop,bbr,Benign warm-up context using benign_steady.
synthetic-deficiency-part2,adv,adv-rtt_insensitivity-006,6,0,warmup_context,benign_steady,0.6166481414903813,noop,bbr,Benign warm-up context using benign_steady.
synthetic-deficiency-part2,adv,adv-rtt_insensitivity-006,7,0,warmup_context,benign_steady,0.6166481414903813,noop,bbr,Benign warm-up context using benign_steady.
synthetic-deficiency-part2,adv,adv-rtt_insensitivity-006,8,1,deficiency,rtt_insensitivity,0.6626400736355897,back_off,cubic,"Sage under-reacts to RTT inflation specifically, keeping its action high even when the path latency grows."
synthetic-deficiency-part2,adv,adv-rtt_insensitivity-006,9,1,deficiency,rtt_insensitivity,0.6626400736355897,back_off,cubic,"Sage under-reacts to RTT inflation specifically, keeping its action high even when the path latency grows."
synthetic-deficiency-part2,adv,adv-rtt_insensitivity-006,10,1,deficiency,rtt_insensitivity,0.6626400736355897,back_off,cubic,"Sage under-reacts to RTT inflation specifically, keeping its action high even when the path latency grows."
synthetic-deficiency-part2,adv,adv-rtt_insensitivity-006,11,1,deficiency,rtt_insensitivity,0.6626400736355897,back_off,cubic,"Sage under-reacts to RTT inflation specifically, keeping its action high even when the path latency grows."
synthetic-deficiency-part2,adv,adv-rtt_insensitivity-006,12,1,deficiency,rtt_insensitivity,0.6626400736355897,back_off,cubic,"Sage under-reacts to RTT inflation specifically, keeping its action high even when the path latency grows."
synthetic-deficiency-part2,adv,adv-rtt_insensitivity-006,13,1,deficiency,rtt_insensitivity,0.6626400736355897,back_off,cubic,"Sage under-reacts to RTT inflation specifically, keeping its action high even when the path latency grows."
synthetic-deficiency-part2,adv,adv-rtt_insensitivity-006,14,1,deficiency,rtt_insensitivity,0.6626400736355897,back_off,cubic,"Sage under-reacts to RTT inflation specifically, keeping its action high even when the path latency grows."
synthetic-deficiency-part2,adv,adv-rtt_insensitivity-006,15,1,deficiency,rtt_insensitivity,0.6626400736355897,back_off,cubic,"Sage under-reacts to RTT inflation specifically, keeping its action high even when the path latency grows."
synthetic-deficiency-part2,adv,adv-rtt_insensitivity-006,16,1,deficiency,rtt_insensitivity,0.6626400736355897,back_off,cubic,"Sage under-reacts to RTT inflation specifically, keeping its action high even when the path latency grows."
synthetic-deficiency-part2,adv,adv-rtt_insensitivity-006,17,1,deficiency,rtt_insensitivity,0.6626400736355897,back_off,cubic,"Sage under-reacts to RTT inflation specifically, keeping its action high even when the path latency grows."
synthetic-deficiency-part2,adv,adv-rtt_insensitivity-006,18,1,deficiency,rtt_insensitivity,0.6626400736355897,back_off,cubic,"Sage under-reacts to RTT inflation specifically, keeping its action high even when the path latency grows."
synthetic-deficiency-part2,adv,adv-rtt_insensitivity-006,19,1,deficiency,rtt_insensitivity,0.6626400736355897,back_off,cubic,"Sage under-reacts to RTT inflation specifically, keeping its action high even when the path latency grows."
synthetic-deficiency-part2,adv,adv-rtt_insensitivity-006,20,1,deficiency,rtt_insensitivity,0.6626400736355897,back_off,cubic,"Sage under-reacts to RTT inflation specifically, keeping its action high even when the path latency grows."
synthetic-deficiency-part2,adv,adv-rtt_insensitivity-006,21,1,deficiency,rtt_insensitivity,0.6626400736355897,back_off,cubic,"Sage under-reacts to RTT inflation specifically, keeping its action high even when the path latency grows."
synthetic-deficiency-part2,adv,adv-rtt_insensitivity-006,22,1,deficiency,rtt_insensitivity,0.6626400736355897,back_off,cubic,"Sage under-reacts to RTT inflation specifically, keeping its action high even when the path latency grows."
synthetic-deficiency-part2,adv,adv-rtt_insensitivity-006,23,1,deficiency,rtt_insensitivity,0.6626400736355897,back_off,cubic,"Sage under-reacts to RTT inflation specifically, keeping its action high even when the path latency grows."
synthetic-deficiency-part2,adv,adv-rtt_insensitivity-006,24,1,deficiency,rtt_insensitivity,0.6626400736355897,back_off,cubic,"Sage under-reacts to RTT inflation specifically, keeping its action high even when the path latency grows."
synthetic-deficiency-part2,adv,adv-rtt_insensitivity-006,25,1,deficiency,rtt_insensitivity,0.6626400736355897,back_off,cubic,"Sage under-reacts to RTT inflation specifically, keeping its action high even when the path latency grows."
synthetic-deficiency-part2,adv,adv-rtt_insensitivity-006,26,1,deficiency,rtt_insensitivity,0.6626400736355897,back_off,cubic,"Sage under-reacts to RTT inflation specifically, keeping its action high even when the path latency grows."
synthetic-deficiency-part2,adv,adv-rtt_insensitivity-006,27,1,deficiency,rtt_insensitivity,0.6626400736355897,back_off,cubic,"Sage under-reacts to RTT inflation specifically, keeping its action high even when the path latency grows."
synthetic-deficiency-part2,adv,adv-rtt_insensitivity-006,28,1,deficiency,rtt_insensitivity,0.6626400736355897,back_off,cubic,"Sage under-reacts to RTT inflation specifically, keeping its action high even when the path latency grows."
synthetic-deficiency-part2,adv,adv-rtt_insensitivity-006,29,1,deficiency,rtt_insensitivity,0.6626400736355897,back_off,cubic,"Sage under-reacts to RTT inflation specifically, keeping its action high even when the path latency grows."
synthetic-deficiency-part2,adv,adv-rtt_insensitivity-006,30,1,deficiency,rtt_insensitivity,0.6626400736355897,back_off,cubic,"Sage under-reacts to RTT inflation specifically, keeping its action high even when the path latency grows."
synthetic-deficiency-part2,adv,adv-rtt_insensitivity-006,31,1,deficiency,rtt_insensitivity,0.6626400736355897,back_off,cubic,"Sage under-reacts to RTT inflation specifically, keeping its action high even when the path latency grows."
synthetic-deficiency-part2,adv,adv-rtt_insensitivity-006,32,1,deficiency,rtt_insensitivity,0.6626400736355897,back_off,cubic,"Sage under-reacts to RTT inflation specifically, keeping its action high even when the path latency grows."
synthetic-deficiency-part2,adv,adv-rtt_insensitivity-006,33,1,deficiency,rtt_insensitivity,0.6626400736355897,back_off,cubic,"Sage under-reacts to RTT inflation specifically, keeping its action high even when the path latency grows."
synthetic-deficiency-part2,adv,adv-rtt_insensitivity-006,34,1,deficiency,rtt_insensitivity,0.6626400736355897,back_off,cubic,"Sage under-reacts to RTT inflation specifically, keeping its action high even when the path latency grows."
synthetic-deficiency-part2,adv,adv-rtt_insensitivity-006,35,1,deficiency,rtt_insensitivity,0.6626400736355897,back_off,cubic,"Sage under-reacts to RTT inflation specifically, keeping its action high even when the path latency grows."
synthetic-deficiency-part2,adv,adv-rtt_insensitivity-006,36,1,deficiency,rtt_insensitivity,0.6626400736355897,back_off,cubic,"Sage under-reacts to RTT inflation specifically, keeping its action high even when the path latency grows."
synthetic-deficiency-part2,adv,adv-rtt_insensitivity-006,37,1,deficiency,rtt_insensitivity,0.6626400736355897,back_off,cubic,"Sage under-reacts to RTT inflation specifically, keeping its action high even when the path latency grows."
synthetic-deficiency-part2,adv,adv-rtt_insensitivity-006,38,1,deficiency,rtt_insensitivity,0.6626400736355897,back_off,cubic,"Sage under-reacts to RTT inflation specifically, keeping its action high even when the path latency grows."
synthetic-deficiency-part2,adv,adv-rtt_insensitivity-006,39,1,deficiency,rtt_insensitivity,0.6626400736355897,back_off,cubic,"Sage under-reacts to RTT inflation specifically, keeping its action high even when the path latency grows."
synthetic-deficiency-part2,adv,adv-rtt_insensitivity-006,40,2,cooldown_context,benign_steady,0.5346221001629776,noop,cubic,Benign cool-down context using benign_steady.
synthetic-deficiency-part2,adv,adv-rtt_insensitivity-006,41,2,cooldown_context,benign_steady,0.5346221001629776,noop,cubic,Benign cool-down context using benign_steady.
synthetic-deficiency-part2,adv,adv-rtt_insensitivity-006,42,2,cooldown_context,benign_steady,0.5346221001629776,noop,cubic,Benign cool-down context using benign_steady.
synthetic-deficiency-part2,adv,adv-rtt_insensitivity-006,43,2,cooldown_context,benign_steady,0.5346221001629776,noop,cubic,Benign cool-down context using benign_steady.
synthetic-deficiency-part2,adv,adv-rtt_insensitivity-006,44,2,cooldown_context,benign_steady,0.5346221001629776,noop,cubic,Benign cool-down context using benign_steady.
synthetic-deficiency-part2,adv,adv-rtt_insensitivity-006,45,2,cooldown_context,benign_steady,0.5346221001629776,noop,cubic,Benign cool-down context using benign_steady.
synthetic-deficiency-part2,adv,adv-rtt_insensitivity-006,46,2,cooldown_context,benign_steady,0.5346221001629776,noop,cubic,Benign cool-down context using benign_steady.
synthetic-deficiency-part2,adv,adv-rtt_insensitivity-006,47,2,cooldown_context,benign_steady,0.5346221001629776,noop,cubic,Benign cool-down context using benign_steady.
synthetic-deficiency-part2,adv,adv-delayed_backoff-007,0,0,warmup_context,benign_steady,0.2535848999921896,noop,bbr,Benign warm-up context using benign_steady.
synthetic-deficiency-part2,adv,adv-delayed_backoff-007,1,0,warmup_context,benign_steady,0.2535848999921896,noop,bbr,Benign warm-up context using benign_steady.
synthetic-deficiency-part2,adv,adv-delayed_backoff-007,2,0,warmup_context,benign_steady,0.2535848999921896,noop,bbr,Benign warm-up context using benign_steady.
synthetic-deficiency-part2,adv,adv-delayed_backoff-007,3,0,warmup_context,benign_steady,0.2535848999921896,noop,bbr,Benign warm-up context using benign_steady.
synthetic-deficiency-part2,adv,adv-delayed_backoff-007,4,0,warmup_context,benign_steady,0.2535848999921896,noop,bbr,Benign warm-up context using benign_steady.
synthetic-deficiency-part2,adv,adv-delayed_backoff-007,5,0,warmup_context,benign_steady,0.2535848999921896,noop,bbr,Benign warm-up context using benign_steady.
synthetic-deficiency-part2,adv,adv-delayed_backoff-007,6,0,warmup_context,benign_steady,0.2535848999921896,noop,bbr,Benign warm-up context using benign_steady.
synthetic-deficiency-part2,adv,adv-delayed_backoff-007,7,0,warmup_context,benign_steady,0.2535848999921896,noop,bbr,Benign warm-up context using benign_steady.
synthetic-deficiency-part2,adv,adv-delayed_backoff-007,8,1,deficiency,delayed_backoff,0.8871304541461656,back_off,reno,"Congestion signals rise rapidly, yet Sage keeps its action elevated instead of backing off promptly."
synthetic-deficiency-part2,adv,adv-delayed_backoff-007,9,1,deficiency,delayed_backoff,0.8871304541461656,back_off,reno,"Congestion signals rise rapidly, yet Sage keeps its action elevated instead of backing off promptly."
synthetic-deficiency-part2,adv,adv-delayed_backoff-007,10,1,deficiency,delayed_backoff,0.8871304541461656,back_off,reno,"Congestion signals rise rapidly, yet Sage keeps its action elevated instead of backing off promptly."
synthetic-deficiency-part2,adv,adv-delayed_backoff-007,11,1,deficiency,delayed_backoff,0.8871304541461656,back_off,reno,"Congestion signals rise rapidly, yet Sage keeps its action elevated instead of backing off promptly."
synthetic-deficiency-part2,adv,adv-delayed_backoff-007,12,1,deficiency,delayed_backoff,0.8871304541461656,back_off,reno,"Congestion signals rise rapidly, yet Sage keeps its action elevated instead of backing off promptly."
synthetic-deficiency-part2,adv,adv-delayed_backoff-007,13,1,deficiency,delayed_backoff,0.8871304541461656,back_off,reno,"Congestion signals rise rapidly, yet Sage keeps its action elevated instead of backing off promptly."
synthetic-deficiency-part2,adv,adv-delayed_backoff-007,14,1,deficiency,delayed_backoff,0.8871304541461656,back_off,reno,"Congestion signals rise rapidly, yet Sage keeps its action elevated instead of backing off promptly."
synthetic-deficiency-part2,adv,adv-delayed_backoff-007,15,1,deficiency,delayed_backoff,0.8871304541461656,back_off,reno,"Congestion signals rise rapidly, yet Sage keeps its action elevated instead of backing off promptly."
synthetic-deficiency-part2,adv,adv-delayed_backoff-007,16,1,deficiency,delayed_backoff,0.8871304541461656,back_off,reno,"Congestion signals rise rapidly, yet Sage keeps its action elevated instead of backing off promptly."
synthetic-deficiency-part2,adv,adv-delayed_backoff-007,17,1,deficiency,delayed_backoff,0.8871304541461656,back_off,reno,"Congestion signals rise rapidly, yet Sage keeps its action elevated instead of backing off promptly."
synthetic-deficiency-part2,adv,adv-delayed_backoff-007,18,1,deficiency,delayed_backoff,0.8871304541461656,back_off,reno,"Congestion signals rise rapidly, yet Sage keeps its action elevated instead of backing off promptly."
synthetic-deficiency-part2,adv,adv-delayed_backoff-007,19,1,deficiency,delayed_backoff,0.8871304541461656,back_off,reno,"Congestion signals rise rapidly, yet Sage keeps its action elevated instead of backing off promptly."
synthetic-deficiency-part2,adv,adv-delayed_backoff-007,20,1,deficiency,delayed_backoff,0.8871304541461656,back_off,reno,"Congestion signals rise rapidly, yet Sage keeps its action elevated instead of backing off promptly."
synthetic-deficiency-part2,adv,adv-delayed_backoff-007,21,1,deficiency,delayed_backoff,0.8871304541461656,back_off,reno,"Congestion signals rise rapidly, yet Sage keeps its action elevated instead of backing off promptly."
synthetic-deficiency-part2,adv,adv-delayed_backoff-007,22,1,deficiency,delayed_backoff,0.8871304541461656,back_off,reno,"Congestion signals rise rapidly, yet Sage keeps its action elevated instead of backing off promptly."
synthetic-deficiency-part2,adv,adv-delayed_backoff-007,23,1,deficiency,delayed_backoff,0.8871304541461656,back_off,reno,"Congestion signals rise rapidly, yet Sage keeps its action elevated instead of backing off promptly."
synthetic-deficiency-part2,adv,adv-delayed_backoff-007,24,1,deficiency,delayed_backoff,0.8871304541461656,back_off,reno,"Congestion signals rise rapidly, yet Sage keeps its action elevated instead of backing off promptly."
synthetic-deficiency-part2,adv,adv-delayed_backoff-007,25,1,deficiency,delayed_backoff,0.8871304541461656,back_off,reno,"Congestion signals rise rapidly, yet Sage keeps its action elevated instead of backing off promptly."
synthetic-deficiency-part2,adv,adv-delayed_backoff-007,26,1,deficiency,delayed_backoff,0.8871304541461656,back_off,reno,"Congestion signals rise rapidly, yet Sage keeps its action elevated instead of backing off promptly."
synthetic-deficiency-part2,adv,adv-delayed_backoff-007,27,1,deficiency,delayed_backoff,0.8871304541461656,back_off,reno,"Congestion signals rise rapidly, yet Sage keeps its action elevated instead of backing off promptly."
synthetic-deficiency-part2,adv,adv-delayed_backoff-007,28,1,deficiency,delayed_backoff,0.8871304541461656,back_off,reno,"Congestion signals rise rapidly, yet Sage keeps its action elevated instead of backing off promptly."
synthetic-deficiency-part2,adv,adv-delayed_backoff-007,29,1,deficiency,delayed_backoff,0.8871304541461656,back_off,reno,"Congestion signals rise rapidly, yet Sage keeps its action elevated instead of backing off promptly."
synthetic-deficiency-part2,adv,adv-delayed_backoff-007,30,1,deficiency,delayed_backoff,0.8871304541461656,back_off,reno,"Congestion signals rise rapidly, yet Sage keeps its action elevated instead of backing off promptly."
synthetic-deficiency-part2,adv,adv-delayed_backoff-007,31,1,deficiency,delayed_backoff,0.8871304541461656,back_off,reno,"Congestion signals rise rapidly, yet Sage keeps its action elevated instead of backing off promptly."
synthetic-deficiency-part2,adv,adv-delayed_backoff-007,32,1,deficiency,delayed_backoff,0.8871304541461656,back_off,reno,"Congestion signals rise rapidly, yet Sage keeps its action elevated instead of backing off promptly."
synthetic-deficiency-part2,adv,adv-delayed_backoff-007,33,1,deficiency,delayed_backoff,0.8871304541461656,back_off,reno,"Congestion signals rise rapidly, yet Sage keeps its action elevated instead of backing off promptly."
synthetic-deficiency-part2,adv,adv-delayed_backoff-007,34,1,deficiency,delayed_backoff,0.8871304541461656,back_off,reno,"Congestion signals rise rapidly, yet Sage keeps its action elevated instead of backing off promptly."
synthetic-deficiency-part2,adv,adv-delayed_backoff-007,35,1,deficiency,delayed_backoff,0.8871304541461656,back_off,reno,"Congestion signals rise rapidly, yet Sage keeps its action elevated instead of backing off promptly."
synthetic-deficiency-part2,adv,adv-delayed_backoff-007,36,1,deficiency,delayed_backoff,0.8871304541461656,back_off,reno,"Congestion signals rise rapidly, yet Sage keeps its action elevated instead of backing off promptly."
synthetic-deficiency-part2,adv,adv-delayed_backoff-007,37,1,deficiency,delayed_backoff,0.8871304541461656,back_off,reno,"Congestion signals rise rapidly, yet Sage keeps its action elevated instead of backing off promptly."
synthetic-deficiency-part2,adv,adv-delayed_backoff-007,38,1,deficiency,delayed_backoff,0.8871304541461656,back_off,reno,"Congestion signals rise rapidly, yet Sage keeps its action elevated instead of backing off promptly."
synthetic-deficiency-part2,adv,adv-delayed_backoff-007,39,1,deficiency,delayed_backoff,0.8871304541461656,back_off,reno,"Congestion signals rise rapidly, yet Sage keeps its action elevated instead of backing off promptly."
synthetic-deficiency-part2,adv,adv-delayed_backoff-007,40,2,cooldown_context,benign_steady,0.5001318595857618,noop,cubic,Benign cool-down context using benign_steady.
synthetic-deficiency-part2,adv,adv-delayed_backoff-007,41,2,cooldown_context,benign_steady,0.5001318595857618,noop,cubic,Benign cool-down context using benign_steady.
synthetic-deficiency-part2,adv,adv-delayed_backoff-007,42,2,cooldown_context,benign_steady,0.5001318595857618,noop,cubic,Benign cool-down context using benign_steady.
synthetic-deficiency-part2,adv,adv-delayed_backoff-007,43,2,cooldown_context,benign_steady,0.5001318595857618,noop,cubic,Benign cool-down context using benign_steady.
synthetic-deficiency-part2,adv,adv-delayed_backoff-007,44,2,cooldown_context,benign_steady,0.5001318595857618,noop,cubic,Benign cool-down context using benign_steady.
synthetic-deficiency-part2,adv,adv-delayed_backoff-007,45,2,cooldown_context,benign_steady,0.5001318595857618,noop,cubic,Benign cool-down context using benign_steady.
synthetic-deficiency-part2,adv,adv-delayed_backoff-007,46,2,cooldown_context,benign_steady,0.5001318595857618,noop,cubic,Benign cool-down context using benign_steady.
synthetic-deficiency-part2,adv,adv-delayed_backoff-007,47,2,cooldown_context,benign_steady,0.5001318595857618,noop,cubic,Benign cool-down context using benign_steady.
synthetic-deficiency-part2,adv,adv-under_aggressiveness-008,0,0,warmup_context,benign_steady,0.27070898677356875,noop,bbr,Benign warm-up context using benign_steady.
synthetic-deficiency-part2,adv,adv-under_aggressiveness-008,1,0,warmup_context,benign_steady,0.27070898677356875,noop,bbr,Benign warm-up context using benign_steady.
synthetic-deficiency-part2,adv,adv-under_aggressiveness-008,2,0,warmup_context,benign_steady,0.27070898677356875,noop,bbr,Benign warm-up context using benign_steady.
synthetic-deficiency-part2,adv,adv-under_aggressiveness-008,3,0,warmup_context,benign_steady,0.27070898677356875,noop,bbr,Benign warm-up context using benign_steady.
synthetic-deficiency-part2,adv,adv-under_aggressiveness-008,4,0,warmup_context,benign_steady,0.27070898677356875,noop,bbr,Benign warm-up context using benign_steady.
synthetic-deficiency-part2,adv,adv-under_aggressiveness-008,5,0,warmup_context,benign_steady,0.27070898677356875,noop,bbr,Benign warm-up context using benign_steady.
synthetic-deficiency-part2,adv,adv-under_aggressiveness-008,6,0,warmup_context,benign_steady,0.27070898677356875,noop,bbr,Benign warm-up context using benign_steady.
synthetic-deficiency-part2,adv,adv-under_aggressiveness-008,7,0,warmup_context,benign_steady,0.27070898677356875,noop,bbr,Benign warm-up context using benign_steady.
synthetic-deficiency-part2,adv,adv-under_aggressiveness-008,8,1,deficiency,under_aggressiveness,0.918927780745215,push_harder,bbr,"Sage keeps its action too low despite favorable RTT, low loss, and available delivery-rate headroom."
synthetic-deficiency-part2,adv,adv-under_aggressiveness-008,9,1,deficiency,under_aggressiveness,0.918927780745215,push_harder,bbr,"Sage keeps its action too low despite favorable RTT, low loss, and available delivery-rate headroom."
synthetic-deficiency-part2,adv,adv-under_aggressiveness-008,10,1,deficiency,under_aggressiveness,0.918927780745215,push_harder,bbr,"Sage keeps its action too low despite favorable RTT, low loss, and available delivery-rate headroom."
synthetic-deficiency-part2,adv,adv-under_aggressiveness-008,11,1,deficiency,under_aggressiveness,0.918927780745215,push_harder,bbr,"Sage keeps its action too low despite favorable RTT, low loss, and available delivery-rate headroom."
synthetic-deficiency-part2,adv,adv-under_aggressiveness-008,12,1,deficiency,under_aggressiveness,0.918927780745215,push_harder,bbr,"Sage keeps its action too low despite favorable RTT, low loss, and available delivery-rate headroom."
synthetic-deficiency-part2,adv,adv-under_aggressiveness-008,13,1,deficiency,under_aggressiveness,0.918927780745215,push_harder,bbr,"Sage keeps its action too low despite favorable RTT, low loss, and available delivery-rate headroom."
synthetic-deficiency-part2,adv,adv-under_aggressiveness-008,14,1,deficiency,under_aggressiveness,0.918927780745215,push_harder,bbr,"Sage keeps its action too low despite favorable RTT, low loss, and available delivery-rate headroom."
synthetic-deficiency-part2,adv,adv-under_aggressiveness-008,15,1,deficiency,under_aggressiveness,0.918927780745215,push_harder,bbr,"Sage keeps its action too low despite favorable RTT, low loss, and available delivery-rate headroom."
synthetic-deficiency-part2,adv,adv-under_aggressiveness-008,16,1,deficiency,under_aggressiveness,0.918927780745215,push_harder,bbr,"Sage keeps its action too low despite favorable RTT, low loss, and available delivery-rate headroom."
synthetic-deficiency-part2,adv,adv-under_aggressiveness-008,17,1,deficiency,under_aggressiveness,0.918927780745215,push_harder,bbr,"Sage keeps its action too low despite favorable RTT, low loss, and available delivery-rate headroom."
synthetic-deficiency-part2,adv,adv-under_aggressiveness-008,18,1,deficiency,under_aggressiveness,0.918927780745215,push_harder,bbr,"Sage keeps its action too low despite favorable RTT, low loss, and available delivery-rate headroom."
synthetic-deficiency-part2,adv,adv-under_aggressiveness-008,19,1,deficiency,under_aggressiveness,0.918927780745215,push_harder,bbr,"Sage keeps its action too low despite favorable RTT, low loss, and available delivery-rate headroom."
synthetic-deficiency-part2,adv,adv-under_aggressiveness-008,20,1,deficiency,under_aggressiveness,0.918927780745215,push_harder,bbr,"Sage keeps its action too low despite favorable RTT, low loss, and available delivery-rate headroom."
synthetic-deficiency-part2,adv,adv-under_aggressiveness-008,21,1,deficiency,under_aggressiveness,0.918927780745215,push_harder,bbr,"Sage keeps its action too low despite favorable RTT, low loss, and available delivery-rate headroom."
synthetic-deficiency-part2,adv,adv-under_aggressiveness-008,22,1,deficiency,under_aggressiveness,0.918927780745215,push_harder,bbr,"Sage keeps its action too low despite favorable RTT, low loss, and available delivery-rate headroom."
synthetic-deficiency-part2,adv,adv-under_aggressiveness-008,23,1,deficiency,under_aggressiveness,0.918927780745215,push_harder,bbr,"Sage keeps its action too low despite favorable RTT, low loss, and available delivery-rate headroom."
synthetic-deficiency-part2,adv,adv-under_aggressiveness-008,24,1,deficiency,under_aggressiveness,0.918927780745215,push_harder,bbr,"Sage keeps its action too low despite favorable RTT, low loss, and available delivery-rate headroom."
synthetic-deficiency-part2,adv,adv-under_aggressiveness-008,25,1,deficiency,under_aggressiveness,0.918927780745215,push_harder,bbr,"Sage keeps its action too low despite favorable RTT, low loss, and available delivery-rate headroom."
synthetic-deficiency-part2,adv,adv-under_aggressiveness-008,26,1,deficiency,under_aggressiveness,0.918927780745215,push_harder,bbr,"Sage keeps its action too low despite favorable RTT, low loss, and available delivery-rate headroom."
synthetic-deficiency-part2,adv,adv-under_aggressiveness-008,27,1,deficiency,under_aggressiveness,0.918927780745215,push_harder,bbr,"Sage keeps its action too low despite favorable RTT, low loss, and available delivery-rate headroom."
synthetic-deficiency-part2,adv,adv-under_aggressiveness-008,28,1,deficiency,under_aggressiveness,0.918927780745215,push_harder,bbr,"Sage keeps its action too low despite favorable RTT, low loss, and available delivery-rate headroom."
synthetic-deficiency-part2,adv,adv-under_aggressiveness-008,29,1,deficiency,under_aggressiveness,0.918927780745215,push_harder,bbr,"Sage keeps its action too low despite favorable RTT, low loss, and available delivery-rate headroom."
synthetic-deficiency-part2,adv,adv-under_aggressiveness-008,30,1,deficiency,under_aggressiveness,0.918927780745215,push_harder,bbr,"Sage keeps its action too low despite favorable RTT, low loss, and available delivery-rate headroom."
synthetic-deficiency-part2,adv,adv-under_aggressiveness-008,31,1,deficiency,under_aggressiveness,0.918927780745215,push_harder,bbr,"Sage keeps its action too low despite favorable RTT, low loss, and available delivery-rate headroom."
synthetic-deficiency-part2,adv,adv-under_aggressiveness-008,32,1,deficiency,under_aggressiveness,0.918927780745215,push_harder,bbr,"Sage keeps its action too low despite favorable RTT, low loss, and available delivery-rate headroom."
synthetic-deficiency-part2,adv,adv-under_aggressiveness-008,33,1,deficiency,under_aggressiveness,0.918927780745215,push_harder,bbr,"Sage keeps its action too low despite favorable RTT, low loss, and available delivery-rate headroom."
synthetic-deficiency-part2,adv,adv-under_aggressiveness-008,34,1,deficiency,under_aggressiveness,0.918927780745215,push_harder,bbr,"Sage keeps its action too low despite favorable RTT, low loss, and available delivery-rate headroom."
synthetic-deficiency-part2,adv,adv-under_aggressiveness-008,35,1,deficiency,under_aggressiveness,0.918927780745215,push_harder,bbr,"Sage keeps its action too low despite favorable RTT, low loss, and available delivery-rate headroom."
synthetic-deficiency-part2,adv,adv-under_aggressiveness-008,36,1,deficiency,under_aggressiveness,0.918927780745215,push_harder,bbr,"Sage keeps its action too low despite favorable RTT, low loss, and available delivery-rate headroom."
synthetic-deficiency-part2,adv,adv-under_aggressiveness-008,37,1,deficiency,under_aggressiveness,0.918927780745215,push_harder,bbr,"Sage keeps its action too low despite favorable RTT, low loss, and available delivery-rate headroom."
synthetic-deficiency-part2,adv,adv-under_aggressiveness-008,38,1,deficiency,under_aggressiveness,0.918927780745215,push_harder,bbr,"Sage keeps its action too low despite favorable RTT, low loss, and available delivery-rate headroom."
synthetic-deficiency-part2,adv,adv-under_aggressiveness-008,39,1,deficiency,under_aggressiveness,0.918927780745215,push_harder,bbr,"Sage keeps its action too low despite favorable RTT, low loss, and available delivery-rate headroom."
synthetic-deficiency-part2,adv,adv-under_aggressiveness-008,40,2,cooldown_context,benign_steady,0.25893876711959385,noop,cubic,Benign cool-down context using benign_steady.
synthetic-deficiency-part2,adv,adv-under_aggressiveness-008,41,2,cooldown_context,benign_steady,0.25893876711959385,noop,cubic,Benign cool-down context using benign_steady.
synthetic-deficiency-part2,adv,adv-under_aggressiveness-008,42,2,cooldown_context,benign_steady,0.25893876711959385,noop,cubic,Benign cool-down context using benign_steady.
synthetic-deficiency-part2,adv,adv-under_aggressiveness-008,43,2,cooldown_context,benign_steady,0.25893876711959385,noop,cubic,Benign cool-down context using benign_steady.
synthetic-deficiency-part2,adv,adv-under_aggressiveness-008,44,2,cooldown_context,benign_steady,0.25893876711959385,noop,cubic,Benign cool-down context using benign_steady.
synthetic-deficiency-part2,adv,adv-under_aggressiveness-008,45,2,cooldown_context,benign_steady,0.25893876711959385,noop,cubic,Benign cool-down context using benign_steady.
synthetic-deficiency-part2,adv,adv-under_aggressiveness-008,46,2,cooldown_context,benign_steady,0.25893876711959385,noop,cubic,Benign cool-down context using benign_steady.
synthetic-deficiency-part2,adv,adv-under_aggressiveness-008,47,2,cooldown_context,benign_steady,0.25893876711959385,noop,cubic,Benign cool-down context using benign_steady.
synthetic-deficiency-part2,adv,adv-rtt_insensitivity-009,0,0,warmup_context,benign_steady,0.3132850523504956,noop,bbr,Benign warm-up context using benign_steady.
synthetic-deficiency-part2,adv,adv-rtt_insensitivity-009,1,0,warmup_context,benign_steady,0.3132850523504956,noop,bbr,Benign warm-up context using benign_steady.
synthetic-deficiency-part2,adv,adv-rtt_insensitivity-009,2,0,warmup_context,benign_steady,0.3132850523504956,noop,bbr,Benign warm-up context using benign_steady.
synthetic-deficiency-part2,adv,adv-rtt_insensitivity-009,3,0,warmup_context,benign_steady,0.3132850523504956,noop,bbr,Benign warm-up context using benign_steady.
synthetic-deficiency-part2,adv,adv-rtt_insensitivity-009,4,0,warmup_context,benign_steady,0.3132850523504956,noop,bbr,Benign warm-up context using benign_steady.
synthetic-deficiency-part2,adv,adv-rtt_insensitivity-009,5,0,warmup_context,benign_steady,0.3132850523504956,noop,bbr,Benign warm-up context using benign_steady.
synthetic-deficiency-part2,adv,adv-rtt_insensitivity-009,6,0,warmup_context,benign_steady,0.3132850523504956,noop,bbr,Benign warm-up context using benign_steady.
synthetic-deficiency-part2,adv,adv-rtt_insensitivity-009,7,0,warmup_context,benign_steady,0.3132850523504956,noop,bbr,Benign warm-up context using benign_steady.
synthetic-deficiency-part2,adv,adv-rtt_insensitivity-009,8,1,deficiency,rtt_insensitivity,0.8241574807071573,back_off,cubic,"Sage under-reacts to RTT inflation specifically, keeping its action high even when the path latency grows."
synthetic-deficiency-part2,adv,adv-rtt_insensitivity-009,9,1,deficiency,rtt_insensitivity,0.8241574807071573,back_off,cubic,"Sage under-reacts to RTT inflation specifically, keeping its action high even when the path latency grows."
synthetic-deficiency-part2,adv,adv-rtt_insensitivity-009,10,1,deficiency,rtt_insensitivity,0.8241574807071573,back_off,cubic,"Sage under-reacts to RTT inflation specifically, keeping its action high even when the path latency grows."
synthetic-deficiency-part2,adv,adv-rtt_insensitivity-009,11,1,deficiency,rtt_insensitivity,0.8241574807071573,back_off,cubic,"Sage under-reacts to RTT inflation specifically, keeping its action high even when the path latency grows."
synthetic-deficiency-part2,adv,adv-rtt_insensitivity-009,12,1,deficiency,rtt_insensitivity,0.8241574807071573,back_off,cubic,"Sage under-reacts to RTT inflation specifically, keeping its action high even when the path latency grows."
synthetic-deficiency-part2,adv,adv-rtt_insensitivity-009,13,1,deficiency,rtt_insensitivity,0.8241574807071573,back_off,cubic,"Sage under-reacts to RTT inflation specifically, keeping its action high even when the path latency grows."
synthetic-deficiency-part2,adv,adv-rtt_insensitivity-009,14,1,deficiency,rtt_insensitivity,0.8241574807071573,back_off,cubic,"Sage under-reacts to RTT inflation specifically, keeping its action high even when the path latency grows."
synthetic-deficiency-part2,adv,adv-rtt_insensitivity-009,15,1,deficiency,rtt_insensitivity,0.8241574807071573,back_off,cubic,"Sage under-reacts to RTT inflation specifically, keeping its action high even when the path latency grows."
synthetic-deficiency-part2,adv,adv-rtt_insensitivity-009,16,1,deficiency,rtt_insensitivity,0.8241574807071573,back_off,cubic,"Sage under-reacts to RTT inflation specifically, keeping its action high even when the path latency grows."
synthetic-deficiency-part2,adv,adv-rtt_insensitivity-009,17,1,deficiency,rtt_insensitivity,0.8241574807071573,back_off,cubic,"Sage under-reacts to RTT inflation specifically, keeping its action high even when the path latency grows."
synthetic-deficiency-part2,adv,adv-rtt_insensitivity-009,18,1,deficiency,rtt_insensitivity,0.8241574807071573,back_off,cubic,"Sage under-reacts to RTT inflation specifically, keeping its action high even when the path latency grows."
synthetic-deficiency-part2,adv,adv-rtt_insensitivity-009,19,1,deficiency,rtt_insensitivity,0.8241574807071573,back_off,cubic,"Sage under-reacts to RTT inflation specifically, keeping its action high even when the path latency grows."
synthetic-deficiency-part2,adv,adv-rtt_insensitivity-009,20,1,deficiency,rtt_insensitivity,0.8241574807071573,back_off,cubic,"Sage under-reacts to RTT inflation specifically, keeping its action high even when the path latency grows."
synthetic-deficiency-part2,adv,adv-rtt_insensitivity-009,21,1,deficiency,rtt_insensitivity,0.8241574807071573,back_off,cubic,"Sage under-reacts to RTT inflation specifically, keeping its action high even when the path latency grows."
synthetic-deficiency-part2,adv,adv-rtt_insensitivity-009,22,1,deficiency,rtt_insensitivity,0.8241574807071573,back_off,cubic,"Sage under-reacts to RTT inflation specifically, keeping its action high even when the path latency grows."
synthetic-deficiency-part2,adv,adv-rtt_insensitivity-009,23,1,deficiency,rtt_insensitivity,0.8241574807071573,back_off,cubic,"Sage under-reacts to RTT inflation specifically, keeping its action high even when the path latency grows."
synthetic-deficiency-part2,adv,adv-rtt_insensitivity-009,24,1,deficiency,rtt_insensitivity,0.8241574807071573,back_off,cubic,"Sage under-reacts to RTT inflation specifically, keeping its action high even when the path latency grows."
synthetic-deficiency-part2,adv,adv-rtt_insensitivity-009,25,1,deficiency,rtt_insensitivity,0.8241574807071573,back_off,cubic,"Sage under-reacts to RTT inflation specifically, keeping its action high even when the path latency grows."
synthetic-deficiency-part2,adv,adv-rtt_insensitivity-009,26,1,deficiency,rtt_insensitivity,0.8241574807071573,back_off,cubic,"Sage under-reacts to RTT inflation specifically, keeping its action high even when the path latency grows."
synthetic-deficiency-part2,adv,adv-rtt_insensitivity-009,27,1,deficiency,rtt_insensitivity,0.8241574807071573,back_off,cubic,"Sage under-reacts to RTT inflation specifically, keeping its action high even when the path latency grows."
synthetic-deficiency-part2,adv,adv-rtt_insensitivity-009,28,1,deficiency,rtt_insensitivity,0.8241574807071573,back_off,cubic,"Sage under-reacts to RTT inflation specifically, keeping its action high even when the path latency grows."
synthetic-deficiency-part2,adv,adv-rtt_insensitivity-009,29,1,deficiency,rtt_insensitivity,0.8241574807071573,back_off,cubic,"Sage under-reacts to RTT inflation specifically, keeping its action high even when the path latency grows."
synthetic-deficiency-part2,adv,adv-rtt_insensitivity-009,30,1,deficiency,rtt_insensitivity,0.8241574807071573,back_off,cubic,"Sage under-reacts to RTT inflation specifically, keeping its action high even when the path latency grows."
synthetic-deficiency-part2,adv,adv-rtt_insensitivity-009,31,1,deficiency,rtt_insensitivity,0.8241574807071573,back_off,cubic,"Sage under-reacts to RTT inflation specifically, keeping its action high even when the path latency grows."
synthetic-deficiency-part2,adv,adv-rtt_insensitivity-009,32,1,deficiency,rtt_insensitivity,0.8241574807071573,back_off,cubic,"Sage under-reacts to RTT inflation specifically, keeping its action high even when the path latency grows."
synthetic-deficiency-part2,adv,adv-rtt_insensitivity-009,33,1,deficiency,rtt_insensitivity,0.8241574807071573,back_off,cubic,"Sage under-reacts to RTT inflation specifically, keeping its action high even when the path latency grows."
synthetic-deficiency-part2,adv,adv-rtt_insensitivity-009,34,1,deficiency,rtt_insensitivity,0.8241574807071573,back_off,cubic,"Sage under-reacts to RTT inflation specifically, keeping its action high even when the path latency grows."
synthetic-deficiency-part2,adv,adv-rtt_insensitivity-009,35,1,deficiency,rtt_insensitivity,0.8241574807071573,back_off,cubic,"Sage under-reacts to RTT inflation specifically, keeping its action high even when the path latency grows."
synthetic-deficiency-part2,adv,adv-rtt_insensitivity-009,36,1,deficiency,rtt_insensitivity,0.8241574807071573,back_off,cubic,"Sage under-reacts to RTT inflation specifically, keeping its action high even when the path latency grows."
synthetic-deficiency-part2,adv,adv-rtt_insensitivity-009,37,1,deficiency,rtt_insensitivity,0.8241574807071573,back_off,cubic,"Sage under-reacts to RTT inflation specifically, keeping its action high even when the path latency grows."
synthetic-deficiency-part2,adv,adv-rtt_insensitivity-009,38,1,deficiency,rtt_insensitivity,0.8241574807071573,back_off,cubic,"Sage under-reacts to RTT inflation specifically, keeping its action high even when the path latency grows."
synthetic-deficiency-part2,adv,adv-rtt_insensitivity-009,39,1,deficiency,rtt_insensitivity,0.8241574807071573,back_off,cubic,"Sage under-reacts to RTT inflation specifically, keeping its action high even when the path latency grows."
synthetic-deficiency-part2,adv,adv-rtt_insensitivity-009,40,2,cooldown_context,benign_steady,0.6461854353732863,noop,cubic,Benign cool-down context using benign_steady.
synthetic-deficiency-part2,adv,adv-rtt_insensitivity-009,41,2,cooldown_context,benign_steady,0.6461854353732863,noop,cubic,Benign cool-down context using benign_steady.
synthetic-deficiency-part2,adv,adv-rtt_insensitivity-009,42,2,cooldown_context,benign_steady,0.6461854353732863,noop,cubic,Benign cool-down context using benign_steady.
synthetic-deficiency-part2,adv,adv-rtt_insensitivity-009,43,2,cooldown_context,benign_steady,0.6461854353732863,noop,cubic,Benign cool-down context using benign_steady.
synthetic-deficiency-part2,adv,adv-rtt_insensitivity-009,44,2,cooldown_context,benign_steady,0.6461854353732863,noop,cubic,Benign cool-down context using benign_steady.
synthetic-deficiency-part2,adv,adv-rtt_insensitivity-009,45,2,cooldown_context,benign_steady,0.6461854353732863,noop,cubic,Benign cool-down context using benign_steady.
synthetic-deficiency-part2,adv,adv-rtt_insensitivity-009,46,2,cooldown_context,benign_steady,0.6461854353732863,noop,cubic,Benign cool-down context using benign_steady.
synthetic-deficiency-part2,adv,adv-rtt_insensitivity-009,47,2,cooldown_context,benign_steady,0.6461854353732863,noop,cubic,Benign cool-down context using benign_steady.
synthetic-deficiency-part2,adv,adv-rtt_insensitivity-010,0,0,warmup_context,benign_steady,0.6029373171178358,noop,bbr,Benign warm-up context using benign_steady.
synthetic-deficiency-part2,adv,adv-rtt_insensitivity-010,1,0,warmup_context,benign_steady,0.6029373171178358,noop,bbr,Benign warm-up context using benign_steady.
synthetic-deficiency-part2,adv,adv-rtt_insensitivity-010,2,0,warmup_context,benign_steady,0.6029373171178358,noop,bbr,Benign warm-up context using benign_steady.
synthetic-deficiency-part2,adv,adv-rtt_insensitivity-010,3,0,warmup_context,benign_steady,0.6029373171178358,noop,bbr,Benign warm-up context using benign_steady.
synthetic-deficiency-part2,adv,adv-rtt_insensitivity-010,4,0,warmup_context,benign_steady,0.6029373171178358,noop,bbr,Benign warm-up context using benign_steady.
synthetic-deficiency-part2,adv,adv-rtt_insensitivity-010,5,0,warmup_context,benign_steady,0.6029373171178358,noop,bbr,Benign warm-up context using benign_steady.
synthetic-deficiency-part2,adv,adv-rtt_insensitivity-010,6,0,warmup_context,benign_steady,0.6029373171178358,noop,bbr,Benign warm-up context using benign_steady.
synthetic-deficiency-part2,adv,adv-rtt_insensitivity-010,7,0,warmup_context,benign_steady,0.6029373171178358,noop,bbr,Benign warm-up context using benign_steady.
synthetic-deficiency-part2,adv,adv-rtt_insensitivity-010,8,1,deficiency,rtt_insensitivity,0.9632157397834351,back_off,cubic,"Sage under-reacts to RTT inflation specifically, keeping its action high even when the path latency grows."
synthetic-deficiency-part2,adv,adv-rtt_insensitivity-010,9,1,deficiency,rtt_insensitivity,0.9632157397834351,back_off,cubic,"Sage under-reacts to RTT inflation specifically, keeping its action high even when the path latency grows."
synthetic-deficiency-part2,adv,adv-rtt_insensitivity-010,10,1,deficiency,rtt_insensitivity,0.9632157397834351,back_off,cubic,"Sage under-reacts to RTT inflation specifically, keeping its action high even when the path latency grows."
synthetic-deficiency-part2,adv,adv-rtt_insensitivity-010,11,1,deficiency,rtt_insensitivity,0.9632157397834351,back_off,cubic,"Sage under-reacts to RTT inflation specifically, keeping its action high even when the path latency grows."
synthetic-deficiency-part2,adv,adv-rtt_insensitivity-010,12,1,deficiency,rtt_insensitivity,0.9632157397834351,back_off,cubic,"Sage under-reacts to RTT inflation specifically, keeping its action high even when the path latency grows."
synthetic-deficiency-part2,adv,adv-rtt_insensitivity-010,13,1,deficiency,rtt_insensitivity,0.9632157397834351,back_off,cubic,"Sage under-reacts to RTT inflation specifically, keeping its action high even when the path latency grows."
synthetic-deficiency-part2,adv,adv-rtt_insensitivity-010,14,1,deficiency,rtt_insensitivity,0.9632157397834351,back_off,cubic,"Sage under-reacts to RTT inflation specifically, keeping its action high even when the path latency grows."
synthetic-deficiency-part2,adv,adv-rtt_insensitivity-010,15,1,deficiency,rtt_insensitivity,0.9632157397834351,back_off,cubic,"Sage under-reacts to RTT inflation specifically, keeping its action high even when the path latency grows."
synthetic-deficiency-part2,adv,adv-rtt_insensitivity-010,16,1,deficiency,rtt_insensitivity,0.9632157397834351,back_off,cubic,"Sage under-reacts to RTT inflation specifically, keeping its action high even when the path latency grows."
synthetic-deficiency-part2,adv,adv-rtt_insensitivity-010,17,1,deficiency,rtt_insensitivity,0.9632157397834351,back_off,cubic,"Sage under-reacts to RTT inflation specifically, keeping its action high even when the path latency grows."
synthetic-deficiency-part2,adv,adv-rtt_insensitivity-010,18,1,deficiency,rtt_insensitivity,0.9632157397834351,back_off,cubic,"Sage under-reacts to RTT inflation specifically, keeping its action high even when the path latency grows."
synthetic-deficiency-part2,adv,adv-rtt_insensitivity-010,19,1,deficiency,rtt_insensitivity,0.9632157397834351,back_off,cubic,"Sage under-reacts to RTT inflation specifically, keeping its action high even when the path latency grows."
synthetic-deficiency-part2,adv,adv-rtt_insensitivity-010,20,1,deficiency,rtt_insensitivity,0.9632157397834351,back_off,cubic,"Sage under-reacts to RTT inflation specifically, keeping its action high even when the path latency grows."
synthetic-deficiency-part2,adv,adv-rtt_insensitivity-010,21,1,deficiency,rtt_insensitivity,0.9632157397834351,back_off,cubic,"Sage under-reacts to RTT inflation specifically, keeping its action high even when the path latency grows."
synthetic-deficiency-part2,adv,adv-rtt_insensitivity-010,22,1,deficiency,rtt_insensitivity,0.9632157397834351,back_off,cubic,"Sage under-reacts to RTT inflation specifically, keeping its action high even when the path latency grows."
synthetic-deficiency-part2,adv,adv-rtt_insensitivity-010,23,1,deficiency,rtt_insensitivity,0.9632157397834351,back_off,cubic,"Sage under-reacts to RTT inflation specifically, keeping its action high even when the path latency grows."
synthetic-deficiency-part2,adv,adv-rtt_insensitivity-010,24,1,deficiency,rtt_insensitivity,0.9632157397834351,back_off,cubic,"Sage under-reacts to RTT inflation specifically, keeping its action high even when the path latency grows."
synthetic-deficiency-part2,adv,adv-rtt_insensitivity-010,25,1,deficiency,rtt_insensitivity,0.9632157397834351,back_off,cubic,"Sage under-reacts to RTT inflation specifically, keeping its action high even when the path latency grows."
synthetic-deficiency-part2,adv,adv-rtt_insensitivity-010,26,1,deficiency,rtt_insensitivity,0.9632157397834351,back_off,cubic,"Sage under-reacts to RTT inflation specifically, keeping its action high even when the path latency grows."
synthetic-deficiency-part2,adv,adv-rtt_insensitivity-010,27,1,deficiency,rtt_insensitivity,0.9632157397834351,back_off,cubic,"Sage under-reacts to RTT inflation specifically, keeping its action high even when the path latency grows."
synthetic-deficiency-part2,adv,adv-rtt_insensitivity-010,28,1,deficiency,rtt_insensitivity,0.9632157397834351,back_off,cubic,"Sage under-reacts to RTT inflation specifically, keeping its action high even when the path latency grows."
synthetic-deficiency-part2,adv,adv-rtt_insensitivity-010,29,1,deficiency,rtt_insensitivity,0.9632157397834351,back_off,cubic,"Sage under-reacts to RTT inflation specifically, keeping its action high even when the path latency grows."
synthetic-deficiency-part2,adv,adv-rtt_insensitivity-010,30,1,deficiency,rtt_insensitivity,0.9632157397834351,back_off,cubic,"Sage under-reacts to RTT inflation specifically, keeping its action high even when the path latency grows."
synthetic-deficiency-part2,adv,adv-rtt_insensitivity-010,31,1,deficiency,rtt_insensitivity,0.9632157397834351,back_off,cubic,"Sage under-reacts to RTT inflation specifically, keeping its action high even when the path latency grows."
synthetic-deficiency-part2,adv,adv-rtt_insensitivity-010,32,1,deficiency,rtt_insensitivity,0.9632157397834351,back_off,cubic,"Sage under-reacts to RTT inflation specifically, keeping its action high even when the path latency grows."
synthetic-deficiency-part2,adv,adv-rtt_insensitivity-010,33,1,deficiency,rtt_insensitivity,0.9632157397834351,back_off,cubic,"Sage under-reacts to RTT inflation specifically, keeping its action high even when the path latency grows."
synthetic-deficiency-part2,adv,adv-rtt_insensitivity-010,34,1,deficiency,rtt_insensitivity,0.9632157397834351,back_off,cubic,"Sage under-reacts to RTT inflation specifically, keeping its action high even when the path latency grows."
synthetic-deficiency-part2,adv,adv-rtt_insensitivity-010,35,1,deficiency,rtt_insensitivity,0.9632157397834351,back_off,cubic,"Sage under-reacts to RTT inflation specifically, keeping its action high even when the path latency grows."
synthetic-deficiency-part2,adv,adv-rtt_insensitivity-010,36,1,deficiency,rtt_insensitivity,0.9632157397834351,back_off,cubic,"Sage under-reacts to RTT inflation specifically, keeping its action high even when the path latency grows."
synthetic-deficiency-part2,adv,adv-rtt_insensitivity-010,37,1,deficiency,rtt_insensitivity,0.9632157397834351,back_off,cubic,"Sage under-reacts to RTT inflation specifically, keeping its action high even when the path latency grows."
synthetic-deficiency-part2,adv,adv-rtt_insensitivity-010,38,1,deficiency,rtt_insensitivity,0.9632157397834351,back_off,cubic,"Sage under-reacts to RTT inflation specifically, keeping its action high even when the path latency grows."
synthetic-deficiency-part2,adv,adv-rtt_insensitivity-010,39,1,deficiency,rtt_insensitivity,0.9632157397834351,back_off,cubic,"Sage under-reacts to RTT inflation specifically, keeping its action high even when the path latency grows."
synthetic-deficiency-part2,adv,adv-rtt_insensitivity-010,40,2,cooldown_context,benign_steady,0.5661367321129535,noop,cubic,Benign cool-down context using benign_steady.
synthetic-deficiency-part2,adv,adv-rtt_insensitivity-010,41,2,cooldown_context,benign_steady,0.5661367321129535,noop,cubic,Benign cool-down context using benign_steady.
synthetic-deficiency-part2,adv,adv-rtt_insensitivity-010,42,2,cooldown_context,benign_steady,0.5661367321129535,noop,cubic,Benign cool-down context using benign_steady.
synthetic-deficiency-part2,adv,adv-rtt_insensitivity-010,43,2,cooldown_context,benign_steady,0.5661367321129535,noop,cubic,Benign cool-down context using benign_steady.
synthetic-deficiency-part2,adv,adv-rtt_insensitivity-010,44,2,cooldown_context,benign_steady,0.5661367321129535,noop,cubic,Benign cool-down context using benign_steady.
synthetic-deficiency-part2,adv,adv-rtt_insensitivity-010,45,2,cooldown_context,benign_steady,0.5661367321129535,noop,cubic,Benign cool-down context using benign_steady.
synthetic-deficiency-part2,adv,adv-rtt_insensitivity-010,46,2,cooldown_context,benign_steady,0.5661367321129535,noop,cubic,Benign cool-down context using benign_steady.
synthetic-deficiency-part2,adv,adv-rtt_insensitivity-010,47,2,cooldown_context,benign_steady,0.5661367321129535,noop,cubic,Benign cool-down context using benign_steady.
synthetic-deficiency-part2,adv,adv-rtt_insensitivity-011,0,0,warmup_context,benign_steady,0.5245368574484855,noop,bbr,Benign warm-up context using benign_steady.
synthetic-deficiency-part2,adv,adv-rtt_insensitivity-011,1,0,warmup_context,benign_steady,0.5245368574484855,noop,bbr,Benign warm-up context using benign_steady.
synthetic-deficiency-part2,adv,adv-rtt_insensitivity-011,2,0,warmup_context,benign_steady,0.5245368574484855,noop,bbr,Benign warm-up context using benign_steady.
synthetic-deficiency-part2,adv,adv-rtt_insensitivity-011,3,0,warmup_context,benign_steady,0.5245368574484855,noop,bbr,Benign warm-up context using benign_steady.
synthetic-deficiency-part2,adv,adv-rtt_insensitivity-011,4,0,warmup_context,benign_steady,0.5245368574484855,noop,bbr,Benign warm-up context using benign_steady.
synthetic-deficiency-part2,adv,adv-rtt_insensitivity-011,5,0,warmup_context,benign_steady,0.5245368574484855,noop,bbr,Benign warm-up context using benign_steady.
synthetic-deficiency-part2,adv,adv-rtt_insensitivity-011,6,0,warmup_context,benign_steady,0.5245368574484855,noop,bbr,Benign warm-up context using benign_steady.
synthetic-deficiency-part2,adv,adv-rtt_insensitivity-011,7,0,warmup_context,benign_steady,0.5245368574484855,noop,bbr,Benign warm-up context using benign_steady.
synthetic-deficiency-part2,adv,adv-rtt_insensitivity-011,8,1,deficiency,rtt_insensitivity,0.9947919200821445,back_off,cubic,"Sage under-reacts to RTT inflation specifically, keeping its action high even when the path latency grows."
synthetic-deficiency-part2,adv,adv-rtt_insensitivity-011,9,1,deficiency,rtt_insensitivity,0.9947919200821445,back_off,cubic,"Sage under-reacts to RTT inflation specifically, keeping its action high even when the path latency grows."
synthetic-deficiency-part2,adv,adv-rtt_insensitivity-011,10,1,deficiency,rtt_insensitivity,0.9947919200821445,back_off,cubic,"Sage under-reacts to RTT inflation specifically, keeping its action high even when the path latency grows."
synthetic-deficiency-part2,adv,adv-rtt_insensitivity-011,11,1,deficiency,rtt_insensitivity,0.9947919200821445,back_off,cubic,"Sage under-reacts to RTT inflation specifically, keeping its action high even when the path latency grows."
synthetic-deficiency-part2,adv,adv-rtt_insensitivity-011,12,1,deficiency,rtt_insensitivity,0.9947919200821445,back_off,cubic,"Sage under-reacts to RTT inflation specifically, keeping its action high even when the path latency grows."
synthetic-deficiency-part2,adv,adv-rtt_insensitivity-011,13,1,deficiency,rtt_insensitivity,0.9947919200821445,back_off,cubic,"Sage under-reacts to RTT inflation specifically, keeping its action high even when the path latency grows."
synthetic-deficiency-part2,adv,adv-rtt_insensitivity-011,14,1,deficiency,rtt_insensitivity,0.9947919200821445,back_off,cubic,"Sage under-reacts to RTT inflation specifically, keeping its action high even when the path latency grows."
synthetic-deficiency-part2,adv,adv-rtt_insensitivity-011,15,1,deficiency,rtt_insensitivity,0.9947919200821445,back_off,cubic,"Sage under-reacts to RTT inflation specifically, keeping its action high even when the path latency grows."
synthetic-deficiency-part2,adv,adv-rtt_insensitivity-011,16,1,deficiency,rtt_insensitivity,0.9947919200821445,back_off,cubic,"Sage under-reacts to RTT inflation specifically, keeping its action high even when the path latency grows."
synthetic-deficiency-part2,adv,adv-rtt_insensitivity-011,17,1,deficiency,rtt_insensitivity,0.9947919200821445,back_off,cubic,"Sage under-reacts to RTT inflation specifically, keeping its action high even when the path latency grows."
synthetic-deficiency-part2,adv,adv-rtt_insensitivity-011,18,1,deficiency,rtt_insensitivity,0.9947919200821445,back_off,cubic,"Sage under-reacts to RTT inflation specifically, keeping its action high even when the path latency grows."
synthetic-deficiency-part2,adv,adv-rtt_insensitivity-011,19,1,deficiency,rtt_insensitivity,0.9947919200821445,back_off,cubic,"Sage under-reacts to RTT inflation specifically, keeping its action high even when the path latency grows."
synthetic-deficiency-part2,adv,adv-rtt_insensitivity-011,20,1,deficiency,rtt_insensitivity,0.9947919200821445,back_off,cubic,"Sage under-reacts to RTT inflation specifically, keeping its action high even when the path latency grows."
synthetic-deficiency-part2,adv,adv-rtt_insensitivity-011,21,1,deficiency,rtt_insensitivity,0.9947919200821445,back_off,cubic,"Sage under-reacts to RTT inflation specifically, keeping its action high even when the path latency grows."
synthetic-deficiency-part2,adv,adv-rtt_insensitivity-011,22,1,deficiency,rtt_insensitivity,0.9947919200821445,back_off,cubic,"Sage under-reacts to RTT inflation specifically, keeping its action high even when the path latency grows."
synthetic-deficiency-part2,adv,adv-rtt_insensitivity-011,23,1,deficiency,rtt_insensitivity,0.9947919200821445,back_off,cubic,"Sage under-reacts to RTT inflation specifically, keeping its action high even when the path latency grows."
synthetic-deficiency-part2,adv,adv-rtt_insensitivity-011,24,1,deficiency,rtt_insensitivity,0.9947919200821445,back_off,cubic,"Sage under-reacts to RTT inflation specifically, keeping its action high even when the path latency grows."
synthetic-deficiency-part2,adv,adv-rtt_insensitivity-011,25,1,deficiency,rtt_insensitivity,0.9947919200821445,back_off,cubic,"Sage under-reacts to RTT inflation specifically, keeping its action high even when the path latency grows."
synthetic-deficiency-part2,adv,adv-rtt_insensitivity-011,26,1,deficiency,rtt_insensitivity,0.9947919200821445,back_off,cubic,"Sage under-reacts to RTT inflation specifically, keeping its action high even when the path latency grows."
synthetic-deficiency-part2,adv,adv-rtt_insensitivity-011,27,1,deficiency,rtt_insensitivity,0.9947919200821445,back_off,cubic,"Sage under-reacts to RTT inflation specifically, keeping its action high even when the path latency grows."
synthetic-deficiency-part2,adv,adv-rtt_insensitivity-011,28,1,deficiency,rtt_insensitivity,0.9947919200821445,back_off,cubic,"Sage under-reacts to RTT inflation specifically, keeping its action high even when the path latency grows."
synthetic-deficiency-part2,adv,adv-rtt_insensitivity-011,29,1,deficiency,rtt_insensitivity,0.9947919200821445,back_off,cubic,"Sage under-reacts to RTT inflation specifically, keeping its action high even when the path latency grows."
synthetic-deficiency-part2,adv,adv-rtt_insensitivity-011,30,1,deficiency,rtt_insensitivity,0.9947919200821445,back_off,cubic,"Sage under-reacts to RTT inflation specifically, keeping its action high even when the path latency grows."
synthetic-deficiency-part2,adv,adv-rtt_insensitivity-011,31,1,deficiency,rtt_insensitivity,0.9947919200821445,back_off,cubic,"Sage under-reacts to RTT inflation specifically, keeping its action high even when the path latency grows."
synthetic-deficiency-part2,adv,adv-rtt_insensitivity-011,32,1,deficiency,rtt_insensitivity,0.9947919200821445,back_off,cubic,"Sage under-reacts to RTT inflation specifically, keeping its action high even when the path latency grows."
synthetic-deficiency-part2,adv,adv-rtt_insensitivity-011,33,1,deficiency,rtt_insensitivity,0.9947919200821445,back_off,cubic,"Sage under-reacts to RTT inflation specifically, keeping its action high even when the path latency grows."
synthetic-deficiency-part2,adv,adv-rtt_insensitivity-011,34,1,deficiency,rtt_insensitivity,0.9947919200821445,back_off,cubic,"Sage under-reacts to RTT inflation specifically, keeping its action high even when the path latency grows."
synthetic-deficiency-part2,adv,adv-rtt_insensitivity-011,35,1,deficiency,rtt_insensitivity,0.9947919200821445,back_off,cubic,"Sage under-reacts to RTT inflation specifically, keeping its action high even when the path latency grows."
synthetic-deficiency-part2,adv,adv-rtt_insensitivity-011,36,1,deficiency,rtt_insensitivity,0.9947919200821445,back_off,cubic,"Sage under-reacts to RTT inflation specifically, keeping its action high even when the path latency grows."
synthetic-deficiency-part2,adv,adv-rtt_insensitivity-011,37,1,deficiency,rtt_insensitivity,0.9947919200821445,back_off,cubic,"Sage under-reacts to RTT inflation specifically, keeping its action high even when the path latency grows."
synthetic-deficiency-part2,adv,adv-rtt_insensitivity-011,38,1,deficiency,rtt_insensitivity,0.9947919200821445,back_off,cubic,"Sage under-reacts to RTT inflation specifically, keeping its action high even when the path latency grows."
synthetic-deficiency-part2,adv,adv-rtt_insensitivity-011,39,1,deficiency,rtt_insensitivity,0.9947919200821445,back_off,cubic,"Sage under-reacts to RTT inflation specifically, keeping its action high even when the path latency grows."
synthetic-deficiency-part2,adv,adv-rtt_insensitivity-011,40,2,cooldown_context,benign_steady,0.36165172290049563,noop,cubic,Benign cool-down context using benign_steady.
synthetic-deficiency-part2,adv,adv-rtt_insensitivity-011,41,2,cooldown_context,benign_steady,0.36165172290049563,noop,cubic,Benign cool-down context using benign_steady.
synthetic-deficiency-part2,adv,adv-rtt_insensitivity-011,42,2,cooldown_context,benign_steady,0.36165172290049563,noop,cubic,Benign cool-down context using benign_steady.
synthetic-deficiency-part2,adv,adv-rtt_insensitivity-011,43,2,cooldown_context,benign_steady,0.36165172290049563,noop,cubic,Benign cool-down context using benign_steady.
synthetic-deficiency-part2,adv,adv-rtt_insensitivity-011,44,2,cooldown_context,benign_steady,0.36165172290049563,noop,cubic,Benign cool-down context using benign_steady.
synthetic-deficiency-part2,adv,adv-rtt_insensitivity-011,45,2,cooldown_context,benign_steady,0.36165172290049563,noop,cubic,Benign cool-down context using benign_steady.
synthetic-deficiency-part2,adv,adv-rtt_insensitivity-011,46,2,cooldown_context,benign_steady,0.36165172290049563,noop,cubic,Benign cool-down context using benign_steady.
synthetic-deficiency-part2,adv,adv-rtt_insensitivity-011,47,2,cooldown_context,benign_steady,0.36165172290049563,noop,cubic,Benign cool-down context using benign_steady.
synthetic-deficiency-part2,adv,adv-under_aggressiveness-012,0,0,warmup_context,benign_steady,0.48153085743786483,noop,bbr,Benign warm-up context using benign_steady.
synthetic-deficiency-part2,adv,adv-under_aggressiveness-012,1,0,warmup_context,benign_steady,0.48153085743786483,noop,bbr,Benign warm-up context using benign_steady.
synthetic-deficiency-part2,adv,adv-under_aggressiveness-012,2,0,warmup_context,benign_steady,0.48153085743786483,noop,bbr,Benign warm-up context using benign_steady.
synthetic-deficiency-part2,adv,adv-under_aggressiveness-012,3,0,warmup_context,benign_steady,0.48153085743786483,noop,bbr,Benign warm-up context using benign_steady.
synthetic-deficiency-part2,adv,adv-under_aggressiveness-012,4,0,warmup_context,benign_steady,0.48153085743786483,noop,bbr,Benign warm-up context using benign_steady.
synthetic-deficiency-part2,adv,adv-under_aggressiveness-012,5,0,warmup_context,benign_steady,0.48153085743786483,noop,bbr,Benign warm-up context using benign_steady.
synthetic-deficiency-part2,adv,adv-under_aggressiveness-012,6,0,warmup_context,benign_steady,0.48153085743786483,noop,bbr,Benign warm-up context using benign_steady.
synthetic-deficiency-part2,adv,adv-under_aggressiveness-012,7,0,warmup_context,benign_steady,0.48153085743786483,noop,bbr,Benign warm-up context using benign_steady.
synthetic-deficiency-part2,adv,adv-under_aggressiveness-012,8,1,deficiency,under_aggressiveness,0.616269158680508,push_harder,bbr,"Sage keeps its action too low despite favorable RTT, low loss, and available delivery-rate headroom."
synthetic-deficiency-part2,adv,adv-under_aggressiveness-012,9,1,deficiency,under_aggressiveness,0.616269158680508,push_harder,bbr,"Sage keeps its action too low despite favorable RTT, low loss, and available delivery-rate headroom."
synthetic-deficiency-part2,adv,adv-under_aggressiveness-012,10,1,deficiency,under_aggressiveness,0.616269158680508,push_harder,bbr,"Sage keeps its action too low despite favorable RTT, low loss, and available delivery-rate headroom."
synthetic-deficiency-part2,adv,adv-under_aggressiveness-012,11,1,deficiency,under_aggressiveness,0.616269158680508,push_harder,bbr,"Sage keeps its action too low despite favorable RTT, low loss, and available delivery-rate headroom."
synthetic-deficiency-part2,adv,adv-under_aggressiveness-012,12,1,deficiency,under_aggressiveness,0.616269158680508,push_harder,bbr,"Sage keeps its action too low despite favorable RTT, low loss, and available delivery-rate headroom."
synthetic-deficiency-part2,adv,adv-under_aggressiveness-012,13,1,deficiency,under_aggressiveness,0.616269158680508,push_harder,bbr,"Sage keeps its action too low despite favorable RTT, low loss, and available delivery-rate headroom."
synthetic-deficiency-part2,adv,adv-under_aggressiveness-012,14,1,deficiency,under_aggressiveness,0.616269158680508,push_harder,bbr,"Sage keeps its action too low despite favorable RTT, low loss, and available delivery-rate headroom."
synthetic-deficiency-part2,adv,adv-under_aggressiveness-012,15,1,deficiency,under_aggressiveness,0.616269158680508,push_harder,bbr,"Sage keeps its action too low despite favorable RTT, low loss, and available delivery-rate headroom."
synthetic-deficiency-part2,adv,adv-under_aggressiveness-012,16,1,deficiency,under_aggressiveness,0.616269158680508,push_harder,bbr,"Sage keeps its action too low despite favorable RTT, low loss, and available delivery-rate headroom."
synthetic-deficiency-part2,adv,adv-under_aggressiveness-012,17,1,deficiency,under_aggressiveness,0.616269158680508,push_harder,bbr,"Sage keeps its action too low despite favorable RTT, low loss, and available delivery-rate headroom."
synthetic-deficiency-part2,adv,adv-under_aggressiveness-012,18,1,deficiency,under_aggressiveness,0.616269158680508,push_harder,bbr,"Sage keeps its action too low despite favorable RTT, low loss, and available delivery-rate headroom."
synthetic-deficiency-part2,adv,adv-under_aggressiveness-012,19,1,deficiency,under_aggressiveness,0.616269158680508,push_harder,bbr,"Sage keeps its action too low despite favorable RTT, low loss, and available delivery-rate headroom."
synthetic-deficiency-part2,adv,adv-under_aggressiveness-012,20,1,deficiency,under_aggressiveness,0.616269158680508,push_harder,bbr,"Sage keeps its action too low despite favorable RTT, low loss, and available delivery-rate headroom."
synthetic-deficiency-part2,adv,adv-under_aggressiveness-012,21,1,deficiency,under_aggressiveness,0.616269158680508,push_harder,bbr,"Sage keeps its action too low despite favorable RTT, low loss, and available delivery-rate headroom."
synthetic-deficiency-part2,adv,adv-under_aggressiveness-012,22,1,deficiency,under_aggressiveness,0.616269158680508,push_harder,bbr,"Sage keeps its action too low despite favorable RTT, low loss, and available delivery-rate headroom."
synthetic-deficiency-part2,adv,adv-under_aggressiveness-012,23,1,deficiency,under_aggressiveness,0.616269158680508,push_harder,bbr,"Sage keeps its action too low despite favorable RTT, low loss, and available delivery-rate headroom."
synthetic-deficiency-part2,adv,adv-under_aggressiveness-012,24,1,deficiency,under_aggressiveness,0.616269158680508,push_harder,bbr,"Sage keeps its action too low despite favorable RTT, low loss, and available delivery-rate headroom."
synthetic-deficiency-part2,adv,adv-under_aggressiveness-012,25,1,deficiency,under_aggressiveness,0.616269158680508,push_harder,bbr,"Sage keeps its action too low despite favorable RTT, low loss, and available delivery-rate headroom."
synthetic-deficiency-part2,adv,adv-under_aggressiveness-012,26,1,deficiency,under_aggressiveness,0.616269158680508,push_harder,bbr,"Sage keeps its action too low despite favorable RTT, low loss, and available delivery-rate headroom."
synthetic-deficiency-part2,adv,adv-under_aggressiveness-012,27,1,deficiency,under_aggressiveness,0.616269158680508,push_harder,bbr,"Sage keeps its action too low despite favorable RTT, low loss, and available delivery-rate headroom."
synthetic-deficiency-part2,adv,adv-under_aggressiveness-012,28,1,deficiency,under_aggressiveness,0.616269158680508,push_harder,bbr,"Sage keeps its action too low despite favorable RTT, low loss, and available delivery-rate headroom."
synthetic-deficiency-part2,adv,adv-under_aggressiveness-012,29,1,deficiency,under_aggressiveness,0.616269158680508,push_harder,bbr,"Sage keeps its action too low despite favorable RTT, low loss, and available delivery-rate headroom."
synthetic-deficiency-part2,adv,adv-under_aggressiveness-012,30,1,deficiency,under_aggressiveness,0.616269158680508,push_harder,bbr,"Sage keeps its action too low despite favorable RTT, low loss, and available delivery-rate headroom."
synthetic-deficiency-part2,adv,adv-under_aggressiveness-012,31,1,deficiency,under_aggressiveness,0.616269158680508,push_harder,bbr,"Sage keeps its action too low despite favorable RTT, low loss, and available delivery-rate headroom."
synthetic-deficiency-part2,adv,adv-under_aggressiveness-012,32,1,deficiency,under_aggressiveness,0.616269158680508,push_harder,bbr,"Sage keeps its action too low despite favorable RTT, low loss, and available delivery-rate headroom."
synthetic-deficiency-part2,adv,adv-under_aggressiveness-012,33,1,deficiency,under_aggressiveness,0.616269158680508,push_harder,bbr,"Sage keeps its action too low despite favorable RTT, low loss, and available delivery-rate headroom."
synthetic-deficiency-part2,adv,adv-under_aggressiveness-012,34,1,deficiency,under_aggressiveness,0.616269158680508,push_harder,bbr,"Sage keeps its action too low despite favorable RTT, low loss, and available delivery-rate headroom."
synthetic-deficiency-part2,adv,adv-under_aggressiveness-012,35,1,deficiency,under_aggressiveness,0.616269158680508,push_harder,bbr,"Sage keeps its action too low despite favorable RTT, low loss, and available delivery-rate headroom."
synthetic-deficiency-part2,adv,adv-under_aggressiveness-012,36,1,deficiency,under_aggressiveness,0.616269158680508,push_harder,bbr,"Sage keeps its action too low despite favorable RTT, low loss, and available delivery-rate headroom."
synthetic-deficiency-part2,adv,adv-under_aggressiveness-012,37,1,deficiency,under_aggressiveness,0.616269158680508,push_harder,bbr,"Sage keeps its action too low despite favorable RTT, low loss, and available delivery-rate headroom."
synthetic-deficiency-part2,adv,adv-under_aggressiveness-012,38,1,deficiency,under_aggressiveness,0.616269158680508,push_harder,bbr,"Sage keeps its action too low despite favorable RTT, low loss, and available delivery-rate headroom."
synthetic-deficiency-part2,adv,adv-under_aggressiveness-012,39,1,deficiency,under_aggressiveness,0.616269158680508,push_harder,bbr,"Sage keeps its action too low despite favorable RTT, low loss, and available delivery-rate headroom."
synthetic-deficiency-part2,adv,adv-under_aggressiveness-012,40,2,cooldown_context,benign_steady,0.3560738583060183,noop,cubic,Benign cool-down context using benign_steady.
synthetic-deficiency-part2,adv,adv-under_aggressiveness-012,41,2,cooldown_context,benign_steady,0.3560738583060183,noop,cubic,Benign cool-down context using benign_steady.
synthetic-deficiency-part2,adv,adv-under_aggressiveness-012,42,2,cooldown_context,benign_steady,0.3560738583060183,noop,cubic,Benign cool-down context using benign_steady.
synthetic-deficiency-part2,adv,adv-under_aggressiveness-012,43,2,cooldown_context,benign_steady,0.3560738583060183,noop,cubic,Benign cool-down context using benign_steady.
synthetic-deficiency-part2,adv,adv-under_aggressiveness-012,44,2,cooldown_context,benign_steady,0.3560738583060183,noop,cubic,Benign cool-down context using benign_steady.
synthetic-deficiency-part2,adv,adv-under_aggressiveness-012,45,2,cooldown_context,benign_steady,0.3560738583060183,noop,cubic,Benign cool-down context using benign_steady.
synthetic-deficiency-part2,adv,adv-under_aggressiveness-012,46,2,cooldown_context,benign_steady,0.3560738583060183,noop,cubic,Benign cool-down context using benign_steady.
synthetic-deficiency-part2,adv,adv-under_aggressiveness-012,47,2,cooldown_context,benign_steady,0.3560738583060183,noop,cubic,Benign cool-down context using benign_steady.
synthetic-deficiency-part2,adv,adv-delayed_backoff-013,0,0,warmup_context,benign_steady,0.41442159354034547,noop,bbr,Benign warm-up context using benign_steady.
synthetic-deficiency-part2,adv,adv-delayed_backoff-013,1,0,warmup_context,benign_steady,0.41442159354034547,noop,bbr,Benign warm-up context using benign_steady.
synthetic-deficiency-part2,adv,adv-delayed_backoff-013,2,0,warmup_context,benign_steady,0.41442159354034547,noop,bbr,Benign warm-up context using benign_steady.
synthetic-deficiency-part2,adv,adv-delayed_backoff-013,3,0,warmup_context,benign_steady,0.41442159354034547,noop,bbr,Benign warm-up context using benign_steady.
synthetic-deficiency-part2,adv,adv-delayed_backoff-013,4,0,warmup_context,benign_steady,0.41442159354034547,noop,bbr,Benign warm-up context using benign_steady.
synthetic-deficiency-part2,adv,adv-delayed_backoff-013,5,0,warmup_context,benign_steady,0.41442159354034547,noop,bbr,Benign warm-up context using benign_steady.
synthetic-deficiency-part2,adv,adv-delayed_backoff-013,6,0,warmup_context,benign_steady,0.41442159354034547,noop,bbr,Benign warm-up context using benign_steady.
synthetic-deficiency-part2,adv,adv-delayed_backoff-013,7,0,warmup_context,benign_steady,0.41442159354034547,noop,bbr,Benign warm-up context using benign_steady.
synthetic-deficiency-part2,adv,adv-delayed_backoff-013,8,1,deficiency,delayed_backoff,0.6617916334867786,back_off,reno,"Congestion signals rise rapidly, yet Sage keeps its action elevated instead of backing off promptly."
synthetic-deficiency-part2,adv,adv-delayed_backoff-013,9,1,deficiency,delayed_backoff,0.6617916334867786,back_off,reno,"Congestion signals rise rapidly, yet Sage keeps its action elevated instead of backing off promptly."
synthetic-deficiency-part2,adv,adv-delayed_backoff-013,10,1,deficiency,delayed_backoff,0.6617916334867786,back_off,reno,"Congestion signals rise rapidly, yet Sage keeps its action elevated instead of backing off promptly."
synthetic-deficiency-part2,adv,adv-delayed_backoff-013,11,1,deficiency,delayed_backoff,0.6617916334867786,back_off,reno,"Congestion signals rise rapidly, yet Sage keeps its action elevated instead of backing off promptly."
synthetic-deficiency-part2,adv,adv-delayed_backoff-013,12,1,deficiency,delayed_backoff,0.6617916334867786,back_off,reno,"Congestion signals rise rapidly, yet Sage keeps its action elevated instead of backing off promptly."
synthetic-deficiency-part2,adv,adv-delayed_backoff-013,13,1,deficiency,delayed_backoff,0.6617916334867786,back_off,reno,"Congestion signals rise rapidly, yet Sage keeps its action elevated instead of backing off promptly."
synthetic-deficiency-part2,adv,adv-delayed_backoff-013,14,1,deficiency,delayed_backoff,0.6617916334867786,back_off,reno,"Congestion signals rise rapidly, yet Sage keeps its action elevated instead of backing off promptly."
synthetic-deficiency-part2,adv,adv-delayed_backoff-013,15,1,deficiency,delayed_backoff,0.6617916334867786,back_off,reno,"Congestion signals rise rapidly, yet Sage keeps its action elevated instead of backing off promptly."
synthetic-deficiency-part2,adv,adv-delayed_backoff-013,16,1,deficiency,delayed_backoff,0.6617916334867786,back_off,reno,"Congestion signals rise rapidly, yet Sage keeps its action elevated instead of backing off promptly."
synthetic-deficiency-part2,adv,adv-delayed_backoff-013,17,1,deficiency,delayed_backoff,0.6617916334867786,back_off,reno,"Congestion signals rise rapidly, yet Sage keeps its action elevated instead of backing off promptly."
synthetic-deficiency-part2,adv,adv-delayed_backoff-013,18,1,deficiency,delayed_backoff,0.6617916334867786,back_off,reno,"Congestion signals rise rapidly, yet Sage keeps its action elevated instead of backing off promptly."
synthetic-deficiency-part2,adv,adv-delayed_backoff-013,19,1,deficiency,delayed_backoff,0.6617916334867786,back_off,reno,"Congestion signals rise rapidly, yet Sage keeps its action elevated instead of backing off promptly."
synthetic-deficiency-part2,adv,adv-delayed_backoff-013,20,1,deficiency,delayed_backoff,0.6617916334867786,back_off,reno,"Congestion signals rise rapidly, yet Sage keeps its action elevated instead of backing off promptly."
synthetic-deficiency-part2,adv,adv-delayed_backoff-013,21,1,deficiency,delayed_backoff,0.6617916334867786,back_off,reno,"Congestion signals rise rapidly, yet Sage keeps its action elevated instead of backing off promptly."
synthetic-deficiency-part2,adv,adv-delayed_backoff-013,22,1,deficiency,delayed_backoff,0.6617916334867786,back_off,reno,"Congestion signals rise rapidly, yet Sage keeps its action elevated instead of backing off promptly."
synthetic-deficiency-part2,adv,adv-delayed_backoff-013,23,1,deficiency,delayed_backoff,0.6617916334867786,back_off,reno,"Congestion signals rise rapidly, yet Sage keeps its action elevated instead of backing off promptly."
synthetic-deficiency-part2,adv,adv-delayed_backoff-013,24,1,deficiency,delayed_backoff,0.6617916334867786,back_off,reno,"Congestion signals rise rapidly, yet Sage keeps its action elevated instead of backing off promptly."
synthetic-deficiency-part2,adv,adv-delayed_backoff-013,25,1,deficiency,delayed_backoff,0.6617916334867786,back_off,reno,"Congestion signals rise rapidly, yet Sage keeps its action elevated instead of backing off promptly."
synthetic-deficiency-part2,adv,adv-delayed_backoff-013,26,1,deficiency,delayed_backoff,0.6617916334867786,back_off,reno,"Congestion signals rise rapidly, yet Sage keeps its action elevated instead of backing off promptly."
synthetic-deficiency-part2,adv,adv-delayed_backoff-013,27,1,deficiency,delayed_backoff,0.6617916334867786,back_off,reno,"Congestion signals rise rapidly, yet Sage keeps its action elevated instead of backing off promptly."
synthetic-deficiency-part2,adv,adv-delayed_backoff-013,28,1,deficiency,delayed_backoff,0.6617916334867786,back_off,reno,"Congestion signals rise rapidly, yet Sage keeps its action elevated instead of backing off promptly."
synthetic-deficiency-part2,adv,adv-delayed_backoff-013,29,1,deficiency,delayed_backoff,0.6617916334867786,back_off,reno,"Congestion signals rise rapidly, yet Sage keeps its action elevated instead of backing off promptly."
synthetic-deficiency-part2,adv,adv-delayed_backoff-013,30,1,deficiency,delayed_backoff,0.6617916334867786,back_off,reno,"Congestion signals rise rapidly, yet Sage keeps its action elevated instead of backing off promptly."
synthetic-deficiency-part2,adv,adv-delayed_backoff-013,31,1,deficiency,delayed_backoff,0.6617916334867786,back_off,reno,"Congestion signals rise rapidly, yet Sage keeps its action elevated instead of backing off promptly."
synthetic-deficiency-part2,adv,adv-delayed_backoff-013,32,1,deficiency,delayed_backoff,0.6617916334867786,back_off,reno,"Congestion signals rise rapidly, yet Sage keeps its action elevated instead of backing off promptly."
synthetic-deficiency-part2,adv,adv-delayed_backoff-013,33,1,deficiency,delayed_backoff,0.6617916334867786,back_off,reno,"Congestion signals rise rapidly, yet Sage keeps its action elevated instead of backing off promptly."
synthetic-deficiency-part2,adv,adv-delayed_backoff-013,34,1,deficiency,delayed_backoff,0.6617916334867786,back_off,reno,"Congestion signals rise rapidly, yet Sage keeps its action elevated instead of backing off promptly."
synthetic-deficiency-part2,adv,adv-delayed_backoff-013,35,1,deficiency,delayed_backoff,0.6617916334867786,back_off,reno,"Congestion signals rise rapidly, yet Sage keeps its action elevated instead of backing off promptly."
synthetic-deficiency-part2,adv,adv-delayed_backoff-013,36,1,deficiency,delayed_backoff,0.6617916334867786,back_off,reno,"Congestion signals rise rapidly, yet Sage keeps its action elevated instead of backing off promptly."
synthetic-deficiency-part2,adv,adv-delayed_backoff-013,37,1,deficiency,delayed_backoff,0.6617916334867786,back_off,reno,"Congestion signals rise rapidly, yet Sage keeps its action elevated instead of backing off promptly."
synthetic-deficiency-part2,adv,adv-delayed_backoff-013,38,1,deficiency,delayed_backoff,0.6617916334867786,back_off,reno,"Congestion signals rise rapidly, yet Sage keeps its action elevated instead of backing off promptly."
synthetic-deficiency-part2,adv,adv-delayed_backoff-013,39,1,deficiency,delayed_backoff,0.6617916334867786,back_off,reno,"Congestion signals rise rapidly, yet Sage keeps its action elevated instead of backing off promptly."
synthetic-deficiency-part2,adv,adv-delayed_backoff-013,40,2,cooldown_context,benign_steady,0.5067944884124918,noop,cubic,Benign cool-down context using benign_steady.
synthetic-deficiency-part2,adv,adv-delayed_backoff-013,41,2,cooldown_context,benign_steady,0.5067944884124918,noop,cubic,Benign cool-down context using benign_steady.
synthetic-deficiency-part2,adv,adv-delayed_backoff-013,42,2,cooldown_context,benign_steady,0.5067944884124918,noop,cubic,Benign cool-down context using benign_steady.
synthetic-deficiency-part2,adv,adv-delayed_backoff-013,43,2,cooldown_context,benign_steady,0.5067944884124918,noop,cubic,Benign cool-down context using benign_steady.
synthetic-deficiency-part2,adv,adv-delayed_backoff-013,44,2,cooldown_context,benign_steady,0.5067944884124918,noop,cubic,Benign cool-down context using benign_steady.
synthetic-deficiency-part2,adv,adv-delayed_backoff-013,45,2,cooldown_context,benign_steady,0.5067944884124918,noop,cubic,Benign cool-down context using benign_steady.
synthetic-deficiency-part2,adv,adv-delayed_backoff-013,46,2,cooldown_context,benign_steady,0.5067944884124918,noop,cubic,Benign cool-down context using benign_steady.
synthetic-deficiency-part2,adv,adv-delayed_backoff-013,47,2,cooldown_context,benign_steady,0.5067944884124918,noop,cubic,Benign cool-down context using benign_steady.
synthetic-deficiency-part2,adv,adv-under_aggressiveness-014,0,0,warmup_context,benign_steady,0.4292551175267114,noop,bbr,Benign warm-up context using benign_steady.
synthetic-deficiency-part2,adv,adv-under_aggressiveness-014,1,0,warmup_context,benign_steady,0.4292551175267114,noop,bbr,Benign warm-up context using benign_steady.
synthetic-deficiency-part2,adv,adv-under_aggressiveness-014,2,0,warmup_context,benign_steady,0.4292551175267114,noop,bbr,Benign warm-up context using benign_steady.
synthetic-deficiency-part2,adv,adv-under_aggressiveness-014,3,0,warmup_context,benign_steady,0.4292551175267114,noop,bbr,Benign warm-up context using benign_steady.
synthetic-deficiency-part2,adv,adv-under_aggressiveness-014,4,0,warmup_context,benign_steady,0.4292551175267114,noop,bbr,Benign warm-up context using benign_steady.
synthetic-deficiency-part2,adv,adv-under_aggressiveness-014,5,0,warmup_context,benign_steady,0.4292551175267114,noop,bbr,Benign warm-up context using benign_steady.
synthetic-deficiency-part2,adv,adv-under_aggressiveness-014,6,0,warmup_context,benign_steady,0.4292551175267114,noop,bbr,Benign warm-up context using benign_steady.
synthetic-deficiency-part2,adv,adv-under_aggressiveness-014,7,0,warmup_context,benign_steady,0.4292551175267114,noop,bbr,Benign warm-up context using benign_steady.
synthetic-deficiency-part2,adv,adv-under_aggressiveness-014,8,1,deficiency,under_aggressiveness,0.6991443451925893,push_harder,bbr,"Sage keeps its action too low despite favorable RTT, low loss, and available delivery-rate headroom."
synthetic-deficiency-part2,adv,adv-under_aggressiveness-014,9,1,deficiency,under_aggressiveness,0.6991443451925893,push_harder,bbr,"Sage keeps its action too low despite favorable RTT, low loss, and available delivery-rate headroom."
synthetic-deficiency-part2,adv,adv-under_aggressiveness-014,10,1,deficiency,under_aggressiveness,0.6991443451925893,push_harder,bbr,"Sage keeps its action too low despite favorable RTT, low loss, and available delivery-rate headroom."
synthetic-deficiency-part2,adv,adv-under_aggressiveness-014,11,1,deficiency,under_aggressiveness,0.6991443451925893,push_harder,bbr,"Sage keeps its action too low despite favorable RTT, low loss, and available delivery-rate headroom."
synthetic-deficiency-part2,adv,adv-under_aggressiveness-014,12,1,deficiency,under_aggressiveness,0.6991443451925893,push_harder,bbr,"Sage keeps its action too low despite favorable RTT, low loss, and available delivery-rate headroom."
synthetic-deficiency-part2,adv,adv-under_aggressiveness-014,13,1,deficiency,under_aggressiveness,0.6991443451925893,push_harder,bbr,"Sage keeps its action too low despite favorable RTT, low loss, and available delivery-rate headroom."
synthetic-deficiency-part2,adv,adv-under_aggressiveness-014,14,1,deficiency,under_aggressiveness,0.6991443451925893,push_harder,bbr,"Sage keeps its action too low despite favorable RTT, low loss, and available delivery-rate headroom."
synthetic-deficiency-part2,adv,adv-under_aggressiveness-014,15,1,deficiency,under_aggressiveness,0.6991443451925893,push_harder,bbr,"Sage keeps its action too low despite favorable RTT, low loss, and available delivery-rate headroom."
synthetic-deficiency-part2,adv,adv-under_aggressiveness-014,16,1,deficiency,under_aggressiveness,0.6991443451925893,push_harder,bbr,"Sage keeps its action too low despite favorable RTT, low loss, and available delivery-rate headroom."
synthetic-deficiency-part2,adv,adv-under_aggressiveness-014,17,1,deficiency,under_aggressiveness,0.6991443451925893,push_harder,bbr,"Sage keeps its action too low despite favorable RTT, low loss, and available delivery-rate headroom."
synthetic-deficiency-part2,adv,adv-under_aggressiveness-014,18,1,deficiency,under_aggressiveness,0.6991443451925893,push_harder,bbr,"Sage keeps its action too low despite favorable RTT, low loss, and available delivery-rate headroom."
synthetic-deficiency-part2,adv,adv-under_aggressiveness-014,19,1,deficiency,under_aggressiveness,0.6991443451925893,push_harder,bbr,"Sage keeps its action too low despite favorable RTT, low loss, and available delivery-rate headroom."
synthetic-deficiency-part2,adv,adv-under_aggressiveness-014,20,1,deficiency,under_aggressiveness,0.6991443451925893,push_harder,bbr,"Sage keeps its action too low despite favorable RTT, low loss, and available delivery-rate headroom."
synthetic-deficiency-part2,adv,adv-under_aggressiveness-014,21,1,deficiency,under_aggressiveness,0.6991443451925893,push_harder,bbr,"Sage keeps its action too low despite favorable RTT, low loss, and available delivery-rate headroom."
synthetic-deficiency-part2,adv,adv-under_aggressiveness-014,22,1,deficiency,under_aggressiveness,0.6991443451925893,push_harder,bbr,"Sage keeps its action too low despite favorable RTT, low loss, and available delivery-rate headroom."
synthetic-deficiency-part2,adv,adv-under_aggressiveness-014,23,1,deficiency,under_aggressiveness,0.6991443451925893,push_harder,bbr,"Sage keeps its action too low despite favorable RTT, low loss, and available delivery-rate headroom."
synthetic-deficiency-part2,adv,adv-under_aggressiveness-014,24,1,deficiency,under_aggressiveness,0.6991443451925893,push_harder,bbr,"Sage keeps its action too low despite favorable RTT, low loss, and available delivery-rate headroom."
synthetic-deficiency-part2,adv,adv-under_aggressiveness-014,25,1,deficiency,under_aggressiveness,0.6991443451925893,push_harder,bbr,"Sage keeps its action too low despite favorable RTT, low loss, and available delivery-rate headroom."
synthetic-deficiency-part2,adv,adv-under_aggressiveness-014,26,1,deficiency,under_aggressiveness,0.6991443451925893,push_harder,bbr,"Sage keeps its action too low despite favorable RTT, low loss, and available delivery-rate headroom."
synthetic-deficiency-part2,adv,adv-under_aggressiveness-014,27,1,deficiency,under_aggressiveness,0.6991443451925893,push_harder,bbr,"Sage keeps its action too low despite favorable RTT, low loss, and available delivery-rate headroom."
synthetic-deficiency-part2,adv,adv-under_aggressiveness-014,28,1,deficiency,under_aggressiveness,0.6991443451925893,push_harder,bbr,"Sage keeps its action too low despite favorable RTT, low loss, and available delivery-rate headroom."
synthetic-deficiency-part2,adv,adv-under_aggressiveness-014,29,1,deficiency,under_aggressiveness,0.6991443451925893,push_harder,bbr,"Sage keeps its action too low despite favorable RTT, low loss, and available delivery-rate headroom."
synthetic-deficiency-part2,adv,adv-under_aggressiveness-014,30,1,deficiency,under_aggressiveness,0.6991443451925893,push_harder,bbr,"Sage keeps its action too low despite favorable RTT, low loss, and available delivery-rate headroom."
synthetic-deficiency-part2,adv,adv-under_aggressiveness-014,31,1,deficiency,under_aggressiveness,0.6991443451925893,push_harder,bbr,"Sage keeps its action too low despite favorable RTT, low loss, and available delivery-rate headroom."
synthetic-deficiency-part2,adv,adv-under_aggressiveness-014,32,1,deficiency,under_aggressiveness,0.6991443451925893,push_harder,bbr,"Sage keeps its action too low despite favorable RTT, low loss, and available delivery-rate headroom."
synthetic-deficiency-part2,adv,adv-under_aggressiveness-014,33,1,deficiency,under_aggressiveness,0.6991443451925893,push_harder,bbr,"Sage keeps its action too low despite favorable RTT, low loss, and available delivery-rate headroom."
synthetic-deficiency-part2,adv,adv-under_aggressiveness-014,34,1,deficiency,under_aggressiveness,0.6991443451925893,push_harder,bbr,"Sage keeps its action too low despite favorable RTT, low loss, and available delivery-rate headroom."
synthetic-deficiency-part2,adv,adv-under_aggressiveness-014,35,1,deficiency,under_aggressiveness,0.6991443451925893,push_harder,bbr,"Sage keeps its action too low despite favorable RTT, low loss, and available delivery-rate headroom."
synthetic-deficiency-part2,adv,adv-under_aggressiveness-014,36,1,deficiency,under_aggressiveness,0.6991443451925893,push_harder,bbr,"Sage keeps its action too low despite favorable RTT, low loss, and available delivery-rate headroom."
synthetic-deficiency-part2,adv,adv-under_aggressiveness-014,37,1,deficiency,under_aggressiveness,0.6991443451925893,push_harder,bbr,"Sage keeps its action too low despite favorable RTT, low loss, and available delivery-rate headroom."
synthetic-deficiency-part2,adv,adv-under_aggressiveness-014,38,1,deficiency,under_aggressiveness,0.6991443451925893,push_harder,bbr,"Sage keeps its action too low despite favorable RTT, low loss, and available delivery-rate headroom."
synthetic-deficiency-part2,adv,adv-under_aggressiveness-014,39,1,deficiency,under_aggressiveness,0.6991443451925893,push_harder,bbr,"Sage keeps its action too low despite favorable RTT, low loss, and available delivery-rate headroom."
synthetic-deficiency-part2,adv,adv-under_aggressiveness-014,40,2,cooldown_context,benign_steady,0.37964429933318444,noop,cubic,Benign cool-down context using benign_steady.
synthetic-deficiency-part2,adv,adv-under_aggressiveness-014,41,2,cooldown_context,benign_steady,0.37964429933318444,noop,cubic,Benign cool-down context using benign_steady.
synthetic-deficiency-part2,adv,adv-under_aggressiveness-014,42,2,cooldown_context,benign_steady,0.37964429933318444,noop,cubic,Benign cool-down context using benign_steady.
synthetic-deficiency-part2,adv,adv-under_aggressiveness-014,43,2,cooldown_context,benign_steady,0.37964429933318444,noop,cubic,Benign cool-down context using benign_steady.
synthetic-deficiency-part2,adv,adv-under_aggressiveness-014,44,2,cooldown_context,benign_steady,0.37964429933318444,noop,cubic,Benign cool-down context using benign_steady.
synthetic-deficiency-part2,adv,adv-under_aggressiveness-014,45,2,cooldown_context,benign_steady,0.37964429933318444,noop,cubic,Benign cool-down context using benign_steady.
synthetic-deficiency-part2,adv,adv-under_aggressiveness-014,46,2,cooldown_context,benign_steady,0.37964429933318444,noop,cubic,Benign cool-down context using benign_steady.
synthetic-deficiency-part2,adv,adv-under_aggressiveness-014,47,2,cooldown_context,benign_steady,0.37964429933318444,noop,cubic,Benign cool-down context using benign_steady.
synthetic-deficiency-part2,adv,adv-delayed_backoff-015,0,0,warmup_context,benign_steady,0.6336584982313582,noop,bbr,Benign warm-up context using benign_steady.
synthetic-deficiency-part2,adv,adv-delayed_backoff-015,1,0,warmup_context,benign_steady,0.6336584982313582,noop,bbr,Benign warm-up context using benign_steady.
synthetic-deficiency-part2,adv,adv-delayed_backoff-015,2,0,warmup_context,benign_steady,0.6336584982313582,noop,bbr,Benign warm-up context using benign_steady.
synthetic-deficiency-part2,adv,adv-delayed_backoff-015,3,0,warmup_context,benign_steady,0.6336584982313582,noop,bbr,Benign warm-up context using benign_steady.
synthetic-deficiency-part2,adv,adv-delayed_backoff-015,4,0,warmup_context,benign_steady,0.6336584982313582,noop,bbr,Benign warm-up context using benign_steady.
synthetic-deficiency-part2,adv,adv-delayed_backoff-015,5,0,warmup_context,benign_steady,0.6336584982313582,noop,bbr,Benign warm-up context using benign_steady.
synthetic-deficiency-part2,adv,adv-delayed_backoff-015,6,0,warmup_context,benign_steady,0.6336584982313582,noop,bbr,Benign warm-up context using benign_steady.
synthetic-deficiency-part2,adv,adv-delayed_backoff-015,7,0,warmup_context,benign_steady,0.6336584982313582,noop,bbr,Benign warm-up context using benign_steady.
synthetic-deficiency-part2,adv,adv-delayed_backoff-015,8,1,deficiency,delayed_backoff,0.7626983760790742,back_off,reno,"Congestion signals rise rapidly, yet Sage keeps its action elevated instead of backing off promptly."
synthetic-deficiency-part2,adv,adv-delayed_backoff-015,9,1,deficiency,delayed_backoff,0.7626983760790742,back_off,reno,"Congestion signals rise rapidly, yet Sage keeps its action elevated instead of backing off promptly."
synthetic-deficiency-part2,adv,adv-delayed_backoff-015,10,1,deficiency,delayed_backoff,0.7626983760790742,back_off,reno,"Congestion signals rise rapidly, yet Sage keeps its action elevated instead of backing off promptly."
synthetic-deficiency-part2,adv,adv-delayed_backoff-015,11,1,deficiency,delayed_backoff,0.7626983760790742,back_off,reno,"Congestion signals rise rapidly, yet Sage keeps its action elevated instead of backing off promptly."
synthetic-deficiency-part2,adv,adv-delayed_backoff-015,12,1,deficiency,delayed_backoff,0.7626983760790742,back_off,reno,"Congestion signals rise rapidly, yet Sage keeps its action elevated instead of backing off promptly."
synthetic-deficiency-part2,adv,adv-delayed_backoff-015,13,1,deficiency,delayed_backoff,0.7626983760790742,back_off,reno,"Congestion signals rise rapidly, yet Sage keeps its action elevated instead of backing off promptly."
synthetic-deficiency-part2,adv,adv-delayed_backoff-015,14,1,deficiency,delayed_backoff,0.7626983760790742,back_off,reno,"Congestion signals rise rapidly, yet Sage keeps its action elevated instead of backing off promptly."
synthetic-deficiency-part2,adv,adv-delayed_backoff-015,15,1,deficiency,delayed_backoff,0.7626983760790742,back_off,reno,"Congestion signals rise rapidly, yet Sage keeps its action elevated instead of backing off promptly."
synthetic-deficiency-part2,adv,adv-delayed_backoff-015,16,1,deficiency,delayed_backoff,0.7626983760790742,back_off,reno,"Congestion signals rise rapidly, yet Sage keeps its action elevated instead of backing off promptly."
synthetic-deficiency-part2,adv,adv-delayed_backoff-015,17,1,deficiency,delayed_backoff,0.7626983760790742,back_off,reno,"Congestion signals rise rapidly, yet Sage keeps its action elevated instead of backing off promptly."
synthetic-deficiency-part2,adv,adv-delayed_backoff-015,18,1,deficiency,delayed_backoff,0.7626983760790742,back_off,reno,"Congestion signals rise rapidly, yet Sage keeps its action elevated instead of backing off promptly."
synthetic-deficiency-part2,adv,adv-delayed_backoff-015,19,1,deficiency,delayed_backoff,0.7626983760790742,back_off,reno,"Congestion signals rise rapidly, yet Sage keeps its action elevated instead of backing off promptly."
synthetic-deficiency-part2,adv,adv-delayed_backoff-015,20,1,deficiency,delayed_backoff,0.7626983760790742,back_off,reno,"Congestion signals rise rapidly, yet Sage keeps its action elevated instead of backing off promptly."
synthetic-deficiency-part2,adv,adv-delayed_backoff-015,21,1,deficiency,delayed_backoff,0.7626983760790742,back_off,reno,"Congestion signals rise rapidly, yet Sage keeps its action elevated instead of backing off promptly."
synthetic-deficiency-part2,adv,adv-delayed_backoff-015,22,1,deficiency,delayed_backoff,0.7626983760790742,back_off,reno,"Congestion signals rise rapidly, yet Sage keeps its action elevated instead of backing off promptly."
synthetic-deficiency-part2,adv,adv-delayed_backoff-015,23,1,deficiency,delayed_backoff,0.7626983760790742,back_off,reno,"Congestion signals rise rapidly, yet Sage keeps its action elevated instead of backing off promptly."
synthetic-deficiency-part2,adv,adv-delayed_backoff-015,24,1,deficiency,delayed_backoff,0.7626983760790742,back_off,reno,"Congestion signals rise rapidly, yet Sage keeps its action elevated instead of backing off promptly."
synthetic-deficiency-part2,adv,adv-delayed_backoff-015,25,1,deficiency,delayed_backoff,0.7626983760790742,back_off,reno,"Congestion signals rise rapidly, yet Sage keeps its action elevated instead of backing off promptly."
synthetic-deficiency-part2,adv,adv-delayed_backoff-015,26,1,deficiency,delayed_backoff,0.7626983760790742,back_off,reno,"Congestion signals rise rapidly, yet Sage keeps its action elevated instead of backing off promptly."
synthetic-deficiency-part2,adv,adv-delayed_backoff-015,27,1,deficiency,delayed_backoff,0.7626983760790742,back_off,reno,"Congestion signals rise rapidly, yet Sage keeps its action elevated instead of backing off promptly."
synthetic-deficiency-part2,adv,adv-delayed_backoff-015,28,1,deficiency,delayed_backoff,0.7626983760790742,back_off,reno,"Congestion signals rise rapidly, yet Sage keeps its action elevated instead of backing off promptly."
synthetic-deficiency-part2,adv,adv-delayed_backoff-015,29,1,deficiency,delayed_backoff,0.7626983760790742,back_off,reno,"Congestion signals rise rapidly, yet Sage keeps its action elevated instead of backing off promptly."
synthetic-deficiency-part2,adv,adv-delayed_backoff-015,30,1,deficiency,delayed_backoff,0.7626983760790742,back_off,reno,"Congestion signals rise rapidly, yet Sage keeps its action elevated instead of backing off promptly."
synthetic-deficiency-part2,adv,adv-delayed_backoff-015,31,1,deficiency,delayed_backoff,0.7626983760790742,back_off,reno,"Congestion signals rise rapidly, yet Sage keeps its action elevated instead of backing off promptly."
synthetic-deficiency-part2,adv,adv-delayed_backoff-015,32,1,deficiency,delayed_backoff,0.7626983760790742,back_off,reno,"Congestion signals rise rapidly, yet Sage keeps its action elevated instead of backing off promptly."
synthetic-deficiency-part2,adv,adv-delayed_backoff-015,33,1,deficiency,delayed_backoff,0.7626983760790742,back_off,reno,"Congestion signals rise rapidly, yet Sage keeps its action elevated instead of backing off promptly."
synthetic-deficiency-part2,adv,adv-delayed_backoff-015,34,1,deficiency,delayed_backoff,0.7626983760790742,back_off,reno,"Congestion signals rise rapidly, yet Sage keeps its action elevated instead of backing off promptly."
synthetic-deficiency-part2,adv,adv-delayed_backoff-015,35,1,deficiency,delayed_backoff,0.7626983760790742,back_off,reno,"Congestion signals rise rapidly, yet Sage keeps its action elevated instead of backing off promptly."
synthetic-deficiency-part2,adv,adv-delayed_backoff-015,36,1,deficiency,delayed_backoff,0.7626983760790742,back_off,reno,"Congestion signals rise rapidly, yet Sage keeps its action elevated instead of backing off promptly."
synthetic-deficiency-part2,adv,adv-delayed_backoff-015,37,1,deficiency,delayed_backoff,0.7626983760790742,back_off,reno,"Congestion signals rise rapidly, yet Sage keeps its action elevated instead of backing off promptly."
synthetic-deficiency-part2,adv,adv-delayed_backoff-015,38,1,deficiency,delayed_backoff,0.7626983760790742,back_off,reno,"Congestion signals rise rapidly, yet Sage keeps its action elevated instead of backing off promptly."
synthetic-deficiency-part2,adv,adv-delayed_backoff-015,39,1,deficiency,delayed_backoff,0.7626983760790742,back_off,reno,"Congestion signals rise rapidly, yet Sage keeps its action elevated instead of backing off promptly."
synthetic-deficiency-part2,adv,adv-delayed_backoff-015,40,2,cooldown_context,benign_steady,0.32169510523788947,noop,cubic,Benign cool-down context using benign_steady.
synthetic-deficiency-part2,adv,adv-delayed_backoff-015,41,2,cooldown_context,benign_steady,0.32169510523788947,noop,cubic,Benign cool-down context using benign_steady.
synthetic-deficiency-part2,adv,adv-delayed_backoff-015,42,2,cooldown_context,benign_steady,0.32169510523788947,noop,cubic,Benign cool-down context using benign_steady.
synthetic-deficiency-part2,adv,adv-delayed_backoff-015,43,2,cooldown_context,benign_steady,0.32169510523788947,noop,cubic,Benign cool-down context using benign_steady.
synthetic-deficiency-part2,adv,adv-delayed_backoff-015,44,2,cooldown_context,benign_steady,0.32169510523788947,noop,cubic,Benign cool-down context using benign_steady.
synthetic-deficiency-part2,adv,adv-delayed_backoff-015,45,2,cooldown_context,benign_steady,0.32169510523788947,noop,cubic,Benign cool-down context using benign_steady.
synthetic-deficiency-part2,adv,adv-delayed_backoff-015,46,2,cooldown_context,benign_steady,0.32169510523788947,noop,cubic,Benign cool-down context using benign_steady.
synthetic-deficiency-part2,adv,adv-delayed_backoff-015,47,2,cooldown_context,benign_steady,0.32169510523788947,noop,cubic,Benign cool-down context using benign_steady.
synthetic-deficiency-part2,adv,adv-delayed_backoff-016,0,0,warmup_context,benign_steady,0.5595732704185941,noop,bbr,Benign warm-up context using benign_steady.
synthetic-deficiency-part2,adv,adv-delayed_backoff-016,1,0,warmup_context,benign_steady,0.5595732704185941,noop,bbr,Benign warm-up context using benign_steady.
synthetic-deficiency-part2,adv,adv-delayed_backoff-016,2,0,warmup_context,benign_steady,0.5595732704185941,noop,bbr,Benign warm-up context using benign_steady.
synthetic-deficiency-part2,adv,adv-delayed_backoff-016,3,0,warmup_context,benign_steady,0.5595732704185941,noop,bbr,Benign warm-up context using benign_steady.
synthetic-deficiency-part2,adv,adv-delayed_backoff-016,4,0,warmup_context,benign_steady,0.5595732704185941,noop,bbr,Benign warm-up context using benign_steady.
synthetic-deficiency-part2,adv,adv-delayed_backoff-016,5,0,warmup_context,benign_steady,0.5595732704185941,noop,bbr,Benign warm-up context using benign_steady.
synthetic-deficiency-part2,adv,adv-delayed_backoff-016,6,0,warmup_context,benign_steady,0.5595732704185941,noop,bbr,Benign warm-up context using benign_steady.
synthetic-deficiency-part2,adv,adv-delayed_backoff-016,7,0,warmup_context,benign_steady,0.5595732704185941,noop,bbr,Benign warm-up context using benign_steady.
synthetic-deficiency-part2,adv,adv-delayed_backoff-016,8,1,deficiency,delayed_backoff,0.8858859322075505,back_off,reno,"Congestion signals rise rapidly, yet Sage keeps its action elevated instead of backing off promptly."
synthetic-deficiency-part2,adv,adv-delayed_backoff-016,9,1,deficiency,delayed_backoff,0.8858859322075505,back_off,reno,"Congestion signals rise rapidly, yet Sage keeps its action elevated instead of backing off promptly."
synthetic-deficiency-part2,adv,adv-delayed_backoff-016,10,1,deficiency,delayed_backoff,0.8858859322075505,back_off,reno,"Congestion signals rise rapidly, yet Sage keeps its action elevated instead of backing off promptly."
synthetic-deficiency-part2,adv,adv-delayed_backoff-016,11,1,deficiency,delayed_backoff,0.8858859322075505,back_off,reno,"Congestion signals rise rapidly, yet Sage keeps its action elevated instead of backing off promptly."
synthetic-deficiency-part2,adv,adv-delayed_backoff-016,12,1,deficiency,delayed_backoff,0.8858859322075505,back_off,reno,"Congestion signals rise rapidly, yet Sage keeps its action elevated instead of backing off promptly."
synthetic-deficiency-part2,adv,adv-delayed_backoff-016,13,1,deficiency,delayed_backoff,0.8858859322075505,back_off,reno,"Congestion signals rise rapidly, yet Sage keeps its action elevated instead of backing off promptly."
synthetic-deficiency-part2,adv,adv-delayed_backoff-016,14,1,deficiency,delayed_backoff,0.8858859322075505,back_off,reno,"Congestion signals rise rapidly, yet Sage keeps its action elevated instead of backing off promptly."
synthetic-deficiency-part2,adv,adv-delayed_backoff-016,15,1,deficiency,delayed_backoff,0.8858859322075505,back_off,reno,"Congestion signals rise rapidly, yet Sage keeps its action elevated instead of backing off promptly."
synthetic-deficiency-part2,adv,adv-delayed_backoff-016,16,1,deficiency,delayed_backoff,0.8858859322075505,back_off,reno,"Congestion signals rise rapidly, yet Sage keeps its action elevated instead of backing off promptly."
synthetic-deficiency-part2,adv,adv-delayed_backoff-016,17,1,deficiency,delayed_backoff,0.8858859322075505,back_off,reno,"Congestion signals rise rapidly, yet Sage keeps its action elevated instead of backing off promptly."
synthetic-deficiency-part2,adv,adv-delayed_backoff-016,18,1,deficiency,delayed_backoff,0.8858859322075505,back_off,reno,"Congestion signals rise rapidly, yet Sage keeps its action elevated instead of backing off promptly."
synthetic-deficiency-part2,adv,adv-delayed_backoff-016,19,1,deficiency,delayed_backoff,0.8858859322075505,back_off,reno,"Congestion signals rise rapidly, yet Sage keeps its action elevated instead of backing off promptly."
synthetic-deficiency-part2,adv,adv-delayed_backoff-016,20,1,deficiency,delayed_backoff,0.8858859322075505,back_off,reno,"Congestion signals rise rapidly, yet Sage keeps its action elevated instead of backing off promptly."
synthetic-deficiency-part2,adv,adv-delayed_backoff-016,21,1,deficiency,delayed_backoff,0.8858859322075505,back_off,reno,"Congestion signals rise rapidly, yet Sage keeps its action elevated instead of backing off promptly."
synthetic-deficiency-part2,adv,adv-delayed_backoff-016,22,1,deficiency,delayed_backoff,0.8858859322075505,back_off,reno,"Congestion signals rise rapidly, yet Sage keeps its action elevated instead of backing off promptly."
synthetic-deficiency-part2,adv,adv-delayed_backoff-016,23,1,deficiency,delayed_backoff,0.8858859322075505,back_off,reno,"Congestion signals rise rapidly, yet Sage keeps its action elevated instead of backing off promptly."
synthetic-deficiency-part2,adv,adv-delayed_backoff-016,24,1,deficiency,delayed_backoff,0.8858859322075505,back_off,reno,"Congestion signals rise rapidly, yet Sage keeps its action elevated instead of backing off promptly."
synthetic-deficiency-part2,adv,adv-delayed_backoff-016,25,1,deficiency,delayed_backoff,0.8858859322075505,back_off,reno,"Congestion signals rise rapidly, yet Sage keeps its action elevated instead of backing off promptly."
synthetic-deficiency-part2,adv,adv-delayed_backoff-016,26,1,deficiency,delayed_backoff,0.8858859322075505,back_off,reno,"Congestion signals rise rapidly, yet Sage keeps its action elevated instead of backing off promptly."
synthetic-deficiency-part2,adv,adv-delayed_backoff-016,27,1,deficiency,delayed_backoff,0.8858859322075505,back_off,reno,"Congestion signals rise rapidly, yet Sage keeps its action elevated instead of backing off promptly."
synthetic-deficiency-part2,adv,adv-delayed_backoff-016,28,1,deficiency,delayed_backoff,0.8858859322075505,back_off,reno,"Congestion signals rise rapidly, yet Sage keeps its action elevated instead of backing off promptly."
synthetic-deficiency-part2,adv,adv-delayed_backoff-016,29,1,deficiency,delayed_backoff,0.8858859322075505,back_off,reno,"Congestion signals rise rapidly, yet Sage keeps its action elevated instead of backing off promptly."
synthetic-deficiency-part2,adv,adv-delayed_backoff-016,30,1,deficiency,delayed_backoff,0.8858859322075505,back_off,reno,"Congestion signals rise rapidly, yet Sage keeps its action elevated instead of backing off promptly."
synthetic-deficiency-part2,adv,adv-delayed_backoff-016,31,1,deficiency,delayed_backoff,0.8858859322075505,back_off,reno,"Congestion signals rise rapidly, yet Sage keeps its action elevated instead of backing off promptly."
synthetic-deficiency-part2,adv,adv-delayed_backoff-016,32,1,deficiency,delayed_backoff,0.8858859322075505,back_off,reno,"Congestion signals rise rapidly, yet Sage keeps its action elevated instead of backing off promptly."
synthetic-deficiency-part2,adv,adv-delayed_backoff-016,33,1,deficiency,delayed_backoff,0.8858859322075505,back_off,reno,"Congestion signals rise rapidly, yet Sage keeps its action elevated instead of backing off promptly."
synthetic-deficiency-part2,adv,adv-delayed_backoff-016,34,1,deficiency,delayed_backoff,0.8858859322075505,back_off,reno,"Congestion signals rise rapidly, yet Sage keeps its action elevated instead of backing off promptly."
synthetic-deficiency-part2,adv,adv-delayed_backoff-016,35,1,deficiency,delayed_backoff,0.8858859322075505,back_off,reno,"Congestion signals rise rapidly, yet Sage keeps its action elevated instead of backing off promptly."
synthetic-deficiency-part2,adv,adv-delayed_backoff-016,36,1,deficiency,delayed_backoff,0.8858859322075505,back_off,reno,"Congestion signals rise rapidly, yet Sage keeps its action elevated instead of backing off promptly."
synthetic-deficiency-part2,adv,adv-delayed_backoff-016,37,1,deficiency,delayed_backoff,0.8858859322075505,back_off,reno,"Congestion signals rise rapidly, yet Sage keeps its action elevated instead of backing off promptly."
synthetic-deficiency-part2,adv,adv-delayed_backoff-016,38,1,deficiency,delayed_backoff,0.8858859322075505,back_off,reno,"Congestion signals rise rapidly, yet Sage keeps its action elevated instead of backing off promptly."
synthetic-deficiency-part2,adv,adv-delayed_backoff-016,39,1,deficiency,delayed_backoff,0.8858859322075505,back_off,reno,"Congestion signals rise rapidly, yet Sage keeps its action elevated instead of backing off promptly."
synthetic-deficiency-part2,adv,adv-delayed_backoff-016,40,2,cooldown_context,benign_steady,0.3876911965910906,noop,cubic,Benign cool-down context using benign_steady.
synthetic-deficiency-part2,adv,adv-delayed_backoff-016,41,2,cooldown_context,benign_steady,0.3876911965910906,noop,cubic,Benign cool-down context using benign_steady.
synthetic-deficiency-part2,adv,adv-delayed_backoff-016,42,2,cooldown_context,benign_steady,0.3876911965910906,noop,cubic,Benign cool-down context using benign_steady.
synthetic-deficiency-part2,adv,adv-delayed_backoff-016,43,2,cooldown_context,benign_steady,0.3876911965910906,noop,cubic,Benign cool-down context using benign_steady.
synthetic-deficiency-part2,adv,adv-delayed_backoff-016,44,2,cooldown_context,benign_steady,0.3876911965910906,noop,cubic,Benign cool-down context using benign_steady.
synthetic-deficiency-part2,adv,adv-delayed_backoff-016,45,2,cooldown_context,benign_steady,0.3876911965910906,noop,cubic,Benign cool-down context using benign_steady.
synthetic-deficiency-part2,adv,adv-delayed_backoff-016,46,2,cooldown_context,benign_steady,0.3876911965910906,noop,cubic,Benign cool-down context using benign_steady.
synthetic-deficiency-part2,adv,adv-delayed_backoff-016,47,2,cooldown_context,benign_steady,0.3876911965910906,noop,cubic,Benign cool-down context using benign_steady.
synthetic-deficiency-part2,adv,adv-rtt_insensitivity-017,0,0,warmup_context,benign_steady,0.310284711576493,noop,bbr,Benign warm-up context using benign_steady.
synthetic-deficiency-part2,adv,adv-rtt_insensitivity-017,1,0,warmup_context,benign_steady,0.310284711576493,noop,bbr,Benign warm-up context using benign_steady.
synthetic-deficiency-part2,adv,adv-rtt_insensitivity-017,2,0,warmup_context,benign_steady,0.310284711576493,noop,bbr,Benign warm-up context using benign_steady.
synthetic-deficiency-part2,adv,adv-rtt_insensitivity-017,3,0,warmup_context,benign_steady,0.310284711576493,noop,bbr,Benign warm-up context using benign_steady.
synthetic-deficiency-part2,adv,adv-rtt_insensitivity-017,4,0,warmup_context,benign_steady,0.310284711576493,noop,bbr,Benign warm-up context using benign_steady.
synthetic-deficiency-part2,adv,adv-rtt_insensitivity-017,5,0,warmup_context,benign_steady,0.310284711576493,noop,bbr,Benign warm-up context using benign_steady.
synthetic-deficiency-part2,adv,adv-rtt_insensitivity-017,6,0,warmup_context,benign_steady,0.310284711576493,noop,bbr,Benign warm-up context using benign_steady.
synthetic-deficiency-part2,adv,adv-rtt_insensitivity-017,7,0,warmup_context,benign_steady,0.310284711576493,noop,bbr,Benign warm-up context using benign_steady.
synthetic-deficiency-part2,adv,adv-rtt_insensitivity-017,8,1,deficiency,rtt_insensitivity,0.9459624858299207,back_off,cubic,"Sage under-reacts to RTT inflation specifically, keeping its action high even when the path latency grows."
synthetic-deficiency-part2,adv,adv-rtt_insensitivity-017,9,1,deficiency,rtt_insensitivity,0.9459624858299207,back_off,cubic,"Sage under-reacts to RTT inflation specifically, keeping its action high even when the path latency grows."
synthetic-deficiency-part2,adv,adv-rtt_insensitivity-017,10,1,deficiency,rtt_insensitivity,0.9459624858299207,back_off,cubic,"Sage under-reacts to RTT inflation specifically, keeping its action high even when the path latency grows."
synthetic-deficiency-part2,adv,adv-rtt_insensitivity-017,11,1,deficiency,rtt_insensitivity,0.9459624858299207,back_off,cubic,"Sage under-reacts to RTT inflation specifically, keeping its action high even when the path latency grows."
synthetic-deficiency-part2,adv,adv-rtt_insensitivity-017,12,1,deficiency,rtt_insensitivity,0.9459624858299207,back_off,cubic,"Sage under-reacts to RTT inflation specifically, keeping its action high even when the path latency grows."
synthetic-deficiency-part2,adv,adv-rtt_insensitivity-017,13,1,deficiency,rtt_insensitivity,0.9459624858299207,back_off,cubic,"Sage under-reacts to RTT inflation specifically, keeping its action high even when the path latency grows."
synthetic-deficiency-part2,adv,adv-rtt_insensitivity-017,14,1,deficiency,rtt_insensitivity,0.9459624858299207,back_off,cubic,"Sage under-reacts to RTT inflation specifically, keeping its action high even when the path latency grows."
synthetic-deficiency-part2,adv,adv-rtt_insensitivity-017,15,1,deficiency,rtt_insensitivity,0.9459624858299207,back_off,cubic,"Sage under-reacts to RTT inflation specifically, keeping its action high even when the path latency grows."
synthetic-deficiency-part2,adv,adv-rtt_insensitivity-017,16,1,deficiency,rtt_insensitivity,0.9459624858299207,back_off,cubic,"Sage under-reacts to RTT inflation specifically, keeping its action high even when the path latency grows."
synthetic-deficiency-part2,adv,adv-rtt_insensitivity-017,17,1,deficiency,rtt_insensitivity,0.9459624858299207,back_off,cubic,"Sage under-reacts to RTT inflation specifically, keeping its action high even when the path latency grows."
synthetic-deficiency-part2,adv,adv-rtt_insensitivity-017,18,1,deficiency,rtt_insensitivity,0.9459624858299207,back_off,cubic,"Sage under-reacts to RTT inflation specifically, keeping its action high even when the path latency grows."
synthetic-deficiency-part2,adv,adv-rtt_insensitivity-017,19,1,deficiency,rtt_insensitivity,0.9459624858299207,back_off,cubic,"Sage under-reacts to RTT inflation specifically, keeping its action high even when the path latency grows."
synthetic-deficiency-part2,adv,adv-rtt_insensitivity-017,20,1,deficiency,rtt_insensitivity,0.9459624858299207,back_off,cubic,"Sage under-reacts to RTT inflation specifically, keeping its action high even when the path latency grows."
synthetic-deficiency-part2,adv,adv-rtt_insensitivity-017,21,1,deficiency,rtt_insensitivity,0.9459624858299207,back_off,cubic,"Sage under-reacts to RTT inflation specifically, keeping its action high even when the path latency grows."
synthetic-deficiency-part2,adv,adv-rtt_insensitivity-017,22,1,deficiency,rtt_insensitivity,0.9459624858299207,back_off,cubic,"Sage under-reacts to RTT inflation specifically, keeping its action high even when the path latency grows."
synthetic-deficiency-part2,adv,adv-rtt_insensitivity-017,23,1,deficiency,rtt_insensitivity,0.9459624858299207,back_off,cubic,"Sage under-reacts to RTT inflation specifically, keeping its action high even when the path latency grows."
synthetic-deficiency-part2,adv,adv-rtt_insensitivity-017,24,1,deficiency,rtt_insensitivity,0.9459624858299207,back_off,cubic,"Sage under-reacts to RTT inflation specifically, keeping its action high even when the path latency grows."
synthetic-deficiency-part2,adv,adv-rtt_insensitivity-017,25,1,deficiency,rtt_insensitivity,0.9459624858299207,back_off,cubic,"Sage under-reacts to RTT inflation specifically, keeping its action high even when the path latency grows."
synthetic-deficiency-part2,adv,adv-rtt_insensitivity-017,26,1,deficiency,rtt_insensitivity,0.9459624858299207,back_off,cubic,"Sage under-reacts to RTT inflation specifically, keeping its action high even when the path latency grows."
synthetic-deficiency-part2,adv,adv-rtt_insensitivity-017,27,1,deficiency,rtt_insensitivity,0.9459624858299207,back_off,cubic,"Sage under-reacts to RTT inflation specifically, keeping its action high even when the path latency grows."
synthetic-deficiency-part2,adv,adv-rtt_insensitivity-017,28,1,deficiency,rtt_insensitivity,0.9459624858299207,back_off,cubic,"Sage under-reacts to RTT inflation specifically, keeping its action high even when the path latency grows."
synthetic-deficiency-part2,adv,adv-rtt_insensitivity-017,29,1,deficiency,rtt_insensitivity,0.9459624858299207,back_off,cubic,"Sage under-reacts to RTT inflation specifically, keeping its action high even when the path latency grows."
synthetic-deficiency-part2,adv,adv-rtt_insensitivity-017,30,1,deficiency,rtt_insensitivity,0.9459624858299207,back_off,cubic,"Sage under-reacts to RTT inflation specifically, keeping its action high even when the path latency grows."
synthetic-deficiency-part2,adv,adv-rtt_insensitivity-017,31,1,deficiency,rtt_insensitivity,0.9459624858299207,back_off,cubic,"Sage under-reacts to RTT inflation specifically, keeping its action high even when the path latency grows."
synthetic-deficiency-part2,adv,adv-rtt_insensitivity-017,32,1,deficiency,rtt_insensitivity,0.9459624858299207,back_off,cubic,"Sage under-reacts to RTT inflation specifically, keeping its action high even when the path latency grows."
synthetic-deficiency-part2,adv,adv-rtt_insensitivity-017,33,1,deficiency,rtt_insensitivity,0.9459624858299207,back_off,cubic,"Sage under-reacts to RTT inflation specifically, keeping its action high even when the path latency grows."
synthetic-deficiency-part2,adv,adv-rtt_insensitivity-017,34,1,deficiency,rtt_insensitivity,0.9459624858299207,back_off,cubic,"Sage under-reacts to RTT inflation specifically, keeping its action high even when the path latency grows."
synthetic-deficiency-part2,adv,adv-rtt_insensitivity-017,35,1,deficiency,rtt_insensitivity,0.9459624858299207,back_off,cubic,"Sage under-reacts to RTT inflation specifically, keeping its action high even when the path latency grows."
synthetic-deficiency-part2,adv,adv-rtt_insensitivity-017,36,1,deficiency,rtt_insensitivity,0.9459624858299207,back_off,cubic,"Sage under-reacts to RTT inflation specifically, keeping its action high even when the path latency grows."
synthetic-deficiency-part2,adv,adv-rtt_insensitivity-017,37,1,deficiency,rtt_insensitivity,0.9459624858299207,back_off,cubic,"Sage under-reacts to RTT inflation specifically, keeping its action high even when the path latency grows."
synthetic-deficiency-part2,adv,adv-rtt_insensitivity-017,38,1,deficiency,rtt_insensitivity,0.9459624858299207,back_off,cubic,"Sage under-reacts to RTT inflation specifically, keeping its action high even when the path latency grows."
synthetic-deficiency-part2,adv,adv-rtt_insensitivity-017,39,1,deficiency,rtt_insensitivity,0.9459624858299207,back_off,cubic,"Sage under-reacts to RTT inflation specifically, keeping its action high even when the path latency grows."
synthetic-deficiency-part2,adv,adv-rtt_insensitivity-017,40,2,cooldown_context,benign_steady,0.5355296798455931,noop,cubic,Benign cool-down context using benign_steady.
synthetic-deficiency-part2,adv,adv-rtt_insensitivity-017,41,2,cooldown_context,benign_steady,0.5355296798455931,noop,cubic,Benign cool-down context using benign_steady.
synthetic-deficiency-part2,adv,adv-rtt_insensitivity-017,42,2,cooldown_context,benign_steady,0.5355296798455931,noop,cubic,Benign cool-down context using benign_steady.
synthetic-deficiency-part2,adv,adv-rtt_insensitivity-017,43,2,cooldown_context,benign_steady,0.5355296798455931,noop,cubic,Benign cool-down context using benign_steady.
synthetic-deficiency-part2,adv,adv-rtt_insensitivity-017,44,2,cooldown_context,benign_steady,0.5355296798455931,noop,cubic,Benign cool-down context using benign_steady.
synthetic-deficiency-part2,adv,adv-rtt_insensitivity-017,45,2,cooldown_context,benign_steady,0.5355296798455931,noop,cubic,Benign cool-down context using benign_steady.
synthetic-deficiency-part2,adv,adv-rtt_insensitivity-017,46,2,cooldown_context,benign_steady,0.5355296798455931,noop,cubic,Benign cool-down context using benign_steady.
synthetic-deficiency-part2,adv,adv-rtt_insensitivity-017,47,2,cooldown_context,benign_steady,0.5355296798455931,noop,cubic,Benign cool-down context using benign_steady.
synthetic-deficiency-part2,adv,adv-delayed_backoff-018,0,0,warmup_context,benign_steady,0.646327854556981,noop,bbr,Benign warm-up context using benign_steady.
synthetic-deficiency-part2,adv,adv-delayed_backoff-018,1,0,warmup_context,benign_steady,0.646327854556981,noop,bbr,Benign warm-up context using benign_steady.
synthetic-deficiency-part2,adv,adv-delayed_backoff-018,2,0,warmup_context,benign_steady,0.646327854556981,noop,bbr,Benign warm-up context using benign_steady.
synthetic-deficiency-part2,adv,adv-delayed_backoff-018,3,0,warmup_context,benign_steady,0.646327854556981,noop,bbr,Benign warm-up context using benign_steady.
synthetic-deficiency-part2,adv,adv-delayed_backoff-018,4,0,warmup_context,benign_steady,0.646327854556981,noop,bbr,Benign warm-up context using benign_steady.
synthetic-deficiency-part2,adv,adv-delayed_backoff-018,5,0,warmup_context,benign_steady,0.646327854556981,noop,bbr,Benign warm-up context using benign_steady.
synthetic-deficiency-part2,adv,adv-delayed_backoff-018,6,0,warmup_context,benign_steady,0.646327854556981,noop,bbr,Benign warm-up context using benign_steady.
synthetic-deficiency-part2,adv,adv-delayed_backoff-018,7,0,warmup_context,benign_steady,0.646327854556981,noop,bbr,Benign warm-up context using benign_steady.
synthetic-deficiency-part2,adv,adv-delayed_backoff-018,8,1,deficiency,delayed_backoff,0.7414829149732859,back_off,reno,"Congestion signals rise rapidly, yet Sage keeps its action elevated instead of backing off promptly."
synthetic-deficiency-part2,adv,adv-delayed_backoff-018,9,1,deficiency,delayed_backoff,0.7414829149732859,back_off,reno,"Congestion signals rise rapidly, yet Sage keeps its action elevated instead of backing off promptly."
synthetic-deficiency-part2,adv,adv-delayed_backoff-018,10,1,deficiency,delayed_backoff,0.7414829149732859,back_off,reno,"Congestion signals rise rapidly, yet Sage keeps its action elevated instead of backing off promptly."
synthetic-deficiency-part2,adv,adv-delayed_backoff-018,11,1,deficiency,delayed_backoff,0.7414829149732859,back_off,reno,"Congestion signals rise rapidly, yet Sage keeps its action elevated instead of backing off promptly."
synthetic-deficiency-part2,adv,adv-delayed_backoff-018,12,1,deficiency,delayed_backoff,0.7414829149732859,back_off,reno,"Congestion signals rise rapidly, yet Sage keeps its action elevated instead of backing off promptly."
synthetic-deficiency-part2,adv,adv-delayed_backoff-018,13,1,deficiency,delayed_backoff,0.7414829149732859,back_off,reno,"Congestion signals rise rapidly, yet Sage keeps its action elevated instead of backing off promptly."
synthetic-deficiency-part2,adv,adv-delayed_backoff-018,14,1,deficiency,delayed_backoff,0.7414829149732859,back_off,reno,"Congestion signals rise rapidly, yet Sage keeps its action elevated instead of backing off promptly."
synthetic-deficiency-part2,adv,adv-delayed_backoff-018,15,1,deficiency,delayed_backoff,0.7414829149732859,back_off,reno,"Congestion signals rise rapidly, yet Sage keeps its action elevated instead of backing off promptly."
synthetic-deficiency-part2,adv,adv-delayed_backoff-018,16,1,deficiency,delayed_backoff,0.7414829149732859,back_off,reno,"Congestion signals rise rapidly, yet Sage keeps its action elevated instead of backing off promptly."
synthetic-deficiency-part2,adv,adv-delayed_backoff-018,17,1,deficiency,delayed_backoff,0.7414829149732859,back_off,reno,"Congestion signals rise rapidly, yet Sage keeps its action elevated instead of backing off promptly."
synthetic-deficiency-part2,adv,adv-delayed_backoff-018,18,1,deficiency,delayed_backoff,0.7414829149732859,back_off,reno,"Congestion signals rise rapidly, yet Sage keeps its action elevated instead of backing off promptly."
synthetic-deficiency-part2,adv,adv-delayed_backoff-018,19,1,deficiency,delayed_backoff,0.7414829149732859,back_off,reno,"Congestion signals rise rapidly, yet Sage keeps its action elevated instead of backing off promptly."
synthetic-deficiency-part2,adv,adv-delayed_backoff-018,20,1,deficiency,delayed_backoff,0.7414829149732859,back_off,reno,"Congestion signals rise rapidly, yet Sage keeps its action elevated instead of backing off promptly."
synthetic-deficiency-part2,adv,adv-delayed_backoff-018,21,1,deficiency,delayed_backoff,0.7414829149732859,back_off,reno,"Congestion signals rise rapidly, yet Sage keeps its action elevated instead of backing off promptly."
synthetic-deficiency-part2,adv,adv-delayed_backoff-018,22,1,deficiency,delayed_backoff,0.7414829149732859,back_off,reno,"Congestion signals rise rapidly, yet Sage keeps its action elevated instead of backing off promptly."
synthetic-deficiency-part2,adv,adv-delayed_backoff-018,23,1,deficiency,delayed_backoff,0.7414829149732859,back_off,reno,"Congestion signals rise rapidly, yet Sage keeps its action elevated instead of backing off promptly."
synthetic-deficiency-part2,adv,adv-delayed_backoff-018,24,1,deficiency,delayed_backoff,0.7414829149732859,back_off,reno,"Congestion signals rise rapidly, yet Sage keeps its action elevated instead of backing off promptly."
synthetic-deficiency-part2,adv,adv-delayed_backoff-018,25,1,deficiency,delayed_backoff,0.7414829149732859,back_off,reno,"Congestion signals rise rapidly, yet Sage keeps its action elevated instead of backing off promptly."
synthetic-deficiency-part2,adv,adv-delayed_backoff-018,26,1,deficiency,delayed_backoff,0.7414829149732859,back_off,reno,"Congestion signals rise rapidly, yet Sage keeps its action elevated instead of backing off promptly."
synthetic-deficiency-part2,adv,adv-delayed_backoff-018,27,1,deficiency,delayed_backoff,0.7414829149732859,back_off,reno,"Congestion signals rise rapidly, yet Sage keeps its action elevated instead of backing off promptly."
synthetic-deficiency-part2,adv,adv-delayed_backoff-018,28,1,deficiency,delayed_backoff,0.7414829149732859,back_off,reno,"Congestion signals rise rapidly, yet Sage keeps its action elevated instead of backing off promptly."
synthetic-deficiency-part2,adv,adv-delayed_backoff-018,29,1,deficiency,delayed_backoff,0.7414829149732859,back_off,reno,"Congestion signals rise rapidly, yet Sage keeps its action elevated instead of backing off promptly."
synthetic-deficiency-part2,adv,adv-delayed_backoff-018,30,1,deficiency,delayed_backoff,0.7414829149732859,back_off,reno,"Congestion signals rise rapidly, yet Sage keeps its action elevated instead of backing off promptly."
synthetic-deficiency-part2,adv,adv-delayed_backoff-018,31,1,deficiency,delayed_backoff,0.7414829149732859,back_off,reno,"Congestion signals rise rapidly, yet Sage keeps its action elevated instead of backing off promptly."
synthetic-deficiency-part2,adv,adv-delayed_backoff-018,32,1,deficiency,delayed_backoff,0.7414829149732859,back_off,reno,"Congestion signals rise rapidly, yet Sage keeps its action elevated instead of backing off promptly."
synthetic-deficiency-part2,adv,adv-delayed_backoff-018,33,1,deficiency,delayed_backoff,0.7414829149732859,back_off,reno,"Congestion signals rise rapidly, yet Sage keeps its action elevated instead of backing off promptly."
synthetic-deficiency-part2,adv,adv-delayed_backoff-018,34,1,deficiency,delayed_backoff,0.7414829149732859,back_off,reno,"Congestion signals rise rapidly, yet Sage keeps its action elevated instead of backing off promptly."
synthetic-deficiency-part2,adv,adv-delayed_backoff-018,35,1,deficiency,delayed_backoff,0.7414829149732859,back_off,reno,"Congestion signals rise rapidly, yet Sage keeps its action elevated instead of backing off promptly."
synthetic-deficiency-part2,adv,adv-delayed_backoff-018,36,1,deficiency,delayed_backoff,0.7414829149732859,back_off,reno,"Congestion signals rise rapidly, yet Sage keeps its action elevated instead of backing off promptly."
synthetic-deficiency-part2,adv,adv-delayed_backoff-018,37,1,deficiency,delayed_backoff,0.7414829149732859,back_off,reno,"Congestion signals rise rapidly, yet Sage keeps its action elevated instead of backing off promptly."
synthetic-deficiency-part2,adv,adv-delayed_backoff-018,38,1,deficiency,delayed_backoff,0.7414829149732859,back_off,reno,"Congestion signals rise rapidly, yet Sage keeps its action elevated instead of backing off promptly."
synthetic-deficiency-part2,adv,adv-delayed_backoff-018,39,1,deficiency,delayed_backoff,0.7414829149732859,back_off,reno,"Congestion signals rise rapidly, yet Sage keeps its action elevated instead of backing off promptly."
synthetic-deficiency-part2,adv,adv-delayed_backoff-018,40,2,cooldown_context,benign_steady,0.2967810658265576,noop,cubic,Benign cool-down context using benign_steady.
synthetic-deficiency-part2,adv,adv-delayed_backoff-018,41,2,cooldown_context,benign_steady,0.2967810658265576,noop,cubic,Benign cool-down context using benign_steady.
synthetic-deficiency-part2,adv,adv-delayed_backoff-018,42,2,cooldown_context,benign_steady,0.2967810658265576,noop,cubic,Benign cool-down context using benign_steady.
synthetic-deficiency-part2,adv,adv-delayed_backoff-018,43,2,cooldown_context,benign_steady,0.2967810658265576,noop,cubic,Benign cool-down context using benign_steady.
synthetic-deficiency-part2,adv,adv-delayed_backoff-018,44,2,cooldown_context,benign_steady,0.2967810658265576,noop,cubic,Benign cool-down context using benign_steady.
synthetic-deficiency-part2,adv,adv-delayed_backoff-018,45,2,cooldown_context,benign_steady,0.2967810658265576,noop,cubic,Benign cool-down context using benign_steady.
synthetic-deficiency-part2,adv,adv-delayed_backoff-018,46,2,cooldown_context,benign_steady,0.2967810658265576,noop,cubic,Benign cool-down context using benign_steady.
synthetic-deficiency-part2,adv,adv-delayed_backoff-018,47,2,cooldown_context,benign_steady,0.2967810658265576,noop,cubic,Benign cool-down context using benign_steady.
synthetic-deficiency-part2,adv,adv-rtt_insensitivity-019,0,0,warmup_context,benign_steady,0.29294208697197954,noop,bbr,Benign warm-up context using benign_steady.
synthetic-deficiency-part2,adv,adv-rtt_insensitivity-019,1,0,warmup_context,benign_steady,0.29294208697197954,noop,bbr,Benign warm-up context using benign_steady.
synthetic-deficiency-part2,adv,adv-rtt_insensitivity-019,2,0,warmup_context,benign_steady,0.29294208697197954,noop,bbr,Benign warm-up context using benign_steady.
synthetic-deficiency-part2,adv,adv-rtt_insensitivity-019,3,0,warmup_context,benign_steady,0.29294208697197954,noop,bbr,Benign warm-up context using benign_steady.
synthetic-deficiency-part2,adv,adv-rtt_insensitivity-019,4,0,warmup_context,benign_steady,0.29294208697197954,noop,bbr,Benign warm-up context using benign_steady.
synthetic-deficiency-part2,adv,adv-rtt_insensitivity-019,5,0,warmup_context,benign_steady,0.29294208697197954,noop,bbr,Benign warm-up context using benign_steady.
synthetic-deficiency-part2,adv,adv-rtt_insensitivity-019,6,0,warmup_context,benign_steady,0.29294208697197954,noop,bbr,Benign warm-up context using benign_steady.
synthetic-deficiency-part2,adv,adv-rtt_insensitivity-019,7,0,warmup_context,benign_steady,0.29294208697197954,noop,bbr,Benign warm-up context using benign_steady.
synthetic-deficiency-part2,adv,adv-rtt_insensitivity-019,8,1,deficiency,rtt_insensitivity,0.9054183594498504,back_off,cubic,"Sage under-reacts to RTT inflation specifically, keeping its action high even when the path latency grows."
synthetic-deficiency-part2,adv,adv-rtt_insensitivity-019,9,1,deficiency,rtt_insensitivity,0.9054183594498504,back_off,cubic,"Sage under-reacts to RTT inflation specifically, keeping its action high even when the path latency grows."
synthetic-deficiency-part2,adv,adv-rtt_insensitivity-019,10,1,deficiency,rtt_insensitivity,0.9054183594498504,back_off,cubic,"Sage under-reacts to RTT inflation specifically, keeping its action high even when the path latency grows."
synthetic-deficiency-part2,adv,adv-rtt_insensitivity-019,11,1,deficiency,rtt_insensitivity,0.9054183594498504,back_off,cubic,"Sage under-reacts to RTT inflation specifically, keeping its action high even when the path latency grows."
synthetic-deficiency-part2,adv,adv-rtt_insensitivity-019,12,1,deficiency,rtt_insensitivity,0.9054183594498504,back_off,cubic,"Sage under-reacts to RTT inflation specifically, keeping its action high even when the path latency grows."
synthetic-deficiency-part2,adv,adv-rtt_insensitivity-019,13,1,deficiency,rtt_insensitivity,0.9054183594498504,back_off,cubic,"Sage under-reacts to RTT inflation specifically, keeping its action high even when the path latency grows."
synthetic-deficiency-part2,adv,adv-rtt_insensitivity-019,14,1,deficiency,rtt_insensitivity,0.9054183594498504,back_off,cubic,"Sage under-reacts to RTT inflation specifically, keeping its action high even when the path latency grows."
synthetic-deficiency-part2,adv,adv-rtt_insensitivity-019,15,1,deficiency,rtt_insensitivity,0.9054183594498504,back_off,cubic,"Sage under-reacts to RTT inflation specifically, keeping its action high even when the path latency grows."
synthetic-deficiency-part2,adv,adv-rtt_insensitivity-019,16,1,deficiency,rtt_insensitivity,0.9054183594498504,back_off,cubic,"Sage under-reacts to RTT inflation specifically, keeping its action high even when the path latency grows."
synthetic-deficiency-part2,adv,adv-rtt_insensitivity-019,17,1,deficiency,rtt_insensitivity,0.9054183594498504,back_off,cubic,"Sage under-reacts to RTT inflation specifically, keeping its action high even when the path latency grows."
synthetic-deficiency-part2,adv,adv-rtt_insensitivity-019,18,1,deficiency,rtt_insensitivity,0.9054183594498504,back_off,cubic,"Sage under-reacts to RTT inflation specifically, keeping its action high even when the path latency grows."
synthetic-deficiency-part2,adv,adv-rtt_insensitivity-019,19,1,deficiency,rtt_insensitivity,0.9054183594498504,back_off,cubic,"Sage under-reacts to RTT inflation specifically, keeping its action high even when the path latency grows."
synthetic-deficiency-part2,adv,adv-rtt_insensitivity-019,20,1,deficiency,rtt_insensitivity,0.9054183594498504,back_off,cubic,"Sage under-reacts to RTT inflation specifically, keeping its action high even when the path latency grows."
synthetic-deficiency-part2,adv,adv-rtt_insensitivity-019,21,1,deficiency,rtt_insensitivity,0.9054183594498504,back_off,cubic,"Sage under-reacts to RTT inflation specifically, keeping its action high even when the path latency grows."
synthetic-deficiency-part2,adv,adv-rtt_insensitivity-019,22,1,deficiency,rtt_insensitivity,0.9054183594498504,back_off,cubic,"Sage under-reacts to RTT inflation specifically, keeping its action high even when the path latency grows."
synthetic-deficiency-part2,adv,adv-rtt_insensitivity-019,23,1,deficiency,rtt_insensitivity,0.9054183594498504,back_off,cubic,"Sage under-reacts to RTT inflation specifically, keeping its action high even when the path latency grows."
synthetic-deficiency-part2,adv,adv-rtt_insensitivity-019,24,1,deficiency,rtt_insensitivity,0.9054183594498504,back_off,cubic,"Sage under-reacts to RTT inflation specifically, keeping its action high even when the path latency grows."
synthetic-deficiency-part2,adv,adv-rtt_insensitivity-019,25,1,deficiency,rtt_insensitivity,0.9054183594498504,back_off,cubic,"Sage under-reacts to RTT inflation specifically, keeping its action high even when the path latency grows."
synthetic-deficiency-part2,adv,adv-rtt_insensitivity-019,26,1,deficiency,rtt_insensitivity,0.9054183594498504,back_off,cubic,"Sage under-reacts to RTT inflation specifically, keeping its action high even when the path latency grows."
synthetic-deficiency-part2,adv,adv-rtt_insensitivity-019,27,1,deficiency,rtt_insensitivity,0.9054183594498504,back_off,cubic,"Sage under-reacts to RTT inflation specifically, keeping its action high even when the path latency grows."
synthetic-deficiency-part2,adv,adv-rtt_insensitivity-019,28,1,deficiency,rtt_insensitivity,0.9054183594498504,back_off,cubic,"Sage under-reacts to RTT inflation specifically, keeping its action high even when the path latency grows."
synthetic-deficiency-part2,adv,adv-rtt_insensitivity-019,29,1,deficiency,rtt_insensitivity,0.9054183594498504,back_off,cubic,"Sage under-reacts to RTT inflation specifically, keeping its action high even when the path latency grows."
synthetic-deficiency-part2,adv,adv-rtt_insensitivity-019,30,1,deficiency,rtt_insensitivity,0.9054183594498504,back_off,cubic,"Sage under-reacts to RTT inflation specifically, keeping its action high even when the path latency grows."
synthetic-deficiency-part2,adv,adv-rtt_insensitivity-019,31,1,deficiency,rtt_insensitivity,0.9054183594498504,back_off,cubic,"Sage under-reacts to RTT inflation specifically, keeping its action high even when the path latency grows."
synthetic-deficiency-part2,adv,adv-rtt_insensitivity-019,32,1,deficiency,rtt_insensitivity,0.9054183594498504,back_off,cubic,"Sage under-reacts to RTT inflation specifically, keeping its action high even when the path latency grows."
synthetic-deficiency-part2,adv,adv-rtt_insensitivity-019,33,1,deficiency,rtt_insensitivity,0.9054183594498504,back_off,cubic,"Sage under-reacts to RTT inflation specifically, keeping its action high even when the path latency grows."
synthetic-deficiency-part2,adv,adv-rtt_insensitivity-019,34,1,deficiency,rtt_insensitivity,0.9054183594498504,back_off,cubic,"Sage under-reacts to RTT inflation specifically, keeping its action high even when the path latency grows."
synthetic-deficiency-part2,adv,adv-rtt_insensitivity-019,35,1,deficiency,rtt_insensitivity,0.9054183594498504,back_off,cubic,"Sage under-reacts to RTT inflation specifically, keeping its action high even when the path latency grows."
synthetic-deficiency-part2,adv,adv-rtt_insensitivity-019,36,1,deficiency,rtt_insensitivity,0.9054183594498504,back_off,cubic,"Sage under-reacts to RTT inflation specifically, keeping its action high even when the path latency grows."
synthetic-deficiency-part2,adv,adv-rtt_insensitivity-019,37,1,deficiency,rtt_insensitivity,0.9054183594498504,back_off,cubic,"Sage under-reacts to RTT inflation specifically, keeping its action high even when the path latency grows."
synthetic-deficiency-part2,adv,adv-rtt_insensitivity-019,38,1,deficiency,rtt_insensitivity,0.9054183594498504,back_off,cubic,"Sage under-reacts to RTT inflation specifically, keeping its action high even when the path latency grows."
synthetic-deficiency-part2,adv,adv-rtt_insensitivity-019,39,1,deficiency,rtt_insensitivity,0.9054183594498504,back_off,cubic,"Sage under-reacts to RTT inflation specifically, keeping its action high even when the path latency grows."
synthetic-deficiency-part2,adv,adv-rtt_insensitivity-019,40,2,cooldown_context,benign_steady,0.5067607311410598,noop,cubic,Benign cool-down context using benign_steady.
synthetic-deficiency-part2,adv,adv-rtt_insensitivity-019,41,2,cooldown_context,benign_steady,0.5067607311410598,noop,cubic,Benign cool-down context using benign_steady.
synthetic-deficiency-part2,adv,adv-rtt_insensitivity-019,42,2,cooldown_context,benign_steady,0.5067607311410598,noop,cubic,Benign cool-down context using benign_steady.
synthetic-deficiency-part2,adv,adv-rtt_insensitivity-019,43,2,cooldown_context,benign_steady,0.5067607311410598,noop,cubic,Benign cool-down context using benign_steady.
synthetic-deficiency-part2,adv,adv-rtt_insensitivity-019,44,2,cooldown_context,benign_steady,0.5067607311410598,noop,cubic,Benign cool-down context using benign_steady.
synthetic-deficiency-part2,adv,adv-rtt_insensitivity-019,45,2,cooldown_context,benign_steady,0.5067607311410598,noop,cubic,Benign cool-down context using benign_steady.
synthetic-deficiency-part2,adv,adv-rtt_insensitivity-019,46,2,cooldown_context,benign_steady,0.5067607311410598,noop,cubic,Benign cool-down context using benign_steady.
synthetic-deficiency-part2,adv,adv-rtt_insensitivity-019,47,2,cooldown_context,benign_steady,0.5067607311410598,noop,cubic,Benign cool-down context using benign_steady.
synthetic-deficiency-part2,adv,adv-rtt_insensitivity-020,0,0,warmup_context,benign_steady,0.4979413055782387,noop,bbr,Benign warm-up context using benign_steady.
synthetic-deficiency-part2,adv,adv-rtt_insensitivity-020,1,0,warmup_context,benign_steady,0.4979413055782387,noop,bbr,Benign warm-up context using benign_steady.
synthetic-deficiency-part2,adv,adv-rtt_insensitivity-020,2,0,warmup_context,benign_steady,0.4979413055782387,noop,bbr,Benign warm-up context using benign_steady.
synthetic-deficiency-part2,adv,adv-rtt_insensitivity-020,3,0,warmup_context,benign_steady,0.4979413055782387,noop,bbr,Benign warm-up context using benign_steady.
synthetic-deficiency-part2,adv,adv-rtt_insensitivity-020,4,0,warmup_context,benign_steady,0.4979413055782387,noop,bbr,Benign warm-up context using benign_steady.
synthetic-deficiency-part2,adv,adv-rtt_insensitivity-020,5,0,warmup_context,benign_steady,0.4979413055782387,noop,bbr,Benign warm-up context using benign_steady.
synthetic-deficiency-part2,adv,adv-rtt_insensitivity-020,6,0,warmup_context,benign_steady,0.4979413055782387,noop,bbr,Benign warm-up context using benign_steady.
synthetic-deficiency-part2,adv,adv-rtt_insensitivity-020,7,0,warmup_context,benign_steady,0.4979413055782387,noop,bbr,Benign warm-up context using benign_steady.
synthetic-deficiency-part2,adv,adv-rtt_insensitivity-020,8,1,deficiency,rtt_insensitivity,0.5972480081171366,back_off,cubic,"Sage under-reacts to RTT inflation specifically, keeping its action high even when the path latency grows."
synthetic-deficiency-part2,adv,adv-rtt_insensitivity-020,9,1,deficiency,rtt_insensitivity,0.5972480081171366,back_off,cubic,"Sage under-reacts to RTT inflation specifically, keeping its action high even when the path latency grows."
synthetic-deficiency-part2,adv,adv-rtt_insensitivity-020,10,1,deficiency,rtt_insensitivity,0.5972480081171366,back_off,cubic,"Sage under-reacts to RTT inflation specifically, keeping its action high even when the path latency grows."
synthetic-deficiency-part2,adv,adv-rtt_insensitivity-020,11,1,deficiency,rtt_insensitivity,0.5972480081171366,back_off,cubic,"Sage under-reacts to RTT inflation specifically, keeping its action high even when the path latency grows."
synthetic-deficiency-part2,adv,adv-rtt_insensitivity-020,12,1,deficiency,rtt_insensitivity,0.5972480081171366,back_off,cubic,"Sage under-reacts to RTT inflation specifically, keeping its action high even when the path latency grows."
synthetic-deficiency-part2,adv,adv-rtt_insensitivity-020,13,1,deficiency,rtt_insensitivity,0.5972480081171366,back_off,cubic,"Sage under-reacts to RTT inflation specifically, keeping its action high even when the path latency grows."
synthetic-deficiency-part2,adv,adv-rtt_insensitivity-020,14,1,deficiency,rtt_insensitivity,0.5972480081171366,back_off,cubic,"Sage under-reacts to RTT inflation specifically, keeping its action high even when the path latency grows."
synthetic-deficiency-part2,adv,adv-rtt_insensitivity-020,15,1,deficiency,rtt_insensitivity,0.5972480081171366,back_off,cubic,"Sage under-reacts to RTT inflation specifically, keeping its action high even when the path latency grows."
synthetic-deficiency-part2,adv,adv-rtt_insensitivity-020,16,1,deficiency,rtt_insensitivity,0.5972480081171366,back_off,cubic,"Sage under-reacts to RTT inflation specifically, keeping its action high even when the path latency grows."
synthetic-deficiency-part2,adv,adv-rtt_insensitivity-020,17,1,deficiency,rtt_insensitivity,0.5972480081171366,back_off,cubic,"Sage under-reacts to RTT inflation specifically, keeping its action high even when the path latency grows."
synthetic-deficiency-part2,adv,adv-rtt_insensitivity-020,18,1,deficiency,rtt_insensitivity,0.5972480081171366,back_off,cubic,"Sage under-reacts to RTT inflation specifically, keeping its action high even when the path latency grows."
synthetic-deficiency-part2,adv,adv-rtt_insensitivity-020,19,1,deficiency,rtt_insensitivity,0.5972480081171366,back_off,cubic,"Sage under-reacts to RTT inflation specifically, keeping its action high even when the path latency grows."
synthetic-deficiency-part2,adv,adv-rtt_insensitivity-020,20,1,deficiency,rtt_insensitivity,0.5972480081171366,back_off,cubic,"Sage under-reacts to RTT inflation specifically, keeping its action high even when the path latency grows."
synthetic-deficiency-part2,adv,adv-rtt_insensitivity-020,21,1,deficiency,rtt_insensitivity,0.5972480081171366,back_off,cubic,"Sage under-reacts to RTT inflation specifically, keeping its action high even when the path latency grows."
synthetic-deficiency-part2,adv,adv-rtt_insensitivity-020,22,1,deficiency,rtt_insensitivity,0.5972480081171366,back_off,cubic,"Sage under-reacts to RTT inflation specifically, keeping its action high even when the path latency grows."
synthetic-deficiency-part2,adv,adv-rtt_insensitivity-020,23,1,deficiency,rtt_insensitivity,0.5972480081171366,back_off,cubic,"Sage under-reacts to RTT inflation specifically, keeping its action high even when the path latency grows."
synthetic-deficiency-part2,adv,adv-rtt_insensitivity-020,24,1,deficiency,rtt_insensitivity,0.5972480081171366,back_off,cubic,"Sage under-reacts to RTT inflation specifically, keeping its action high even when the path latency grows."
synthetic-deficiency-part2,adv,adv-rtt_insensitivity-020,25,1,deficiency,rtt_insensitivity,0.5972480081171366,back_off,cubic,"Sage under-reacts to RTT inflation specifically, keeping its action high even when the path latency grows."
synthetic-deficiency-part2,adv,adv-rtt_insensitivity-020,26,1,deficiency,rtt_insensitivity,0.5972480081171366,back_off,cubic,"Sage under-reacts to RTT inflation specifically, keeping its action high even when the path latency grows."
synthetic-deficiency-part2,adv,adv-rtt_insensitivity-020,27,1,deficiency,rtt_insensitivity,0.5972480081171366,back_off,cubic,"Sage under-reacts to RTT inflation specifically, keeping its action high even when the path latency grows."
synthetic-deficiency-part2,adv,adv-rtt_insensitivity-020,28,1,deficiency,rtt_insensitivity,0.5972480081171366,back_off,cubic,"Sage under-reacts to RTT inflation specifically, keeping its action high even when the path latency grows."
synthetic-deficiency-part2,adv,adv-rtt_insensitivity-020,29,1,deficiency,rtt_insensitivity,0.5972480081171366,back_off,cubic,"Sage under-reacts to RTT inflation specifically, keeping its action high even when the path latency grows."
synthetic-deficiency-part2,adv,adv-rtt_insensitivity-020,30,1,deficiency,rtt_insensitivity,0.5972480081171366,back_off,cubic,"Sage under-reacts to RTT inflation specifically, keeping its action high even when the path latency grows."
synthetic-deficiency-part2,adv,adv-rtt_insensitivity-020,31,1,deficiency,rtt_insensitivity,0.5972480081171366,back_off,cubic,"Sage under-reacts to RTT inflation specifically, keeping its action high even when the path latency grows."
synthetic-deficiency-part2,adv,adv-rtt_insensitivity-020,32,1,deficiency,rtt_insensitivity,0.5972480081171366,back_off,cubic,"Sage under-reacts to RTT inflation specifically, keeping its action high even when the path latency grows."
synthetic-deficiency-part2,adv,adv-rtt_insensitivity-020,33,1,deficiency,rtt_insensitivity,0.5972480081171366,back_off,cubic,"Sage under-reacts to RTT inflation specifically, keeping its action high even when the path latency grows."
synthetic-deficiency-part2,adv,adv-rtt_insensitivity-020,34,1,deficiency,rtt_insensitivity,0.5972480081171366,back_off,cubic,"Sage under-reacts to RTT inflation specifically, keeping its action high even when the path latency grows."
synthetic-deficiency-part2,adv,adv-rtt_insensitivity-020,35,1,deficiency,rtt_insensitivity,0.5972480081171366,back_off,cubic,"Sage under-reacts to RTT inflation specifically, keeping its action high even when the path latency grows."
synthetic-deficiency-part2,adv,adv-rtt_insensitivity-020,36,1,deficiency,rtt_insensitivity,0.5972480081171366,back_off,cubic,"Sage under-reacts to RTT inflation specifically, keeping its action high even when the path latency grows."
synthetic-deficiency-part2,adv,adv-rtt_insensitivity-020,37,1,deficiency,rtt_insensitivity,0.5972480081171366,back_off,cubic,"Sage under-reacts to RTT inflation specifically, keeping its action high even when the path latency grows."
synthetic-deficiency-part2,adv,adv-rtt_insensitivity-020,38,1,deficiency,rtt_insensitivity,0.5972480081171366,back_off,cubic,"Sage under-reacts to RTT inflation specifically, keeping its action high even when the path latency grows."
synthetic-deficiency-part2,adv,adv-rtt_insensitivity-020,39,1,deficiency,rtt_insensitivity,0.5972480081171366,back_off,cubic,"Sage under-reacts to RTT inflation specifically, keeping its action high even when the path latency grows."
synthetic-deficiency-part2,adv,adv-rtt_insensitivity-020,40,2,cooldown_context,benign_steady,0.4609425578294698,noop,cubic,Benign cool-down context using benign_steady.
synthetic-deficiency-part2,adv,adv-rtt_insensitivity-020,41,2,cooldown_context,benign_steady,0.4609425578294698,noop,cubic,Benign cool-down context using benign_steady.
synthetic-deficiency-part2,adv,adv-rtt_insensitivity-020,42,2,cooldown_context,benign_steady,0.4609425578294698,noop,cubic,Benign cool-down context using benign_steady.
synthetic-deficiency-part2,adv,adv-rtt_insensitivity-020,43,2,cooldown_context,benign_steady,0.4609425578294698,noop,cubic,Benign cool-down context using benign_steady.
synthetic-deficiency-part2,adv,adv-rtt_insensitivity-020,44,2,cooldown_context,benign_steady,0.4609425578294698,noop,cubic,Benign cool-down context using benign_steady.
synthetic-deficiency-part2,adv,adv-rtt_insensitivity-020,45,2,cooldown_context,benign_steady,0.4609425578294698,noop,cubic,Benign cool-down context using benign_steady.
synthetic-deficiency-part2,adv,adv-rtt_insensitivity-020,46,2,cooldown_context,benign_steady,0.4609425578294698,noop,cubic,Benign cool-down context using benign_steady.
synthetic-deficiency-part2,adv,adv-rtt_insensitivity-020,47,2,cooldown_context,benign_steady,0.4609425578294698,noop,cubic,Benign cool-down context using benign_steady.
synthetic-deficiency-part2,adv,adv-under_aggressiveness-021,0,0,warmup_context,benign_steady,0.5293476068272499,noop,bbr,Benign warm-up context using benign_steady.
synthetic-deficiency-part2,adv,adv-under_aggressiveness-021,1,0,warmup_context,benign_steady,0.5293476068272499,noop,bbr,Benign warm-up context using benign_steady.
synthetic-deficiency-part2,adv,adv-under_aggressiveness-021,2,0,warmup_context,benign_steady,0.5293476068272499,noop,bbr,Benign warm-up context using benign_steady.
synthetic-deficiency-part2,adv,adv-under_aggressiveness-021,3,0,warmup_context,benign_steady,0.5293476068272499,noop,bbr,Benign warm-up context using benign_steady.
synthetic-deficiency-part2,adv,adv-under_aggressiveness-021,4,0,warmup_context,benign_steady,0.5293476068272499,noop,bbr,Benign warm-up context using benign_steady.
synthetic-deficiency-part2,adv,adv-under_aggressiveness-021,5,0,warmup_context,benign_steady,0.5293476068272499,noop,bbr,Benign warm-up context using benign_steady.
synthetic-deficiency-part2,adv,adv-under_aggressiveness-021,6,0,warmup_context,benign_steady,0.5293476068272499,noop,bbr,Benign warm-up context using benign_steady.
synthetic-deficiency-part2,adv,adv-under_aggressiveness-021,7,0,warmup_context,benign_steady,0.5293476068272499,noop,bbr,Benign warm-up context using benign_steady.
synthetic-deficiency-part2,adv,adv-under_aggressiveness-021,8,1,deficiency,under_aggressiveness,0.872445667373342,push_harder,bbr,"Sage keeps its action too low despite favorable RTT, low loss, and available delivery-rate headroom."
synthetic-deficiency-part2,adv,adv-under_aggressiveness-021,9,1,deficiency,under_aggressiveness,0.872445667373342,push_harder,bbr,"Sage keeps its action too low despite favorable RTT, low loss, and available delivery-rate headroom."
synthetic-deficiency-part2,adv,adv-under_aggressiveness-021,10,1,deficiency,under_aggressiveness,0.872445667373342,push_harder,bbr,"Sage keeps its action too low despite favorable RTT, low loss, and available delivery-rate headroom."
synthetic-deficiency-part2,adv,adv-under_aggressiveness-021,11,1,deficiency,under_aggressiveness,0.872445667373342,push_harder,bbr,"Sage keeps its action too low despite favorable RTT, low loss, and available delivery-rate headroom."
synthetic-deficiency-part2,adv,adv-under_aggressiveness-021,12,1,deficiency,under_aggressiveness,0.872445667373342,push_harder,bbr,"Sage keeps its action too low despite favorable RTT, low loss, and available delivery-rate headroom."
synthetic-deficiency-part2,adv,adv-under_aggressiveness-021,13,1,deficiency,under_aggressiveness,0.872445667373342,push_harder,bbr,"Sage keeps its action too low despite favorable RTT, low loss, and available delivery-rate headroom."
synthetic-deficiency-part2,adv,adv-under_aggressiveness-021,14,1,deficiency,under_aggressiveness,0.872445667373342,push_harder,bbr,"Sage keeps its action too low despite favorable RTT, low loss, and available delivery-rate headroom."
synthetic-deficiency-part2,adv,adv-under_aggressiveness-021,15,1,deficiency,under_aggressiveness,0.872445667373342,push_harder,bbr,"Sage keeps its action too low despite favorable RTT, low loss, and available delivery-rate headroom."
synthetic-deficiency-part2,adv,adv-under_aggressiveness-021,16,1,deficiency,under_aggressiveness,0.872445667373342,push_harder,bbr,"Sage keeps its action too low despite favorable RTT, low loss, and available delivery-rate headroom."
synthetic-deficiency-part2,adv,adv-under_aggressiveness-021,17,1,deficiency,under_aggressiveness,0.872445667373342,push_harder,bbr,"Sage keeps its action too low despite favorable RTT, low loss, and available delivery-rate headroom."
synthetic-deficiency-part2,adv,adv-under_aggressiveness-021,18,1,deficiency,under_aggressiveness,0.872445667373342,push_harder,bbr,"Sage keeps its action too low despite favorable RTT, low loss, and available delivery-rate headroom."
synthetic-deficiency-part2,adv,adv-under_aggressiveness-021,19,1,deficiency,under_aggressiveness,0.872445667373342,push_harder,bbr,"Sage keeps its action too low despite favorable RTT, low loss, and available delivery-rate headroom."
synthetic-deficiency-part2,adv,adv-under_aggressiveness-021,20,1,deficiency,under_aggressiveness,0.872445667373342,push_harder,bbr,"Sage keeps its action too low despite favorable RTT, low loss, and available delivery-rate headroom."
synthetic-deficiency-part2,adv,adv-under_aggressiveness-021,21,1,deficiency,under_aggressiveness,0.872445667373342,push_harder,bbr,"Sage keeps its action too low despite favorable RTT, low loss, and available delivery-rate headroom."
synthetic-deficiency-part2,adv,adv-under_aggressiveness-021,22,1,deficiency,under_aggressiveness,0.872445667373342,push_harder,bbr,"Sage keeps its action too low despite favorable RTT, low loss, and available delivery-rate headroom."
synthetic-deficiency-part2,adv,adv-under_aggressiveness-021,23,1,deficiency,under_aggressiveness,0.872445667373342,push_harder,bbr,"Sage keeps its action too low despite favorable RTT, low loss, and available delivery-rate headroom."
synthetic-deficiency-part2,adv,adv-under_aggressiveness-021,24,1,deficiency,under_aggressiveness,0.872445667373342,push_harder,bbr,"Sage keeps its action too low despite favorable RTT, low loss, and available delivery-rate headroom."
synthetic-deficiency-part2,adv,adv-under_aggressiveness-021,25,1,deficiency,under_aggressiveness,0.872445667373342,push_harder,bbr,"Sage keeps its action too low despite favorable RTT, low loss, and available delivery-rate headroom."
synthetic-deficiency-part2,adv,adv-under_aggressiveness-021,26,1,deficiency,under_aggressiveness,0.872445667373342,push_harder,bbr,"Sage keeps its action too low despite favorable RTT, low loss, and available delivery-rate headroom."
synthetic-deficiency-part2,adv,adv-under_aggressiveness-021,27,1,deficiency,under_aggressiveness,0.872445667373342,push_harder,bbr,"Sage keeps its action too low despite favorable RTT, low loss, and available delivery-rate headroom."
synthetic-deficiency-part2,adv,adv-under_aggressiveness-021,28,1,deficiency,under_aggressiveness,0.872445667373342,push_harder,bbr,"Sage keeps its action too low despite favorable RTT, low loss, and available delivery-rate headroom."
synthetic-deficiency-part2,adv,adv-under_aggressiveness-021,29,1,deficiency,under_aggressiveness,0.872445667373342,push_harder,bbr,"Sage keeps its action too low despite favorable RTT, low loss, and available delivery-rate headroom."
synthetic-deficiency-part2,adv,adv-under_aggressiveness-021,30,1,deficiency,under_aggressiveness,0.872445667373342,push_harder,bbr,"Sage keeps its action too low despite favorable RTT, low loss, and available delivery-rate headroom."
synthetic-deficiency-part2,adv,adv-under_aggressiveness-021,31,1,deficiency,under_aggressiveness,0.872445667373342,push_harder,bbr,"Sage keeps its action too low despite favorable RTT, low loss, and available delivery-rate headroom."
synthetic-deficiency-part2,adv,adv-under_aggressiveness-021,32,1,deficiency,under_aggressiveness,0.872445667373342,push_harder,bbr,"Sage keeps its action too low despite favorable RTT, low loss, and available delivery-rate headroom."
synthetic-deficiency-part2,adv,adv-under_aggressiveness-021,33,1,deficiency,under_aggressiveness,0.872445667373342,push_harder,bbr,"Sage keeps its action too low despite favorable RTT, low loss, and available delivery-rate headroom."
synthetic-deficiency-part2,adv,adv-under_aggressiveness-021,34,1,deficiency,under_aggressiveness,0.872445667373342,push_harder,bbr,"Sage keeps its action too low despite favorable RTT, low loss, and available delivery-rate headroom."
synthetic-deficiency-part2,adv,adv-under_aggressiveness-021,35,1,deficiency,under_aggressiveness,0.872445667373342,push_harder,bbr,"Sage keeps its action too low despite favorable RTT, low loss, and available delivery-rate headroom."
synthetic-deficiency-part2,adv,adv-under_aggressiveness-021,36,1,deficiency,under_aggressiveness,0.872445667373342,push_harder,bbr,"Sage keeps its action too low despite favorable RTT, low loss, and available delivery-rate headroom."
synthetic-deficiency-part2,adv,adv-under_aggressiveness-021,37,1,deficiency,under_aggressiveness,0.872445667373342,push_harder,bbr,"Sage keeps its action too low despite favorable RTT, low loss, and available delivery-rate headroom."
synthetic-deficiency-part2,adv,adv-under_aggressiveness-021,38,1,deficiency,under_aggressiveness,0.872445667373342,push_harder,bbr,"Sage keeps its action too low despite favorable RTT, low loss, and available delivery-rate headroom."
synthetic-deficiency-part2,adv,adv-under_aggressiveness-021,39,1,deficiency,under_aggressiveness,0.872445667373342,push_harder,bbr,"Sage keeps its action too low despite favorable RTT, low loss, and available delivery-rate headroom."
synthetic-deficiency-part2,adv,adv-under_aggressiveness-021,40,2,cooldown_context,benign_steady,0.6245274970778831,noop,cubic,Benign cool-down context using benign_steady.
synthetic-deficiency-part2,adv,adv-under_aggressiveness-021,41,2,cooldown_context,benign_steady,0.6245274970778831,noop,cubic,Benign cool-down context using benign_steady.
synthetic-deficiency-part2,adv,adv-under_aggressiveness-021,42,2,cooldown_context,benign_steady,0.6245274970778831,noop,cubic,Benign cool-down context using benign_steady.
synthetic-deficiency-part2,adv,adv-under_aggressiveness-021,43,2,cooldown_context,benign_steady,0.6245274970778831,noop,cubic,Benign cool-down context using benign_steady.
synthetic-deficiency-part2,adv,adv-under_aggressiveness-021,44,2,cooldown_context,benign_steady,0.6245274970778831,noop,cubic,Benign cool-down context using benign_steady.
synthetic-deficiency-part2,adv,adv-under_aggressiveness-021,45,2,cooldown_context,benign_steady,0.6245274970778831,noop,cubic,Benign cool-down context using benign_steady.
synthetic-deficiency-part2,adv,adv-under_aggressiveness-021,46,2,cooldown_context,benign_steady,0.6245274970778831,noop,cubic,Benign cool-down context using benign_steady.
synthetic-deficiency-part2,adv,adv-under_aggressiveness-021,47,2,cooldown_context,benign_steady,0.6245274970778831,noop,cubic,Benign cool-down context using benign_steady.
synthetic-deficiency-part2,adv,adv-under_aggressiveness-022,0,0,warmup_context,benign_steady,0.6253253063558875,noop,bbr,Benign warm-up context using benign_steady.
synthetic-deficiency-part2,adv,adv-under_aggressiveness-022,1,0,warmup_context,benign_steady,0.6253253063558875,noop,bbr,Benign warm-up context using benign_steady.
synthetic-deficiency-part2,adv,adv-under_aggressiveness-022,2,0,warmup_context,benign_steady,0.6253253063558875,noop,bbr,Benign warm-up context using benign_steady.
synthetic-deficiency-part2,adv,adv-under_aggressiveness-022,3,0,warmup_context,benign_steady,0.6253253063558875,noop,bbr,Benign warm-up context using benign_steady.
synthetic-deficiency-part2,adv,adv-under_aggressiveness-022,4,0,warmup_context,benign_steady,0.6253253063558875,noop,bbr,Benign warm-up context using benign_steady.
synthetic-deficiency-part2,adv,adv-under_aggressiveness-022,5,0,warmup_context,benign_steady,0.6253253063558875,noop,bbr,Benign warm-up context using benign_steady.
synthetic-deficiency-part2,adv,adv-under_aggressiveness-022,6,0,warmup_context,benign_steady,0.6253253063558875,noop,bbr,Benign warm-up context using benign_steady.
synthetic-deficiency-part2,adv,adv-under_aggressiveness-022,7,0,warmup_context,benign_steady,0.6253253063558875,noop,bbr,Benign warm-up context using benign_steady.
synthetic-deficiency-part2,adv,adv-under_aggressiveness-022,8,1,deficiency,under_aggressiveness,0.6177683037900935,push_harder,bbr,"Sage keeps its action too low despite favorable RTT, low loss, and available delivery-rate headroom."
synthetic-deficiency-part2,adv,adv-under_aggressiveness-022,9,1,deficiency,under_aggressiveness,0.6177683037900935,push_harder,bbr,"Sage keeps its action too low despite favorable RTT, low loss, and available delivery-rate headroom."
synthetic-deficiency-part2,adv,adv-under_aggressiveness-022,10,1,deficiency,under_aggressiveness,0.6177683037900935,push_harder,bbr,"Sage keeps its action too low despite favorable RTT, low loss, and available delivery-rate headroom."
synthetic-deficiency-part2,adv,adv-under_aggressiveness-022,11,1,deficiency,under_aggressiveness,0.6177683037900935,push_harder,bbr,"Sage keeps its action too low despite favorable RTT, low loss, and available delivery-rate headroom."
synthetic-deficiency-part2,adv,adv-under_aggressiveness-022,12,1,deficiency,under_aggressiveness,0.6177683037900935,push_harder,bbr,"Sage keeps its action too low despite favorable RTT, low loss, and available delivery-rate headroom."
synthetic-deficiency-part2,adv,adv-under_aggressiveness-022,13,1,deficiency,under_aggressiveness,0.6177683037900935,push_harder,bbr,"Sage keeps its action too low despite favorable RTT, low loss, and available delivery-rate headroom."
synthetic-deficiency-part2,adv,adv-under_aggressiveness-022,14,1,deficiency,under_aggressiveness,0.6177683037900935,push_harder,bbr,"Sage keeps its action too low despite favorable RTT, low loss, and available delivery-rate headroom."
synthetic-deficiency-part2,adv,adv-under_aggressiveness-022,15,1,deficiency,under_aggressiveness,0.6177683037900935,push_harder,bbr,"Sage keeps its action too low despite favorable RTT, low loss, and available delivery-rate headroom."
synthetic-deficiency-part2,adv,adv-under_aggressiveness-022,16,1,deficiency,under_aggressiveness,0.6177683037900935,push_harder,bbr,"Sage keeps its action too low despite favorable RTT, low loss, and available delivery-rate headroom."
synthetic-deficiency-part2,adv,adv-under_aggressiveness-022,17,1,deficiency,under_aggressiveness,0.6177683037900935,push_harder,bbr,"Sage keeps its action too low despite favorable RTT, low loss, and available delivery-rate headroom."
synthetic-deficiency-part2,adv,adv-under_aggressiveness-022,18,1,deficiency,under_aggressiveness,0.6177683037900935,push_harder,bbr,"Sage keeps its action too low despite favorable RTT, low loss, and available delivery-rate headroom."
synthetic-deficiency-part2,adv,adv-under_aggressiveness-022,19,1,deficiency,under_aggressiveness,0.6177683037900935,push_harder,bbr,"Sage keeps its action too low despite favorable RTT, low loss, and available delivery-rate headroom."
synthetic-deficiency-part2,adv,adv-under_aggressiveness-022,20,1,deficiency,under_aggressiveness,0.6177683037900935,push_harder,bbr,"Sage keeps its action too low despite favorable RTT, low loss, and available delivery-rate headroom."
synthetic-deficiency-part2,adv,adv-under_aggressiveness-022,21,1,deficiency,under_aggressiveness,0.6177683037900935,push_harder,bbr,"Sage keeps its action too low despite favorable RTT, low loss, and available delivery-rate headroom."
synthetic-deficiency-part2,adv,adv-under_aggressiveness-022,22,1,deficiency,under_aggressiveness,0.6177683037900935,push_harder,bbr,"Sage keeps its action too low despite favorable RTT, low loss, and available delivery-rate headroom."
synthetic-deficiency-part2,adv,adv-under_aggressiveness-022,23,1,deficiency,under_aggressiveness,0.6177683037900935,push_harder,bbr,"Sage keeps its action too low despite favorable RTT, low loss, and available delivery-rate headroom."
synthetic-deficiency-part2,adv,adv-under_aggressiveness-022,24,1,deficiency,under_aggressiveness,0.6177683037900935,push_harder,bbr,"Sage keeps its action too low despite favorable RTT, low loss, and available delivery-rate headroom."
synthetic-deficiency-part2,adv,adv-under_aggressiveness-022,25,1,deficiency,under_aggressiveness,0.6177683037900935,push_harder,bbr,"Sage keeps its action too low despite favorable RTT, low loss, and available delivery-rate headroom."
synthetic-deficiency-part2,adv,adv-under_aggressiveness-022,26,1,deficiency,under_aggressiveness,0.6177683037900935,push_harder,bbr,"Sage keeps its action too low despite favorable RTT, low loss, and available delivery-rate headroom."
synthetic-deficiency-part2,adv,adv-under_aggressiveness-022,27,1,deficiency,under_aggressiveness,0.6177683037900935,push_harder,bbr,"Sage keeps its action too low despite favorable RTT, low loss, and available delivery-rate headroom."
synthetic-deficiency-part2,adv,adv-under_aggressiveness-022,28,1,deficiency,under_aggressiveness,0.6177683037900935,push_harder,bbr,"Sage keeps its action too low despite favorable RTT, low loss, and available delivery-rate headroom."
synthetic-deficiency-part2,adv,adv-under_aggressiveness-022,29,1,deficiency,under_aggressiveness,0.6177683037900935,push_harder,bbr,"Sage keeps its action too low despite favorable RTT, low loss, and available delivery-rate headroom."
synthetic-deficiency-part2,adv,adv-under_aggressiveness-022,30,1,deficiency,under_aggressiveness,0.6177683037900935,push_harder,bbr,"Sage keeps its action too low despite favorable RTT, low loss, and available delivery-rate headroom."
synthetic-deficiency-part2,adv,adv-under_aggressiveness-022,31,1,deficiency,under_aggressiveness,0.6177683037900935,push_harder,bbr,"Sage keeps its action too low despite favorable RTT, low loss, and available delivery-rate headroom."
synthetic-deficiency-part2,adv,adv-under_aggressiveness-022,32,1,deficiency,under_aggressiveness,0.6177683037900935,push_harder,bbr,"Sage keeps its action too low despite favorable RTT, low loss, and available delivery-rate headroom."
synthetic-deficiency-part2,adv,adv-under_aggressiveness-022,33,1,deficiency,under_aggressiveness,0.6177683037900935,push_harder,bbr,"Sage keeps its action too low despite favorable RTT, low loss, and available delivery-rate headroom."
synthetic-deficiency-part2,adv,adv-under_aggressiveness-022,34,1,deficiency,under_aggressiveness,0.6177683037900935,push_harder,bbr,"Sage keeps its action too low despite favorable RTT, low loss, and available delivery-rate headroom."
synthetic-deficiency-part2,adv,adv-under_aggressiveness-022,35,1,deficiency,under_aggressiveness,0.6177683037900935,push_harder,bbr,"Sage keeps its action too low despite favorable RTT, low loss, and available delivery-rate headroom."
synthetic-deficiency-part2,adv,adv-under_aggressiveness-022,36,1,deficiency,under_aggressiveness,0.6177683037900935,push_harder,bbr,"Sage keeps its action too low despite favorable RTT, low loss, and available delivery-rate headroom."
synthetic-deficiency-part2,adv,adv-under_aggressiveness-022,37,1,deficiency,under_aggressiveness,0.6177683037900935,push_harder,bbr,"Sage keeps its action too low despite favorable RTT, low loss, and available delivery-rate headroom."
synthetic-deficiency-part2,adv,adv-under_aggressiveness-022,38,1,deficiency,under_aggressiveness,0.6177683037900935,push_harder,bbr,"Sage keeps its action too low despite favorable RTT, low loss, and available delivery-rate headroom."
synthetic-deficiency-part2,adv,adv-under_aggressiveness-022,39,1,deficiency,under_aggressiveness,0.6177683037900935,push_harder,bbr,"Sage keeps its action too low despite favorable RTT, low loss, and available delivery-rate headroom."
synthetic-deficiency-part2,adv,adv-under_aggressiveness-022,40,2,cooldown_context,benign_steady,0.5029526334168744,noop,cubic,Benign cool-down context using benign_steady.
synthetic-deficiency-part2,adv,adv-under_aggressiveness-022,41,2,cooldown_context,benign_steady,0.5029526334168744,noop,cubic,Benign cool-down context using benign_steady.
synthetic-deficiency-part2,adv,adv-under_aggressiveness-022,42,2,cooldown_context,benign_steady,0.5029526334168744,noop,cubic,Benign cool-down context using benign_steady.
synthetic-deficiency-part2,adv,adv-under_aggressiveness-022,43,2,cooldown_context,benign_steady,0.5029526334168744,noop,cubic,Benign cool-down context using benign_steady.
synthetic-deficiency-part2,adv,adv-under_aggressiveness-022,44,2,cooldown_context,benign_steady,0.5029526334168744,noop,cubic,Benign cool-down context using benign_steady.
synthetic-deficiency-part2,adv,adv-under_aggressiveness-022,45,2,cooldown_context,benign_steady,0.5029526334168744,noop,cubic,Benign cool-down context using benign_steady.
synthetic-deficiency-part2,adv,adv-under_aggressiveness-022,46,2,cooldown_context,benign_steady,0.5029526334168744,noop,cubic,Benign cool-down context using benign_steady.
synthetic-deficiency-part2,adv,adv-under_aggressiveness-022,47,2,cooldown_context,benign_steady,0.5029526334168744,noop,cubic,Benign cool-down context using benign_steady.
synthetic-deficiency-part2,adv,adv-rtt_insensitivity-023,0,0,warmup_context,benign_steady,0.3208737155491787,noop,bbr,Benign warm-up context using benign_steady.
synthetic-deficiency-part2,adv,adv-rtt_insensitivity-023,1,0,warmup_context,benign_steady,0.3208737155491787,noop,bbr,Benign warm-up context using benign_steady.
synthetic-deficiency-part2,adv,adv-rtt_insensitivity-023,2,0,warmup_context,benign_steady,0.3208737155491787,noop,bbr,Benign warm-up context using benign_steady.
synthetic-deficiency-part2,adv,adv-rtt_insensitivity-023,3,0,warmup_context,benign_steady,0.3208737155491787,noop,bbr,Benign warm-up context using benign_steady.
synthetic-deficiency-part2,adv,adv-rtt_insensitivity-023,4,0,warmup_context,benign_steady,0.3208737155491787,noop,bbr,Benign warm-up context using benign_steady.
synthetic-deficiency-part2,adv,adv-rtt_insensitivity-023,5,0,warmup_context,benign_steady,0.3208737155491787,noop,bbr,Benign warm-up context using benign_steady.
synthetic-deficiency-part2,adv,adv-rtt_insensitivity-023,6,0,warmup_context,benign_steady,0.3208737155491787,noop,bbr,Benign warm-up context using benign_steady.
synthetic-deficiency-part2,adv,adv-rtt_insensitivity-023,7,0,warmup_context,benign_steady,0.3208737155491787,noop,bbr,Benign warm-up context using benign_steady.
synthetic-deficiency-part2,adv,adv-rtt_insensitivity-023,8,1,deficiency,rtt_insensitivity,0.9501806899453109,back_off,cubic,"Sage under-reacts to RTT inflation specifically, keeping its action high even when the path latency grows."
synthetic-deficiency-part2,adv,adv-rtt_insensitivity-023,9,1,deficiency,rtt_insensitivity,0.9501806899453109,back_off,cubic,"Sage under-reacts to RTT inflation specifically, keeping its action high even when the path latency grows."
synthetic-deficiency-part2,adv,adv-rtt_insensitivity-023,10,1,deficiency,rtt_insensitivity,0.9501806899453109,back_off,cubic,"Sage under-reacts to RTT inflation specifically, keeping its action high even when the path latency grows."
synthetic-deficiency-part2,adv,adv-rtt_insensitivity-023,11,1,deficiency,rtt_insensitivity,0.9501806899453109,back_off,cubic,"Sage under-reacts to RTT inflation specifically, keeping its action high even when the path latency grows."
synthetic-deficiency-part2,adv,adv-rtt_insensitivity-023,12,1,deficiency,rtt_insensitivity,0.9501806899453109,back_off,cubic,"Sage under-reacts to RTT inflation specifically, keeping its action high even when the path latency grows."
synthetic-deficiency-part2,adv,adv-rtt_insensitivity-023,13,1,deficiency,rtt_insensitivity,0.9501806899453109,back_off,cubic,"Sage under-reacts to RTT inflation specifically, keeping its action high even when the path latency grows."
synthetic-deficiency-part2,adv,adv-rtt_insensitivity-023,14,1,deficiency,rtt_insensitivity,0.9501806899453109,back_off,cubic,"Sage under-reacts to RTT inflation specifically, keeping its action high even when the path latency grows."
synthetic-deficiency-part2,adv,adv-rtt_insensitivity-023,15,1,deficiency,rtt_insensitivity,0.9501806899453109,back_off,cubic,"Sage under-reacts to RTT inflation specifically, keeping its action high even when the path latency grows."
synthetic-deficiency-part2,adv,adv-rtt_insensitivity-023,16,1,deficiency,rtt_insensitivity,0.9501806899453109,back_off,cubic,"Sage under-reacts to RTT inflation specifically, keeping its action high even when the path latency grows."
synthetic-deficiency-part2,adv,adv-rtt_insensitivity-023,17,1,deficiency,rtt_insensitivity,0.9501806899453109,back_off,cubic,"Sage under-reacts to RTT inflation specifically, keeping its action high even when the path latency grows."
synthetic-deficiency-part2,adv,adv-rtt_insensitivity-023,18,1,deficiency,rtt_insensitivity,0.9501806899453109,back_off,cubic,"Sage under-reacts to RTT inflation specifically, keeping its action high even when the path latency grows."
synthetic-deficiency-part2,adv,adv-rtt_insensitivity-023,19,1,deficiency,rtt_insensitivity,0.9501806899453109,back_off,cubic,"Sage under-reacts to RTT inflation specifically, keeping its action high even when the path latency grows."
synthetic-deficiency-part2,adv,adv-rtt_insensitivity-023,20,1,deficiency,rtt_insensitivity,0.9501806899453109,back_off,cubic,"Sage under-reacts to RTT inflation specifically, keeping its action high even when the path latency grows."
synthetic-deficiency-part2,adv,adv-rtt_insensitivity-023,21,1,deficiency,rtt_insensitivity,0.9501806899453109,back_off,cubic,"Sage under-reacts to RTT inflation specifically, keeping its action high even when the path latency grows."
synthetic-deficiency-part2,adv,adv-rtt_insensitivity-023,22,1,deficiency,rtt_insensitivity,0.9501806899453109,back_off,cubic,"Sage under-reacts to RTT inflation specifically, keeping its action high even when the path latency grows."
synthetic-deficiency-part2,adv,adv-rtt_insensitivity-023,23,1,deficiency,rtt_insensitivity,0.9501806899453109,back_off,cubic,"Sage under-reacts to RTT inflation specifically, keeping its action high even when the path latency grows."
synthetic-deficiency-part2,adv,adv-rtt_insensitivity-023,24,1,deficiency,rtt_insensitivity,0.9501806899453109,back_off,cubic,"Sage under-reacts to RTT inflation specifically, keeping its action high even when the path latency grows."
synthetic-deficiency-part2,adv,adv-rtt_insensitivity-023,25,1,deficiency,rtt_insensitivity,0.9501806899453109,back_off,cubic,"Sage under-reacts to RTT inflation specifically, keeping its action high even when the path latency grows."
synthetic-deficiency-part2,adv,adv-rtt_insensitivity-023,26,1,deficiency,rtt_insensitivity,0.9501806899453109,back_off,cubic,"Sage under-reacts to RTT inflation specifically, keeping its action high even when the path latency grows."
synthetic-deficiency-part2,adv,adv-rtt_insensitivity-023,27,1,deficiency,rtt_insensitivity,0.9501806899453109,back_off,cubic,"Sage under-reacts to RTT inflation specifically, keeping its action high even when the path latency grows."
synthetic-deficiency-part2,adv,adv-rtt_insensitivity-023,28,1,deficiency,rtt_insensitivity,0.9501806899453109,back_off,cubic,"Sage under-reacts to RTT inflation specifically, keeping its action high even when the path latency grows."
synthetic-deficiency-part2,adv,adv-rtt_insensitivity-023,29,1,deficiency,rtt_insensitivity,0.9501806899453109,back_off,cubic,"Sage under-reacts to RTT inflation specifically, keeping its action high even when the path latency grows."
synthetic-deficiency-part2,adv,adv-rtt_insensitivity-023,30,1,deficiency,rtt_insensitivity,0.9501806899453109,back_off,cubic,"Sage under-reacts to RTT inflation specifically, keeping its action high even when the path latency grows."
synthetic-deficiency-part2,adv,adv-rtt_insensitivity-023,31,1,deficiency,rtt_insensitivity,0.9501806899453109,back_off,cubic,"Sage under-reacts to RTT inflation specifically, keeping its action high even when the path latency grows."
synthetic-deficiency-part2,adv,adv-rtt_insensitivity-023,32,1,deficiency,rtt_insensitivity,0.9501806899453109,back_off,cubic,"Sage under-reacts to RTT inflation specifically, keeping its action high even when the path latency grows."
synthetic-deficiency-part2,adv,adv-rtt_insensitivity-023,33,1,deficiency,rtt_insensitivity,0.9501806899453109,back_off,cubic,"Sage under-reacts to RTT inflation specifically, keeping its action high even when the path latency grows."
synthetic-deficiency-part2,adv,adv-rtt_insensitivity-023,34,1,deficiency,rtt_insensitivity,0.9501806899453109,back_off,cubic,"Sage under-reacts to RTT inflation specifically, keeping its action high even when the path latency grows."
synthetic-deficiency-part2,adv,adv-rtt_insensitivity-023,35,1,deficiency,rtt_insensitivity,0.9501806899453109,back_off,cubic,"Sage under-reacts to RTT inflation specifically, keeping its action high even when the path latency grows."
synthetic-deficiency-part2,adv,adv-rtt_insensitivity-023,36,1,deficiency,rtt_insensitivity,0.9501806899453109,back_off,cubic,"Sage under-reacts to RTT inflation specifically, keeping its action high even when the path latency grows."
synthetic-deficiency-part2,adv,adv-rtt_insensitivity-023,37,1,deficiency,rtt_insensitivity,0.9501806899453109,back_off,cubic,"Sage under-reacts to RTT inflation specifically, keeping its action high even when the path latency grows."
synthetic-deficiency-part2,adv,adv-rtt_insensitivity-023,38,1,deficiency,rtt_insensitivity,0.9501806899453109,back_off,cubic,"Sage under-reacts to RTT inflation specifically, keeping its action high even when the path latency grows."
synthetic-deficiency-part2,adv,adv-rtt_insensitivity-023,39,1,deficiency,rtt_insensitivity,0.9501806899453109,back_off,cubic,"Sage under-reacts to RTT inflation specifically, keeping its action high even when the path latency grows."
synthetic-deficiency-part2,adv,adv-rtt_insensitivity-023,40,2,cooldown_context,benign_steady,0.4102535103976065,noop,cubic,Benign cool-down context using benign_steady.
synthetic-deficiency-part2,adv,adv-rtt_insensitivity-023,41,2,cooldown_context,benign_steady,0.4102535103976065,noop,cubic,Benign cool-down context using benign_steady.
synthetic-deficiency-part2,adv,adv-rtt_insensitivity-023,42,2,cooldown_context,benign_steady,0.4102535103976065,noop,cubic,Benign cool-down context using benign_steady.
synthetic-deficiency-part2,adv,adv-rtt_insensitivity-023,43,2,cooldown_context,benign_steady,0.4102535103976065,noop,cubic,Benign cool-down context using benign_steady.
synthetic-deficiency-part2,adv,adv-rtt_insensitivity-023,44,2,cooldown_context,benign_steady,0.4102535103976065,noop,cubic,Benign cool-down context using benign_steady.
synthetic-deficiency-part2,adv,adv-rtt_insensitivity-023,45,2,cooldown_context,benign_steady,0.4102535103976065,noop,cubic,Benign cool-down context using benign_steady.
synthetic-deficiency-part2,adv,adv-rtt_insensitivity-023,46,2,cooldown_context,benign_steady,0.4102535103976065,noop,cubic,Benign cool-down context using benign_steady.
synthetic-deficiency-part2,adv,adv-rtt_insensitivity-023,47,2,cooldown_context,benign_steady,0.4102535103976065,noop,cubic,Benign cool-down context using benign_steady.
synthetic-deficiency-part2,adv,adv-delayed_backoff-024,0,0,warmup_context,benign_steady,0.5779996139828385,noop,bbr,Benign warm-up context using benign_steady.
synthetic-deficiency-part2,adv,adv-delayed_backoff-024,1,0,warmup_context,benign_steady,0.5779996139828385,noop,bbr,Benign warm-up context using benign_steady.
synthetic-deficiency-part2,adv,adv-delayed_backoff-024,2,0,warmup_context,benign_steady,0.5779996139828385,noop,bbr,Benign warm-up context using benign_steady.
synthetic-deficiency-part2,adv,adv-delayed_backoff-024,3,0,warmup_context,benign_steady,0.5779996139828385,noop,bbr,Benign warm-up context using benign_steady.
synthetic-deficiency-part2,adv,adv-delayed_backoff-024,4,0,warmup_context,benign_steady,0.5779996139828385,noop,bbr,Benign warm-up context using benign_steady.
synthetic-deficiency-part2,adv,adv-delayed_backoff-024,5,0,warmup_context,benign_steady,0.5779996139828385,noop,bbr,Benign warm-up context using benign_steady.
synthetic-deficiency-part2,adv,adv-delayed_backoff-024,6,0,warmup_context,benign_steady,0.5779996139828385,noop,bbr,Benign warm-up context using benign_steady.
synthetic-deficiency-part2,adv,adv-delayed_backoff-024,7,0,warmup_context,benign_steady,0.5779996139828385,noop,bbr,Benign warm-up context using benign_steady.
synthetic-deficiency-part2,adv,adv-delayed_backoff-024,8,1,deficiency,delayed_backoff,0.6970956249788584,back_off,reno,"Congestion signals rise rapidly, yet Sage keeps its action elevated instead of backing off promptly."
synthetic-deficiency-part2,adv,adv-delayed_backoff-024,9,1,deficiency,delayed_backoff,0.6970956249788584,back_off,reno,"Congestion signals rise rapidly, yet Sage keeps its action elevated instead of backing off promptly."
synthetic-deficiency-part2,adv,adv-delayed_backoff-024,10,1,deficiency,delayed_backoff,0.6970956249788584,back_off,reno,"Congestion signals rise rapidly, yet Sage keeps its action elevated instead of backing off promptly."
synthetic-deficiency-part2,adv,adv-delayed_backoff-024,11,1,deficiency,delayed_backoff,0.6970956249788584,back_off,reno,"Congestion signals rise rapidly, yet Sage keeps its action elevated instead of backing off promptly."
synthetic-deficiency-part2,adv,adv-delayed_backoff-024,12,1,deficiency,delayed_backoff,0.6970956249788584,back_off,reno,"Congestion signals rise rapidly, yet Sage keeps its action elevated instead of backing off promptly."
synthetic-deficiency-part2,adv,adv-delayed_backoff-024,13,1,deficiency,delayed_backoff,0.6970956249788584,back_off,reno,"Congestion signals rise rapidly, yet Sage keeps its action elevated instead of backing off promptly."
synthetic-deficiency-part2,adv,adv-delayed_backoff-024,14,1,deficiency,delayed_backoff,0.6970956249788584,back_off,reno,"Congestion signals rise rapidly, yet Sage keeps its action elevated instead of backing off promptly."
synthetic-deficiency-part2,adv,adv-delayed_backoff-024,15,1,deficiency,delayed_backoff,0.6970956249788584,back_off,reno,"Congestion signals rise rapidly, yet Sage keeps its action elevated instead of backing off promptly."
synthetic-deficiency-part2,adv,adv-delayed_backoff-024,16,1,deficiency,delayed_backoff,0.6970956249788584,back_off,reno,"Congestion signals rise rapidly, yet Sage keeps its action elevated instead of backing off promptly."
synthetic-deficiency-part2,adv,adv-delayed_backoff-024,17,1,deficiency,delayed_backoff,0.6970956249788584,back_off,reno,"Congestion signals rise rapidly, yet Sage keeps its action elevated instead of backing off promptly."
synthetic-deficiency-part2,adv,adv-delayed_backoff-024,18,1,deficiency,delayed_backoff,0.6970956249788584,back_off,reno,"Congestion signals rise rapidly, yet Sage keeps its action elevated instead of backing off promptly."
synthetic-deficiency-part2,adv,adv-delayed_backoff-024,19,1,deficiency,delayed_backoff,0.6970956249788584,back_off,reno,"Congestion signals rise rapidly, yet Sage keeps its action elevated instead of backing off promptly."
synthetic-deficiency-part2,adv,adv-delayed_backoff-024,20,1,deficiency,delayed_backoff,0.6970956249788584,back_off,reno,"Congestion signals rise rapidly, yet Sage keeps its action elevated instead of backing off promptly."
synthetic-deficiency-part2,adv,adv-delayed_backoff-024,21,1,deficiency,delayed_backoff,0.6970956249788584,back_off,reno,"Congestion signals rise rapidly, yet Sage keeps its action elevated instead of backing off promptly."
synthetic-deficiency-part2,adv,adv-delayed_backoff-024,22,1,deficiency,delayed_backoff,0.6970956249788584,back_off,reno,"Congestion signals rise rapidly, yet Sage keeps its action elevated instead of backing off promptly."
synthetic-deficiency-part2,adv,adv-delayed_backoff-024,23,1,deficiency,delayed_backoff,0.6970956249788584,back_off,reno,"Congestion signals rise rapidly, yet Sage keeps its action elevated instead of backing off promptly."
synthetic-deficiency-part2,adv,adv-delayed_backoff-024,24,1,deficiency,delayed_backoff,0.6970956249788584,back_off,reno,"Congestion signals rise rapidly, yet Sage keeps its action elevated instead of backing off promptly."
synthetic-deficiency-part2,adv,adv-delayed_backoff-024,25,1,deficiency,delayed_backoff,0.6970956249788584,back_off,reno,"Congestion signals rise rapidly, yet Sage keeps its action elevated instead of backing off promptly."
synthetic-deficiency-part2,adv,adv-delayed_backoff-024,26,1,deficiency,delayed_backoff,0.6970956249788584,back_off,reno,"Congestion signals rise rapidly, yet Sage keeps its action elevated instead of backing off promptly."
synthetic-deficiency-part2,adv,adv-delayed_backoff-024,27,1,deficiency,delayed_backoff,0.6970956249788584,back_off,reno,"Congestion signals rise rapidly, yet Sage keeps its action elevated instead of backing off promptly."
synthetic-deficiency-part2,adv,adv-delayed_backoff-024,28,1,deficiency,delayed_backoff,0.6970956249788584,back_off,reno,"Congestion signals rise rapidly, yet Sage keeps its action elevated instead of backing off promptly."
synthetic-deficiency-part2,adv,adv-delayed_backoff-024,29,1,deficiency,delayed_backoff,0.6970956249788584,back_off,reno,"Congestion signals rise rapidly, yet Sage keeps its action elevated instead of backing off promptly."
synthetic-deficiency-part2,adv,adv-delayed_backoff-024,30,1,deficiency,delayed_backoff,0.6970956249788584,back_off,reno,"Congestion signals rise rapidly, yet Sage keeps its action elevated instead of backing off promptly."
synthetic-deficiency-part2,adv,adv-delayed_backoff-024,31,1,deficiency,delayed_backoff,0.6970956249788584,back_off,reno,"Congestion signals rise rapidly, yet Sage keeps its action elevated instead of backing off promptly."
synthetic-deficiency-part2,adv,adv-delayed_backoff-024,32,1,deficiency,delayed_backoff,0.6970956249788584,back_off,reno,"Congestion signals rise rapidly, yet Sage keeps its action elevated instead of backing off promptly."
synthetic-deficiency-part2,adv,adv-delayed_backoff-024,33,1,deficiency,delayed_backoff,0.6970956249788584,back_off,reno,"Congestion signals rise rapidly, yet Sage keeps its action elevated instead of backing off promptly."
synthetic-deficiency-part2,adv,adv-delayed_backoff-024,34,1,deficiency,delayed_backoff,0.6970956249788584,back_off,reno,"Congestion signals rise rapidly, yet Sage keeps its action elevated instead of backing off promptly."
synthetic-deficiency-part2,adv,adv-delayed_backoff-024,35,1,deficiency,delayed_backoff,0.6970956249788584,back_off,reno,"Congestion signals rise rapidly, yet Sage keeps its action elevated instead of backing off promptly."
synthetic-deficiency-part2,adv,adv-delayed_backoff-024,36,1,deficiency,delayed_backoff,0.6970956249788584,back_off,reno,"Congestion signals rise rapidly, yet Sage keeps its action elevated instead of backing off promptly."
synthetic-deficiency-part2,adv,adv-delayed_backoff-024,37,1,deficiency,delayed_backoff,0.6970956249788584,back_off,reno,"Congestion signals rise rapidly, yet Sage keeps its action elevated instead of backing off promptly."
synthetic-deficiency-part2,adv,adv-delayed_backoff-024,38,1,deficiency,delayed_backoff,0.6970956249788584,back_off,reno,"Congestion signals rise rapidly, yet Sage keeps its action elevated instead of backing off promptly."
synthetic-deficiency-part2,adv,adv-delayed_backoff-024,39,1,deficiency,delayed_backoff,0.6970956249788584,back_off,reno,"Congestion signals rise rapidly, yet Sage keeps its action elevated instead of backing off promptly."
synthetic-deficiency-part2,adv,adv-delayed_backoff-024,40,2,cooldown_context,benign_steady,0.3045968588467282,noop,cubic,Benign cool-down context using benign_steady.
synthetic-deficiency-part2,adv,adv-delayed_backoff-024,41,2,cooldown_context,benign_steady,0.3045968588467282,noop,cubic,Benign cool-down context using benign_steady.
synthetic-deficiency-part2,adv,adv-delayed_backoff-024,42,2,cooldown_context,benign_steady,0.3045968588467282,noop,cubic,Benign cool-down context using benign_steady.
synthetic-deficiency-part2,adv,adv-delayed_backoff-024,43,2,cooldown_context,benign_steady,0.3045968588467282,noop,cubic,Benign cool-down context using benign_steady.
synthetic-deficiency-part2,adv,adv-delayed_backoff-024,44,2,cooldown_context,benign_steady,0.3045968588467282,noop,cubic,Benign cool-down context using benign_steady.
synthetic-deficiency-part2,adv,adv-delayed_backoff-024,45,2,cooldown_context,benign_steady,0.3045968588467282,noop,cubic,Benign cool-down context using benign_steady.
synthetic-deficiency-part2,adv,adv-delayed_backoff-024,46,2,cooldown_context,benign_steady,0.3045968588467282,noop,cubic,Benign cool-down context using benign_steady.
synthetic-deficiency-part2,adv,adv-delayed_backoff-024,47,2,cooldown_context,benign_steady,0.3045968588467282,noop,cubic,Benign cool-down context using benign_steady.
synthetic-deficiency-part2,adv,adv-rtt_insensitivity-025,0,0,warmup_context,benign_steady,0.5477564601258884,noop,bbr,Benign warm-up context using benign_steady.
synthetic-deficiency-part2,adv,adv-rtt_insensitivity-025,1,0,warmup_context,benign_steady,0.5477564601258884,noop,bbr,Benign warm-up context using benign_steady.
synthetic-deficiency-part2,adv,adv-rtt_insensitivity-025,2,0,warmup_context,benign_steady,0.5477564601258884,noop,bbr,Benign warm-up context using benign_steady.
synthetic-deficiency-part2,adv,adv-rtt_insensitivity-025,3,0,warmup_context,benign_steady,0.5477564601258884,noop,bbr,Benign warm-up context using benign_steady.
synthetic-deficiency-part2,adv,adv-rtt_insensitivity-025,4,0,warmup_context,benign_steady,0.5477564601258884,noop,bbr,Benign warm-up context using benign_steady.
synthetic-deficiency-part2,adv,adv-rtt_insensitivity-025,5,0,warmup_context,benign_steady,0.5477564601258884,noop,bbr,Benign warm-up context using benign_steady.
synthetic-deficiency-part2,adv,adv-rtt_insensitivity-025,6,0,warmup_context,benign_steady,0.5477564601258884,noop,bbr,Benign warm-up context using benign_steady.
synthetic-deficiency-part2,adv,adv-rtt_insensitivity-025,7,0,warmup_context,benign_steady,0.5477564601258884,noop,bbr,Benign warm-up context using benign_steady.
synthetic-deficiency-part2,adv,adv-rtt_insensitivity-025,8,1,deficiency,rtt_insensitivity,0.7990944647772666,back_off,cubic,"Sage under-reacts to RTT inflation specifically, keeping its action high even when the path latency grows."
synthetic-deficiency-part2,adv,adv-rtt_insensitivity-025,9,1,deficiency,rtt_insensitivity,0.7990944647772666,back_off,cubic,"Sage under-reacts to RTT inflation specifically, keeping its action high even when the path latency grows."
synthetic-deficiency-part2,adv,adv-rtt_insensitivity-025,10,1,deficiency,rtt_insensitivity,0.7990944647772666,back_off,cubic,"Sage under-reacts to RTT inflation specifically, keeping its action high even when the path latency grows."
synthetic-deficiency-part2,adv,adv-rtt_insensitivity-025,11,1,deficiency,rtt_insensitivity,0.7990944647772666,back_off,cubic,"Sage under-reacts to RTT inflation specifically, keeping its action high even when the path latency grows."
synthetic-deficiency-part2,adv,adv-rtt_insensitivity-025,12,1,deficiency,rtt_insensitivity,0.7990944647772666,back_off,cubic,"Sage under-reacts to RTT inflation specifically, keeping its action high even when the path latency grows."
synthetic-deficiency-part2,adv,adv-rtt_insensitivity-025,13,1,deficiency,rtt_insensitivity,0.7990944647772666,back_off,cubic,"Sage under-reacts to RTT inflation specifically, keeping its action high even when the path latency grows."
synthetic-deficiency-part2,adv,adv-rtt_insensitivity-025,14,1,deficiency,rtt_insensitivity,0.7990944647772666,back_off,cubic,"Sage under-reacts to RTT inflation specifically, keeping its action high even when the path latency grows."
synthetic-deficiency-part2,adv,adv-rtt_insensitivity-025,15,1,deficiency,rtt_insensitivity,0.7990944647772666,back_off,cubic,"Sage under-reacts to RTT inflation specifically, keeping its action high even when the path latency grows."
synthetic-deficiency-part2,adv,adv-rtt_insensitivity-025,16,1,deficiency,rtt_insensitivity,0.7990944647772666,back_off,cubic,"Sage under-reacts to RTT inflation specifically, keeping its action high even when the path latency grows."
synthetic-deficiency-part2,adv,adv-rtt_insensitivity-025,17,1,deficiency,rtt_insensitivity,0.7990944647772666,back_off,cubic,"Sage under-reacts to RTT inflation specifically, keeping its action high even when the path latency grows."
synthetic-deficiency-part2,adv,adv-rtt_insensitivity-025,18,1,deficiency,rtt_insensitivity,0.7990944647772666,back_off,cubic,"Sage under-reacts to RTT inflation specifically, keeping its action high even when the path latency grows."
synthetic-deficiency-part2,adv,adv-rtt_insensitivity-025,19,1,deficiency,rtt_insensitivity,0.7990944647772666,back_off,cubic,"Sage under-reacts to RTT inflation specifically, keeping its action high even when the path latency grows."
synthetic-deficiency-part2,adv,adv-rtt_insensitivity-025,20,1,deficiency,rtt_insensitivity,0.7990944647772666,back_off,cubic,"Sage under-reacts to RTT inflation specifically, keeping its action high even when the path latency grows."
synthetic-deficiency-part2,adv,adv-rtt_insensitivity-025,21,1,deficiency,rtt_insensitivity,0.7990944647772666,back_off,cubic,"Sage under-reacts to RTT inflation specifically, keeping its action high even when the path latency grows."
synthetic-deficiency-part2,adv,adv-rtt_insensitivity-025,22,1,deficiency,rtt_insensitivity,0.7990944647772666,back_off,cubic,"Sage under-reacts to RTT inflation specifically, keeping its action high even when the path latency grows."
synthetic-deficiency-part2,adv,adv-rtt_insensitivity-025,23,1,deficiency,rtt_insensitivity,0.7990944647772666,back_off,cubic,"Sage under-reacts to RTT inflation specifically, keeping its action high even when the path latency grows."
synthetic-deficiency-part2,adv,adv-rtt_insensitivity-025,24,1,deficiency,rtt_insensitivity,0.7990944647772666,back_off,cubic,"Sage under-reacts to RTT inflation specifically, keeping its action high even when the path latency grows."
synthetic-deficiency-part2,adv,adv-rtt_insensitivity-025,25,1,deficiency,rtt_insensitivity,0.7990944647772666,back_off,cubic,"Sage under-reacts to RTT inflation specifically, keeping its action high even when the path latency grows."
synthetic-deficiency-part2,adv,adv-rtt_insensitivity-025,26,1,deficiency,rtt_insensitivity,0.7990944647772666,back_off,cubic,"Sage under-reacts to RTT inflation specifically, keeping its action high even when the path latency grows."
synthetic-deficiency-part2,adv,adv-rtt_insensitivity-025,27,1,deficiency,rtt_insensitivity,0.7990944647772666,back_off,cubic,"Sage under-reacts to RTT inflation specifically, keeping its action high even when the path latency grows."
synthetic-deficiency-part2,adv,adv-rtt_insensitivity-025,28,1,deficiency,rtt_insensitivity,0.7990944647772666,back_off,cubic,"Sage under-reacts to RTT inflation specifically, keeping its action high even when the path latency grows."
synthetic-deficiency-part2,adv,adv-rtt_insensitivity-025,29,1,deficiency,rtt_insensitivity,0.7990944647772666,back_off,cubic,"Sage under-reacts to RTT inflation specifically, keeping its action high even when the path latency grows."
synthetic-deficiency-part2,adv,adv-rtt_insensitivity-025,30,1,deficiency,rtt_insensitivity,0.7990944647772666,back_off,cubic,"Sage under-reacts to RTT inflation specifically, keeping its action high even when the path latency grows."
synthetic-deficiency-part2,adv,adv-rtt_insensitivity-025,31,1,deficiency,rtt_insensitivity,0.7990944647772666,back_off,cubic,"Sage under-reacts to RTT inflation specifically, keeping its action high even when the path latency grows."
synthetic-deficiency-part2,adv,adv-rtt_insensitivity-025,32,1,deficiency,rtt_insensitivity,0.7990944647772666,back_off,cubic,"Sage under-reacts to RTT inflation specifically, keeping its action high even when the path latency grows."
synthetic-deficiency-part2,adv,adv-rtt_insensitivity-025,33,1,deficiency,rtt_insensitivity,0.7990944647772666,back_off,cubic,"Sage under-reacts to RTT inflation specifically, keeping its action high even when the path latency grows."
synthetic-deficiency-part2,adv,adv-rtt_insensitivity-025,34,1,deficiency,rtt_insensitivity,0.7990944647772666,back_off,cubic,"Sage under-reacts to RTT inflation specifically, keeping its action high even when the path latency grows."
synthetic-deficiency-part2,adv,adv-rtt_insensitivity-025,35,1,deficiency,rtt_insensitivity,0.7990944647772666,back_off,cubic,"Sage under-reacts to RTT inflation specifically, keeping its action high even when the path latency grows."
synthetic-deficiency-part2,adv,adv-rtt_insensitivity-025,36,1,deficiency,rtt_insensitivity,0.7990944647772666,back_off,cubic,"Sage under-reacts to RTT inflation specifically, keeping its action high even when the path latency grows."
synthetic-deficiency-part2,adv,adv-rtt_insensitivity-025,37,1,deficiency,rtt_insensitivity,0.7990944647772666,back_off,cubic,"Sage under-reacts to RTT inflation specifically, keeping its action high even when the path latency grows."
synthetic-deficiency-part2,adv,adv-rtt_insensitivity-025,38,1,deficiency,rtt_insensitivity,0.7990944647772666,back_off,cubic,"Sage under-reacts to RTT inflation specifically, keeping its action high even when the path latency grows."
synthetic-deficiency-part2,adv,adv-rtt_insensitivity-025,39,1,deficiency,rtt_insensitivity,0.7990944647772666,back_off,cubic,"Sage under-reacts to RTT inflation specifically, keeping its action high even when the path latency grows."
synthetic-deficiency-part2,adv,adv-rtt_insensitivity-025,40,2,cooldown_context,benign_steady,0.31921887362747403,noop,cubic,Benign cool-down context using benign_steady.
synthetic-deficiency-part2,adv,adv-rtt_insensitivity-025,41,2,cooldown_context,benign_steady,0.31921887362747403,noop,cubic,Benign cool-down context using benign_steady.
synthetic-deficiency-part2,adv,adv-rtt_insensitivity-025,42,2,cooldown_context,benign_steady,0.31921887362747403,noop,cubic,Benign cool-down context using benign_steady.
synthetic-deficiency-part2,adv,adv-rtt_insensitivity-025,43,2,cooldown_context,benign_steady,0.31921887362747403,noop,cubic,Benign cool-down context using benign_steady.
synthetic-deficiency-part2,adv,adv-rtt_insensitivity-025,44,2,cooldown_context,benign_steady,0.31921887362747403,noop,cubic,Benign cool-down context using benign_steady.
synthetic-deficiency-part2,adv,adv-rtt_insensitivity-025,45,2,cooldown_context,benign_steady,0.31921887362747403,noop,cubic,Benign cool-down context using benign_steady.
synthetic-deficiency-part2,adv,adv-rtt_insensitivity-025,46,2,cooldown_context,benign_steady,0.31921887362747403,noop,cubic,Benign cool-down context using benign_steady.
synthetic-deficiency-part2,adv,adv-rtt_insensitivity-025,47,2,cooldown_context,benign_steady,0.31921887362747403,noop,cubic,Benign cool-down context using benign_steady.
synthetic-deficiency-part2,adv,adv-delayed_backoff-026,0,0,warmup_context,benign_steady,0.5372367163503151,noop,bbr,Benign warm-up context using benign_steady.
synthetic-deficiency-part2,adv,adv-delayed_backoff-026,1,0,warmup_context,benign_steady,0.5372367163503151,noop,bbr,Benign warm-up context using benign_steady.
synthetic-deficiency-part2,adv,adv-delayed_backoff-026,2,0,warmup_context,benign_steady,0.5372367163503151,noop,bbr,Benign warm-up context using benign_steady.
synthetic-deficiency-part2,adv,adv-delayed_backoff-026,3,0,warmup_context,benign_steady,0.5372367163503151,noop,bbr,Benign warm-up context using benign_steady.
synthetic-deficiency-part2,adv,adv-delayed_backoff-026,4,0,warmup_context,benign_steady,0.5372367163503151,noop,bbr,Benign warm-up context using benign_steady.
synthetic-deficiency-part2,adv,adv-delayed_backoff-026,5,0,warmup_context,benign_steady,0.5372367163503151,noop,bbr,Benign warm-up context using benign_steady.
synthetic-deficiency-part2,adv,adv-delayed_backoff-026,6,0,warmup_context,benign_steady,0.5372367163503151,noop,bbr,Benign warm-up context using benign_steady.
synthetic-deficiency-part2,adv,adv-delayed_backoff-026,7,0,warmup_context,benign_steady,0.5372367163503151,noop,bbr,Benign warm-up context using benign_steady.
synthetic-deficiency-part2,adv,adv-delayed_backoff-026,8,1,deficiency,delayed_backoff,0.8145303621558273,back_off,reno,"Congestion signals rise rapidly, yet Sage keeps its action elevated instead of backing off promptly."
synthetic-deficiency-part2,adv,adv-delayed_backoff-026,9,1,deficiency,delayed_backoff,0.8145303621558273,back_off,reno,"Congestion signals rise rapidly, yet Sage keeps its action elevated instead of backing off promptly."
synthetic-deficiency-part2,adv,adv-delayed_backoff-026,10,1,deficiency,delayed_backoff,0.8145303621558273,back_off,reno,"Congestion signals rise rapidly, yet Sage keeps its action elevated instead of backing off promptly."
synthetic-deficiency-part2,adv,adv-delayed_backoff-026,11,1,deficiency,delayed_backoff,0.8145303621558273,back_off,reno,"Congestion signals rise rapidly, yet Sage keeps its action elevated instead of backing off promptly."
synthetic-deficiency-part2,adv,adv-delayed_backoff-026,12,1,deficiency,delayed_backoff,0.8145303621558273,back_off,reno,"Congestion signals rise rapidly, yet Sage keeps its action elevated instead of backing off promptly."
synthetic-deficiency-part2,adv,adv-delayed_backoff-026,13,1,deficiency,delayed_backoff,0.8145303621558273,back_off,reno,"Congestion signals rise rapidly, yet Sage keeps its action elevated instead of backing off promptly."
synthetic-deficiency-part2,adv,adv-delayed_backoff-026,14,1,deficiency,delayed_backoff,0.8145303621558273,back_off,reno,"Congestion signals rise rapidly, yet Sage keeps its action elevated instead of backing off promptly."
synthetic-deficiency-part2,adv,adv-delayed_backoff-026,15,1,deficiency,delayed_backoff,0.8145303621558273,back_off,reno,"Congestion signals rise rapidly, yet Sage keeps its action elevated instead of backing off promptly."
synthetic-deficiency-part2,adv,adv-delayed_backoff-026,16,1,deficiency,delayed_backoff,0.8145303621558273,back_off,reno,"Congestion signals rise rapidly, yet Sage keeps its action elevated instead of backing off promptly."
synthetic-deficiency-part2,adv,adv-delayed_backoff-026,17,1,deficiency,delayed_backoff,0.8145303621558273,back_off,reno,"Congestion signals rise rapidly, yet Sage keeps its action elevated instead of backing off promptly."
synthetic-deficiency-part2,adv,adv-delayed_backoff-026,18,1,deficiency,delayed_backoff,0.8145303621558273,back_off,reno,"Congestion signals rise rapidly, yet Sage keeps its action elevated instead of backing off promptly."
synthetic-deficiency-part2,adv,adv-delayed_backoff-026,19,1,deficiency,delayed_backoff,0.8145303621558273,back_off,reno,"Congestion signals rise rapidly, yet Sage keeps its action elevated instead of backing off promptly."
synthetic-deficiency-part2,adv,adv-delayed_backoff-026,20,1,deficiency,delayed_backoff,0.8145303621558273,back_off,reno,"Congestion signals rise rapidly, yet Sage keeps its action elevated instead of backing off promptly."
synthetic-deficiency-part2,adv,adv-delayed_backoff-026,21,1,deficiency,delayed_backoff,0.8145303621558273,back_off,reno,"Congestion signals rise rapidly, yet Sage keeps its action elevated instead of backing off promptly."
synthetic-deficiency-part2,adv,adv-delayed_backoff-026,22,1,deficiency,delayed_backoff,0.8145303621558273,back_off,reno,"Congestion signals rise rapidly, yet Sage keeps its action elevated instead of backing off promptly."
synthetic-deficiency-part2,adv,adv-delayed_backoff-026,23,1,deficiency,delayed_backoff,0.8145303621558273,back_off,reno,"Congestion signals rise rapidly, yet Sage keeps its action elevated instead of backing off promptly."
synthetic-deficiency-part2,adv,adv-delayed_backoff-026,24,1,deficiency,delayed_backoff,0.8145303621558273,back_off,reno,"Congestion signals rise rapidly, yet Sage keeps its action elevated instead of backing off promptly."
synthetic-deficiency-part2,adv,adv-delayed_backoff-026,25,1,deficiency,delayed_backoff,0.8145303621558273,back_off,reno,"Congestion signals rise rapidly, yet Sage keeps its action elevated instead of backing off promptly."
synthetic-deficiency-part2,adv,adv-delayed_backoff-026,26,1,deficiency,delayed_backoff,0.8145303621558273,back_off,reno,"Congestion signals rise rapidly, yet Sage keeps its action elevated instead of backing off promptly."
synthetic-deficiency-part2,adv,adv-delayed_backoff-026,27,1,deficiency,delayed_backoff,0.8145303621558273,back_off,reno,"Congestion signals rise rapidly, yet Sage keeps its action elevated instead of backing off promptly."
synthetic-deficiency-part2,adv,adv-delayed_backoff-026,28,1,deficiency,delayed_backoff,0.8145303621558273,back_off,reno,"Congestion signals rise rapidly, yet Sage keeps its action elevated instead of backing off promptly."
synthetic-deficiency-part2,adv,adv-delayed_backoff-026,29,1,deficiency,delayed_backoff,0.8145303621558273,back_off,reno,"Congestion signals rise rapidly, yet Sage keeps its action elevated instead of backing off promptly."
synthetic-deficiency-part2,adv,adv-delayed_backoff-026,30,1,deficiency,delayed_backoff,0.8145303621558273,back_off,reno,"Congestion signals rise rapidly, yet Sage keeps its action elevated instead of backing off promptly."
synthetic-deficiency-part2,adv,adv-delayed_backoff-026,31,1,deficiency,delayed_backoff,0.8145303621558273,back_off,reno,"Congestion signals rise rapidly, yet Sage keeps its action elevated instead of backing off promptly."
synthetic-deficiency-part2,adv,adv-delayed_backoff-026,32,1,deficiency,delayed_backoff,0.8145303621558273,back_off,reno,"Congestion signals rise rapidly, yet Sage keeps its action elevated instead of backing off promptly."
synthetic-deficiency-part2,adv,adv-delayed_backoff-026,33,1,deficiency,delayed_backoff,0.8145303621558273,back_off,reno,"Congestion signals rise rapidly, yet Sage keeps its action elevated instead of backing off promptly."
synthetic-deficiency-part2,adv,adv-delayed_backoff-026,34,1,deficiency,delayed_backoff,0.8145303621558273,back_off,reno,"Congestion signals rise rapidly, yet Sage keeps its action elevated instead of backing off promptly."
synthetic-deficiency-part2,adv,adv-delayed_backoff-026,35,1,deficiency,delayed_backoff,0.8145303621558273,back_off,reno,"Congestion signals rise rapidly, yet Sage keeps its action elevated instead of backing off promptly."
synthetic-deficiency-part2,adv,adv-delayed_backoff-026,36,1,deficiency,delayed_backoff,0.8145303621558273,back_off,reno,"Congestion signals rise rapidly, yet Sage keeps its action elevated instead of backing off promptly."
synthetic-deficiency-part2,adv,adv-delayed_backoff-026,37,1,deficiency,delayed_backoff,0.8145303621558273,back_off,reno,"Congestion signals rise rapidly, yet Sage keeps its action elevated instead of backing off promptly."
synthetic-deficiency-part2,adv,adv-delayed_backoff-026,38,1,deficiency,delayed_backoff,0.8145303621558273,back_off,reno,"Congestion signals rise rapidly, yet Sage keeps its action elevated instead of backing off promptly."
synthetic-deficiency-part2,adv,adv-delayed_backoff-026,39,1,deficiency,delayed_backoff,0.8145303621558273,back_off,reno,"Congestion signals rise rapidly, yet Sage keeps its action elevated instead of backing off promptly."
synthetic-deficiency-part2,adv,adv-delayed_backoff-026,40,2,cooldown_context,benign_steady,0.5473984387494115,noop,cubic,Benign cool-down context using benign_steady.
synthetic-deficiency-part2,adv,adv-delayed_backoff-026,41,2,cooldown_context,benign_steady,0.5473984387494115,noop,cubic,Benign cool-down context using benign_steady.
synthetic-deficiency-part2,adv,adv-delayed_backoff-026,42,2,cooldown_context,benign_steady,0.5473984387494115,noop,cubic,Benign cool-down context using benign_steady.
synthetic-deficiency-part2,adv,adv-delayed_backoff-026,43,2,cooldown_context,benign_steady,0.5473984387494115,noop,cubic,Benign cool-down context using benign_steady.
synthetic-deficiency-part2,adv,adv-delayed_backoff-026,44,2,cooldown_context,benign_steady,0.5473984387494115,noop,cubic,Benign cool-down context using benign_steady.
synthetic-deficiency-part2,adv,adv-delayed_backoff-026,45,2,cooldown_context,benign_steady,0.5473984387494115,noop,cubic,Benign cool-down context using benign_steady.
synthetic-deficiency-part2,adv,adv-delayed_backoff-026,46,2,cooldown_context,benign_steady,0.5473984387494115,noop,cubic,Benign cool-down context using benign_steady.
synthetic-deficiency-part2,adv,adv-delayed_backoff-026,47,2,cooldown_context,benign_steady,0.5473984387494115,noop,cubic,Benign cool-down context using benign_steady.
synthetic-deficiency-part2,adv,adv-under_aggressiveness-027,0,0,warmup_context,benign_steady,0.6028384034333564,noop,bbr,Benign warm-up context using benign_steady.
synthetic-deficiency-part2,adv,adv-under_aggressiveness-027,1,0,warmup_context,benign_steady,0.6028384034333564,noop,bbr,Benign warm-up context using benign_steady.
synthetic-deficiency-part2,adv,adv-under_aggressiveness-027,2,0,warmup_context,benign_steady,0.6028384034333564,noop,bbr,Benign warm-up context using benign_steady.
synthetic-deficiency-part2,adv,adv-under_aggressiveness-027,3,0,warmup_context,benign_steady,0.6028384034333564,noop,bbr,Benign warm-up context using benign_steady.
synthetic-deficiency-part2,adv,adv-under_aggressiveness-027,4,0,warmup_context,benign_steady,0.6028384034333564,noop,bbr,Benign warm-up context using benign_steady.
synthetic-deficiency-part2,adv,adv-under_aggressiveness-027,5,0,warmup_context,benign_steady,0.6028384034333564,noop,bbr,Benign warm-up context using benign_steady.
synthetic-deficiency-part2,adv,adv-under_aggressiveness-027,6,0,warmup_context,benign_steady,0.6028384034333564,noop,bbr,Benign warm-up context using benign_steady.
synthetic-deficiency-part2,adv,adv-under_aggressiveness-027,7,0,warmup_context,benign_steady,0.6028384034333564,noop,bbr,Benign warm-up context using benign_steady.
synthetic-deficiency-part2,adv,adv-under_aggressiveness-027,8,1,deficiency,under_aggressiveness,0.8426196797589012,push_harder,bbr,"Sage keeps its action too low despite favorable RTT, low loss, and available delivery-rate headroom."
synthetic-deficiency-part2,adv,adv-under_aggressiveness-027,9,1,deficiency,under_aggressiveness,0.8426196797589012,push_harder,bbr,"Sage keeps its action too low despite favorable RTT, low loss, and available delivery-rate headroom."
synthetic-deficiency-part2,adv,adv-under_aggressiveness-027,10,1,deficiency,under_aggressiveness,0.8426196797589012,push_harder,bbr,"Sage keeps its action too low despite favorable RTT, low loss, and available delivery-rate headroom."
synthetic-deficiency-part2,adv,adv-under_aggressiveness-027,11,1,deficiency,under_aggressiveness,0.8426196797589012,push_harder,bbr,"Sage keeps its action too low despite favorable RTT, low loss, and available delivery-rate headroom."
synthetic-deficiency-part2,adv,adv-under_aggressiveness-027,12,1,deficiency,under_aggressiveness,0.8426196797589012,push_harder,bbr,"Sage keeps its action too low despite favorable RTT, low loss, and available delivery-rate headroom."
synthetic-deficiency-part2,adv,adv-under_aggressiveness-027,13,1,deficiency,under_aggressiveness,0.8426196797589012,push_harder,bbr,"Sage keeps its action too low despite favorable RTT, low loss, and available delivery-rate headroom."
synthetic-deficiency-part2,adv,adv-under_aggressiveness-027,14,1,deficiency,under_aggressiveness,0.8426196797589012,push_harder,bbr,"Sage keeps its action too low despite favorable RTT, low loss, and available delivery-rate headroom."
synthetic-deficiency-part2,adv,adv-under_aggressiveness-027,15,1,deficiency,under_aggressiveness,0.8426196797589012,push_harder,bbr,"Sage keeps its action too low despite favorable RTT, low loss, and available delivery-rate headroom."
synthetic-deficiency-part2,adv,adv-under_aggressiveness-027,16,1,deficiency,under_aggressiveness,0.8426196797589012,push_harder,bbr,"Sage keeps its action too low despite favorable RTT, low loss, and available delivery-rate headroom."
synthetic-deficiency-part2,adv,adv-under_aggressiveness-027,17,1,deficiency,under_aggressiveness,0.8426196797589012,push_harder,bbr,"Sage keeps its action too low despite favorable RTT, low loss, and available delivery-rate headroom."
synthetic-deficiency-part2,adv,adv-under_aggressiveness-027,18,1,deficiency,under_aggressiveness,0.8426196797589012,push_harder,bbr,"Sage keeps its action too low despite favorable RTT, low loss, and available delivery-rate headroom."
synthetic-deficiency-part2,adv,adv-under_aggressiveness-027,19,1,deficiency,under_aggressiveness,0.8426196797589012,push_harder,bbr,"Sage keeps its action too low despite favorable RTT, low loss, and available delivery-rate headroom."
synthetic-deficiency-part2,adv,adv-under_aggressiveness-027,20,1,deficiency,under_aggressiveness,0.8426196797589012,push_harder,bbr,"Sage keeps its action too low despite favorable RTT, low loss, and available delivery-rate headroom."
synthetic-deficiency-part2,adv,adv-under_aggressiveness-027,21,1,deficiency,under_aggressiveness,0.8426196797589012,push_harder,bbr,"Sage keeps its action too low despite favorable RTT, low loss, and available delivery-rate headroom."
synthetic-deficiency-part2,adv,adv-under_aggressiveness-027,22,1,deficiency,under_aggressiveness,0.8426196797589012,push_harder,bbr,"Sage keeps its action too low despite favorable RTT, low loss, and available delivery-rate headroom."
synthetic-deficiency-part2,adv,adv-under_aggressiveness-027,23,1,deficiency,under_aggressiveness,0.8426196797589012,push_harder,bbr,"Sage keeps its action too low despite favorable RTT, low loss, and available delivery-rate headroom."
synthetic-deficiency-part2,adv,adv-under_aggressiveness-027,24,1,deficiency,under_aggressiveness,0.8426196797589012,push_harder,bbr,"Sage keeps its action too low despite favorable RTT, low loss, and available delivery-rate headroom."
synthetic-deficiency-part2,adv,adv-under_aggressiveness-027,25,1,deficiency,under_aggressiveness,0.8426196797589012,push_harder,bbr,"Sage keeps its action too low despite favorable RTT, low loss, and available delivery-rate headroom."
synthetic-deficiency-part2,adv,adv-under_aggressiveness-027,26,1,deficiency,under_aggressiveness,0.8426196797589012,push_harder,bbr,"Sage keeps its action too low despite favorable RTT, low loss, and available delivery-rate headroom."
synthetic-deficiency-part2,adv,adv-under_aggressiveness-027,27,1,deficiency,under_aggressiveness,0.8426196797589012,push_harder,bbr,"Sage keeps its action too low despite favorable RTT, low loss, and available delivery-rate headroom."
synthetic-deficiency-part2,adv,adv-under_aggressiveness-027,28,1,deficiency,under_aggressiveness,0.8426196797589012,push_harder,bbr,"Sage keeps its action too low despite favorable RTT, low loss, and available delivery-rate headroom."
synthetic-deficiency-part2,adv,adv-under_aggressiveness-027,29,1,deficiency,under_aggressiveness,0.8426196797589012,push_harder,bbr,"Sage keeps its action too low despite favorable RTT, low loss, and available delivery-rate headroom."
synthetic-deficiency-part2,adv,adv-under_aggressiveness-027,30,1,deficiency,under_aggressiveness,0.8426196797589012,push_harder,bbr,"Sage keeps its action too low despite favorable RTT, low loss, and available delivery-rate headroom."
synthetic-deficiency-part2,adv,adv-under_aggressiveness-027,31,1,deficiency,under_aggressiveness,0.8426196797589012,push_harder,bbr,"Sage keeps its action too low despite favorable RTT, low loss, and available delivery-rate headroom."
synthetic-deficiency-part2,adv,adv-under_aggressiveness-027,32,1,deficiency,under_aggressiveness,0.8426196797589012,push_harder,bbr,"Sage keeps its action too low despite favorable RTT, low loss, and available delivery-rate headroom."
synthetic-deficiency-part2,adv,adv-under_aggressiveness-027,33,1,deficiency,under_aggressiveness,0.8426196797589012,push_harder,bbr,"Sage keeps its action too low despite favorable RTT, low loss, and available delivery-rate headroom."
synthetic-deficiency-part2,adv,adv-under_aggressiveness-027,34,1,deficiency,under_aggressiveness,0.8426196797589012,push_harder,bbr,"Sage keeps its action too low despite favorable RTT, low loss, and available delivery-rate headroom."
synthetic-deficiency-part2,adv,adv-under_aggressiveness-027,35,1,deficiency,under_aggressiveness,0.8426196797589012,push_harder,bbr,"Sage keeps its action too low despite favorable RTT, low loss, and available delivery-rate headroom."
synthetic-deficiency-part2,adv,adv-under_aggressiveness-027,36,1,deficiency,under_aggressiveness,0.8426196797589012,push_harder,bbr,"Sage keeps its action too low despite favorable RTT, low loss, and available delivery-rate headroom."
synthetic-deficiency-part2,adv,adv-under_aggressiveness-027,37,1,deficiency,under_aggressiveness,0.8426196797589012,push_harder,bbr,"Sage keeps its action too low despite favorable RTT, low loss, and available delivery-rate headroom."
synthetic-deficiency-part2,adv,adv-under_aggressiveness-027,38,1,deficiency,under_aggressiveness,0.8426196797589012,push_harder,bbr,"Sage keeps its action too low despite favorable RTT, low loss, and available delivery-rate headroom."
synthetic-deficiency-part2,adv,adv-under_aggressiveness-027,39,1,deficiency,under_aggressiveness,0.8426196797589012,push_harder,bbr,"Sage keeps its action too low despite favorable RTT, low loss, and available delivery-rate headroom."
synthetic-deficiency-part2,adv,adv-under_aggressiveness-027,40,2,cooldown_context,benign_steady,0.5310657902306528,noop,cubic,Benign cool-down context using benign_steady.
synthetic-deficiency-part2,adv,adv-under_aggressiveness-027,41,2,cooldown_context,benign_steady,0.5310657902306528,noop,cubic,Benign cool-down context using benign_steady.
synthetic-deficiency-part2,adv,adv-under_aggressiveness-027,42,2,cooldown_context,benign_steady,0.5310657902306528,noop,cubic,Benign cool-down context using benign_steady.
synthetic-deficiency-part2,adv,adv-under_aggressiveness-027,43,2,cooldown_context,benign_steady,0.5310657902306528,noop,cubic,Benign cool-down context using benign_steady.
synthetic-deficiency-part2,adv,adv-under_aggressiveness-027,44,2,cooldown_context,benign_steady,0.5310657902306528,noop,cubic,Benign cool-down context using benign_steady.
synthetic-deficiency-part2,adv,adv-under_aggressiveness-027,45,2,cooldown_context,benign_steady,0.5310657902306528,noop,cubic,Benign cool-down context using benign_steady.
synthetic-deficiency-part2,adv,adv-under_aggressiveness-027,46,2,cooldown_context,benign_steady,0.5310657902306528,noop,cubic,Benign cool-down context using benign_steady.
synthetic-deficiency-part2,adv,adv-under_aggressiveness-027,47,2,cooldown_context,benign_steady,0.5310657902306528,noop,cubic,Benign cool-down context using benign_steady.
synthetic-deficiency-part2,adv,adv-rtt_insensitivity-028,0,0,warmup_context,benign_steady,0.4021698316800245,noop,bbr,Benign warm-up context using benign_steady.
synthetic-deficiency-part2,adv,adv-rtt_insensitivity-028,1,0,warmup_context,benign_steady,0.4021698316800245,noop,bbr,Benign warm-up context using benign_steady.
synthetic-deficiency-part2,adv,adv-rtt_insensitivity-028,2,0,warmup_context,benign_steady,0.4021698316800245,noop,bbr,Benign warm-up context using benign_steady.
synthetic-deficiency-part2,adv,adv-rtt_insensitivity-028,3,0,warmup_context,benign_steady,0.4021698316800245,noop,bbr,Benign warm-up context using benign_steady.
synthetic-deficiency-part2,adv,adv-rtt_insensitivity-028,4,0,warmup_context,benign_steady,0.4021698316800245,noop,bbr,Benign warm-up context using benign_steady.
synthetic-deficiency-part2,adv,adv-rtt_insensitivity-028,5,0,warmup_context,benign_steady,0.4021698316800245,noop,bbr,Benign warm-up context using benign_steady.
synthetic-deficiency-part2,adv,adv-rtt_insensitivity-028,6,0,warmup_context,benign_steady,0.4021698316800245,noop,bbr,Benign warm-up context using benign_steady.
synthetic-deficiency-part2,adv,adv-rtt_insensitivity-028,7,0,warmup_context,benign_steady,0.4021698316800245,noop,bbr,Benign warm-up context using benign_steady.
synthetic-deficiency-part2,adv,adv-rtt_insensitivity-028,8,1,deficiency,rtt_insensitivity,0.5197803874778146,back_off,cubic,"Sage under-reacts to RTT inflation specifically, keeping its action high even when the path latency grows."
synthetic-deficiency-part2,adv,adv-rtt_insensitivity-028,9,1,deficiency,rtt_insensitivity,0.5197803874778146,back_off,cubic,"Sage under-reacts to RTT inflation specifically, keeping its action high even when the path latency grows."
synthetic-deficiency-part2,adv,adv-rtt_insensitivity-028,10,1,deficiency,rtt_insensitivity,0.5197803874778146,back_off,cubic,"Sage under-reacts to RTT inflation specifically, keeping its action high even when the path latency grows."
synthetic-deficiency-part2,adv,adv-rtt_insensitivity-028,11,1,deficiency,rtt_insensitivity,0.5197803874778146,back_off,cubic,"Sage under-reacts to RTT inflation specifically, keeping its action high even when the path latency grows."
synthetic-deficiency-part2,adv,adv-rtt_insensitivity-028,12,1,deficiency,rtt_insensitivity,0.5197803874778146,back_off,cubic,"Sage under-reacts to RTT inflation specifically, keeping its action high even when the path latency grows."
synthetic-deficiency-part2,adv,adv-rtt_insensitivity-028,13,1,deficiency,rtt_insensitivity,0.5197803874778146,back_off,cubic,"Sage under-reacts to RTT inflation specifically, keeping its action high even when the path latency grows."
synthetic-deficiency-part2,adv,adv-rtt_insensitivity-028,14,1,deficiency,rtt_insensitivity,0.5197803874778146,back_off,cubic,"Sage under-reacts to RTT inflation specifically, keeping its action high even when the path latency grows."
synthetic-deficiency-part2,adv,adv-rtt_insensitivity-028,15,1,deficiency,rtt_insensitivity,0.5197803874778146,back_off,cubic,"Sage under-reacts to RTT inflation specifically, keeping its action high even when the path latency grows."
synthetic-deficiency-part2,adv,adv-rtt_insensitivity-028,16,1,deficiency,rtt_insensitivity,0.5197803874778146,back_off,cubic,"Sage under-reacts to RTT inflation specifically, keeping its action high even when the path latency grows."
synthetic-deficiency-part2,adv,adv-rtt_insensitivity-028,17,1,deficiency,rtt_insensitivity,0.5197803874778146,back_off,cubic,"Sage under-reacts to RTT inflation specifically, keeping its action high even when the path latency grows."
synthetic-deficiency-part2,adv,adv-rtt_insensitivity-028,18,1,deficiency,rtt_insensitivity,0.5197803874778146,back_off,cubic,"Sage under-reacts to RTT inflation specifically, keeping its action high even when the path latency grows."
synthetic-deficiency-part2,adv,adv-rtt_insensitivity-028,19,1,deficiency,rtt_insensitivity,0.5197803874778146,back_off,cubic,"Sage under-reacts to RTT inflation specifically, keeping its action high even when the path latency grows."
synthetic-deficiency-part2,adv,adv-rtt_insensitivity-028,20,1,deficiency,rtt_insensitivity,0.5197803874778146,back_off,cubic,"Sage under-reacts to RTT inflation specifically, keeping its action high even when the path latency grows."
synthetic-deficiency-part2,adv,adv-rtt_insensitivity-028,21,1,deficiency,rtt_insensitivity,0.5197803874778146,back_off,cubic,"Sage under-reacts to RTT inflation specifically, keeping its action high even when the path latency grows."
synthetic-deficiency-part2,adv,adv-rtt_insensitivity-028,22,1,deficiency,rtt_insensitivity,0.5197803874778146,back_off,cubic,"Sage under-reacts to RTT inflation specifically, keeping its action high even when the path latency grows."
synthetic-deficiency-part2,adv,adv-rtt_insensitivity-028,23,1,deficiency,rtt_insensitivity,0.5197803874778146,back_off,cubic,"Sage under-reacts to RTT inflation specifically, keeping its action high even when the path latency grows."
synthetic-deficiency-part2,adv,adv-rtt_insensitivity-028,24,1,deficiency,rtt_insensitivity,0.5197803874778146,back_off,cubic,"Sage under-reacts to RTT inflation specifically, keeping its action high even when the path latency grows."
synthetic-deficiency-part2,adv,adv-rtt_insensitivity-028,25,1,deficiency,rtt_insensitivity,0.5197803874778146,back_off,cubic,"Sage under-reacts to RTT inflation specifically, keeping its action high even when the path latency grows."
synthetic-deficiency-part2,adv,adv-rtt_insensitivity-028,26,1,deficiency,rtt_insensitivity,0.5197803874778146,back_off,cubic,"Sage under-reacts to RTT inflation specifically, keeping its action high even when the path latency grows."
synthetic-deficiency-part2,adv,adv-rtt_insensitivity-028,27,1,deficiency,rtt_insensitivity,0.5197803874778146,back_off,cubic,"Sage under-reacts to RTT inflation specifically, keeping its action high even when the path latency grows."
synthetic-deficiency-part2,adv,adv-rtt_insensitivity-028,28,1,deficiency,rtt_insensitivity,0.5197803874778146,back_off,cubic,"Sage under-reacts to RTT inflation specifically, keeping its action high even when the path latency grows."
synthetic-deficiency-part2,adv,adv-rtt_insensitivity-028,29,1,deficiency,rtt_insensitivity,0.5197803874778146,back_off,cubic,"Sage under-reacts to RTT inflation specifically, keeping its action high even when the path latency grows."
synthetic-deficiency-part2,adv,adv-rtt_insensitivity-028,30,1,deficiency,rtt_insensitivity,0.5197803874778146,back_off,cubic,"Sage under-reacts to RTT inflation specifically, keeping its action high even when the path latency grows."
synthetic-deficiency-part2,adv,adv-rtt_insensitivity-028,31,1,deficiency,rtt_insensitivity,0.5197803874778146,back_off,cubic,"Sage under-reacts to RTT inflation specifically, keeping its action high even when the path latency grows."
synthetic-deficiency-part2,adv,adv-rtt_insensitivity-028,32,1,deficiency,rtt_insensitivity,0.5197803874778146,back_off,cubic,"Sage under-reacts to RTT inflation specifically, keeping its action high even when the path latency grows."
synthetic-deficiency-part2,adv,adv-rtt_insensitivity-028,33,1,deficiency,rtt_insensitivity,0.5197803874778146,back_off,cubic,"Sage under-reacts to RTT inflation specifically, keeping its action high even when the path latency grows."
synthetic-deficiency-part2,adv,adv-rtt_insensitivity-028,34,1,deficiency,rtt_insensitivity,0.5197803874778146,back_off,cubic,"Sage under-reacts to RTT inflation specifically, keeping its action high even when the path latency grows."
synthetic-deficiency-part2,adv,adv-rtt_insensitivity-028,35,1,deficiency,rtt_insensitivity,0.5197803874778146,back_off,cubic,"Sage under-reacts to RTT inflation specifically, keeping its action high even when the path latency grows."
synthetic-deficiency-part2,adv,adv-rtt_insensitivity-028,36,1,deficiency,rtt_insensitivity,0.5197803874778146,back_off,cubic,"Sage under-reacts to RTT inflation specifically, keeping its action high even when the path latency grows."
synthetic-deficiency-part2,adv,adv-rtt_insensitivity-028,37,1,deficiency,rtt_insensitivity,0.5197803874778146,back_off,cubic,"Sage under-reacts to RTT inflation specifically, keeping its action high even when the path latency grows."
synthetic-deficiency-part2,adv,adv-rtt_insensitivity-028,38,1,deficiency,rtt_insensitivity,0.5197803874778146,back_off,cubic,"Sage under-reacts to RTT inflation specifically, keeping its action high even when the path latency grows."
synthetic-deficiency-part2,adv,adv-rtt_insensitivity-028,39,1,deficiency,rtt_insensitivity,0.5197803874778146,back_off,cubic,"Sage under-reacts to RTT inflation specifically, keeping its action high even when the path latency grows."
synthetic-deficiency-part2,adv,adv-rtt_insensitivity-028,40,2,cooldown_context,benign_steady,0.44786415437105764,noop,cubic,Benign cool-down context using benign_steady.
synthetic-deficiency-part2,adv,adv-rtt_insensitivity-028,41,2,cooldown_context,benign_steady,0.44786415437105764,noop,cubic,Benign cool-down context using benign_steady.
synthetic-deficiency-part2,adv,adv-rtt_insensitivity-028,42,2,cooldown_context,benign_steady,0.44786415437105764,noop,cubic,Benign cool-down context using benign_steady.
synthetic-deficiency-part2,adv,adv-rtt_insensitivity-028,43,2,cooldown_context,benign_steady,0.44786415437105764,noop,cubic,Benign cool-down context using benign_steady.
synthetic-deficiency-part2,adv,adv-rtt_insensitivity-028,44,2,cooldown_context,benign_steady,0.44786415437105764,noop,cubic,Benign cool-down context using benign_steady.
synthetic-deficiency-part2,adv,adv-rtt_insensitivity-028,45,2,cooldown_context,benign_steady,0.44786415437105764,noop,cubic,Benign cool-down context using benign_steady.
synthetic-deficiency-part2,adv,adv-rtt_insensitivity-028,46,2,cooldown_context,benign_steady,0.44786415437105764,noop,cubic,Benign cool-down context using benign_steady.
synthetic-deficiency-part2,adv,adv-rtt_insensitivity-028,47,2,cooldown_context,benign_steady,0.44786415437105764,noop,cubic,Benign cool-down context using benign_steady.
synthetic-deficiency-part2,adv,adv-rtt_insensitivity-029,0,0,warmup_context,benign_steady,0.4264075912630094,noop,bbr,Benign warm-up context using benign_steady.
synthetic-deficiency-part2,adv,adv-rtt_insensitivity-029,1,0,warmup_context,benign_steady,0.4264075912630094,noop,bbr,Benign warm-up context using benign_steady.
synthetic-deficiency-part2,adv,adv-rtt_insensitivity-029,2,0,warmup_context,benign_steady,0.4264075912630094,noop,bbr,Benign warm-up context using benign_steady.
synthetic-deficiency-part2,adv,adv-rtt_insensitivity-029,3,0,warmup_context,benign_steady,0.4264075912630094,noop,bbr,Benign warm-up context using benign_steady.
synthetic-deficiency-part2,adv,adv-rtt_insensitivity-029,4,0,warmup_context,benign_steady,0.4264075912630094,noop,bbr,Benign warm-up context using benign_steady.
synthetic-deficiency-part2,adv,adv-rtt_insensitivity-029,5,0,warmup_context,benign_steady,0.4264075912630094,noop,bbr,Benign warm-up context using benign_steady.
synthetic-deficiency-part2,adv,adv-rtt_insensitivity-029,6,0,warmup_context,benign_steady,0.4264075912630094,noop,bbr,Benign warm-up context using benign_steady.
synthetic-deficiency-part2,adv,adv-rtt_insensitivity-029,7,0,warmup_context,benign_steady,0.4264075912630094,noop,bbr,Benign warm-up context using benign_steady.
synthetic-deficiency-part2,adv,adv-rtt_insensitivity-029,8,1,deficiency,rtt_insensitivity,0.8114652096555963,back_off,cubic,"Sage under-reacts to RTT inflation specifically, keeping its action high even when the path latency grows."
synthetic-deficiency-part2,adv,adv-rtt_insensitivity-029,9,1,deficiency,rtt_insensitivity,0.8114652096555963,back_off,cubic,"Sage under-reacts to RTT inflation specifically, keeping its action high even when the path latency grows."
synthetic-deficiency-part2,adv,adv-rtt_insensitivity-029,10,1,deficiency,rtt_insensitivity,0.8114652096555963,back_off,cubic,"Sage under-reacts to RTT inflation specifically, keeping its action high even when the path latency grows."
synthetic-deficiency-part2,adv,adv-rtt_insensitivity-029,11,1,deficiency,rtt_insensitivity,0.8114652096555963,back_off,cubic,"Sage under-reacts to RTT inflation specifically, keeping its action high even when the path latency grows."
synthetic-deficiency-part2,adv,adv-rtt_insensitivity-029,12,1,deficiency,rtt_insensitivity,0.8114652096555963,back_off,cubic,"Sage under-reacts to RTT inflation specifically, keeping its action high even when the path latency grows."
synthetic-deficiency-part2,adv,adv-rtt_insensitivity-029,13,1,deficiency,rtt_insensitivity,0.8114652096555963,back_off,cubic,"Sage under-reacts to RTT inflation specifically, keeping its action high even when the path latency grows."
synthetic-deficiency-part2,adv,adv-rtt_insensitivity-029,14,1,deficiency,rtt_insensitivity,0.8114652096555963,back_off,cubic,"Sage under-reacts to RTT inflation specifically, keeping its action high even when the path latency grows."
synthetic-deficiency-part2,adv,adv-rtt_insensitivity-029,15,1,deficiency,rtt_insensitivity,0.8114652096555963,back_off,cubic,"Sage under-reacts to RTT inflation specifically, keeping its action high even when the path latency grows."
synthetic-deficiency-part2,adv,adv-rtt_insensitivity-029,16,1,deficiency,rtt_insensitivity,0.8114652096555963,back_off,cubic,"Sage under-reacts to RTT inflation specifically, keeping its action high even when the path latency grows."
synthetic-deficiency-part2,adv,adv-rtt_insensitivity-029,17,1,deficiency,rtt_insensitivity,0.8114652096555963,back_off,cubic,"Sage under-reacts to RTT inflation specifically, keeping its action high even when the path latency grows."
synthetic-deficiency-part2,adv,adv-rtt_insensitivity-029,18,1,deficiency,rtt_insensitivity,0.8114652096555963,back_off,cubic,"Sage under-reacts to RTT inflation specifically, keeping its action high even when the path latency grows."
synthetic-deficiency-part2,adv,adv-rtt_insensitivity-029,19,1,deficiency,rtt_insensitivity,0.8114652096555963,back_off,cubic,"Sage under-reacts to RTT inflation specifically, keeping its action high even when the path latency grows."
synthetic-deficiency-part2,adv,adv-rtt_insensitivity-029,20,1,deficiency,rtt_insensitivity,0.8114652096555963,back_off,cubic,"Sage under-reacts to RTT inflation specifically, keeping its action high even when the path latency grows."
synthetic-deficiency-part2,adv,adv-rtt_insensitivity-029,21,1,deficiency,rtt_insensitivity,0.8114652096555963,back_off,cubic,"Sage under-reacts to RTT inflation specifically, keeping its action high even when the path latency grows."
synthetic-deficiency-part2,adv,adv-rtt_insensitivity-029,22,1,deficiency,rtt_insensitivity,0.8114652096555963,back_off,cubic,"Sage under-reacts to RTT inflation specifically, keeping its action high even when the path latency grows."
synthetic-deficiency-part2,adv,adv-rtt_insensitivity-029,23,1,deficiency,rtt_insensitivity,0.8114652096555963,back_off,cubic,"Sage under-reacts to RTT inflation specifically, keeping its action high even when the path latency grows."
synthetic-deficiency-part2,adv,adv-rtt_insensitivity-029,24,1,deficiency,rtt_insensitivity,0.8114652096555963,back_off,cubic,"Sage under-reacts to RTT inflation specifically, keeping its action high even when the path latency grows."
synthetic-deficiency-part2,adv,adv-rtt_insensitivity-029,25,1,deficiency,rtt_insensitivity,0.8114652096555963,back_off,cubic,"Sage under-reacts to RTT inflation specifically, keeping its action high even when the path latency grows."
synthetic-deficiency-part2,adv,adv-rtt_insensitivity-029,26,1,deficiency,rtt_insensitivity,0.8114652096555963,back_off,cubic,"Sage under-reacts to RTT inflation specifically, keeping its action high even when the path latency grows."
synthetic-deficiency-part2,adv,adv-rtt_insensitivity-029,27,1,deficiency,rtt_insensitivity,0.8114652096555963,back_off,cubic,"Sage under-reacts to RTT inflation specifically, keeping its action high even when the path latency grows."
synthetic-deficiency-part2,adv,adv-rtt_insensitivity-029,28,1,deficiency,rtt_insensitivity,0.8114652096555963,back_off,cubic,"Sage under-reacts to RTT inflation specifically, keeping its action high even when the path latency grows."
synthetic-deficiency-part2,adv,adv-rtt_insensitivity-029,29,1,deficiency,rtt_insensitivity,0.8114652096555963,back_off,cubic,"Sage under-reacts to RTT inflation specifically, keeping its action high even when the path latency grows."
synthetic-deficiency-part2,adv,adv-rtt_insensitivity-029,30,1,deficiency,rtt_insensitivity,0.8114652096555963,back_off,cubic,"Sage under-reacts to RTT inflation specifically, keeping its action high even when the path latency grows."
synthetic-deficiency-part2,adv,adv-rtt_insensitivity-029,31,1,deficiency,rtt_insensitivity,0.8114652096555963,back_off,cubic,"Sage under-reacts to RTT inflation specifically, keeping its action high even when the path latency grows."
synthetic-deficiency-part2,adv,adv-rtt_insensitivity-029,32,1,deficiency,rtt_insensitivity,0.8114652096555963,back_off,cubic,"Sage under-reacts to RTT inflation specifically, keeping its action high even when the path latency grows."
synthetic-deficiency-part2,adv,adv-rtt_insensitivity-029,33,1,deficiency,rtt_insensitivity,0.8114652096555963,back_off,cubic,"Sage under-reacts to RTT inflation specifically, keeping its action high even when the path latency grows."
synthetic-deficiency-part2,adv,adv-rtt_insensitivity-029,34,1,deficiency,rtt_insensitivity,0.8114652096555963,back_off,cubic,"Sage under-reacts to RTT inflation specifically, keeping its action high even when the path latency grows."
synthetic-deficiency-part2,adv,adv-rtt_insensitivity-029,35,1,deficiency,rtt_insensitivity,0.8114652096555963,back_off,cubic,"Sage under-reacts to RTT inflation specifically, keeping its action high even when the path latency grows."
synthetic-deficiency-part2,adv,adv-rtt_insensitivity-029,36,1,deficiency,rtt_insensitivity,0.8114652096555963,back_off,cubic,"Sage under-reacts to RTT inflation specifically, keeping its action high even when the path latency grows."
synthetic-deficiency-part2,adv,adv-rtt_insensitivity-029,37,1,deficiency,rtt_insensitivity,0.8114652096555963,back_off,cubic,"Sage under-reacts to RTT inflation specifically, keeping its action high even when the path latency grows."
synthetic-deficiency-part2,adv,adv-rtt_insensitivity-029,38,1,deficiency,rtt_insensitivity,0.8114652096555963,back_off,cubic,"Sage under-reacts to RTT inflation specifically, keeping its action high even when the path latency grows."
synthetic-deficiency-part2,adv,adv-rtt_insensitivity-029,39,1,deficiency,rtt_insensitivity,0.8114652096555963,back_off,cubic,"Sage under-reacts to RTT inflation specifically, keeping its action high even when the path latency grows."
synthetic-deficiency-part2,adv,adv-rtt_insensitivity-029,40,2,cooldown_context,benign_steady,0.2768281942866403,noop,cubic,Benign cool-down context using benign_steady.
synthetic-deficiency-part2,adv,adv-rtt_insensitivity-029,41,2,cooldown_context,benign_steady,0.2768281942866403,noop,cubic,Benign cool-down context using benign_steady.
synthetic-deficiency-part2,adv,adv-rtt_insensitivity-029,42,2,cooldown_context,benign_steady,0.2768281942866403,noop,cubic,Benign cool-down context using benign_steady.
synthetic-deficiency-part2,adv,adv-rtt_insensitivity-029,43,2,cooldown_context,benign_steady,0.2768281942866403,noop,cubic,Benign cool-down context using benign_steady.
synthetic-deficiency-part2,adv,adv-rtt_insensitivity-029,44,2,cooldown_context,benign_steady,0.2768281942866403,noop,cubic,Benign cool-down context using benign_steady.
synthetic-deficiency-part2,adv,adv-rtt_insensitivity-029,45,2,cooldown_context,benign_steady,0.2768281942866403,noop,cubic,Benign cool-down context using benign_steady.
synthetic-deficiency-part2,adv,adv-rtt_insensitivity-029,46,2,cooldown_context,benign_steady,0.2768281942866403,noop,cubic,Benign cool-down context using benign_steady.
synthetic-deficiency-part2,adv,adv-rtt_insensitivity-029,47,2,cooldown_context,benign_steady,0.2768281942866403,noop,cubic,Benign cool-down context using benign_steady.
synthetic-deficiency-part2,adv,adv-delayed_backoff-030,0,0,warmup_context,benign_steady,0.4742109828854195,noop,bbr,Benign warm-up context using benign_steady.
synthetic-deficiency-part2,adv,adv-delayed_backoff-030,1,0,warmup_context,benign_steady,0.4742109828854195,noop,bbr,Benign warm-up context using benign_steady.
synthetic-deficiency-part2,adv,adv-delayed_backoff-030,2,0,warmup_context,benign_steady,0.4742109828854195,noop,bbr,Benign warm-up context using benign_steady.
synthetic-deficiency-part2,adv,adv-delayed_backoff-030,3,0,warmup_context,benign_steady,0.4742109828854195,noop,bbr,Benign warm-up context using benign_steady.
synthetic-deficiency-part2,adv,adv-delayed_backoff-030,4,0,warmup_context,benign_steady,0.4742109828854195,noop,bbr,Benign warm-up context using benign_steady.
synthetic-deficiency-part2,adv,adv-delayed_backoff-030,5,0,warmup_context,benign_steady,0.4742109828854195,noop,bbr,Benign warm-up context using benign_steady.
synthetic-deficiency-part2,adv,adv-delayed_backoff-030,6,0,warmup_context,benign_steady,0.4742109828854195,noop,bbr,Benign warm-up context using benign_steady.
synthetic-deficiency-part2,adv,adv-delayed_backoff-030,7,0,warmup_context,benign_steady,0.4742109828854195,noop,bbr,Benign warm-up context using benign_steady.
synthetic-deficiency-part2,adv,adv-delayed_backoff-030,8,1,deficiency,delayed_backoff,0.9727780812938125,back_off,reno,"Congestion signals rise rapidly, yet Sage keeps its action elevated instead of backing off promptly."
synthetic-deficiency-part2,adv,adv-delayed_backoff-030,9,1,deficiency,delayed_backoff,0.9727780812938125,back_off,reno,"Congestion signals rise rapidly, yet Sage keeps its action elevated instead of backing off promptly."
synthetic-deficiency-part2,adv,adv-delayed_backoff-030,10,1,deficiency,delayed_backoff,0.9727780812938125,back_off,reno,"Congestion signals rise rapidly, yet Sage keeps its action elevated instead of backing off promptly."
synthetic-deficiency-part2,adv,adv-delayed_backoff-030,11,1,deficiency,delayed_backoff,0.9727780812938125,back_off,reno,"Congestion signals rise rapidly, yet Sage keeps its action elevated instead of backing off promptly."
synthetic-deficiency-part2,adv,adv-delayed_backoff-030,12,1,deficiency,delayed_backoff,0.9727780812938125,back_off,reno,"Congestion signals rise rapidly, yet Sage keeps its action elevated instead of backing off promptly."
synthetic-deficiency-part2,adv,adv-delayed_backoff-030,13,1,deficiency,delayed_backoff,0.9727780812938125,back_off,reno,"Congestion signals rise rapidly, yet Sage keeps its action elevated instead of backing off promptly."
synthetic-deficiency-part2,adv,adv-delayed_backoff-030,14,1,deficiency,delayed_backoff,0.9727780812938125,back_off,reno,"Congestion signals rise rapidly, yet Sage keeps its action elevated instead of backing off promptly."
synthetic-deficiency-part2,adv,adv-delayed_backoff-030,15,1,deficiency,delayed_backoff,0.9727780812938125,back_off,reno,"Congestion signals rise rapidly, yet Sage keeps its action elevated instead of backing off promptly."
synthetic-deficiency-part2,adv,adv-delayed_backoff-030,16,1,deficiency,delayed_backoff,0.9727780812938125,back_off,reno,"Congestion signals rise rapidly, yet Sage keeps its action elevated instead of backing off promptly."
synthetic-deficiency-part2,adv,adv-delayed_backoff-030,17,1,deficiency,delayed_backoff,0.9727780812938125,back_off,reno,"Congestion signals rise rapidly, yet Sage keeps its action elevated instead of backing off promptly."
synthetic-deficiency-part2,adv,adv-delayed_backoff-030,18,1,deficiency,delayed_backoff,0.9727780812938125,back_off,reno,"Congestion signals rise rapidly, yet Sage keeps its action elevated instead of backing off promptly."
synthetic-deficiency-part2,adv,adv-delayed_backoff-030,19,1,deficiency,delayed_backoff,0.9727780812938125,back_off,reno,"Congestion signals rise rapidly, yet Sage keeps its action elevated instead of backing off promptly."
synthetic-deficiency-part2,adv,adv-delayed_backoff-030,20,1,deficiency,delayed_backoff,0.9727780812938125,back_off,reno,"Congestion signals rise rapidly, yet Sage keeps its action elevated instead of backing off promptly."
synthetic-deficiency-part2,adv,adv-delayed_backoff-030,21,1,deficiency,delayed_backoff,0.9727780812938125,back_off,reno,"Congestion signals rise rapidly, yet Sage keeps its action elevated instead of backing off promptly."
synthetic-deficiency-part2,adv,adv-delayed_backoff-030,22,1,deficiency,delayed_backoff,0.9727780812938125,back_off,reno,"Congestion signals rise rapidly, yet Sage keeps its action elevated instead of backing off promptly."
synthetic-deficiency-part2,adv,adv-delayed_backoff-030,23,1,deficiency,delayed_backoff,0.9727780812938125,back_off,reno,"Congestion signals rise rapidly, yet Sage keeps its action elevated instead of backing off promptly."
synthetic-deficiency-part2,adv,adv-delayed_backoff-030,24,1,deficiency,delayed_backoff,0.9727780812938125,back_off,reno,"Congestion signals rise rapidly, yet Sage keeps its action elevated instead of backing off promptly."
synthetic-deficiency-part2,adv,adv-delayed_backoff-030,25,1,deficiency,delayed_backoff,0.9727780812938125,back_off,reno,"Congestion signals rise rapidly, yet Sage keeps its action elevated instead of backing off promptly."
synthetic-deficiency-part2,adv,adv-delayed_backoff-030,26,1,deficiency,delayed_backoff,0.9727780812938125,back_off,reno,"Congestion signals rise rapidly, yet Sage keeps its action elevated instead of backing off promptly."
synthetic-deficiency-part2,adv,adv-delayed_backoff-030,27,1,deficiency,delayed_backoff,0.9727780812938125,back_off,reno,"Congestion signals rise rapidly, yet Sage keeps its action elevated instead of backing off promptly."
synthetic-deficiency-part2,adv,adv-delayed_backoff-030,28,1,deficiency,delayed_backoff,0.9727780812938125,back_off,reno,"Congestion signals rise rapidly, yet Sage keeps its action elevated instead of backing off promptly."
synthetic-deficiency-part2,adv,adv-delayed_backoff-030,29,1,deficiency,delayed_backoff,0.9727780812938125,back_off,reno,"Congestion signals rise rapidly, yet Sage keeps its action elevated instead of backing off promptly."
synthetic-deficiency-part2,adv,adv-delayed_backoff-030,30,1,deficiency,delayed_backoff,0.9727780812938125,back_off,reno,"Congestion signals rise rapidly, yet Sage keeps its action elevated instead of backing off promptly."
synthetic-deficiency-part2,adv,adv-delayed_backoff-030,31,1,deficiency,delayed_backoff,0.9727780812938125,back_off,reno,"Congestion signals rise rapidly, yet Sage keeps its action elevated instead of backing off promptly."
synthetic-deficiency-part2,adv,adv-delayed_backoff-030,32,1,deficiency,delayed_backoff,0.9727780812938125,back_off,reno,"Congestion signals rise rapidly, yet Sage keeps its action elevated instead of backing off promptly."
synthetic-deficiency-part2,adv,adv-delayed_backoff-030,33,1,deficiency,delayed_backoff,0.9727780812938125,back_off,reno,"Congestion signals rise rapidly, yet Sage keeps its action elevated instead of backing off promptly."
synthetic-deficiency-part2,adv,adv-delayed_backoff-030,34,1,deficiency,delayed_backoff,0.9727780812938125,back_off,reno,"Congestion signals rise rapidly, yet Sage keeps its action elevated instead of backing off promptly."
synthetic-deficiency-part2,adv,adv-delayed_backoff-030,35,1,deficiency,delayed_backoff,0.9727780812938125,back_off,reno,"Congestion signals rise rapidly, yet Sage keeps its action elevated instead of backing off promptly."
synthetic-deficiency-part2,adv,adv-delayed_backoff-030,36,1,deficiency,delayed_backoff,0.9727780812938125,back_off,reno,"Congestion signals rise rapidly, yet Sage keeps its action elevated instead of backing off promptly."
synthetic-deficiency-part2,adv,adv-delayed_backoff-030,37,1,deficiency,delayed_backoff,0.9727780812938125,back_off,reno,"Congestion signals rise rapidly, yet Sage keeps its action elevated instead of backing off promptly."
synthetic-deficiency-part2,adv,adv-delayed_backoff-030,38,1,deficiency,delayed_backoff,0.9727780812938125,back_off,reno,"Congestion signals rise rapidly, yet Sage keeps its action elevated instead of backing off promptly."
synthetic-deficiency-part2,adv,adv-delayed_backoff-030,39,1,deficiency,delayed_backoff,0.9727780812938125,back_off,reno,"Congestion signals rise rapidly, yet Sage keeps its action elevated instead of backing off promptly."
synthetic-deficiency-part2,adv,adv-delayed_backoff-030,40,2,cooldown_context,benign_steady,0.6431708845851496,noop,cubic,Benign cool-down context using benign_steady.
synthetic-deficiency-part2,adv,adv-delayed_backoff-030,41,2,cooldown_context,benign_steady,0.6431708845851496,noop,cubic,Benign cool-down context using benign_steady.
synthetic-deficiency-part2,adv,adv-delayed_backoff-030,42,2,cooldown_context,benign_steady,0.6431708845851496,noop,cubic,Benign cool-down context using benign_steady.
synthetic-deficiency-part2,adv,adv-delayed_backoff-030,43,2,cooldown_context,benign_steady,0.6431708845851496,noop,cubic,Benign cool-down context using benign_steady.
synthetic-deficiency-part2,adv,adv-delayed_backoff-030,44,2,cooldown_context,benign_steady,0.6431708845851496,noop,cubic,Benign cool-down context using benign_steady.
synthetic-deficiency-part2,adv,adv-delayed_backoff-030,45,2,cooldown_context,benign_steady,0.6431708845851496,noop,cubic,Benign cool-down context using benign_steady.
synthetic-deficiency-part2,adv,adv-delayed_backoff-030,46,2,cooldown_context,benign_steady,0.6431708845851496,noop,cubic,Benign cool-down context using benign_steady.
synthetic-deficiency-part2,adv,adv-delayed_backoff-030,47,2,cooldown_context,benign_steady,0.6431708845851496,noop,cubic,Benign cool-down context using benign_steady.
synthetic-deficiency-part2,adv,adv-under_aggressiveness-031,0,0,warmup_context,benign_steady,0.3846555798888852,noop,bbr,Benign warm-up context using benign_steady.
synthetic-deficiency-part2,adv,adv-under_aggressiveness-031,1,0,warmup_context,benign_steady,0.3846555798888852,noop,bbr,Benign warm-up context using benign_steady.
synthetic-deficiency-part2,adv,adv-under_aggressiveness-031,2,0,warmup_context,benign_steady,0.3846555798888852,noop,bbr,Benign warm-up context using benign_steady.
synthetic-deficiency-part2,adv,adv-under_aggressiveness-031,3,0,warmup_context,benign_steady,0.3846555798888852,noop,bbr,Benign warm-up context using benign_steady.
synthetic-deficiency-part2,adv,adv-under_aggressiveness-031,4,0,warmup_context,benign_steady,0.3846555798888852,noop,bbr,Benign warm-up context using benign_steady.
synthetic-deficiency-part2,adv,adv-under_aggressiveness-031,5,0,warmup_context,benign_steady,0.3846555798888852,noop,bbr,Benign warm-up context using benign_steady.
synthetic-deficiency-part2,adv,adv-under_aggressiveness-031,6,0,warmup_context,benign_steady,0.3846555798888852,noop,bbr,Benign warm-up context using benign_steady.
synthetic-deficiency-part2,adv,adv-under_aggressiveness-031,7,0,warmup_context,benign_steady,0.3846555798888852,noop,bbr,Benign warm-up context using benign_steady.
synthetic-deficiency-part2,adv,adv-under_aggressiveness-031,8,1,deficiency,under_aggressiveness,0.6209310410223301,push_harder,bbr,"Sage keeps its action too low despite favorable RTT, low loss, and available delivery-rate headroom."
synthetic-deficiency-part2,adv,adv-under_aggressiveness-031,9,1,deficiency,under_aggressiveness,0.6209310410223301,push_harder,bbr,"Sage keeps its action too low despite favorable RTT, low loss, and available delivery-rate headroom."
synthetic-deficiency-part2,adv,adv-under_aggressiveness-031,10,1,deficiency,under_aggressiveness,0.6209310410223301,push_harder,bbr,"Sage keeps its action too low despite favorable RTT, low loss, and available delivery-rate headroom."
synthetic-deficiency-part2,adv,adv-under_aggressiveness-031,11,1,deficiency,under_aggressiveness,0.6209310410223301,push_harder,bbr,"Sage keeps its action too low despite favorable RTT, low loss, and available delivery-rate headroom."
synthetic-deficiency-part2,adv,adv-under_aggressiveness-031,12,1,deficiency,under_aggressiveness,0.6209310410223301,push_harder,bbr,"Sage keeps its action too low despite favorable RTT, low loss, and available delivery-rate headroom."
synthetic-deficiency-part2,adv,adv-under_aggressiveness-031,13,1,deficiency,under_aggressiveness,0.6209310410223301,push_harder,bbr,"Sage keeps its action too low despite favorable RTT, low loss, and available delivery-rate headroom."
synthetic-deficiency-part2,adv,adv-under_aggressiveness-031,14,1,deficiency,under_aggressiveness,0.6209310410223301,push_harder,bbr,"Sage keeps its action too low despite favorable RTT, low loss, and available delivery-rate headroom."
synthetic-deficiency-part2,adv,adv-under_aggressiveness-031,15,1,deficiency,under_aggressiveness,0.6209310410223301,push_harder,bbr,"Sage keeps its action too low despite favorable RTT, low loss, and available delivery-rate headroom."
synthetic-deficiency-part2,adv,adv-under_aggressiveness-031,16,1,deficiency,under_aggressiveness,0.6209310410223301,push_harder,bbr,"Sage keeps its action too low despite favorable RTT, low loss, and available delivery-rate headroom."
synthetic-deficiency-part2,adv,adv-under_aggressiveness-031,17,1,deficiency,under_aggressiveness,0.6209310410223301,push_harder,bbr,"Sage keeps its action too low despite favorable RTT, low loss, and available delivery-rate headroom."
synthetic-deficiency-part2,adv,adv-under_aggressiveness-031,18,1,deficiency,under_aggressiveness,0.6209310410223301,push_harder,bbr,"Sage keeps its action too low despite favorable RTT, low loss, and available delivery-rate headroom."
synthetic-deficiency-part2,adv,adv-under_aggressiveness-031,19,1,deficiency,under_aggressiveness,0.6209310410223301,push_harder,bbr,"Sage keeps its action too low despite favorable RTT, low loss, and available delivery-rate headroom."
synthetic-deficiency-part2,adv,adv-under_aggressiveness-031,20,1,deficiency,under_aggressiveness,0.6209310410223301,push_harder,bbr,"Sage keeps its action too low despite favorable RTT, low loss, and available delivery-rate headroom."
synthetic-deficiency-part2,adv,adv-under_aggressiveness-031,21,1,deficiency,under_aggressiveness,0.6209310410223301,push_harder,bbr,"Sage keeps its action too low despite favorable RTT, low loss, and available delivery-rate headroom."
synthetic-deficiency-part2,adv,adv-under_aggressiveness-031,22,1,deficiency,under_aggressiveness,0.6209310410223301,push_harder,bbr,"Sage keeps its action too low despite favorable RTT, low loss, and available delivery-rate headroom."
synthetic-deficiency-part2,adv,adv-under_aggressiveness-031,23,1,deficiency,under_aggressiveness,0.6209310410223301,push_harder,bbr,"Sage keeps its action too low despite favorable RTT, low loss, and available delivery-rate headroom."
synthetic-deficiency-part2,adv,adv-under_aggressiveness-031,24,1,deficiency,under_aggressiveness,0.6209310410223301,push_harder,bbr,"Sage keeps its action too low despite favorable RTT, low loss, and available delivery-rate headroom."
synthetic-deficiency-part2,adv,adv-under_aggressiveness-031,25,1,deficiency,under_aggressiveness,0.6209310410223301,push_harder,bbr,"Sage keeps its action too low despite favorable RTT, low loss, and available delivery-rate headroom."
synthetic-deficiency-part2,adv,adv-under_aggressiveness-031,26,1,deficiency,under_aggressiveness,0.6209310410223301,push_harder,bbr,"Sage keeps its action too low despite favorable RTT, low loss, and available delivery-rate headroom."
synthetic-deficiency-part2,adv,adv-under_aggressiveness-031,27,1,deficiency,under_aggressiveness,0.6209310410223301,push_harder,bbr,"Sage keeps its action too low despite favorable RTT, low loss, and available delivery-rate headroom."
synthetic-deficiency-part2,adv,adv-under_aggressiveness-031,28,1,deficiency,under_aggressiveness,0.6209310410223301,push_harder,bbr,"Sage keeps its action too low despite favorable RTT, low loss, and available delivery-rate headroom."
synthetic-deficiency-part2,adv,adv-under_aggressiveness-031,29,1,deficiency,under_aggressiveness,0.6209310410223301,push_harder,bbr,"Sage keeps its action too low despite favorable RTT, low loss, and available delivery-rate headroom."
synthetic-deficiency-part2,adv,adv-under_aggressiveness-031,30,1,deficiency,under_aggressiveness,0.6209310410223301,push_harder,bbr,"Sage keeps its action too low despite favorable RTT, low loss, and available delivery-rate headroom."
synthetic-deficiency-part2,adv,adv-under_aggressiveness-031,31,1,deficiency,under_aggressiveness,0.6209310410223301,push_harder,bbr,"Sage keeps its action too low despite favorable RTT, low loss, and available delivery-rate headroom."
synthetic-deficiency-part2,adv,adv-under_aggressiveness-031,32,1,deficiency,under_aggressiveness,0.6209310410223301,push_harder,bbr,"Sage keeps its action too low despite favorable RTT, low loss, and available delivery-rate headroom."
synthetic-deficiency-part2,adv,adv-under_aggressiveness-031,33,1,deficiency,under_aggressiveness,0.6209310410223301,push_harder,bbr,"Sage keeps its action too low despite favorable RTT, low loss, and available delivery-rate headroom."
synthetic-deficiency-part2,adv,adv-under_aggressiveness-031,34,1,deficiency,under_aggressiveness,0.6209310410223301,push_harder,bbr,"Sage keeps its action too low despite favorable RTT, low loss, and available delivery-rate headroom."
synthetic-deficiency-part2,adv,adv-under_aggressiveness-031,35,1,deficiency,under_aggressiveness,0.6209310410223301,push_harder,bbr,"Sage keeps its action too low despite favorable RTT, low loss, and available delivery-rate headroom."
synthetic-deficiency-part2,adv,adv-under_aggressiveness-031,36,1,deficiency,under_aggressiveness,0.6209310410223301,push_harder,bbr,"Sage keeps its action too low despite favorable RTT, low loss, and available delivery-rate headroom."
synthetic-deficiency-part2,adv,adv-under_aggressiveness-031,37,1,deficiency,under_aggressiveness,0.6209310410223301,push_harder,bbr,"Sage keeps its action too low despite favorable RTT, low loss, and available delivery-rate headroom."
synthetic-deficiency-part2,adv,adv-under_aggressiveness-031,38,1,deficiency,under_aggressiveness,0.6209310410223301,push_harder,bbr,"Sage keeps its action too low despite favorable RTT, low loss, and available delivery-rate headroom."
synthetic-deficiency-part2,adv,adv-under_aggressiveness-031,39,1,deficiency,under_aggressiveness,0.6209310410223301,push_harder,bbr,"Sage keeps its action too low despite favorable RTT, low loss, and available delivery-rate headroom."
synthetic-deficiency-part2,adv,adv-under_aggressiveness-031,40,2,cooldown_context,benign_steady,0.4415007344564216,noop,cubic,Benign cool-down context using benign_steady.
synthetic-deficiency-part2,adv,adv-under_aggressiveness-031,41,2,cooldown_context,benign_steady,0.4415007344564216,noop,cubic,Benign cool-down context using benign_steady.
synthetic-deficiency-part2,adv,adv-under_aggressiveness-031,42,2,cooldown_context,benign_steady,0.4415007344564216,noop,cubic,Benign cool-down context using benign_steady.
synthetic-deficiency-part2,adv,adv-under_aggressiveness-031,43,2,cooldown_context,benign_steady,0.4415007344564216,noop,cubic,Benign cool-down context using benign_steady.
synthetic-deficiency-part2,adv,adv-under_aggressiveness-031,44,2,cooldown_context,benign_steady,0.4415007344564216,noop,cubic,Benign cool-down context using benign_steady.
synthetic-deficiency-part2,adv,adv-under_aggressiveness-031,45,2,cooldown_context,benign_steady,0.4415007344564216,noop,cubic,Benign cool-down context using benign_steady.
synthetic-deficiency-part2,adv,adv-under_aggressiveness-031,46,2,cooldown_context,benign_steady,0.4415007344564216,noop,cubic,Benign cool-down context using benign_steady.
synthetic-deficiency-part2,adv,adv-under_aggressiveness-031,47,2,cooldown_context,benign_steady,0.4415007344564216,noop,cubic,Benign cool-down context using benign_steady.
synthetic-deficiency-part2,adv,adv-delayed_backoff-032,0,0,warmup_context,benign_steady,0.3339953164526268,noop,bbr,Benign warm-up context using benign_steady.
synthetic-deficiency-part2,adv,adv-delayed_backoff-032,1,0,warmup_context,benign_steady,0.3339953164526268,noop,bbr,Benign warm-up context using benign_steady.
synthetic-deficiency-part2,adv,adv-delayed_backoff-032,2,0,warmup_context,benign_steady,0.3339953164526268,noop,bbr,Benign warm-up context using benign_steady.
synthetic-deficiency-part2,adv,adv-delayed_backoff-032,3,0,warmup_context,benign_steady,0.3339953164526268,noop,bbr,Benign warm-up context using benign_steady.
synthetic-deficiency-part2,adv,adv-delayed_backoff-032,4,0,warmup_context,benign_steady,0.3339953164526268,noop,bbr,Benign warm-up context using benign_steady.
synthetic-deficiency-part2,adv,adv-delayed_backoff-032,5,0,warmup_context,benign_steady,0.3339953164526268,noop,bbr,Benign warm-up context using benign_steady.
synthetic-deficiency-part2,adv,adv-delayed_backoff-032,6,0,warmup_context,benign_steady,0.3339953164526268,noop,bbr,Benign warm-up context using benign_steady.
synthetic-deficiency-part2,adv,adv-delayed_backoff-032,7,0,warmup_context,benign_steady,0.3339953164526268,noop,bbr,Benign warm-up context using benign_steady.
synthetic-deficiency-part2,adv,adv-delayed_backoff-032,8,1,deficiency,delayed_backoff,0.6488651213307819,back_off,reno,"Congestion signals rise rapidly, yet Sage keeps its action elevated instead of backing off promptly."
synthetic-deficiency-part2,adv,adv-delayed_backoff-032,9,1,deficiency,delayed_backoff,0.6488651213307819,back_off,reno,"Congestion signals rise rapidly, yet Sage keeps its action elevated instead of backing off promptly."
synthetic-deficiency-part2,adv,adv-delayed_backoff-032,10,1,deficiency,delayed_backoff,0.6488651213307819,back_off,reno,"Congestion signals rise rapidly, yet Sage keeps its action elevated instead of backing off promptly."
synthetic-deficiency-part2,adv,adv-delayed_backoff-032,11,1,deficiency,delayed_backoff,0.6488651213307819,back_off,reno,"Congestion signals rise rapidly, yet Sage keeps its action elevated instead of backing off promptly."
synthetic-deficiency-part2,adv,adv-delayed_backoff-032,12,1,deficiency,delayed_backoff,0.6488651213307819,back_off,reno,"Congestion signals rise rapidly, yet Sage keeps its action elevated instead of backing off promptly."
synthetic-deficiency-part2,adv,adv-delayed_backoff-032,13,1,deficiency,delayed_backoff,0.6488651213307819,back_off,reno,"Congestion signals rise rapidly, yet Sage keeps its action elevated instead of backing off promptly."
synthetic-deficiency-part2,adv,adv-delayed_backoff-032,14,1,deficiency,delayed_backoff,0.6488651213307819,back_off,reno,"Congestion signals rise rapidly, yet Sage keeps its action elevated instead of backing off promptly."
synthetic-deficiency-part2,adv,adv-delayed_backoff-032,15,1,deficiency,delayed_backoff,0.6488651213307819,back_off,reno,"Congestion signals rise rapidly, yet Sage keeps its action elevated instead of backing off promptly."
synthetic-deficiency-part2,adv,adv-delayed_backoff-032,16,1,deficiency,delayed_backoff,0.6488651213307819,back_off,reno,"Congestion signals rise rapidly, yet Sage keeps its action elevated instead of backing off promptly."
synthetic-deficiency-part2,adv,adv-delayed_backoff-032,17,1,deficiency,delayed_backoff,0.6488651213307819,back_off,reno,"Congestion signals rise rapidly, yet Sage keeps its action elevated instead of backing off promptly."
synthetic-deficiency-part2,adv,adv-delayed_backoff-032,18,1,deficiency,delayed_backoff,0.6488651213307819,back_off,reno,"Congestion signals rise rapidly, yet Sage keeps its action elevated instead of backing off promptly."
synthetic-deficiency-part2,adv,adv-delayed_backoff-032,19,1,deficiency,delayed_backoff,0.6488651213307819,back_off,reno,"Congestion signals rise rapidly, yet Sage keeps its action elevated instead of backing off promptly."
synthetic-deficiency-part2,adv,adv-delayed_backoff-032,20,1,deficiency,delayed_backoff,0.6488651213307819,back_off,reno,"Congestion signals rise rapidly, yet Sage keeps its action elevated instead of backing off promptly."
synthetic-deficiency-part2,adv,adv-delayed_backoff-032,21,1,deficiency,delayed_backoff,0.6488651213307819,back_off,reno,"Congestion signals rise rapidly, yet Sage keeps its action elevated instead of backing off promptly."
synthetic-deficiency-part2,adv,adv-delayed_backoff-032,22,1,deficiency,delayed_backoff,0.6488651213307819,back_off,reno,"Congestion signals rise rapidly, yet Sage keeps its action elevated instead of backing off promptly."
synthetic-deficiency-part2,adv,adv-delayed_backoff-032,23,1,deficiency,delayed_backoff,0.6488651213307819,back_off,reno,"Congestion signals rise rapidly, yet Sage keeps its action elevated instead of backing off promptly."
synthetic-deficiency-part2,adv,adv-delayed_backoff-032,24,1,deficiency,delayed_backoff,0.6488651213307819,back_off,reno,"Congestion signals rise rapidly, yet Sage keeps its action elevated instead of backing off promptly."
synthetic-deficiency-part2,adv,adv-delayed_backoff-032,25,1,deficiency,delayed_backoff,0.6488651213307819,back_off,reno,"Congestion signals rise rapidly, yet Sage keeps its action elevated instead of backing off promptly."
synthetic-deficiency-part2,adv,adv-delayed_backoff-032,26,1,deficiency,delayed_backoff,0.6488651213307819,back_off,reno,"Congestion signals rise rapidly, yet Sage keeps its action elevated instead of backing off promptly."
synthetic-deficiency-part2,adv,adv-delayed_backoff-032,27,1,deficiency,delayed_backoff,0.6488651213307819,back_off,reno,"Congestion signals rise rapidly, yet Sage keeps its action elevated instead of backing off promptly."
synthetic-deficiency-part2,adv,adv-delayed_backoff-032,28,1,deficiency,delayed_backoff,0.6488651213307819,back_off,reno,"Congestion signals rise rapidly, yet Sage keeps its action elevated instead of backing off promptly."
synthetic-deficiency-part2,adv,adv-delayed_backoff-032,29,1,deficiency,delayed_backoff,0.6488651213307819,back_off,reno,"Congestion signals rise rapidly, yet Sage keeps its action elevated instead of backing off promptly."
synthetic-deficiency-part2,adv,adv-delayed_backoff-032,30,1,deficiency,delayed_backoff,0.6488651213307819,back_off,reno,"Congestion signals rise rapidly, yet Sage keeps its action elevated instead of backing off promptly."
synthetic-deficiency-part2,adv,adv-delayed_backoff-032,31,1,deficiency,delayed_backoff,0.6488651213307819,back_off,reno,"Congestion signals rise rapidly, yet Sage keeps its action elevated instead of backing off promptly."
synthetic-deficiency-part2,adv,adv-delayed_backoff-032,32,1,deficiency,delayed_backoff,0.6488651213307819,back_off,reno,"Congestion signals rise rapidly, yet Sage keeps its action elevated instead of backing off promptly."
synthetic-deficiency-part2,adv,adv-delayed_backoff-032,33,1,deficiency,delayed_backoff,0.6488651213307819,back_off,reno,"Congestion signals rise rapidly, yet Sage keeps its action elevated instead of backing off promptly."
synthetic-deficiency-part2,adv,adv-delayed_backoff-032,34,1,deficiency,delayed_backoff,0.6488651213307819,back_off,reno,"Congestion signals rise rapidly, yet Sage keeps its action elevated instead of backing off promptly."
synthetic-deficiency-part2,adv,adv-delayed_backoff-032,35,1,deficiency,delayed_backoff,0.6488651213307819,back_off,reno,"Congestion signals rise rapidly, yet Sage keeps its action elevated instead of backing off promptly."
synthetic-deficiency-part2,adv,adv-delayed_backoff-032,36,1,deficiency,delayed_backoff,0.6488651213307819,back_off,reno,"Congestion signals rise rapidly, yet Sage keeps its action elevated instead of backing off promptly."
synthetic-deficiency-part2,adv,adv-delayed_backoff-032,37,1,deficiency,delayed_backoff,0.6488651213307819,back_off,reno,"Congestion signals rise rapidly, yet Sage keeps its action elevated instead of backing off promptly."
synthetic-deficiency-part2,adv,adv-delayed_backoff-032,38,1,deficiency,delayed_backoff,0.6488651213307819,back_off,reno,"Congestion signals rise rapidly, yet Sage keeps its action elevated instead of backing off promptly."
synthetic-deficiency-part2,adv,adv-delayed_backoff-032,39,1,deficiency,delayed_backoff,0.6488651213307819,back_off,reno,"Congestion signals rise rapidly, yet Sage keeps its action elevated instead of backing off promptly."
synthetic-deficiency-part2,adv,adv-delayed_backoff-032,40,2,cooldown_context,benign_steady,0.3389109208191687,noop,cubic,Benign cool-down context using benign_steady.
synthetic-deficiency-part2,adv,adv-delayed_backoff-032,41,2,cooldown_context,benign_steady,0.3389109208191687,noop,cubic,Benign cool-down context using benign_steady.
synthetic-deficiency-part2,adv,adv-delayed_backoff-032,42,2,cooldown_context,benign_steady,0.3389109208191687,noop,cubic,Benign cool-down context using benign_steady.
synthetic-deficiency-part2,adv,adv-delayed_backoff-032,43,2,cooldown_context,benign_steady,0.3389109208191687,noop,cubic,Benign cool-down context using benign_steady.
synthetic-deficiency-part2,adv,adv-delayed_backoff-032,44,2,cooldown_context,benign_steady,0.3389109208191687,noop,cubic,Benign cool-down context using benign_steady.
synthetic-deficiency-part2,adv,adv-delayed_backoff-032,45,2,cooldown_context,benign_steady,0.3389109208191687,noop,cubic,Benign cool-down context using benign_steady.
synthetic-deficiency-part2,adv,adv-delayed_backoff-032,46,2,cooldown_context,benign_steady,0.3389109208191687,noop,cubic,Benign cool-down context using benign_steady.
synthetic-deficiency-part2,adv,adv-delayed_backoff-032,47,2,cooldown_context,benign_steady,0.3389109208191687,noop,cubic,Benign cool-down context using benign_steady.
synthetic-deficiency-part2,adv,adv-under_aggressiveness-033,0,0,warmup_context,benign_steady,0.31592192462222657,noop,bbr,Benign warm-up context using benign_steady.
synthetic-deficiency-part2,adv,adv-under_aggressiveness-033,1,0,warmup_context,benign_steady,0.31592192462222657,noop,bbr,Benign warm-up context using benign_steady.
synthetic-deficiency-part2,adv,adv-under_aggressiveness-033,2,0,warmup_context,benign_steady,0.31592192462222657,noop,bbr,Benign warm-up context using benign_steady.
synthetic-deficiency-part2,adv,adv-under_aggressiveness-033,3,0,warmup_context,benign_steady,0.31592192462222657,noop,bbr,Benign warm-up context using benign_steady.
synthetic-deficiency-part2,adv,adv-under_aggressiveness-033,4,0,warmup_context,benign_steady,0.31592192462222657,noop,bbr,Benign warm-up context using benign_steady.
synthetic-deficiency-part2,adv,adv-under_aggressiveness-033,5,0,warmup_context,benign_steady,0.31592192462222657,noop,bbr,Benign warm-up context using benign_steady.
synthetic-deficiency-part2,adv,adv-under_aggressiveness-033,6,0,warmup_context,benign_steady,0.31592192462222657,noop,bbr,Benign warm-up context using benign_steady.
synthetic-deficiency-part2,adv,adv-under_aggressiveness-033,7,0,warmup_context,benign_steady,0.31592192462222657,noop,bbr,Benign warm-up context using benign_steady.
synthetic-deficiency-part2,adv,adv-under_aggressiveness-033,8,1,deficiency,under_aggressiveness,0.8459369468667142,push_harder,bbr,"Sage keeps its action too low despite favorable RTT, low loss, and available delivery-rate headroom."
synthetic-deficiency-part2,adv,adv-under_aggressiveness-033,9,1,deficiency,under_aggressiveness,0.8459369468667142,push_harder,bbr,"Sage keeps its action too low despite favorable RTT, low loss, and available delivery-rate headroom."
synthetic-deficiency-part2,adv,adv-under_aggressiveness-033,10,1,deficiency,under_aggressiveness,0.8459369468667142,push_harder,bbr,"Sage keeps its action too low despite favorable RTT, low loss, and available delivery-rate headroom."
synthetic-deficiency-part2,adv,adv-under_aggressiveness-033,11,1,deficiency,under_aggressiveness,0.8459369468667142,push_harder,bbr,"Sage keeps its action too low despite favorable RTT, low loss, and available delivery-rate headroom."
synthetic-deficiency-part2,adv,adv-under_aggressiveness-033,12,1,deficiency,under_aggressiveness,0.8459369468667142,push_harder,bbr,"Sage keeps its action too low despite favorable RTT, low loss, and available delivery-rate headroom."
synthetic-deficiency-part2,adv,adv-under_aggressiveness-033,13,1,deficiency,under_aggressiveness,0.8459369468667142,push_harder,bbr,"Sage keeps its action too low despite favorable RTT, low loss, and available delivery-rate headroom."
synthetic-deficiency-part2,adv,adv-under_aggressiveness-033,14,1,deficiency,under_aggressiveness,0.8459369468667142,push_harder,bbr,"Sage keeps its action too low despite favorable RTT, low loss, and available delivery-rate headroom."
synthetic-deficiency-part2,adv,adv-under_aggressiveness-033,15,1,deficiency,under_aggressiveness,0.8459369468667142,push_harder,bbr,"Sage keeps its action too low despite favorable RTT, low loss, and available delivery-rate headroom."
synthetic-deficiency-part2,adv,adv-under_aggressiveness-033,16,1,deficiency,under_aggressiveness,0.8459369468667142,push_harder,bbr,"Sage keeps its action too low despite favorable RTT, low loss, and available delivery-rate headroom."
synthetic-deficiency-part2,adv,adv-under_aggressiveness-033,17,1,deficiency,under_aggressiveness,0.8459369468667142,push_harder,bbr,"Sage keeps its action too low despite favorable RTT, low loss, and available delivery-rate headroom."
synthetic-deficiency-part2,adv,adv-under_aggressiveness-033,18,1,deficiency,under_aggressiveness,0.8459369468667142,push_harder,bbr,"Sage keeps its action too low despite favorable RTT, low loss, and available delivery-rate headroom."
synthetic-deficiency-part2,adv,adv-under_aggressiveness-033,19,1,deficiency,under_aggressiveness,0.8459369468667142,push_harder,bbr,"Sage keeps its action too low despite favorable RTT, low loss, and available delivery-rate headroom."
synthetic-deficiency-part2,adv,adv-under_aggressiveness-033,20,1,deficiency,under_aggressiveness,0.8459369468667142,push_harder,bbr,"Sage keeps its action too low despite favorable RTT, low loss, and available delivery-rate headroom."
synthetic-deficiency-part2,adv,adv-under_aggressiveness-033,21,1,deficiency,under_aggressiveness,0.8459369468667142,push_harder,bbr,"Sage keeps its action too low despite favorable RTT, low loss, and available delivery-rate headroom."
synthetic-deficiency-part2,adv,adv-under_aggressiveness-033,22,1,deficiency,under_aggressiveness,0.8459369468667142,push_harder,bbr,"Sage keeps its action too low despite favorable RTT, low loss, and available delivery-rate headroom."
synthetic-deficiency-part2,adv,adv-under_aggressiveness-033,23,1,deficiency,under_aggressiveness,0.8459369468667142,push_harder,bbr,"Sage keeps its action too low despite favorable RTT, low loss, and available delivery-rate headroom."
synthetic-deficiency-part2,adv,adv-under_aggressiveness-033,24,1,deficiency,under_aggressiveness,0.8459369468667142,push_harder,bbr,"Sage keeps its action too low despite favorable RTT, low loss, and available delivery-rate headroom."
synthetic-deficiency-part2,adv,adv-under_aggressiveness-033,25,1,deficiency,under_aggressiveness,0.8459369468667142,push_harder,bbr,"Sage keeps its action too low despite favorable RTT, low loss, and available delivery-rate headroom."
synthetic-deficiency-part2,adv,adv-under_aggressiveness-033,26,1,deficiency,under_aggressiveness,0.8459369468667142,push_harder,bbr,"Sage keeps its action too low despite favorable RTT, low loss, and available delivery-rate headroom."
synthetic-deficiency-part2,adv,adv-under_aggressiveness-033,27,1,deficiency,under_aggressiveness,0.8459369468667142,push_harder,bbr,"Sage keeps its action too low despite favorable RTT, low loss, and available delivery-rate headroom."
synthetic-deficiency-part2,adv,adv-under_aggressiveness-033,28,1,deficiency,under_aggressiveness,0.8459369468667142,push_harder,bbr,"Sage keeps its action too low despite favorable RTT, low loss, and available delivery-rate headroom."
synthetic-deficiency-part2,adv,adv-under_aggressiveness-033,29,1,deficiency,under_aggressiveness,0.8459369468667142,push_harder,bbr,"Sage keeps its action too low despite favorable RTT, low loss, and available delivery-rate headroom."
synthetic-deficiency-part2,adv,adv-under_aggressiveness-033,30,1,deficiency,under_aggressiveness,0.8459369468667142,push_harder,bbr,"Sage keeps its action too low despite favorable RTT, low loss, and available delivery-rate headroom."
synthetic-deficiency-part2,adv,adv-under_aggressiveness-033,31,1,deficiency,under_aggressiveness,0.8459369468667142,push_harder,bbr,"Sage keeps its action too low despite favorable RTT, low loss, and available delivery-rate headroom."
synthetic-deficiency-part2,adv,adv-under_aggressiveness-033,32,1,deficiency,under_aggressiveness,0.8459369468667142,push_harder,bbr,"Sage keeps its action too low despite favorable RTT, low loss, and available delivery-rate headroom."
synthetic-deficiency-part2,adv,adv-under_aggressiveness-033,33,1,deficiency,under_aggressiveness,0.8459369468667142,push_harder,bbr,"Sage keeps its action too low despite favorable RTT, low loss, and available delivery-rate headroom."
synthetic-deficiency-part2,adv,adv-under_aggressiveness-033,34,1,deficiency,under_aggressiveness,0.8459369468667142,push_harder,bbr,"Sage keeps its action too low despite favorable RTT, low loss, and available delivery-rate headroom."
synthetic-deficiency-part2,adv,adv-under_aggressiveness-033,35,1,deficiency,under_aggressiveness,0.8459369468667142,push_harder,bbr,"Sage keeps its action too low despite favorable RTT, low loss, and available delivery-rate headroom."
synthetic-deficiency-part2,adv,adv-under_aggressiveness-033,36,1,deficiency,under_aggressiveness,0.8459369468667142,push_harder,bbr,"Sage keeps its action too low despite favorable RTT, low loss, and available delivery-rate headroom."
synthetic-deficiency-part2,adv,adv-under_aggressiveness-033,37,1,deficiency,under_aggressiveness,0.8459369468667142,push_harder,bbr,"Sage keeps its action too low despite favorable RTT, low loss, and available delivery-rate headroom."
synthetic-deficiency-part2,adv,adv-under_aggressiveness-033,38,1,deficiency,under_aggressiveness,0.8459369468667142,push_harder,bbr,"Sage keeps its action too low despite favorable RTT, low loss, and available delivery-rate headroom."
synthetic-deficiency-part2,adv,adv-under_aggressiveness-033,39,1,deficiency,under_aggressiveness,0.8459369468667142,push_harder,bbr,"Sage keeps its action too low despite favorable RTT, low loss, and available delivery-rate headroom."
synthetic-deficiency-part2,adv,adv-under_aggressiveness-033,40,2,cooldown_context,benign_steady,0.2863235024971422,noop,cubic,Benign cool-down context using benign_steady.
synthetic-deficiency-part2,adv,adv-under_aggressiveness-033,41,2,cooldown_context,benign_steady,0.2863235024971422,noop,cubic,Benign cool-down context using benign_steady.
synthetic-deficiency-part2,adv,adv-under_aggressiveness-033,42,2,cooldown_context,benign_steady,0.2863235024971422,noop,cubic,Benign cool-down context using benign_steady.
synthetic-deficiency-part2,adv,adv-under_aggressiveness-033,43,2,cooldown_context,benign_steady,0.2863235024971422,noop,cubic,Benign cool-down context using benign_steady.
synthetic-deficiency-part2,adv,adv-under_aggressiveness-033,44,2,cooldown_context,benign_steady,0.2863235024971422,noop,cubic,Benign cool-down context using benign_steady.
synthetic-deficiency-part2,adv,adv-under_aggressiveness-033,45,2,cooldown_context,benign_steady,0.2863235024971422,noop,cubic,Benign cool-down context using benign_steady.
synthetic-deficiency-part2,adv,adv-under_aggressiveness-033,46,2,cooldown_context,benign_steady,0.2863235024971422,noop,cubic,Benign cool-down context using benign_steady.
synthetic-deficiency-part2,adv,adv-under_aggressiveness-033,47,2,cooldown_context,benign_steady,0.2863235024971422,noop,cubic,Benign cool-down context using benign_steady.
synthetic-deficiency-part2,adv,adv-rtt_insensitivity-034,0,0,warmup_context,benign_steady,0.2882153825634414,noop,bbr,Benign warm-up context using benign_steady.
synthetic-deficiency-part2,adv,adv-rtt_insensitivity-034,1,0,warmup_context,benign_steady,0.2882153825634414,noop,bbr,Benign warm-up context using benign_steady.
synthetic-deficiency-part2,adv,adv-rtt_insensitivity-034,2,0,warmup_context,benign_steady,0.2882153825634414,noop,bbr,Benign warm-up context using benign_steady.
synthetic-deficiency-part2,adv,adv-rtt_insensitivity-034,3,0,warmup_context,benign_steady,0.2882153825634414,noop,bbr,Benign warm-up context using benign_steady.
synthetic-deficiency-part2,adv,adv-rtt_insensitivity-034,4,0,warmup_context,benign_steady,0.2882153825634414,noop,bbr,Benign warm-up context using benign_steady.
synthetic-deficiency-part2,adv,adv-rtt_insensitivity-034,5,0,warmup_context,benign_steady,0.2882153825634414,noop,bbr,Benign warm-up context using benign_steady.
synthetic-deficiency-part2,adv,adv-rtt_insensitivity-034,6,0,warmup_context,benign_steady,0.2882153825634414,noop,bbr,Benign warm-up context using benign_steady.
synthetic-deficiency-part2,adv,adv-rtt_insensitivity-034,7,0,warmup_context,benign_steady,0.2882153825634414,noop,bbr,Benign warm-up context using benign_steady.
synthetic-deficiency-part2,adv,adv-rtt_insensitivity-034,8,1,deficiency,rtt_insensitivity,0.8401877907634461,back_off,cubic,"Sage under-reacts to RTT inflation specifically, keeping its action high even when the path latency grows."
synthetic-deficiency-part2,adv,adv-rtt_insensitivity-034,9,1,deficiency,rtt_insensitivity,0.8401877907634461,back_off,cubic,"Sage under-reacts to RTT inflation specifically, keeping its action high even when the path latency grows."
synthetic-deficiency-part2,adv,adv-rtt_insensitivity-034,10,1,deficiency,rtt_insensitivity,0.8401877907634461,back_off,cubic,"Sage under-reacts to RTT inflation specifically, keeping its action high even when the path latency grows."
synthetic-deficiency-part2,adv,adv-rtt_insensitivity-034,11,1,deficiency,rtt_insensitivity,0.8401877907634461,back_off,cubic,"Sage under-reacts to RTT inflation specifically, keeping its action high even when the path latency grows."
synthetic-deficiency-part2,adv,adv-rtt_insensitivity-034,12,1,deficiency,rtt_insensitivity,0.8401877907634461,back_off,cubic,"Sage under-reacts to RTT inflation specifically, keeping its action high even when the path latency grows."
synthetic-deficiency-part2,adv,adv-rtt_insensitivity-034,13,1,deficiency,rtt_insensitivity,0.8401877907634461,back_off,cubic,"Sage under-reacts to RTT inflation specifically, keeping its action high even when the path latency grows."
synthetic-deficiency-part2,adv,adv-rtt_insensitivity-034,14,1,deficiency,rtt_insensitivity,0.8401877907634461,back_off,cubic,"Sage under-reacts to RTT inflation specifically, keeping its action high even when the path latency grows."
synthetic-deficiency-part2,adv,adv-rtt_insensitivity-034,15,1,deficiency,rtt_insensitivity,0.8401877907634461,back_off,cubic,"Sage under-reacts to RTT inflation specifically, keeping its action high even when the path latency grows."
synthetic-deficiency-part2,adv,adv-rtt_insensitivity-034,16,1,deficiency,rtt_insensitivity,0.8401877907634461,back_off,cubic,"Sage under-reacts to RTT inflation specifically, keeping its action high even when the path latency grows."
synthetic-deficiency-part2,adv,adv-rtt_insensitivity-034,17,1,deficiency,rtt_insensitivity,0.8401877907634461,back_off,cubic,"Sage under-reacts to RTT inflation specifically, keeping its action high even when the path latency grows."
synthetic-deficiency-part2,adv,adv-rtt_insensitivity-034,18,1,deficiency,rtt_insensitivity,0.8401877907634461,back_off,cubic,"Sage under-reacts to RTT inflation specifically, keeping its action high even when the path latency grows."
synthetic-deficiency-part2,adv,adv-rtt_insensitivity-034,19,1,deficiency,rtt_insensitivity,0.8401877907634461,back_off,cubic,"Sage under-reacts to RTT inflation specifically, keeping its action high even when the path latency grows."
synthetic-deficiency-part2,adv,adv-rtt_insensitivity-034,20,1,deficiency,rtt_insensitivity,0.8401877907634461,back_off,cubic,"Sage under-reacts to RTT inflation specifically, keeping its action high even when the path latency grows."
synthetic-deficiency-part2,adv,adv-rtt_insensitivity-034,21,1,deficiency,rtt_insensitivity,0.8401877907634461,back_off,cubic,"Sage under-reacts to RTT inflation specifically, keeping its action high even when the path latency grows."
synthetic-deficiency-part2,adv,adv-rtt_insensitivity-034,22,1,deficiency,rtt_insensitivity,0.8401877907634461,back_off,cubic,"Sage under-reacts to RTT inflation specifically, keeping its action high even when the path latency grows."
synthetic-deficiency-part2,adv,adv-rtt_insensitivity-034,23,1,deficiency,rtt_insensitivity,0.8401877907634461,back_off,cubic,"Sage under-reacts to RTT inflation specifically, keeping its action high even when the path latency grows."
synthetic-deficiency-part2,adv,adv-rtt_insensitivity-034,24,1,deficiency,rtt_insensitivity,0.8401877907634461,back_off,cubic,"Sage under-reacts to RTT inflation specifically, keeping its action high even when the path latency grows."
synthetic-deficiency-part2,adv,adv-rtt_insensitivity-034,25,1,deficiency,rtt_insensitivity,0.8401877907634461,back_off,cubic,"Sage under-reacts to RTT inflation specifically, keeping its action high even when the path latency grows."
synthetic-deficiency-part2,adv,adv-rtt_insensitivity-034,26,1,deficiency,rtt_insensitivity,0.8401877907634461,back_off,cubic,"Sage under-reacts to RTT inflation specifically, keeping its action high even when the path latency grows."
synthetic-deficiency-part2,adv,adv-rtt_insensitivity-034,27,1,deficiency,rtt_insensitivity,0.8401877907634461,back_off,cubic,"Sage under-reacts to RTT inflation specifically, keeping its action high even when the path latency grows."
synthetic-deficiency-part2,adv,adv-rtt_insensitivity-034,28,1,deficiency,rtt_insensitivity,0.8401877907634461,back_off,cubic,"Sage under-reacts to RTT inflation specifically, keeping its action high even when the path latency grows."
synthetic-deficiency-part2,adv,adv-rtt_insensitivity-034,29,1,deficiency,rtt_insensitivity,0.8401877907634461,back_off,cubic,"Sage under-reacts to RTT inflation specifically, keeping its action high even when the path latency grows."
synthetic-deficiency-part2,adv,adv-rtt_insensitivity-034,30,1,deficiency,rtt_insensitivity,0.8401877907634461,back_off,cubic,"Sage under-reacts to RTT inflation specifically, keeping its action high even when the path latency grows."
synthetic-deficiency-part2,adv,adv-rtt_insensitivity-034,31,1,deficiency,rtt_insensitivity,0.8401877907634461,back_off,cubic,"Sage under-reacts to RTT inflation specifically, keeping its action high even when the path latency grows."
synthetic-deficiency-part2,adv,adv-rtt_insensitivity-034,32,1,deficiency,rtt_insensitivity,0.8401877907634461,back_off,cubic,"Sage under-reacts to RTT inflation specifically, keeping its action high even when the path latency grows."
synthetic-deficiency-part2,adv,adv-rtt_insensitivity-034,33,1,deficiency,rtt_insensitivity,0.8401877907634461,back_off,cubic,"Sage under-reacts to RTT inflation specifically, keeping its action high even when the path latency grows."
synthetic-deficiency-part2,adv,adv-rtt_insensitivity-034,34,1,deficiency,rtt_insensitivity,0.8401877907634461,back_off,cubic,"Sage under-reacts to RTT inflation specifically, keeping its action high even when the path latency grows."
synthetic-deficiency-part2,adv,adv-rtt_insensitivity-034,35,1,deficiency,rtt_insensitivity,0.8401877907634461,back_off,cubic,"Sage under-reacts to RTT inflation specifically, keeping its action high even when the path latency grows."
synthetic-deficiency-part2,adv,adv-rtt_insensitivity-034,36,1,deficiency,rtt_insensitivity,0.8401877907634461,back_off,cubic,"Sage under-reacts to RTT inflation specifically, keeping its action high even when the path latency grows."
synthetic-deficiency-part2,adv,adv-rtt_insensitivity-034,37,1,deficiency,rtt_insensitivity,0.8401877907634461,back_off,cubic,"Sage under-reacts to RTT inflation specifically, keeping its action high even when the path latency grows."
synthetic-deficiency-part2,adv,adv-rtt_insensitivity-034,38,1,deficiency,rtt_insensitivity,0.8401877907634461,back_off,cubic,"Sage under-reacts to RTT inflation specifically, keeping its action high even when the path latency grows."
synthetic-deficiency-part2,adv,adv-rtt_insensitivity-034,39,1,deficiency,rtt_insensitivity,0.8401877907634461,back_off,cubic,"Sage under-reacts to RTT inflation specifically, keeping its action high even when the path latency grows."
synthetic-deficiency-part2,adv,adv-rtt_insensitivity-034,40,2,cooldown_context,benign_steady,0.39457913431326364,noop,cubic,Benign cool-down context using benign_steady.
synthetic-deficiency-part2,adv,adv-rtt_insensitivity-034,41,2,cooldown_context,benign_steady,0.39457913431326364,noop,cubic,Benign cool-down context using benign_steady.
synthetic-deficiency-part2,adv,adv-rtt_insensitivity-034,42,2,cooldown_context,benign_steady,0.39457913431326364,noop,cubic,Benign cool-down context using benign_steady.
synthetic-deficiency-part2,adv,adv-rtt_insensitivity-034,43,2,cooldown_context,benign_steady,0.39457913431326364,noop,cubic,Benign cool-down context using benign_steady.
synthetic-deficiency-part2,adv,adv-rtt_insensitivity-034,44,2,cooldown_context,benign_steady,0.39457913431326364,noop,cubic,Benign cool-down context using benign_steady.
synthetic-deficiency-part2,adv,adv-rtt_insensitivity-034,45,2,cooldown_context,benign_steady,0.39457913431326364,noop,cubic,Benign cool-down context using benign_steady.
synthetic-deficiency-part2,adv,adv-rtt_insensitivity-034,46,2,cooldown_context,benign_steady,0.39457913431326364,noop,cubic,Benign cool-down context using benign_steady.
synthetic-deficiency-part2,adv,adv-rtt_insensitivity-034,47,2,cooldown_context,benign_steady,0.39457913431326364,noop,cubic,Benign cool-down context using benign_steady.
synthetic-deficiency-part2,adv,adv-under_aggressiveness-035,0,0,warmup_context,benign_steady,0.4561201599136205,noop,bbr,Benign warm-up context using benign_steady.
synthetic-deficiency-part2,adv,adv-under_aggressiveness-035,1,0,warmup_context,benign_steady,0.4561201599136205,noop,bbr,Benign warm-up context using benign_steady.
synthetic-deficiency-part2,adv,adv-under_aggressiveness-035,2,0,warmup_context,benign_steady,0.4561201599136205,noop,bbr,Benign warm-up context using benign_steady.
synthetic-deficiency-part2,adv,adv-under_aggressiveness-035,3,0,warmup_context,benign_steady,0.4561201599136205,noop,bbr,Benign warm-up context using benign_steady.
synthetic-deficiency-part2,adv,adv-under_aggressiveness-035,4,0,warmup_context,benign_steady,0.4561201599136205,noop,bbr,Benign warm-up context using benign_steady.
synthetic-deficiency-part2,adv,adv-under_aggressiveness-035,5,0,warmup_context,benign_steady,0.4561201599136205,noop,bbr,Benign warm-up context using benign_steady.
synthetic-deficiency-part2,adv,adv-under_aggressiveness-035,6,0,warmup_context,benign_steady,0.4561201599136205,noop,bbr,Benign warm-up context using benign_steady.
synthetic-deficiency-part2,adv,adv-under_aggressiveness-035,7,0,warmup_context,benign_steady,0.4561201599136205,noop,bbr,Benign warm-up context using benign_steady.
synthetic-deficiency-part2,adv,adv-under_aggressiveness-035,8,1,deficiency,under_aggressiveness,0.7164805163539654,push_harder,bbr,"Sage keeps its action too low despite favorable RTT, low loss, and available delivery-rate headroom."
synthetic-deficiency-part2,adv,adv-under_aggressiveness-035,9,1,deficiency,under_aggressiveness,0.7164805163539654,push_harder,bbr,"Sage keeps its action too low despite favorable RTT, low loss, and available delivery-rate headroom."
synthetic-deficiency-part2,adv,adv-under_aggressiveness-035,10,1,deficiency,under_aggressiveness,0.7164805163539654,push_harder,bbr,"Sage keeps its action too low despite favorable RTT, low loss, and available delivery-rate headroom."
synthetic-deficiency-part2,adv,adv-under_aggressiveness-035,11,1,deficiency,under_aggressiveness,0.7164805163539654,push_harder,bbr,"Sage keeps its action too low despite favorable RTT, low loss, and available delivery-rate headroom."
synthetic-deficiency-part2,adv,adv-under_aggressiveness-035,12,1,deficiency,under_aggressiveness,0.7164805163539654,push_harder,bbr,"Sage keeps its action too low despite favorable RTT, low loss, and available delivery-rate headroom."
synthetic-deficiency-part2,adv,adv-under_aggressiveness-035,13,1,deficiency,under_aggressiveness,0.7164805163539654,push_harder,bbr,"Sage keeps its action too low despite favorable RTT, low loss, and available delivery-rate headroom."
synthetic-deficiency-part2,adv,adv-under_aggressiveness-035,14,1,deficiency,under_aggressiveness,0.7164805163539654,push_harder,bbr,"Sage keeps its action too low despite favorable RTT, low loss, and available delivery-rate headroom."
synthetic-deficiency-part2,adv,adv-under_aggressiveness-035,15,1,deficiency,under_aggressiveness,0.7164805163539654,push_harder,bbr,"Sage keeps its action too low despite favorable RTT, low loss, and available delivery-rate headroom."
synthetic-deficiency-part2,adv,adv-under_aggressiveness-035,16,1,deficiency,under_aggressiveness,0.7164805163539654,push_harder,bbr,"Sage keeps its action too low despite favorable RTT, low loss, and available delivery-rate headroom."
synthetic-deficiency-part2,adv,adv-under_aggressiveness-035,17,1,deficiency,under_aggressiveness,0.7164805163539654,push_harder,bbr,"Sage keeps its action too low despite favorable RTT, low loss, and available delivery-rate headroom."
synthetic-deficiency-part2,adv,adv-under_aggressiveness-035,18,1,deficiency,under_aggressiveness,0.7164805163539654,push_harder,bbr,"Sage keeps its action too low despite favorable RTT, low loss, and available delivery-rate headroom."
synthetic-deficiency-part2,adv,adv-under_aggressiveness-035,19,1,deficiency,under_aggressiveness,0.7164805163539654,push_harder,bbr,"Sage keeps its action too low despite favorable RTT, low loss, and available delivery-rate headroom."
synthetic-deficiency-part2,adv,adv-under_aggressiveness-035,20,1,deficiency,under_aggressiveness,0.7164805163539654,push_harder,bbr,"Sage keeps its action too low despite favorable RTT, low loss, and available delivery-rate headroom."
synthetic-deficiency-part2,adv,adv-under_aggressiveness-035,21,1,deficiency,under_aggressiveness,0.7164805163539654,push_harder,bbr,"Sage keeps its action too low despite favorable RTT, low loss, and available delivery-rate headroom."
synthetic-deficiency-part2,adv,adv-under_aggressiveness-035,22,1,deficiency,under_aggressiveness,0.7164805163539654,push_harder,bbr,"Sage keeps its action too low despite favorable RTT, low loss, and available delivery-rate headroom."
synthetic-deficiency-part2,adv,adv-under_aggressiveness-035,23,1,deficiency,under_aggressiveness,0.7164805163539654,push_harder,bbr,"Sage keeps its action too low despite favorable RTT, low loss, and available delivery-rate headroom."
synthetic-deficiency-part2,adv,adv-under_aggressiveness-035,24,1,deficiency,under_aggressiveness,0.7164805163539654,push_harder,bbr,"Sage keeps its action too low despite favorable RTT, low loss, and available delivery-rate headroom."
synthetic-deficiency-part2,adv,adv-under_aggressiveness-035,25,1,deficiency,under_aggressiveness,0.7164805163539654,push_harder,bbr,"Sage keeps its action too low despite favorable RTT, low loss, and available delivery-rate headroom."
synthetic-deficiency-part2,adv,adv-under_aggressiveness-035,26,1,deficiency,under_aggressiveness,0.7164805163539654,push_harder,bbr,"Sage keeps its action too low despite favorable RTT, low loss, and available delivery-rate headroom."
synthetic-deficiency-part2,adv,adv-under_aggressiveness-035,27,1,deficiency,under_aggressiveness,0.7164805163539654,push_harder,bbr,"Sage keeps its action too low despite favorable RTT, low loss, and available delivery-rate headroom."
synthetic-deficiency-part2,adv,adv-under_aggressiveness-035,28,1,deficiency,under_aggressiveness,0.7164805163539654,push_harder,bbr,"Sage keeps its action too low despite favorable RTT, low loss, and available delivery-rate headroom."
synthetic-deficiency-part2,adv,adv-under_aggressiveness-035,29,1,deficiency,under_aggressiveness,0.7164805163539654,push_harder,bbr,"Sage keeps its action too low despite favorable RTT, low loss, and available delivery-rate headroom."
synthetic-deficiency-part2,adv,adv-under_aggressiveness-035,30,1,deficiency,under_aggressiveness,0.7164805163539654,push_harder,bbr,"Sage keeps its action too low despite favorable RTT, low loss, and available delivery-rate headroom."
synthetic-deficiency-part2,adv,adv-under_aggressiveness-035,31,1,deficiency,under_aggressiveness,0.7164805163539654,push_harder,bbr,"Sage keeps its action too low despite favorable RTT, low loss, and available delivery-rate headroom."
synthetic-deficiency-part2,adv,adv-under_aggressiveness-035,32,1,deficiency,under_aggressiveness,0.7164805163539654,push_harder,bbr,"Sage keeps its action too low despite favorable RTT, low loss, and available delivery-rate headroom."
synthetic-deficiency-part2,adv,adv-under_aggressiveness-035,33,1,deficiency,under_aggressiveness,0.7164805163539654,push_harder,bbr,"Sage keeps its action too low despite favorable RTT, low loss, and available delivery-rate headroom."
synthetic-deficiency-part2,adv,adv-under_aggressiveness-035,34,1,deficiency,under_aggressiveness,0.7164805163539654,push_harder,bbr,"Sage keeps its action too low despite favorable RTT, low loss, and available delivery-rate headroom."
synthetic-deficiency-part2,adv,adv-under_aggressiveness-035,35,1,deficiency,under_aggressiveness,0.7164805163539654,push_harder,bbr,"Sage keeps its action too low despite favorable RTT, low loss, and available delivery-rate headroom."
synthetic-deficiency-part2,adv,adv-under_aggressiveness-035,36,1,deficiency,under_aggressiveness,0.7164805163539654,push_harder,bbr,"Sage keeps its action too low despite favorable RTT, low loss, and available delivery-rate headroom."
synthetic-deficiency-part2,adv,adv-under_aggressiveness-035,37,1,deficiency,under_aggressiveness,0.7164805163539654,push_harder,bbr,"Sage keeps its action too low despite favorable RTT, low loss, and available delivery-rate headroom."
synthetic-deficiency-part2,adv,adv-under_aggressiveness-035,38,1,deficiency,under_aggressiveness,0.7164805163539654,push_harder,bbr,"Sage keeps its action too low despite favorable RTT, low loss, and available delivery-rate headroom."
synthetic-deficiency-part2,adv,adv-under_aggressiveness-035,39,1,deficiency,under_aggressiveness,0.7164805163539654,push_harder,bbr,"Sage keeps its action too low despite favorable RTT, low loss, and available delivery-rate headroom."
synthetic-deficiency-part2,adv,adv-under_aggressiveness-035,40,2,cooldown_context,benign_steady,0.2791349825267843,noop,cubic,Benign cool-down context using benign_steady.
synthetic-deficiency-part2,adv,adv-under_aggressiveness-035,41,2,cooldown_context,benign_steady,0.2791349825267843,noop,cubic,Benign cool-down context using benign_steady.
synthetic-deficiency-part2,adv,adv-under_aggressiveness-035,42,2,cooldown_context,benign_steady,0.2791349825267843,noop,cubic,Benign cool-down context using benign_steady.
synthetic-deficiency-part2,adv,adv-under_aggressiveness-035,43,2,cooldown_context,benign_steady,0.2791349825267843,noop,cubic,Benign cool-down context using benign_steady.
synthetic-deficiency-part2,adv,adv-under_aggressiveness-035,44,2,cooldown_context,benign_steady,0.2791349825267843,noop,cubic,Benign cool-down context using benign_steady.
synthetic-deficiency-part2,adv,adv-under_aggressiveness-035,45,2,cooldown_context,benign_steady,0.2791349825267843,noop,cubic,Benign cool-down context using benign_steady.
synthetic-deficiency-part2,adv,adv-under_aggressiveness-035,46,2,cooldown_context,benign_steady,0.2791349825267843,noop,cubic,Benign cool-down context using benign_steady.
synthetic-deficiency-part2,adv,adv-under_aggressiveness-035,47,2,cooldown_context,benign_steady,0.2791349825267843,noop,cubic,Benign cool-down context using benign_steady.
