1
3
6
8
11
13
16
18
21
23
26
28
31
33
36
38
41
43
46
48
51
53
55
58
60
62
65
67
70
72
74
77
79
81
84
86
89
91
93
96
98
101
103
105
108
110
112
115
117
120
122
124
127
129
131
134
136
139
141
143
146
148
151
153
155
158
160
162
165
167
170
172
174
177
179
181
184
186
189
191
193
196
198
201
203
205
208
210
212
215
217
220
222
224
227
229
231
234
236
239
241
243
246
248
251
253
255
258
260
262
265
267
270
272
274
277
279
281
284
286
289
291
293
296
298
301
301
302
302
303
303
304
304
305
305
306
307
307
308
308
309
309
310
310
311
311
312
313
313
314
314
315
315
316
316
317
318
318
319
319
320
320
321
321
322
322
323
324
324
325
325
326
326
327
327
328
329
329
330
330
331
331
332
332
333
333
334
335
335
336
336
337
337
338
338
339
340
340
341
341
342
342
343
343
344
344
345
346
346
347
347
348
348
349
349
350
351
351
351
351
351
351
351
351
351
351
351
351
351
352
352
352
352
352
352
352
352
352
352
352
352
353
353
353
353
353
353
353
353
353
353
353
353
353
354
354
354
354
354
354
354
354
354
354
354
354
355
355
355
355
355
355
355
355
355
355
355
355
355
356
356
356
356
356
356
356
356
356
356
356
356
357
357
357
357
357
357
357
357
357
357
357
357
357
358
358
358
358
358
358
358
358
358
358
358
358
359
359
359
359
359
359
359
359
359
359
359
359
359
360
360
360
360
360
360
360
360
360
360
360
360
361
361
361
361
361
361
361
361
361
361
361
361
361
362
362
362
362
362
362
362
362
362
362
362
362
363
363
363
363
363
363
363
363
363
363
363
363
363
364
364
364
364
364
364
364
364
364
364
364
364
365
365
365
365
365
365
365
365
365
365
365
365
365
366
366
366
366
366
366
366
366
366
366
366
366
367
367
367
367
367
367
367
367
367
367
367
367
367
368
368
368
368
368
368
368
368
368
368
368
368
369
369
369
369
369
369
369
369
369
369
369
369
369
370
370
370
370
370
370
370
370
370
370
370
370
371
371
371
371
371
371
371
371
371
371
371
371
371
372
372
372
372
372
372
372
372
372
372
372
372
373
373
373
373
373
373
373
373
373
373
373
373
373
374
374
374
374
374
374
374
374
374
374
374
374
375
375
375
375
375
375
375
375
375
375
375
375
375
376
376
376
376
376
376
376
376
376
376
376
376
377
377
377
377
377
377
377
377
377
377
377
377
377
378
378
378
378
378
378
378
378
378
378
378
378
379
379
379
379
379
379
379
379
379
379
379
379
379
380
380
380
380
380
380
380
380
380
380
380
380
381
381
381
381
381
381
381
381
381
381
381
381
381
382
382
382
382
382
382
382
382
382
382
382
382
383
383
383
383
383
383
383
383
383
383
383
383
383
384
384
384
384
384
384
384
384
384
384
384
384
385
385
385
385
385
385
385
385
385
385
385
385
385
386
386
386
386
386
386
386
386
386
386
386
386
387
387
387
387
387
387
387
387
387
387
387
387
387
388
388
388
388
388
388
388
388
388
388
388
388
389
389
389
389
389
389
389
389
389
389
389
389
389
390
390
390
390
390
390
390
390
390
390
390
390
391
391
391
391
391
391
391
391
391
391
391
391
391
392
392
392
392
392
392
392
392
392
392
392
392
393
393
393
393
393
393
393
393
393
393
393
393
393
394
394
394
394
394
394
394
394
394
394
394
394
395
395
395
395
395
395
395
395
395
395
395
395
395
396
396
396
396
396
396
396
396
396
396
396
396
397
397
397
397
397
397
397
397
397
397
397
397
397
398
398
398
398
398
398
398
398
398
398
398
398
399
399
399
399
399
399
399
399
399
399
399
399
399
400
400
400
400
400
400
400
400
400
400
400
400
401
401
401
401
401
401
401
401
401
401
401
401
401
402
402
402
402
402
402
402
402
402
402
402
402
403
403
403
403
403
403
403
403
403
403
403
403
403
404
404
404
404
404
404
404
404
404
404
404
404
405
405
405
405
405
405
405
405
405
405
405
405
405
406
406
406
406
406
406
406
406
406
406
406
406
407
407
407
407
407
407
407
407
407
407
407
407
407
408
408
408
408
408
408
408
408
408
408
408
408
409
409
409
409
409
409
409
409
409
409
409
409
409
410
410
410
410
410
410
410
410
410
410
410
410
411
411
411
411
411
411
411
411
411
411
411
411
411
412
412
412
412
412
412
412
412
412
412
412
412
413
413
413
413
413
413
413
413
413
413
413
413
413
414
414
414
414
414
414
414
414
414
414
414
414
415
415
415
415
415
415
415
415
415
415
415
415
415
416
416
416
416
416
416
416
416
416
416
416
416
417
417
417
417
417
417
417
417
417
417
417
417
417
418
418
418
418
418
418
418
418
418
418
418
418
419
419
419
419
419
419
419
419
419
419
419
419
419
420
420
420
420
420
420
420
420
420
420
420
420
421
421
421
421
421
421
421
421
421
421
421
421
421
422
422
422
422
422
422
422
422
422
422
422
422
423
423
423
423
423
423
423
423
423
423
423
423
423
424
424
424
424
424
424
424
424
424
424
424
424
425
425
425
425
425
425
425
425
425
425
425
425
425
426
426
426
426
426
426
426
426
426
426
426
426
427
427
427
427
427
427
427
427
427
427
427
427
427
428
428
428
428
428
428
428
428
428
428
428
428
429
429
429
429
429
429
429
429
429
429
429
429
429
430
430
430
430
430
430
430
430
430
430
430
430
431
431
431
431
431
431
431
431
431
431
431
431
431
432
432
432
432
432
432
432
432
432
432
432
432
433
433
433
433
433
433
433
433
433
433
433
433
433
434
434
434
434
434
434
434
434
434
434
434
434
435
435
435
435
435
435
435
435
435
435
435
435
435
436
436
436
436
436
436
436
436
436
436
436
436
437
437
437
437
437
437
437
437
437
437
437
437
437
438
438
438
438
438
438
438
438
438
438
438
438
439
439
439
439
439
439
439
439
439
439
439
439
439
440
440
440
440
440
440
440
440
440
440
440
440
441
441
441
441
441
441
441
441
441
441
441
441
441
442
442
442
442
442
442
442
442
442
442
442
442
443
443
443
443
443
443
443
443
443
443
443
443
443
444
444
444
444
444
444
444
444
444
444
444
444
445
445
445
445
445
445
445
445
445
445
445
445
445
446
446
446
446
446
446
446
446
446
446
446
446
447
447
447
447
447
447
447
447
447
447
447
447
447
448
448
448
448
448
448
448
448
448
448
448
448
449
449
449
449
449
449
449
449
449
449
449
449
449
450
450
450
450
450
450
450
450
450
450
450
450
451
451
451
451
451
451
451
451
451
451
451
451
451
452
452
452
452
452
452
452
452
452
452
452
452
453
453
453
453
453
453
453
453
453
453
453
453
453
454
454
454
454
454
454
454
454
454
454
454
454
455
455
455
455
455
455
455
455
455
455
455
455
455
456
456
456
456
456
456
456
456
456
456
456
456
457
457
457
457
457
457
457
457
457
457
457
457
457
458
458
458
458
458
458
458
458
458
458
458
458
459
459
459
459
459
459
459
459
459
459
459
459
459
460
460
460
460
460
460
460
460
460
460
460
460
461
461
461
461
461
461
461
461
461
461
461
461
461
462
462
462
462
462
462
462
462
462
462
462
462
463
463
463
463
463
463
463
463
463
463
463
463
463
464
464
464
464
464
464
464
464
464
464
464
464
465
465
465
465
465
465
465
465
465
465
465
465
465
466
466
466
466
466
466
466
466
466
466
466
466
467
467
467
467
467
467
467
467
467
467
467
467
467
468
468
468
468
468
468
468
468
468
468
468
468
469
469
469
469
469
469
469
469
469
469
469
469
469
470
470
470
470
470
470
470
470
470
470
470
470
471
471
471
471
471
471
471
471
471
471
471
471
471
472
472
472
472
472
472
472
472
472
472
472
472
473
473
473
473
473
473
473
473
473
473
473
473
473
474
474
474
474
474
474
474
474
474
474
474
474
475
475
475
475
475
475
475
475
475
475
475
475
475
476
476
476
476
476
476
476
476
476
476
476
476
477
477
477
477
477
477
477
477
477
477
477
477
477
478
478
478
478
478
478
478
478
478
478
478
478
479
479
479
479
479
479
479
479
479
479
479
479
479
480
480
480
480
480
480
480
480
480
480
480
480
481
481
481
481
481
481
481
481
481
481
481
481
481
482
482
482
482
482
482
482
482
482
482
482
482
483
483
483
483
483
483
483
483
483
483
483
483
483
484
484
484
484
484
484
484
484
484
484
484
484
485
485
485
485
485
485
485
485
485
485
485
485
485
486
486
486
486
486
486
486
486
486
486
486
486
487
487
487
487
487
487
487
487
487
487
487
487
487
488
488
488
488
488
488
488
488
488
488
488
488
489
489
489
489
489
489
489
489
489
489
489
489
489
490
490
490
490
490
490
490
490
490
490
490
490
491
491
491
491
491
491
491
491
491
491
491
491
491
492
492
492
492
492
492
492
492
492
492
492
492
493
493
493
493
493
493
493
493
493
493
493
493
493
494
494
494
494
494
494
494
494
494
494
494
494
495
495
495
495
495
495
495
495
495
495
495
495
495
496
496
496
496
496
496
496
496
496
496
496
496
497
497
497
497
497
497
497
497
497
497
497
497
497
498
498
498
498
498
498
498
498
498
498
498
498
499
499
499
499
499
499
499
499
499
499
499
499
499
500
500
500
500
500
500
500
500
500
500
500
500
501
501
501
501
501
501
501
501
501
501
501
501
501
502
502
502
502
502
502
502
502
502
502
502
502
503
503
503
503
503
503
503
503
503
503
503
503
503
504
504
504
504
504
504
504
504
504
504
504
504
505
505
505
505
505
505
505
505
505
505
505
505
505
506
506
506
506
506
506
506
506
506
506
506
506
507
507
507
507
507
507
507
507
507
507
507
507
507
508
508
508
508
508
508
508
508
508
508
508
508
509
509
509
509
509
509
509
509
509
509
509
509
509
510
510
510
510
510
510
510
510
510
510
510
510
511
511
511
511
511
511
511
511
511
511
511
511
511
512
512
512
512
512
512
512
512
512
512
512
512
513
513
513
513
513
513
513
513
513
513
513
513
513
514
514
514
514
514
514
514
514
514
514
514
514
515
515
515
515
515
515
515
515
515
515
515
515
515
516
516
516
516
516
516
516
516
516
516
516
516
517
517
517
517
517
517
517
517
517
517
517
517
517
518
518
518
518
518
518
518
518
518
518
518
518
519
519
519
519
519
519
519
519
519
519
519
519
519
520
520
520
520
520
520
520
520
520
520
520
520
521
521
521
521
521
521
521
521
521
521
521
521
521
522
522
522
522
522
522
522
522
522
522
522
522
523
523
523
523
523
523
523
523
523
523
523
523
523
524
524
524
524
524
524
524
524
524
524
524
524
525
525
525
525
525
525
525
525
525
525
525
525
525
526
526
526
526
526
526
526
526
526
526
526
526
527
527
527
527
527
527
527
527
527
527
527
527
527
528
528
528
528
528
528
528
528
528
528
528
528
529
529
529
529
529
529
529
529
529
529
529
529
529
530
530
530
530
530
530
530
530
530
530
530
530
531
531
531
531
531
531
531
531
531
531
531
531
531
532
532
532
532
532
532
532
532
532
532
532
532
533
533
533
533
533
533
533
533
533
533
533
533
533
534
534
534
534
534
534
534
534
534
534
534
534
535
535
535
535
535
535
535
535
535
535
535
535
535
536
536
536
536
536
536
536
536
536
536
536
536
537
537
537
537
537
537
537
537
537
537
537
537
537
538
538
538
538
538
538
538
538
538
538
538
538
539
539
539
539
539
539
539
539
539
539
539
539
539
540
540
540
540
540
540
540
540
540
540
540
540
541
541
541
541
541
541
541
541
541
541
541
541
541
542
542
542
542
542
542
542
542
542
542
542
542
543
543
543
543
543
543
543
543
543
543
543
543
543
544
544
544
544
544
544
544
544
544
544
544
544
545
545
545
545
545
545
545
545
545
545
545
545
545
546
546
546
546
546
546
546
546
546
546
546
546
547
547
547
547
547
547
547
547
547
547
547
547
547
548
548
548
548
548
548
548
548
548
548
548
548
549
549
549
549
549
549
549
549
549
549
549
549
549
550
550
550
550
550
550
550
550
550
550
550
550
551
551
551
551
551
551
551
551
551
551
551
551
551
552
552
552
552
552
552
552
552
552
552
552
552
553
553
553
553
553
553
553
553
553
553
553
553
553
554
554
554
554
554
554
554
554
554
554
554
554
555
555
555
555
555
555
555
555
555
555
555
555
555
556
556
556
556
556
556
556
556
556
556
556
556
557
557
557
557
557
557
557
557
557
557
557
557
557
558
558
558
558
558
558
558
558
558
558
558
558
559
559
559
559
559
559
559
559
559
559
559
559
559
560
560
560
560
560
560
560
560
560
560
560
560
561
561
561
561
561
561
561
561
561
561
561
561
561
562
562
562
562
562
562
562
562
562
562
562
562
563
563
563
563
563
563
563
563
563
563
563
563
563
564
564
564
564
564
564
564
564
564
564
564
564
565
565
565
565
565
565
565
565
565
565
565
565
565
566
566
566
566
566
566
566
566
566
566
566
566
567
567
567
567
567
567
567
567
567
567
567
567
567
568
568
568
568
568
568
568
568
568
568
568
568
569
569
569
569
569
569
569
569
569
569
569
569
569
570
570
570
570
570
570
570
570
570
570
570
570
571
571
571
571
571
571
571
571
571
571
571
571
571
572
572
572
572
572
572
572
572
572
572
572
572
573
573
573
573
573
573
573
573
573
573
573
573
573
574
574
574
574
574
574
574
574
574
574
574
574
575
575
575
575
575
575
575
575
575
575
575
575
575
576
576
576
576
576
576
576
576
576
576
576
576
577
577
577
577
577
577
577
577
577
577
577
577
577
578
578
578
578
578
578
578
578
578
578
578
578
579
579
579
579
579
579
579
579
579
579
579
579
579
580
580
580
580
580
580
580
580
580
580
580
580
581
581
581
581
581
581
581
581
581
581
581
581
581
582
582
582
582
582
582
582
582
582
582
582
582
583
583
583
583
583
583
583
583
583
583
583
583
583
584
584
584
584
584
584
584
584
584
584
584
584
585
585
585
585
585
585
585
585
585
585
585
585
585
586
586
586
586
586
586
586
586
586
586
586
586
587
587
587
587
587
587
587
587
587
587
587
587
587
588
588
588
588
588
588
588
588
588
588
588
588
589
589
589
589
589
589
589
589
589
589
589
589
589
590
590
590
590
590
590
590
590
590
590
590
590
591
591
591
591
591
591
591
591
591
591
591
591
591
592
592
592
592
592
592
592
592
592
592
592
592
593
593
593
593
593
593
593
593
593
593
593
593
593
594
594
594
594
594
594
594
594
594
594
594
594
595
595
595
595
595
595
595
595
595
595
595
595
595
596
596
596
596
596
596
596
596
596
596
596
596
597
597
597
597
597
597
597
597
597
597
597
597
597
598
598
598
598
598
598
598
598
598
598
598
598
599
599
599
599
599
599
599
599
599
599
599
599
599
600
600
600
600
600
600
600
600
600
600
600
600
601
601
601
601
601
601
601
601
601
601
601
601
601
602
602
602
602
602
602
602
602
602
602
602
602
603
603
603
603
603
603
603
603
603
603
603
603
603
604
604
604
604
604
604
604
604
604
604
604
604
605
605
605
605
605
605
605
605
605
605
605
605
605
606
606
606
606
606
606
606
606
606
606
606
606
607
607
607
607
607
607
607
607
607
607
607
607
607
608
608
608
608
608
608
608
608
608
608
608
608
609
609
609
609
609
609
609
609
609
609
609
609
609
610
610
610
610
610
610
610
610
610
610
610
610
611
611
611
611
611
611
611
611
611
611
611
611
611
612
612
612
612
612
612
612
612
612
612
612
612
613
613
613
613
613
613
613
613
613
613
613
613
613
614
614
614
614
614
614
614
614
614
614
614
614
615
615
615
615
615
615
615
615
615
615
615
615
615
616
616
616
616
616
616
616
616
616
616
616
616
617
617
617
617
617
617
617
617
617
617
617
617
617
618
618
618
618
618
618
618
618
618
618
618
618
619
619
619
619
619
619
619
619
619
619
619
619
619
620
620
620
620
620
620
620
620
620
620
620
620
621
621
621
621
621
621
621
621
621
621
621
621
621
622
622
622
622
622
622
622
622
622
622
622
622
623
623
623
623
623
623
623
623
623
623
623
623
623
624
624
624
624
624
624
624
624
624
624
624
624
625
625
625
625
625
625
625
625
625
625
625
625
625
626
626
626
626
626
626
626
626
626
626
626
626
627
627
627
627
627
627
627
627
627
627
627
627
627
628
628
628
628
628
628
628
628
628
628
628
628
629
629
629
629
629
629
629
629
629
629
629
629
629
630
630
630
630
630
630
630
630
630
630
630
630
631
631
631
631
631
631
631
631
631
631
631
631
631
632
632
632
632
632
632
632
632
632
632
632
632
633
633
633
633
633
633
633
633
633
633
633
633
633
634
634
634
634
634
634
634
634
634
634
634
634
635
635
635
635
635
635
635
635
635
635
635
635
635
636
636
636
636
636
636
636
636
636
636
636
636
637
637
637
637
637
637
637
637
637
637
637
637
637
638
638
638
638
638
638
638
638
638
638
638
638
639
639
639
639
639
639
639
639
639
639
639
639
639
640
640
640
640
640
640
640
640
640
640
640
640
641
641
641
641
641
641
641
641
641
641
641
641
641
642
642
642
642
642
642
642
642
642
642
642
642
643
643
643
643
643
643
643
643
643
643
643
643
643
644
644
644
644
644
644
644
644
644
644
644
644
645
645
645
645
645
645
645
645
645
645
645
645
645
646
646
646
646
646
646
646
646
646
646
646
646
647
647
647
647
647
647
647
647
647
647
647
647
647
648
648
648
648
648
648
648
648
648
648
648
648
649
649
649
649
649
649
649
649
649
649
649
649
649
650
650
650
650
650
650
650
650
650
650
650
650
651
651
651
651
651
651
651
651
651
651
651
651
651
652
652
652
652
652
652
652
652
652
652
652
652
653
653
653
653
653
653
653
653
653
653
653
653
653
654
654
654
654
654
654
654
654
654
654
654
654
655
655
655
655
655
655
655
655
655
655
655
655
655
656
656
656
656
656
656
656
656
656
656
656
656
657
657
657
657
657
657
657
657
657
657
657
657
657
658
658
658
658
658
658
658
658
658
658
658
658
659
659
659
659
659
659
659
659
659
659
659
659
659
660
660
660
660
660
660
660
660
660
660
660
660
661
661
661
661
661
661
661
661
661
661
661
661
661
662
662
662
662
662
662
662
662
662
662
662
662
663
663
663
663
663
663
663
663
663
663
663
663
663
664
664
664
664
664
664
664
664
664
664
664
664
665
665
665
665
665
665
665
665
665
665
665
665
665
666
666
666
666
666
666
666
666
666
666
666
666
667
667
667
667
667
667
667
667
667
667
667
667
667
668
668
668
668
668
668
668
668
668
668
668
668
669
669
669
669
669
669
669
669
669
669
669
669
669
670
670
670
670
670
670
670
670
670
670
670
670
671
671
671
671
671
671
671
671
671
671
671
671
671
672
672
672
672
672
672
672
672
672
672
672
672
673
673
673
673
673
673
673
673
673
673
673
673
673
674
674
674
674
674
674
674
674
674
674
674
674
675
675
675
675
675
675
675
675
675
675
675
675
675
676
676
676
676
676
676
676
676
676
676
676
676
677
677
677
677
677
677
677
677
677
677
677
677
677
678
678
678
678
678
678
678
678
678
678
678
678
679
679
679
679
679
679
679
679
679
679
679
679
679
680
680
680
680
680
680
680
680
680
680
680
680
681
681
681
681
681
681
681
681
681
681
681
681
681
682
682
682
682
682
682
682
682
682
682
682
682
683
683
683
683
683
683
683
683
683
683
683
683
683
684
684
684
684
684
684
684
684
684
684
684
684
685
685
685
685
685
685
685
685
685
685
685
685
685
686
686
686
686
686
686
686
686
686
686
686
686
687
687
687
687
687
687
687
687
687
687
687
687
687
688
688
688
688
688
688
688
688
688
688
688
688
689
689
689
689
689
689
689
689
689
689
689
689
689
690
690
690
690
690
690
690
690
690
690
690
690
691
691
691
691
691
691
691
691
691
691
691
691
691
692
692
692
692
692
692
692
692
692
692
692
692
693
693
693
693
693
693
693
693
693
693
693
693
693
694
694
694
694
694
694
694
694
694
694
694
694
695
695
695
695
695
695
695
695
695
695
695
695
695
696
696
696
696
696
696
696
696
696
696
696
696
697
697
697
697
697
697
697
697
697
697
697
697
697
698
698
698
698
698
698
698
698
698
698
698
698
699
699
699
699
699
699
699
699
699
699
699
699
699
700
700
700
700
700
700
700
700
700
700
700
700
701
701
701
701
701
701
701
701
701
701
701
701
701
702
702
702
702
702
702
702
702
702
702
702
702
703
703
703
703
703
703
703
703
703
703
703
703
703
704
704
704
704
704
704
704
704
704
704
704
704
705
705
705
705
705
705
705
705
705
705
705
705
705
706
706
706
706
706
706
706
706
706
706
706
706
707
707
707
707
707
707
707
707
707
707
707
707
707
708
708
708
708
708
708
708
708
708
708
708
708
709
709
709
709
709
709
709
709
709
709
709
709
709
710
710
710
710
710
710
710
710
710
710
710
710
711
711
711
711
711
711
711
711
711
711
711
711
711
712
712
712
712
712
712
712
712
712
712
712
712
713
713
713
713
713
713
713
713
713
713
713
713
713
714
714
714
714
714
714
714
714
714
714
714
714
715
715
715
715
715
715
715
715
715
715
715
715
715
716
716
716
716
716
716
716
716
716
716
716
716
717
717
717
717
717
717
717
717
717
717
717
717
717
718
718
718
718
718
718
718
718
718
718
718
718
719
719
719
719
719
719
719
719
719
719
719
719
719
720
720
720
720
720
720
720
720
720
720
720
720
721
721
721
721
721
721
721
721
721
721
721
721
721
722
722
722
722
722
722
722
722
722
722
722
722
723
723
723
723
723
723
723
723
723
723
723
723
723
724
724
724
724
724
724
724
724
724
724
724
724
725
725
725
725
725
725
725
725
725
725
725
725
725
726
726
726
726
726
726
726
726
726
726
726
726
727
727
727
727
727
727
727
727
727
727
727
727
727
728
728
728
728
728
728
728
728
728
728
728
728
729
729
729
729
729
729
729
729
729
729
729
729
729
730
730
730
730
730
730
730
730
730
730
730
730
731
731
731
731
731
731
731
731
731
731
731
731
731
732
732
732
732
732
732
732
732
732
732
732
732
733
733
733
733
733
733
733
733
733
733
733
733
733
734
734
734
734
734
734
734
734
734
734
734
734
735
735
735
735
735
735
735
735
735
735
735
735
735
736
736
736
736
736
736
736
736
736
736
736
736
737
737
737
737
737
737
737
737
737
737
737
737
737
738
738
738
738
738
738
738
738
738
738
738
738
739
739
739
739
739
739
739
739
739
739
739
739
739
740
740
740
740
740
740
740
740
740
740
740
740
741
741
741
741
741
741
741
741
741
741
741
741
741
742
742
742
742
742
742
742
742
742
742
742
742
743
743
743
743
743
743
743
743
743
743
743
743
743
744
744
744
744
744
744
744
744
744
744
744
744
745
745
745
745
745
745
745
745
745
745
745
745
745
746
746
746
746
746
746
746
746
746
746
746
746
747
747
747
747
747
747
747
747
747
747
747
747
747
748
748
748
748
748
748
748
748
748
748
748
748
749
749
749
749
749
749
749
749
749
749
749
749
749
750
750
750
750
750
750
750
750
750
750
750
750
751
751
751
751
751
751
751
751
751
751
751
751
751
752
752
752
752
752
752
752
752
752
752
752
752
753
753
753
753
753
753
753
753
753
753
753
753
753
754
754
754
754
754
754
754
754
754
754
754
754
755
755
755
755
755
755
755
755
755
755
755
755
755
756
756
756
756
756
756
756
756
756
756
756
756
757
757
757
757
757
757
757
757
757
757
757
757
757
758
758
758
758
758
758
758
758
758
758
758
758
759
759
759
759
759
759
759
759
759
759
759
759
759
760
760
760
760
760
760
760
760
760
760
760
760
761
761
761
761
761
761
761
761
761
761
761
761
761
762
762
762
762
762
762
762
762
762
762
762
762
763
763
763
763
763
763
763
763
763
763
763
763
763
764
764
764
764
764
764
764
764
764
764
764
764
765
765
765
765
765
765
765
765
765
765
765
765
765
766
766
766
766
766
766
766
766
766
766
766
766
767
767
767
767
767
767
767
767
767
767
767
767
767
768
768
768
768
768
768
768
768
768
768
768
768
769
769
769
769
769
769
769
769
769
769
769
769
769
770
770
770
770
770
770
770
770
770
770
770
770
771
771
771
771
771
771
771
771
771
771
771
771
771
772
772
772
772
772
772
772
772
772
772
772
772
773
773
773
773
773
773
773
773
773
773
773
773
773
774
774
774
774
774
774
774
774
774
774
774
774
775
775
775
775
775
775
775
775
775
775
775
775
775
776
776
776
776
776
776
776
776
776
776
776
776
777
777
777
777
777
777
777
777
777
777
777
777
777
778
778
778
778
778
778
778
778
778
778
778
778
779
779
779
779
779
779
779
779
779
779
779
779
779
780
780
780
780
780
780
780
780
780
780
780
780
781
781
781
781
781
781
781
781
781
781
781
781
781
782
782
782
782
782
782
782
782
782
782
782
782
783
783
783
783
783
783
783
783
783
783
783
783
783
784
784
784
784
784
784
784
784
784
784
784
784
785
785
785
785
785
785
785
785
785
785
785
785
785
786
786
786
786
786
786
786
786
786
786
786
786
787
787
787
787
787
787
787
787
787
787
787
787
787
788
788
788
788
788
788
788
788
788
788
788
788
789
789
789
789
789
789
789
789
789
789
789
789
789
790
790
790
790
790
790
790
790
790
790
790
790
791
791
791
791
791
791
791
791
791
791
791
791
791
792
792
792
792
792
792
792
792
792
792
792
792
793
793
793
793
793
793
793
793
793
793
793
793
793
794
794
794
794
794
794
794
794
794
794
794
794
795
795
795
795
795
795
795
795
795
795
795
795
795
796
796
796
796
796
796
796
796
796
796
796
796
797
797
797
797
797
797
797
797
797
797
797
797
797
798
798
798
798
798
798
798
798
798
798
798
798
799
799
799
799
799
799
799
799
799
799
799
799
799
800
800
800
800
800
800
800
800
800
800
800
800
801
801
801
801
801
801
801
801
801
801
801
801
801
802
802
802
802
802
802
802
802
802
802
802
802
803
803
803
803
803
803
803
803
803
803
803
803
803
804
804
804
804
804
804
804
804
804
804
804
804
805
805
805
805
805
805
805
805
805
805
805
805
805
806
806
806
806
806
806
806
806
806
806
806
806
807
807
807
807
807
807
807
807
807
807
807
807
807
808
808
808
808
808
808
808
808
808
808
808
808
809
809
809
809
809
809
809
809
809
809
809
809
809
810
810
810
810
810
810
810
810
810
810
810
810
811
811
811
811
811
811
811
811
811
811
811
811
811
812
812
812
812
812
812
812
812
812
812
812
812
813
813
813
813
813
813
813
813
813
813
813
813
813
814
814
814
814
814
814
814
814
814
814
814
814
815
815
815
815
815
815
815
815
815
815
815
815
815
816
816
816
816
816
816
816
816
816
816
816
816
817
817
817
817
817
817
817
817
817
817
817
817
817
818
818
818
818
818
818
818
818
818
818
818
818
819
819
819
819
819
819
819
819
819
819
819
819
819
820
820
820
820
820
820
820
820
820
820
820
820
821
821
821
821
821
821
821
821
821
821
821
821
821
822
822
822
822
822
822
822
822
822
822
822
822
823
823
823
823
823
823
823
823
823
823
823
823
823
824
824
824
824
824
824
824
824
824
824
824
824
825
825
825
825
825
825
825
825
825
825
825
825
825
826
826
826
826
826
826
826
826
826
826
826
826
827
827
827
827
827
827
827
827
827
827
827
827
827
828
828
828
828
828
828
828
828
828
828
828
828
829
829
829
829
829
829
829
829
829
829
829
829
829
830
830
830
830
830
830
830
830
830
830
830
830
831
831
831
831
831
831
831
831
831
831
831
831
831
832
832
832
832
832
832
832
832
832
832
832
832
833
833
833
833
833
833
833
833
833
833
833
833
833
834
834
834
834
834
834
834
834
834
834
834
834
835
835
835
835
835
835
835
835
835
835
835
835
835
836
836
836
836
836
836
836
836
836
836
836
836
837
837
837
837
837
837
837
837
837
837
837
837
837
838
838
838
838
838
838
838
838
838
838
838
838
839
839
839
839
839
839
839
839
839
839
839
839
839
840
840
840
840
840
840
840
840
840
840
840
840
841
841
841
841
841
841
841
841
841
841
841
841
841
842
842
842
842
842
842
842
842
842
842
842
842
843
843
843
843
843
843
843
843
843
843
843
843
843
844
844
844
844
844
844
844
844
844
844
844
844
845
845
845
845
845
845
845
845
845
845
845
845
845
846
846
846
846
846
846
846
846
846
846
846
846
847
847
847
847
847
847
847
847
847
847
847
847
847
848
848
848
848
848
848
848
848
848
848
848
848
849
849
849
849
849
849
849
849
849
849
849
849
849
850
850
850
850
850
850
850
850
850
850
850
850
851
851
851
851
851
851
851
851
851
851
851
851
851
852
852
852
852
852
852
852
852
852
852
852
852
853
853
853
853
853
853
853
853
853
853
853
853
853
854
854
854
854
854
854
854
854
854
854
854
854
855
855
855
855
855
855
855
855
855
855
855
855
855
856
856
856
856
856
856
856
856
856
856
856
856
857
857
857
857
857
857
857
857
857
857
857
857
857
858
858
858
858
858
858
858
858
858
858
858
858
859
859
859
859
859
859
859
859
859
859
859
859
859
860
860
860
860
860
860
860
860
860
860
860
860
861
861
861
861
861
861
861
861
861
861
861
861
861
862
862
862
862
862
862
862
862
862
862
862
862
863
863
863
863
863
863
863
863
863
863
863
863
863
864
864
864
864
864
864
864
864
864
864
864
864
865
865
865
865
865
865
865
865
865
865
865
865
865
866
866
866
866
866
866
866
866
866
866
866
866
867
867
867
867
867
867
867
867
867
867
867
867
867
868
868
868
868
868
868
868
868
868
868
868
868
869
869
869
869
869
869
869
869
869
869
869
869
869
870
870
870
870
870
870
870
870
870
870
870
870
871
871
871
871
871
871
871
871
871
871
871
871
871
872
872
872
872
872
872
872
872
872
872
872
872
873
873
873
873
873
873
873
873
873
873
873
873
873
874
874
874
874
874
874
874
874
874
874
874
874
875
875
875
875
875
875
875
875
875
875
875
875
875
876
876
876
876
876
876
876
876
876
876
876
876
877
877
877
877
877
877
877
877
877
877
877
877
877
878
878
878
878
878
878
878
878
878
878
878
878
879
879
879
879
879
879
879
879
879
879
879
879
879
880
880
880
880
880
880
880
880
880
880
880
880
881
881
881
881
881
881
881
881
881
881
881
881
881
882
882
882
882
882
882
882
882
882
882
882
882
883
883
883
883
883
883
883
883
883
883
883
883
883
884
884
884
884
884
884
884
884
884
884
884
884
885
885
885
885
885
885
885
885
885
885
885
885
885
886
886
886
886
886
886
886
886
886
886
886
886
887
887
887
887
887
887
887
887
887
887
887
887
887
888
888
888
888
888
888
888
888
888
888
888
888
889
889
889
889
889
889
889
889
889
889
889
889
889
890
890
890
890
890
890
890
890
890
890
890
890
891
891
891
891
891
891
891
891
891
891
891
891
891
892
892
892
892
892
892
892
892
892
892
892
892
893
893
893
893
893
893
893
893
893
893
893
893
893
894
894
894
894
894
894
894
894
894
894
894
894
895
895
895
895
895
895
895
895
895
895
895
895
895
896
896
896
896
896
896
896
896
896
896
896
896
897
897
897
897
897
897
897
897
897
897
897
897
897
898
898
898
898
898
898
898
898
898
898
898
898
899
899
899
899
899
899
899
899
899
899
899
899
899
900
900
900
900
900
900
900
900
900
900
900
900
901
901
901
901
901
901
901
901
901
901
901
901
901
902
902
902
902
902
902
902
902
902
902
902
902
903
903
903
903
903
903
903
903
903
903
903
903
903
904
904
904
904
904
904
904
904
904
904
904
904
905
905
905
905
905
905
905
905
905
905
905
905
905
906
906
906
906
906
906
906
906
906
906
906
906
907
907
907
907
907
907
907
907
907
907
907
907
907
908
908
908
908
908
908
908
908
908
908
908
908
909
909
909
909
909
909
909
909
909
909
909
909
909
910
910
910
910
910
910
910
910
910
910
910
910
911
911
911
911
911
911
911
911
911
911
911
911
911
912
912
912
912
912
912
912
912
912
912
912
912
913
913
913
913
913
913
913
913
913
913
913
913
913
914
914
914
914
914
914
914
914
914
914
914
914
915
915
915
915
915
915
915
915
915
915
915
915
915
916
916
916
916
916
916
916
916
916
916
916
916
917
917
917
917
917
917
917
917
917
917
917
917
917
918
918
918
918
918
918
918
918
918
918
918
918
919
919
919
919
919
919
919
919
919
919
919
919
919
920
920
920
920
920
920
920
920
920
920
920
920
921
921
921
921
921
921
921
921
921
921
921
921
921
922
922
922
922
922
922
922
922
922
922
922
922
923
923
923
923
923
923
923
923
923
923
923
923
923
924
924
924
924
924
924
924
924
924
924
924
924
925
925
925
925
925
925
925
925
925
925
925
925
925
926
926
926
926
926
926
926
926
926
926
926
926
927
927
927
927
927
927
927
927
927
927
927
927
927
928
928
928
928
928
928
928
928
928
928
928
928
929
929
929
929
929
929
929
929
929
929
929
929
929
930
930
930
930
930
930
930
930
930
930
930
930
931
931
931
931
931
931
931
931
931
931
931
931
931
932
932
932
932
932
932
932
932
932
932
932
932
933
933
933
933
933
933
933
933
933
933
933
933
933
934
934
934
934
934
934
934
934
934
934
934
934
935
935
935
935
935
935
935
935
935
935
935
935
935
936
936
936
936
936
936
936
936
936
936
936
936
937
937
937
937
937
937
937
937
937
937
937
937
937
938
938
938
938
938
938
938
938
938
938
938
938
939
939
939
939
939
939
939
939
939
939
939
939
939
940
940
940
940
940
940
940
940
940
940
940
940
941
941
941
941
941
941
941
941
941
941
941
941
941
942
942
942
942
942
942
942
942
942
942
942
942
943
943
943
943
943
943
943
943
943
943
943
943
943
944
944
944
944
944
944
944
944
944
944
944
944
945
945
945
945
945
945
945
945
945
945
945
945
945
946
946
946
946
946
946
946
946
946
946
946
946
947
947
947
947
947
947
947
947
947
947
947
947
947
948
948
948
948
948
948
948
948
948
948
948
948
949
949
949
949
949
949
949
949
949
949
949
949
949
950
950
950
950
950
950
950
950
950
950
950
950
951
951
951
951
951
951
951
951
951
951
951
951
951
952
952
952
952
952
952
952
952
952
952
952
952
953
953
953
953
953
953
953
953
953
953
953
953
953
954
954
954
954
954
954
954
954
954
954
954
954
955
955
955
955
955
955
955
955
955
955
955
955
955
956
956
956
956
956
956
956
956
956
956
956
956
957
957
957
957
957
957
957
957
957
957
957
957
957
958
958
958
958
958
958
958
958
958
958
958
958
959
959
959
959
959
959
959
959
959
959
959
959
959
960
960
960
960
960
960
960
960
960
960
960
960
961
961
961
961
961
961
961
961
961
961
961
961
961
962
962
962
962
962
962
962
962
962
962
962
962
963
963
963
963
963
963
963
963
963
963
963
963
963
964
964
964
964
964
964
964
964
964
964
964
964
965
965
965
965
965
965
965
965
965
965
965
965
965
966
966
966
966
966
966
966
966
966
966
966
966
967
967
967
967
967
967
967
967
967
967
967
967
967
968
968
968
968
968
968
968
968
968
968
968
968
969
969
969
969
969
969
969
969
969
969
969
969
969
970
970
970
970
970
970
970
970
970
970
970
970
971
971
971
971
971
971
971
971
971
971
971
971
971
972
972
972
972
972
972
972
972
972
972
972
972
973
973
973
973
973
973
973
973
973
973
973
973
973
974
974
974
974
974
974
974
974
974
974
974
974
975
975
975
975
975
975
975
975
975
975
975
975
975
976
976
976
976
976
976
976
976
976
976
976
976
977
977
977
977
977
977
977
977
977
977
977
977
977
978
978
978
978
978
978
978
978
978
978
978
978
979
979
979
979
979
979
979
979
979
979
979
979
979
980
980
980
980
980
980
980
980
980
980
980
980
981
981
981
981
981
981
981
981
981
981
981
981
981
982
982
982
982
982
982
982
982
982
982
982
982
983
983
983
983
983
983
983
983
983
983
983
983
983
984
984
984
984
984
984
984
984
984
984
984
984
985
985
985
985
985
985
985
985
985
985
985
985
985
986
986
986
986
986
986
986
986
986
986
986
986
987
987
987
987
987
987
987
987
987
987
987
987
987
988
988
988
988
988
988
988
988
988
988
988
988
989
989
989
989
989
989
989
989
989
989
989
989
989
990
990
990
990
990
990
990
990
990
990
990
990
991
991
991
991
991
991
991
991
991
991
991
991
991
992
992
992
992
992
992
992
992
992
992
992
992
993
993
993
993
993
993
993
993
993
993
993
993
993
994
994
994
994
994
994
994
994
994
994
994
994
995
995
995
995
995
995
995
995
995
995
995
995
995
996
996
996
996
996
996
996
996
996
996
996
996
997
997
997
997
997
997
997
997
997
997
997
997
997
998
998
998
998
998
998
998
998
998
998
998
998
999
999
999
999
999
999
999
999
999
999
999
999
999
1000
1000
1000
1000
1000
1000
1000
1000
1000
1000
1000
1000
1001
1001
1001
1001
1001
1001
1001
1001
1001
1001
1001
1001
1001
1002
1002
1002
1002
1002
1002
1002
1002
1002
1002
1002
1002
1003
1003
1003
1003
1003
1003
1003
1003
1003
1003
1003
1003
1003
1004
1004
1004
1004
1004
1004
1004
1004
1004
1004
1004
1004
1005
1005
1005
1005
1005
1005
1005
1005
1005
1005
1005
1005
1005
1006
1006
1006
1006
1006
1006
1006
1006
1006
1006
1006
1006
1007
1007
1007
1007
1007
1007
1007
1007
1007
1007
1007
1007
1007
1008
1008
1008
1008
1008
1008
1008
1008
1008
1008
1008
1008
1009
1009
1009
1009
1009
1009
1009
1009
1009
1009
1009
1009
1009
1010
1010
1010
1010
1010
1010
1010
1010
1010
1010
1010
1010
1011
1011
1011
1011
1011
1011
1011
1011
1011
1011
1011
1011
1011
1012
1012
1012
1012
1012
1012
1012
1012
1012
1012
1012
1012
1013
1013
1013
1013
1013
1013
1013
1013
1013
1013
1013
1013
1013
1014
1014
1014
1014
1014
1014
1014
1014
1014
1014
1014
1014
1015
1015
1015
1015
1015
1015
1015
1015
1015
1015
1015
1015
1015
1016
1016
1016
1016
1016
1016
1016
1016
1016
1016
1016
1016
1017
1017
1017
1017
1017
1017
1017
1017
1017
1017
1017
1017
1017
1018
1018
1018
1018
1018
1018
1018
1018
1018
1018
1018
1018
1019
1019
1019
1019
1019
1019
1019
1019
1019
1019
1019
1019
1019
1020
1020
1020
1020
1020
1020
1020
1020
1020
1020
1020
1020
1021
1021
1021
1021
1021
1021
1021
1021
1021
1021
1021
1021
1021
1022
1022
1022
1022
1022
1022
1022
1022
1022
1022
1022
1022
1023
1023
1023
1023
1023
1023
1023
1023
1023
1023
1023
1023
1023
1024
1024
1024
1024
1024
1024
1024
1024
1024
1024
1024
1024
1025
1025
1025
1025
1025
1025
1025
1025
1025
1025
1025
1025
1025
1026
1026
1026
1026
1026
1026
1026
1026
1026
1026
1026
1026
1027
1027
1027
1027
1027
1027
1027
1027
1027
1027
1027
1027
1027
1028
1028
1028
1028
1028
1028
1028
1028
1028
1028
1028
1028
1029
1029
1029
1029
1029
1029
1029
1029
1029
1029
1029
1029
1029
1030
1030
1030
1030
1030
1030
1030
1030
1030
1030
1030
1030
1031
1031
1031
1031
1031
1031
1031
1031
1031
1031
1031
1031
1031
1032
1032
1032
1032
1032
1032
1032
1032
1032
1032
1032
1032
1033
1033
1033
1033
1033
1033
1033
1033
1033
1033
1033
1033
1033
1034
1034
1034
1034
1034
1034
1034
1034
1034
1034
1034
1034
1035
1035
1035
1035
1035
1035
1035
1035
1035
1035
1035
1035
1035
1036
1036
1036
1036
1036
1036
1036
1036
1036
1036
1036
1036
1037
1037
1037
1037
1037
1037
1037
1037
1037
1037
1037
1037
1037
1038
1038
1038
1038
1038
1038
1038
1038
1038
1038
1038
1038
1039
1039
1039
1039
1039
1039
1039
1039
1039
1039
1039
1039
1039
1040
1040
1040
1040
1040
1040
1040
1040
1040
1040
1040
1040
1041
1041
1041
1041
1041
1041
1041
1041
1041
1041
1041
1041
1041
1042
1042
1042
1042
1042
1042
1042
1042
1042
1042
1042
1042
1043
1043
1043
1043
1043
1043
1043
1043
1043
1043
1043
1043
1043
1044
1044
1044
1044
1044
1044
1044
1044
1044
1044
1044
1044
1045
1045
1045
1045
1045
1045
1045
1045
1045
1045
1045
1045
1045
1046
1046
1046
1046
1046
1046
1046
1046
1046
1046
1046
1046
1047
1047
1047
1047
1047
1047
1047
1047
1047
1047
1047
1047
1047
1048
1048
1048
1048
1048
1048
1048
1048
1048
1048
1048
1048
1049
1049
1049
1049
1049
1049
1049
1049
1049
1049
1049
1049
1049
1050
1050
1050
1050
1050
1050
1050
1050
1050
1050
1050
1050
1051
1051
1051
1051
1051
1051
1051
1051
1051
1051
1051
1051
1051
1052
1052
1052
1052
1052
1052
1052
1052
1052
1052
1052
1052
1053
1053
1053
1053
1053
1053
1053
1053
1053
1053
1053
1053
1053
1054
1054
1054
1054
1054
1054
1054
1054
1054
1054
1054
1054
1055
1055
1055
1055
1055
1055
1055
1055
1055
1055
1055
1055
1055
1056
1056
1056
1056
1056
1056
1056
1056
1056
1056
1056
1056
1057
1057
1057
1057
1057
1057
1057
1057
1057
1057
1057
1057
1057
1058
1058
1058
1058
1058
1058
1058
1058
1058
1058
1058
1058
1059
1059
1059
1059
1059
1059
1059
1059
1059
1059
1059
1059
1059
1060
1060
1060
1060
1060
1060
1060
1060
1060
1060
1060
1060
1061
1061
1061
1061
1061
1061
1061
1061
1061
1061
1061
1061
1061
1062
1062
1062
1062
1062
1062
1062
1062
1062
1062
1062
1062
1063
1063
1063
1063
1063
1063
1063
1063
1063
1063
1063
1063
1063
1064
1064
1064
1064
1064
1064
1064
1064
1064
1064
1064
1064
1065
1065
1065
1065
1065
1065
1065
1065
1065
1065
1065
1065
1065
1066
1066
1066
1066
1066
1066
1066
1066
1066
1066
1066
1066
1067
1067
1067
1067
1067
1067
1067
1067
1067
1067
1067
1067
1067
1068
1068
1068
1068
1068
1068
1068
1068
1068
1068
1068
1068
1069
1069
1069
1069
1069
1069
1069
1069
1069
1069
1069
1069
1069
1070
1070
1070
1070
1070
1070
1070
1070
1070
1070
1070
1070
1071
1071
1071
1071
1071
1071
1071
1071
1071
1071
1071
1071
1071
1072
1072
1072
1072
1072
1072
1072
1072
1072
1072
1072
1072
1073
1073
1073
1073
1073
1073
1073
1073
1073
1073
1073
1073
1073
1074
1074
1074
1074
1074
1074
1074
1074
1074
1074
1074
1074
1075
1075
1075
1075
1075
1075
1075
1075
1075
1075
1075
1075
1075
1076
1076
1076
1076
1076
1076
1076
1076
1076
1076
1076
1076
1077
1077
1077
1077
1077
1077
1077
1077
1077
1077
1077
1077
1077
1078
1078
1078
1078
1078
1078
1078
1078
1078
1078
1078
1078
1079
1079
1079
1079
1079
1079
1079
1079
1079
1079
1079
1079
1079
1080
1080
1080
1080
1080
1080
1080
1080
1080
1080
1080
1080
1081
1081
1081
1081
1081
1081
1081
1081
1081
1081
1081
1081
1081
1082
1082
1082
1082
1082
1082
1082
1082
1082
1082
1082
1082
1083
1083
1083
1083
1083
1083
1083
1083
1083
1083
1083
1083
1083
1084
1084
1084
1084
1084
1084
1084
1084
1084
1084
1084
1084
1085
1085
1085
1085
1085
1085
1085
1085
1085
1085
1085
1085
1085
1086
1086
1086
1086
1086
1086
1086
1086
1086
1086
1086
1086
1087
1087
1087
1087
1087
1087
1087
1087
1087
1087
1087
1087
1087
1088
1088
1088
1088
1088
1088
1088
1088
1088
1088
1088
1088
1089
1089
1089
1089
1089
1089
1089
1089
1089
1089
1089
1089
1089
1090
1090
1090
1090
1090
1090
1090
1090
1090
1090
1090
1090
1091
1091
1091
1091
1091
1091
1091
1091
1091
1091
1091
1091
1091
1092
1092
1092
1092
1092
1092
1092
1092
1092
1092
1092
1092
1093
1093
1093
1093
1093
1093
1093
1093
1093
1093
1093
1093
1093
1094
1094
1094
1094
1094
1094
1094
1094
1094
1094
1094
1094
1095
1095
1095
1095
1095
1095
1095
1095
1095
1095
1095
1095
1095
1096
1096
1096
1096
1096
1096
1096
1096
1096
1096
1096
1096
1097
1097
1097
1097
1097
1097
1097
1097
1097
1097
1097
1097
1097
1098
1098
1098
1098
1098
1098
1098
1098
1098
1098
1098
1098
1099
1099
1099
1099
1099
1099
1099
1099
1099
1099
1099
1099
1099
1100
1100
1100
1100
1100
1100
1100
1100
1100
1100
1100
1100
1101
1101
1101
1101
1101
1101
1101
1101
1101
1101
1101
1101
1101
1102
1102
1102
1102
1102
1102
1102
1102
1102
1102
1102
1102
1103
1103
1103
1103
1103
1103
1103
1103
1103
1103
1103
1103
1103
1104
1104
1104
1104
1104
1104
1104
1104
1104
1104
1104
1104
1105
1105
1105
1105
1105
1105
1105
1105
1105
1105
1105
1105
1105
1106
1106
1106
1106
1106
1106
1106
1106
1106
1106
1106
1106
1107
1107
1107
1107
1107
1107
1107
1107
1107
1107
1107
1107
1107
1108
1108
1108
1108
1108
1108
1108
1108
1108
1108
1108
1108
1109
1109
1109
1109
1109
1109
1109
1109
1109
1109
1109
1109
1109
1110
1110
1110
1110
1110
1110
1110
1110
1110
1110
1110
1110
1111
1111
1111
1111
1111
1111
1111
1111
1111
1111
1111
1111
1111
1112
1112
1112
1112
1112
1112
1112
1112
1112
1112
1112
1112
1113
1113
1113
1113
1113
1113
1113
1113
1113
1113
1113
1113
1113
1114
1114
1114
1114
1114
1114
1114
1114
1114
1114
1114
1114
1115
1115
1115
1115
1115
1115
1115
1115
1115
1115
1115
1115
1115
1116
1116
1116
1116
1116
1116
1116
1116
1116
1116
1116
1116
1117
1117
1117
1117
1117
1117
1117
1117
1117
1117
1117
1117
1117
1118
1118
1118
1118
1118
1118
1118
1118
1118
1118
1118
1118
1119
1119
1119
1119
1119
1119
1119
1119
1119
1119
1119
1119
1119
1120
1120
1120
1120
1120
1120
1120
1120
1120
1120
1120
1120
1121
1121
1121
1121
1121
1121
1121
1121
1121
1121
1121
1121
1121
1122
1122
1122
1122
1122
1122
1122
1122
1122
1122
1122
1122
1123
1123
1123
1123
1123
1123
1123
1123
1123
1123
1123
1123
1123
1124
1124
1124
1124
1124
1124
1124
1124
1124
1124
1124
1124
1125
1125
1125
1125
1125
1125
1125
1125
1125
1125
1125
1125
1125
1126
1126
1126
1126
1126
1126
1126
1126
1126
1126
1126
1126
1127
1127
1127
1127
1127
1127
1127
1127
1127
1127
1127
1127
1127
1128
1128
1128
1128
1128
1128
1128
1128
1128
1128
1128
1128
1129
1129
1129
1129
1129
1129
1129
1129
1129
1129
1129
1129
1129
1130
1130
1130
1130
1130
1130
1130
1130
1130
1130
1130
1130
1131
1131
1131
1131
1131
1131
1131
1131
1131
1131
1131
1131
1131
1132
1132
1132
1132
1132
1132
1132
1132
1132
1132
1132
1132
1133
1133
1133
1133
1133
1133
1133
1133
1133
1133
1133
1133
1133
1134
1134
1134
1134
1134
1134
1134
1134
1134
1134
1134
1134
1135
1135
1135
1135
1135
1135
1135
1135
1135
1135
1135
1135
1135
1136
1136
1136
1136
1136
1136
1136
1136
1136
1136
1136
1136
1137
1137
1137
1137
1137
1137
1137
1137
1137
1137
1137
1137
1137
1138
1138
1138
1138
1138
1138
1138
1138
1138
1138
1138
1138
1139
1139
1139
1139
1139
1139
1139
1139
1139
1139
1139
1139
1139
1140
1140
1140
1140
1140
1140
1140
1140
1140
1140
1140
1140
1141
1141
1141
1141
1141
1141
1141
1141
1141
1141
1141
1141
1141
1142
1142
1142
1142
1142
1142
1142
1142
1142
1142
1142
1142
1143
1143
1143
1143
1143
1143
1143
1143
1143
1143
1143
1143
1143
1144
1144
1144
1144
1144
1144
1144
1144
1144
1144
1144
1144
1145
1145
1145
1145
1145
1145
1145
1145
1145
1145
1145
1145
1145
1146
1146
1146
1146
1146
1146
1146
1146
1146
1146
1146
1146
1147
1147
1147
1147
1147
1147
1147
1147
1147
1147
1147
1147
1147
1148
1148
1148
1148
1148
1148
1148
1148
1148
1148
1148
1148
1149
1149
1149
1149
1149
1149
1149
1149
1149
1149
1149
1149
1149
1150
1150
1150
1150
1150
1150
1150
1150
1150
1150
1150
1150
1151
1151
1151
1151
1151
1151
1151
1151
1151
1151
1151
1151
1151
1152
1152
1152
1152
1152
1152
1152
1152
1152
1152
1152
1152
1153
1153
1153
1153
1153
1153
1153
1153
1153
1153
1153
1153
1153
1154
1154
1154
1154
1154
1154
1154
1154
1154
1154
1154
1154
1155
1155
1155
1155
1155
1155
1155
1155
1155
1155
1155
1155
1155
1156
1156
1156
1156
1156
1156
1156
1156
1156
1156
1156
1156
1157
1157
1157
1157
1157
1157
1157
1157
1157
1157
1157
1157
1157
1158
1158
1158
1158
1158
1158
1158
1158
1158
1158
1158
1158
1159
1159
1159
1159
1159
1159
1159
1159
1159
1159
1159
1159
1159
1160
1160
1160
1160
1160
1160
1160
1160
1160
1160
1160
1160
1161
1161
1161
1161
1161
1161
1161
1161
1161
1161
1161
1161
1161
1162
1162
1162
1162
1162
1162
1162
1162
1162
1162
1162
1162
1163
1163
1163
1163
1163
1163
1163
1163
1163
1163
1163
1163
1163
1164
1164
1164
1164
1164
1164
1164
1164
1164
1164
1164
1164
1165
1165
1165
1165
1165
1165
1165
1165
1165
1165
1165
1165
1165
1166
1166
1166
1166
1166
1166
1166
1166
1166
1166
1166
1166
1167
1167
1167
1167
1167
1167
1167
1167
1167
1167
1167
1167
1167
1168
1168
1168
1168
1168
1168
1168
1168
1168
1168
1168
1168
1169
1169
1169
1169
1169
1169
1169
1169
1169
1169
1169
1169
1169
1170
1170
1170
1170
1170
1170
1170
1170
1170
1170
1170
1170
1171
1171
1171
1171
1171
1171
1171
1171
1171
1171
1171
1171
1171
1172
1172
1172
1172
1172
1172
1172
1172
1172
1172
1172
1172
1173
1173
1173
1173
1173
1173
1173
1173
1173
1173
1173
1173
1173
1174
1174
1174
1174
1174
1174
1174
1174
1174
1174
1174
1174
1175
1175
1175
1175
1175
1175
1175
1175
1175
1175
1175
1175
1175
1176
1176
1176
1176
1176
1176
1176
1176
1176
1176
1176
1176
1177
1177
1177
1177
1177
1177
1177
1177
1177
1177
1177
1177
1177
1178
1178
1178
1178
1178
1178
1178
1178
1178
1178
1178
1178
1179
1179
1179
1179
1179
1179
1179
1179
1179
1179
1179
1179
1179
1180
1180
1180
1180
1180
1180
1180
1180
1180
1180
1180
1180
1181
1181
1181
1181
1181
1181
1181
1181
1181
1181
1181
1181
1181
1182
1182
1182
1182
1182
1182
1182
1182
1182
1182
1182
1182
1183
1183
1183
1183
1183
1183
1183
1183
1183
1183
1183
1183
1183
1184
1184
1184
1184
1184
1184
1184
1184
1184
1184
1184
1184
1185
1185
1185
1185
1185
1185
1185
1185
1185
1185
1185
1185
1185
1186
1186
1186
1186
1186
1186
1186
1186
1186
1186
1186
1186
1187
1187
1187
1187
1187
1187
1187
1187
1187
1187
1187
1187
1187
1188
1188
1188
1188
1188
1188
1188
1188
1188
1188
1188
1188
1189
1189
1189
1189
1189
1189
1189
1189
1189
1189
1189
1189
1189
1190
1190
1190
1190
1190
1190
1190
1190
1190
1190
1190
1190
1191
1191
1191
1191
1191
1191
1191
1191
1191
1191
1191
1191
1191
1192
1192
1192
1192
1192
1192
1192
1192
1192
1192
1192
1192
1193
1193
1193
1193
1193
1193
1193
1193
1193
1193
1193
1193
1193
1194
1194
1194
1194
1194
1194
1194
1194
1194
1194
1194
1194
1195
1195
1195
1195
1195
1195
1195
1195
1195
1195
1195
1195
1195
1196
1196
1196
1196
1196
1196
1196
1196
1196
1196
1196
1196
1197
1197
1197
1197
1197
1197
1197
1197
1197
1197
1197
1197
1197
1198
1198
1198
1198
1198
1198
1198
1198
1198
1198
1198
1198
1199
1199
1199
1199
1199
1199
1199
1199
1199
1199
1199
1199
1199
1200
1200
1200
1200
1200
1200
1200
1200
1200
1200
1200
1200
1201
1201
1201
1201
1201
1201
1201
1201
1201
1201
1201
1201
1201
1202
1202
1202
1202
1202
1202
1202
1202
1202
1202
1202
1202
1203
1203
1203
1203
1203
1203
1203
1203
1203
1203
1203
1203
1203
1204
1204
1204
1204
1204
1204
1204
1204
1204
1204
1204
1204
1205
1205
1205
1205
1205
1205
1205
1205
1205
1205
1205
1205
1205
1206
1206
1206
1206
1206
1206
1206
1206
1206
1206
1206
1206
1207
1207
1207
1207
1207
1207
1207
1207
1207
1207
1207
1207
1207
1208
1208
1208
1208
1208
1208
1208
1208
1208
1208
1208
1208
1209
1209
1209
1209
1209
1209
1209
1209
1209
1209
1209
1209
1209
1210
1210
1210
1210
1210
1210
1210
1210
1210
1210
1210
1210
1211
1211
1211
1211
1211
1211
1211
1211
1211
1211
1211
1211
1211
1212
1212
1212
1212
1212
1212
1212
1212
1212
1212
1212
1212
1213
1213
1213
1213
1213
1213
1213
1213
1213
1213
1213
1213
1213
1214
1214
1214
1214
1214
1214
1214
1214
1214
1214
1214
1214
1215
1215
1215
1215
1215
1215
1215
1215
1215
1215
1215
1215
1215
1216
1216
1216
1216
1216
1216
1216
1216
1216
1216
1216
1216
1217
1217
1217
1217
1217
1217
1217
1217
1217
1217
1217
1217
1217
1218
1218
1218
1218
1218
1218
1218
1218
1218
1218
1218
1218
1219
1219
1219
1219
1219
1219
1219
1219
1219
1219
1219
1219
1219
1220
1220
1220
1220
1220
1220
1220
1220
1220
1220
1220
1220
1221
1221
1221
1221
1221
1221
1221
1221
1221
1221
1221
1221
1221
1222
1222
1222
1222
1222
1222
1222
1222
1222
1222
1222
1222
1223
1223
1223
1223
1223
1223
1223
1223
1223
1223
1223
1223
1223
1224
1224
1224
1224
1224
1224
1224
1224
1224
1224
1224
1224
1225
1225
1225
1225
1225
1225
1225
1225
1225
1225
1225
1225
1225
1226
1226
1226
1226
1226
1226
1226
1226
1226
1226
1226
1226
1227
1227
1227
1227
1227
1227
1227
1227
1227
1227
1227
1227
1227
1228
1228
1228
1228
1228
1228
1228
1228
1228
1228
1228
1228
1229
1229
1229
1229
1229
1229
1229
1229
1229
1229
1229
1229
1229
1230
1230
1230
1230
1230
1230
1230
1230
1230
1230
1230
1230
1231
1231
1231
1231
1231
1231
1231
1231
1231
1231
1231
1231
1231
1232
1232
1232
1232
1232
1232
1232
1232
1232
1232
1232
1232
1233
1233
1233
1233
1233
1233
1233
1233
1233
1233
1233
1233
1233
1234
1234
1234
1234
1234
1234
1234
1234
1234
1234
1234
1234
1235
1235
1235
1235
1235
1235
1235
1235
1235
1235
1235
1235
1235
1236
1236
1236
1236
1236
1236
1236
1236
1236
1236
1236
1236
1237
1237
1237
1237
1237
1237
1237
1237
1237
1237
1237
1237
1237
1238
1238
1238
1238
1238
1238
1238
1238
1238
1238
1238
1238
1239
1239
1239
1239
1239
1239
1239
1239
1239
1239
1239
1239
1239
1240
1240
1240
1240
1240
1240
1240
1240
1240
1240
1240
1240
1241
1241
1241
1241
1241
1241
1241
1241
1241
1241
1241
1241
1241
1242
1242
1242
1242
1242
1242
1242
1242
1242
1242
1242
1242
1243
1243
1243
1243
1243
1243
1243
1243
1243
1243
1243
1243
1243
1244
1244
1244
1244
1244
1244
1244
1244
1244
1244
1244
1244
1245
1245
1245
1245
1245
1245
1245
1245
1245
1245
1245
1245
1245
1246
1246
1246
1246
1246
1246
1246
1246
1246
1246
1246
1246
1247
1247
1247
1247
1247
1247
1247
1247
1247
1247
1247
1247
1247
1248
1248
1248
1248
1248
1248
1248
1248
1248
1248
1248
1248
1249
1249
1249
1249
1249
1249
1249
1249
1249
1249
1249
1249
1249
1250
1250
1250
1250
1250
1250
1250
1250
1250
1250
1250
1250
1251
1251
1251
1251
1251
1251
1251
1251
1251
1251
1251
1251
1251
1252
1252
1252
1252
1252
1252
1252
1252
1252
1252
1252
1252
1253
1253
1253
1253
1253
1253
1253
1253
1253
1253
1253
1253
1253
1254
1254
1254
1254
1254
1254
1254
1254
1254
1254
1254
1254
1255
1255
1255
1255
1255
1255
1255
1255
1255
1255
1255
1255
1255
1256
1256
1256
1256
1256
1256
1256
1256
1256
1256
1256
1256
1257
1257
1257
1257
1257
1257
1257
1257
1257
1257
1257
1257
1257
1258
1258
1258
1258
1258
1258
1258
1258
1258
1258
1258
1258
1259
1259
1259
1259
1259
1259
1259
1259
1259
1259
1259
1259
1259
1260
1260
1260
1260
1260
1260
1260
1260
1260
1260
1260
1260
1261
1261
1261
1261
1261
1261
1261
1261
1261
1261
1261
1261
1261
1262
1262
1262
1262
1262
1262
1262
1262
1262
1262
1262
1262
1263
1263
1263
1263
1263
1263
1263
1263
1263
1263
1263
1263
1263
1264
1264
1264
1264
1264
1264
1264
1264
1264
1264
1264
1264
1265
1265
1265
1265
1265
1265
1265
1265
1265
1265
1265
1265
1265
1266
1266
1266
1266
1266
1266
1266
1266
1266
1266
1266
1266
1267
1267
1267
1267
1267
1267
1267
1267
1267
1267
1267
1267
1267
1268
1268
1268
1268
1268
1268
1268
1268
1268
1268
1268
1268
1269
1269
1269
1269
1269
1269
1269
1269
1269
1269
1269
1269
1269
1270
1270
1270
1270
1270
1270
1270
1270
1270
1270
1270
1270
1271
1271
1271
1271
1271
1271
1271
1271
1271
1271
1271
1271
1271
1272
1272
1272
1272
1272
1272
1272
1272
1272
1272
1272
1272
1273
1273
1273
1273
1273
1273
1273
1273
1273
1273
1273
1273
1273
1274
1274
1274
1274
1274
1274
1274
1274
1274
1274
1274
1274
1275
1275
1275
1275
1275
1275
1275
1275
1275
1275
1275
1275
1275
1276
1276
1276
1276
1276
1276
1276
1276
1276
1276
1276
1276
1277
1277
1277
1277
1277
1277
1277
1277
1277
1277
1277
1277
1277
1278
1278
1278
1278
1278
1278
1278
1278
1278
1278
1278
1278
1279
1279
1279
1279
1279
1279
1279
1279
1279
1279
1279
1279
1279
1280
1280
1280
1280
1280
1280
1280
1280
1280
1280
1280
1280
1281
1281
1281
1281
1281
1281
1281
1281
1281
1281
1281
1281
1281
1282
1282
1282
1282
1282
1282
1282
1282
1282
1282
1282
1282
1283
1283
1283
1283
1283
1283
1283
1283
1283
1283
1283
1283
1283
1284
1284
1284
1284
1284
1284
1284
1284
1284
1284
1284
1284
1285
1285
1285
1285
1285
1285
1285
1285
1285
1285
1285
1285
1285
1286
1286
1286
1286
1286
1286
1286
1286
1286
1286
1286
1286
1287
1287
1287
1287
1287
1287
1287
1287
1287
1287
1287
1287
1287
1288
1288
1288
1288
1288
1288
1288
1288
1288
1288
1288
1288
1289
1289
1289
1289
1289
1289
1289
1289
1289
1289
1289
1289
1289
1290
1290
1290
1290
1290
1290
1290
1290
1290
1290
1290
1290
1291
1291
1291
1291
1291
1291
1291
1291
1291
1291
1291
1291
1291
1292
1292
1292
1292
1292
1292
1292
1292
1292
1292
1292
1292
1293
1293
1293
1293
1293
1293
1293
1293
1293
1293
1293
1293
1293
1294
1294
1294
1294
1294
1294
1294
1294
1294
1294
1294
1294
1295
1295
1295
1295
1295
1295
1295
1295
1295
1295
1295
1295
1295
1296
1296
1296
1296
1296
1296
1296
1296
1296
1296
1296
1296
1297
1297
1297
1297
1297
1297
1297
1297
1297
1297
1297
1297
1297
1298
1298
1298
1298
1298
1298
1298
1298
1298
1298
1298
1298
1299
1299
1299
1299
1299
1299
1299
1299
1299
1299
1299
1299
1299
1300
1300
1300
1300
1300
1300
1300
1300
1300
1300
1300
1300
1301
1301
1301
1301
1301
1301
1301
1301
1301
1301
1301
1301
1301
1302
1302
1302
1302
1302
1302
1302
1302
1302
1302
1302
1302
1303
1303
1303
1303
1303
1303
1303
1303
1303
1303
1303
1303
1303
1304
1304
1304
1304
1304
1304
1304
1304
1304
1304
1304
1304
1305
1305
1305
1305
1305
1305
1305
1305
1305
1305
1305
1305
1305
1306
1306
1306
1306
1306
1306
1306
1306
1306
1306
1306
1306
1307
1307
1307
1307
1307
1307
1307
1307
1307
1307
1307
1307
1307
1308
1308
1308
1308
1308
1308
1308
1308
1308
1308
1308
1308
1309
1309
1309
1309
1309
1309
1309
1309
1309
1309
1309
1309
1309
1310
1310
1310
1310
1310
1310
1310
1310
1310
1310
1310
1310
1311
1311
1311
1311
1311
1311
1311
1311
1311
1311
1311
1311
1311
1312
1312
1312
1312
1312
1312
1312
1312
1312
1312
1312
1312
1313
1313
1313
1313
1313
1313
1313
1313
1313
1313
1313
1313
1313
1314
1314
1314
1314
1314
1314
1314
1314
1314
1314
1314
1314
1315
1315
1315
1315
1315
1315
1315
1315
1315
1315
1315
1315
1315
1316
1316
1316
1316
1316
1316
1316
1316
1316
1316
1316
1316
1317
1317
1317
1317
1317
1317
1317
1317
1317
1317
1317
1317
1317
1318
1318
1318
1318
1318
1318
1318
1318
1318
1318
1318
1318
1319
1319
1319
1319
1319
1319
1319
1319
1319
1319
1319
1319
1319
1320
1320
1320
1320
1320
1320
1320
1320
1320
1320
1320
1320
1321
1321
1321
1321
1321
1321
1321
1321
1321
1321
1321
1321
1321
1322
1322
1322
1322
1322
1322
1322
1322
1322
1322
1322
1322
1323
1323
1323
1323
1323
1323
1323
1323
1323
1323
1323
1323
1323
1324
1324
1324
1324
1324
1324
1324
1324
1324
1324
1324
1324
1325
1325
1325
1325
1325
1325
1325
1325
1325
1325
1325
1325
1325
1326
1326
1326
1326
1326
1326
1326
1326
1326
1326
1326
1326
1327
1327
1327
1327
1327
1327
1327
1327
1327
1327
1327
1327
1327
1328
1328
1328
1328
1328
1328
1328
1328
1328
1328
1328
1328
1329
1329
1329
1329
1329
1329
1329
1329
1329
1329
1329
1329
1329
1330
1330
1330
1330
1330
1330
1330
1330
1330
1330
1330
1330
1331
1331
1331
1331
1331
1331
1331
1331
1331
1331
1331
1331
1331
1332
1332
1332
1332
1332
1332
1332
1332
1332
1332
1332
1332
1333
1333
1333
1333
1333
1333
1333
1333
1333
1333
1333
1333
1333
1334
1334
1334
1334
1334
1334
1334
1334
1334
1334
1334
1334
1335
1335
1335
1335
1335
1335
1335
1335
1335
1335
1335
1335
1335
1336
1336
1336
1336
1336
1336
1336
1336
1336
1336
1336
1336
1337
1337
1337
1337
1337
1337
1337
1337
1337
1337
1337
1337
1337
1338
1338
1338
1338
1338
1338
1338
1338
1338
1338
1338
1338
1339
1339
1339
1339
1339
1339
1339
1339
1339
1339
1339
1339
1339
1340
1340
1340
1340
1340
1340
1340
1340
1340
1340
1340
1340
1341
1341
1341
1341
1341
1341
1341
1341
1341
1341
1341
1341
1341
1342
1342
1342
1342
1342
1342
1342
1342
1342
1342
1342
1342
1343
1343
1343
1343
1343
1343
1343
1343
1343
1343
1343
1343
1343
1344
1344
1344
1344
1344
1344
1344
1344
1344
1344
1344
1344
1345
1345
1345
1345
1345
1345
1345
1345
1345
1345
1345
1345
1345
1346
1346
1346
1346
1346
1346
1346
1346
1346
1346
1346
1346
1347
1347
1347
1347
1347
1347
1347
1347
1347
1347
1347
1347
1347
1348
1348
1348
1348
1348
1348
1348
1348
1348
1348
1348
1348
1349
1349
1349
1349
1349
1349
1349
1349
1349
1349
1349
1349
1349
1350
1350
1350
1350
1350
1350
1350
1350
1350
1350
1350
1350
1351
1351
1351
1351
1351
1351
1351
1351
1351
1351
1351
1351
1351
1352
1352
1352
1352
1352
1352
1352
1352
1352
1352
1352
1352
1353
1353
1353
1353
1353
1353
1353
1353
1353
1353
1353
1353
1353
1354
1354
1354
1354
1354
1354
1354
1354
1354
1354
1354
1354
1355
1355
1355
1355
1355
1355
1355
1355
1355
1355
1355
1355
1355
1356
1356
1356
1356
1356
1356
1356
1356
1356
1356
1356
1356
1357
1357
1357
1357
1357
1357
1357
1357
1357
1357
1357
1357
1357
1358
1358
1358
1358
1358
1358
1358
1358
1358
1358
1358
1358
1359
1359
1359
1359
1359
1359
1359
1359
1359
1359
1359
1359
1359
1360
1360
1360
1360
1360
1360
1360
1360
1360
1360
1360
1360
1361
1361
1361
1361
1361
1361
1361
1361
1361
1361
1361
1361
1361
1362
1362
1362
1362
1362
1362
1362
1362
1362
1362
1362
1362
1363
1363
1363
1363
1363
1363
1363
1363
1363
1363
1363
1363
1363
1364
1364
1364
1364
1364
1364
1364
1364
1364
1364
1364
1364
1365
1365
1365
1365
1365
1365
1365
1365
1365
1365
1365
1365
1365
1366
1366
1366
1366
1366
1366
1366
1366
1366
1366
1366
1366
1367
1367
1367
1367
1367
1367
1367
1367
1367
1367
1367
1367
1367
1368
1368
1368
1368
1368
1368
1368
1368
1368
1368
1368
1368
1369
1369
1369
1369
1369
1369
1369
1369
1369
1369
1369
1369
1369
1370
1370
1370
1370
1370
1370
1370
1370
1370
1370
1370
1370
1371
1371
1371
1371
1371
1371
1371
1371
1371
1371
1371
1371
1371
1372
1372
1372
1372
1372
1372
1372
1372
1372
1372
1372
1372
1373
1373
1373
1373
1373
1373
1373
1373
1373
1373
1373
1373
1373
1374
1374
1374
1374
1374
1374
1374
1374
1374
1374
1374
1374
1375
1375
1375
1375
1375
1375
1375
1375
1375
1375
1375
1375
1375
1376
1376
1376
1376
1376
1376
1376
1376
1376
1376
1376
1376
1377
1377
1377
1377
1377
1377
1377
1377
1377
1377
1377
1377
1377
1378
1378
1378
1378
1378
1378
1378
1378
1378
1378
1378
1378
1379
1379
1379
1379
1379
1379
1379
1379
1379
1379
1379
1379
1379
1380
1380
1380
1380
1380
1380
1380
1380
1380
1380
1380
1380
1381
1381
1381
1381
1381
1381
1381
1381
1381
1381
1381
1381
1381
1382
1382
1382
1382
1382
1382
1382
1382
1382
1382
1382
1382
1383
1383
1383
1383
1383
1383
1383
1383
1383
1383
1383
1383
1383
1384
1384
1384
1384
1384
1384
1384
1384
1384
1384
1384
1384
1385
1385
1385
1385
1385
1385
1385
1385
1385
1385
1385
1385
1385
1386
1386
1386
1386
1386
1386
1386
1386
1386
1386
1386
1386
1387
1387
1387
1387
1387
1387
1387
1387
1387
1387
1387
1387
1387
1388
1388
1388
1388
1388
1388
1388
1388
1388
1388
1388
1388
1389
1389
1389
1389
1389
1389
1389
1389
1389
1389
1389
1389
1389
1390
1390
1390
1390
1390
1390
1390
1390
1390
1390
1390
1390
1391
1391
1391
1391
1391
1391
1391
1391
1391
1391
1391
1391
1391
1392
1392
1392
1392
1392
1392
1392
1392
1392
1392
1392
1392
1393
1393
1393
1393
1393
1393
1393
1393
1393
1393
1393
1393
1393
1394
1394
1394
1394
1394
1394
1394
1394
1394
1394
1394
1394
1395
1395
1395
1395
1395
1395
1395
1395
1395
1395
1395
1395
1395
1396
1396
1396
1396
1396
1396
1396
1396
1396
1396
1396
1396
1397
1397
1397
1397
1397
1397
1397
1397
1397
1397
1397
1397
1397
1398
1398
1398
1398
1398
1398
1398
1398
1398
1398
1398
1398
1399
1399
1399
1399
1399
1399
1399
1399
1399
1399
1399
1399
1399
1400
1400
1400
1400
1400
1400
1400
1400
1400
1400
1400
1400
1401
1401
1401
1401
1401
1401
1401
1401
1401
1401
1401
1401
1401
1402
1402
1402
1402
1402
1402
1402
1402
1402
1402
1402
1402
1403
1403
1403
1403
1403
1403
1403
1403
1403
1403
1403
1403
1403
1404
1404
1404
1404
1404
1404
1404
1404
1404
1404
1404
1404
1405
1405
1405
1405
1405
1405
1405
1405
1405
1405
1405
1405
1405
1406
1406
1406
1406
1406
1406
1406
1406
1406
1406
1406
1406
1407
1407
1407
1407
1407
1407
1407
1407
1407
1407
1407
1407
1407
1408
1408
1408
1408
1408
1408
1408
1408
1408
1408
1408
1408
1409
1409
1409
1409
1409
1409
1409
1409
1409
1409
1409
1409
1409
1410
1410
1410
1410
1410
1410
1410
1410
1410
1410
1410
1410
1411
1411
1411
1411
1411
1411
1411
1411
1411
1411
1411
1411
1411
1412
1412
1412
1412
1412
1412
1412
1412
1412
1412
1412
1412
1413
1413
1413
1413
1413
1413
1413
1413
1413
1413
1413
1413
1413
1414
1414
1414
1414
1414
1414
1414
1414
1414
1414
1414
1414
1415
1415
1415
1415
1415
1415
1415
1415
1415
1415
1415
1415
1415
1416
1416
1416
1416
1416
1416
1416
1416
1416
1416
1416
1416
1417
1417
1417
1417
1417
1417
1417
1417
1417
1417
1417
1417
1417
1418
1418
1418
1418
1418
1418
1418
1418
1418
1418
1418
1418
1419
1419
1419
1419
1419
1419
1419
1419
1419
1419
1419
1419
1419
1420
1420
1420
1420
1420
1420
1420
1420
1420
1420
1420
1420
1421
1421
1421
1421
1421
1421
1421
1421
1421
1421
1421
1421
1421
1422
1422
1422
1422
1422
1422
1422
1422
1422
1422
1422
1422
1423
1423
1423
1423
1423
1423
1423
1423
1423
1423
1423
1423
1423
1424
1424
1424
1424
1424
1424
1424
1424
1424
1424
1424
1424
1425
1425
1425
1425
1425
1425
1425
1425
1425
1425
1425
1425
1425
1426
1426
1426
1426
1426
1426
1426
1426
1426
1426
1426
1426
1427
1427
1427
1427
1427
1427
1427
1427
1427
1427
1427
1427
1427
1428
1428
1428
1428
1428
1428
1428
1428
1428
1428
1428
1428
1429
1429
1429
1429
1429
1429
1429
1429
1429
1429
1429
1429
1429
1430
1430
1430
1430
1430
1430
1430
1430
1430
1430
1430
1430
1431
1431
1431
1431
1431
1431
1431
1431
1431
1431
1431
1431
1431
1432
1432
1432
1432
1432
1432
1432
1432
1432
1432
1432
1432
1433
1433
1433
1433
1433
1433
1433
1433
1433
1433
1433
1433
1433
1434
1434
1434
1434
1434
1434
1434
1434
1434
1434
1434
1434
1435
1435
1435
1435
1435
1435
1435
1435
1435
1435
1435
1435
1435
1436
1436
1436
1436
1436
1436
1436
1436
1436
1436
1436
1436
1437
1437
1437
1437
1437
1437
1437
1437
1437
1437
1437
1437
1437
1438
1438
1438
1438
1438
1438
1438
1438
1438
1438
1438
1438
1439
1439
1439
1439
1439
1439
1439
1439
1439
1439
1439
1439
1439
1440
1440
1440
1440
1440
1440
1440
1440
1440
1440
1440
1440
1441
1441
1441
1441
1441
1441
1441
1441
1441
1441
1441
1441
1441
1442
1442
1442
1442
1442
1442
1442
1442
1442
1442
1442
1442
1443
1443
1443
1443
1443
1443
1443
1443
1443
1443
1443
1443
1443
1444
1444
1444
1444
1444
1444
1444
1444
1444
1444
1444
1444
1445
1445
1445
1445
1445
1445
1445
1445
1445
1445
1445
1445
1445
1446
1446
1446
1446
1446
1446
1446
1446
1446
1446
1446
1446
1447
1447
1447
1447
1447
1447
1447
1447
1447
1447
1447
1447
1447
1448
1448
1448
1448
1448
1448
1448
1448
1448
1448
1448
1448
1449
1449
1449
1449
1449
1449
1449
1449
1449
1449
1449
1449
1449
1450
1450
1450
1450
1450
1450
1450
1450
1450
1450
1450
1450
1451
1451
1451
1451
1451
1451
1451
1451
1451
1451
1451
1451
1451
1452
1452
1452
1452
1452
1452
1452
1452
1452
1452
1452
1452
1453
1453
1453
1453
1453
1453
1453
1453
1453
1453
1453
1453
1453
1454
1454
1454
1454
1454
1454
1454
1454
1454
1454
1454
1454
1455
1455
1455
1455
1455
1455
1455
1455
1455
1455
1455
1455
1455
1456
1456
1456
1456
1456
1456
1456
1456
1456
1456
1456
1456
1457
1457
1457
1457
1457
1457
1457
1457
1457
1457
1457
1457
1457
1458
1458
1458
1458
1458
1458
1458
1458
1458
1458
1458
1458
1459
1459
1459
1459
1459
1459
1459
1459
1459
1459
1459
1459
1459
1460
1460
1460
1460
1460
1460
1460
1460
1460
1460
1460
1460
1461
1461
1461
1461
1461
1461
1461
1461
1461
1461
1461
1461
1461
1462
1462
1462
1462
1462
1462
1462
1462
1462
1462
1462
1462
1463
1463
1463
1463
1463
1463
1463
1463
1463
1463
1463
1463
1463
1464
1464
1464
1464
1464
1464
1464
1464
1464
1464
1464
1464
1465
1465
1465
1465
1465
1465
1465
1465
1465
1465
1465
1465
1465
1466
1466
1466
1466
1466
1466
1466
1466
1466
1466
1466
1466
1467
1467
1467
1467
1467
1467
1467
1467
1467
1467
1467
1467
1467
1468
1468
1468
1468
1468
1468
1468
1468
1468
1468
1468
1468
1469
1469
1469
1469
1469
1469
1469
1469
1469
1469
1469
1469
1469
1470
1470
1470
1470
1470
1470
1470
1470
1470
1470
1470
1470
1471
1471
1471
1471
1471
1471
1471
1471
1471
1471
1471
1471
1471
1472
1472
1472
1472
1472
1472
1472
1472
1472
1472
1472
1472
1473
1473
1473
1473
1473
1473
1473
1473
1473
1473
1473
1473
1473
1474
1474
1474
1474
1474
1474
1474
1474
1474
1474
1474
1474
1475
1475
1475
1475
1475
1475
1475
1475
1475
1475
1475
1475
1475
1476
1476
1476
1476
1476
1476
1476
1476
1476
1476
1476
1476
1477
1477
1477
1477
1477
1477
1477
1477
1477
1477
1477
1477
1477
1478
1478
1478
1478
1478
1478
1478
1478
1478
1478
1478
1478
1479
1479
1479
1479
1479
1479
1479
1479
1479
1479
1479
1479
1479
1480
1480
1480
1480
1480
1480
1480
1480
1480
1480
1480
1480
1481
1481
1481
1481
1481
1481
1481
1481
1481
1481
1481
1481
1481
1482
1482
1482
1482
1482
1482
1482
1482
1482
1482
1482
1482
1483
1483
1483
1483
1483
1483
1483
1483
1483
1483
1483
1483
1483
1484
1484
1484
1484
1484
1484
1484
1484
1484
1484
1484
1484
1485
1485
1485
1485
1485
1485
1485
1485
1485
1485
1485
1485
1485
1486
1486
1486
1486
1486
1486
1486
1486
1486
1486
1486
1486
1487
1487
1487
1487
1487
1487
1487
1487
1487
1487
1487
1487
1487
1488
1488
1488
1488
1488
1488
1488
1488
1488
1488
1488
1488
1489
1489
1489
1489
1489
1489
1489
1489
1489
1489
1489
1489
1489
1490
1490
1490
1490
1490
1490
1490
1490
1490
1490
1490
1490
1491
1491
1491
1491
1491
1491
1491
1491
1491
1491
1491
1491
1491
1492
1492
1492
1492
1492
1492
1492
1492
1492
1492
1492
1492
1493
1493
1493
1493
1493
1493
1493
1493
1493
1493
1493
1493
1493
1494
1494
1494
1494
1494
1494
1494
1494
1494
1494
1494
1494
1495
1495
1495
1495
1495
1495
1495
1495
1495
1495
1495
1495
1495
1496
1496
1496
1496
1496
1496
1496
1496
1496
1496
1496
1496
1497
1497
1497
1497
1497
1497
1497
1497
1497
1497
1497
1497
1497
1498
1498
1498
1498
1498
1498
1498
1498
1498
1498
1498
1498
1499
1499
1499
1499
1499
1499
1499
1499
1499
1499
1499
1499
1499
1500
1500
1500
1500
1500
1500
1500
1500
1500
1500
1500
1500
1501
1501
1501
1501
1501
1501
1501
1501
1501
1501
1501
1501
1501
1502
1502
1502
1502
1502
1502
1502
1502
1502
1502
1502
1502
1503
1503
1503
1503
1503
1503
1503
1503
1503
1503
1503
1503
1503
1504
1504
1504
1504
1504
1504
1504
1504
1504
1504
1504
1504
1505
1505
1505
1505
1505
1505
1505
1505
1505
1505
1505
1505
1505
1506
1506
1506
1506
1506
1506
1506
1506
1506
1506
1506
1506
1507
1507
1507
1507
1507
1507
1507
1507
1507
1507
1507
1507
1507
1508
1508
1508
1508
1508
1508
1508
1508
1508
1508
1508
1508
1509
1509
1509
1509
1509
1509
1509
1509
1509
1509
1509
1509
1509
1510
1510
1510
1510
1510
1510
1510
1510
1510
1510
1510
1510
1511
1511
1511
1511
1511
1511
1511
1511
1511
1511
1511
1511
1511
1512
1512
1512
1512
1512
1512
1512
1512
1512
1512
1512
1512
1513
1513
1513
1513
1513
1513
1513
1513
1513
1513
1513
1513
1513
1514
1514
1514
1514
1514
1514
1514
1514
1514
1514
1514
1514
1515
1515
1515
1515
1515
1515
1515
1515
1515
1515
1515
1515
1515
1516
1516
1516
1516
1516
1516
1516
1516
1516
1516
1516
1516
1517
1517
1517
1517
1517
1517
1517
1517
1517
1517
1517
1517
1517
1518
1518
1518
1518
1518
1518
1518
1518
1518
1518
1518
1518
1519
1519
1519
1519
1519
1519
1519
1519
1519
1519
1519
1519
1519
1520
1520
1520
1520
1520
1520
1520
1520
1520
1520
1520
1520
1521
1521
1521
1521
1521
1521
1521
1521
1521
1521
1521
1521
1521
1522
1522
1522
1522
1522
1522
1522
1522
1522
1522
1522
1522
1523
1523
1523
1523
1523
1523
1523
1523
1523
1523
1523
1523
1523
1524
1524
1524
1524
1524
1524
1524
1524
1524
1524
1524
1524
1525
1525
1525
1525
1525
1525
1525
1525
1525
1525
1525
1525
1525
1526
1526
1526
1526
1526
1526
1526
1526
1526
1526
1526
1526
1527
1527
1527
1527
1527
1527
1527
1527
1527
1527
1527
1527
1527
1528
1528
1528
1528
1528
1528
1528
1528
1528
1528
1528
1528
1529
1529
1529
1529
1529
1529
1529
1529
1529
1529
1529
1529
1529
1530
1530
1530
1530
1530
1530
1530
1530
1530
1530
1530
1530
1531
1531
1531
1531
1531
1531
1531
1531
1531
1531
1531
1531
1531
1532
1532
1532
1532
1532
1532
1532
1532
1532
1532
1532
1532
1533
1533
1533
1533
1533
1533
1533
1533
1533
1533
1533
1533
1533
1534
1534
1534
1534
1534
1534
1534
1534
1534
1534
1534
1534
1535
1535
1535
1535
1535
1535
1535
1535
1535
1535
1535
1535
1535
1536
1536
1536
1536
1536
1536
1536
1536
1536
1536
1536
1536
1537
1537
1537
1537
1537
1537
1537
1537
1537
1537
1537
1537
1537
1538
1538
1538
1538
1538
1538
1538
1538
1538
1538
1538
1538
1539
1539
1539
1539
1539
1539
1539
1539
1539
1539
1539
1539
1539
1540
1540
1540
1540
1540
1540
1540
1540
1540
1540
1540
1540
1541
1541
1541
1541
1541
1541
1541
1541
1541
1541
1541
1541
1541
1542
1542
1542
1542
1542
1542
1542
1542
1542
1542
1542
1542
1543
1543
1543
1543
1543
1543
1543
1543
1543
1543
1543
1543
1543
1544
1544
1544
1544
1544
1544
1544
1544
1544
1544
1544
1544
1545
1545
1545
1545
1545
1545
1545
1545
1545
1545
1545
1545
1545
1546
1546
1546
1546
1546
1546
1546
1546
1546
1546
1546
1546
1547
1547
1547
1547
1547
1547
1547
1547
1547
1547
1547
1547
1547
1548
1548
1548
1548
1548
1548
1548
1548
1548
1548
1548
1548
1549
1549
1549
1549
1549
1549
1549
1549
1549
1549
1549
1549
1549
1550
1550
1550
1550
1550
1550
1550
1550
1550
1550
1550
1550
1551
1551
1551
1551
1551
1551
1551
1551
1551
1551
1551
1551
1551
1552
1552
1552
1552
1552
1552
1552
1552
1552
1552
1552
1552
1553
1553
1553
1553
1553
1553
1553
1553
1553
1553
1553
1553
1553
1554
1554
1554
1554
1554
1554
1554
1554
1554
1554
1554
1554
1555
1555
1555
1555
1555
1555
1555
1555
1555
1555
1555
1555
1555
1556
1556
1556
1556
1556
1556
1556
1556
1556
1556
1556
1556
1557
1557
1557
1557
1557
1557
1557
1557
1557
1557
1557
1557
1557
1558
1558
1558
1558
1558
1558
1558
1558
1558
1558
1558
1558
1559
1559
1559
1559
1559
1559
1559
1559
1559
1559
1559
1559
1559
1560
1560
1560
1560
1560
1560
1560
1560
1560
1560
1560
1560
1561
1561
1561
1561
1561
1561
1561
1561
1561
1561
1561
1561
1561
1562
1562
1562
1562
1562
1562
1562
1562
1562
1562
1562
1562
1563
1563
1563
1563
1563
1563
1563
1563
1563
1563
1563
1563
1563
1564
1564
1564
1564
1564
1564
1564
1564
1564
1564
1564
1564
1565
1565
1565
1565
1565
1565
1565
1565
1565
1565
1565
1565
1565
1566
1566
1566
1566
1566
1566
1566
1566
1566
1566
1566
1566
1567
1567
1567
1567
1567
1567
1567
1567
1567
1567
1567
1567
1567
1568
1568
1568
1568
1568
1568
1568
1568
1568
1568
1568
1568
1569
1569
1569
1569
1569
1569
1569
1569
1569
1569
1569
1569
1569
1570
1570
1570
1570
1570
1570
1570
1570
1570
1570
1570
1570
1571
1571
1571
1571
1571
1571
1571
1571
1571
1571
1571
1571
1571
1572
1572
1572
1572
1572
1572
1572
1572
1572
1572
1572
1572
1573
1573
1573
1573
1573
1573
1573
1573
1573
1573
1573
1573
1573
1574
1574
1574
1574
1574
1574
1574
1574
1574
1574
1574
1574
1575
1575
1575
1575
1575
1575
1575
1575
1575
1575
1575
1575
1575
1576
1576
1576
1576
1576
1576
1576
1576
1576
1576
1576
1576
1577
1577
1577
1577
1577
1577
1577
1577
1577
1577
1577
1577
1577
1578
1578
1578
1578
1578
1578
1578
1578
1578
1578
1578
1578
1579
1579
1579
1579
1579
1579
1579
1579
1579
1579
1579
1579
1579
1580
1580
1580
1580
1580
1580
1580
1580
1580
1580
1580
1580
1581
1581
1581
1581
1581
1581
1581
1581
1581
1581
1581
1581
1581
1582
1582
1582
1582
1582
1582
1582
1582
1582
1582
1582
1582
1583
1583
1583
1583
1583
1583
1583
1583
1583
1583
1583
1583
1583
1584
1584
1584
1584
1584
1584
1584
1584
1584
1584
1584
1584
1585
1585
1585
1585
1585
1585
1585
1585
1585
1585
1585
1585
1585
1586
1586
1586
1586
1586
1586
1586
1586
1586
1586
1586
1586
1587
1587
1587
1587
1587
1587
1587
1587
1587
1587
1587
1587
1587
1588
1588
1588
1588
1588
1588
1588
1588
1588
1588
1588
1588
1589
1589
1589
1589
1589
1589
1589
1589
1589
1589
1589
1589
1589
1590
1590
1590
1590
1590
1590
1590
1590
1590
1590
1590
1590
1591
1591
1591
1591
1591
1591
1591
1591
1591
1591
1591
1591
1591
1592
1592
1592
1592
1592
1592
1592
1592
1592
1592
1592
1592
1593
1593
1593
1593
1593
1593
1593
1593
1593
1593
1593
1593
1593
1594
1594
1594
1594
1594
1594
1594
1594
1594
1594
1594
1594
1595
1595
1595
1595
1595
1595
1595
1595
1595
1595
1595
1595
1595
1596
1596
1596
1596
1596
1596
1596
1596
1596
1596
1596
1596
1597
1597
1597
1597
1597
1597
1597
1597
1597
1597
1597
1597
1597
1598
1598
1598
1598
1598
1598
1598
1598
1598
1598
1598
1598
1599
1599
1599
1599
1599
1599
1599
1599
1599
1599
1599
1599
1599
1600
1600
1600
1600
1600
1600
1600
1600
1600
1600
1600
1600
1601
1601
1601
1601
1601
1601
1601
1601
1601
1601
1601
1601
1601
1602
1602
1602
1602
1602
1602
1602
1602
1602
1602
1602
1602
1603
1603
1603
1603
1603
1603
1603
1603
1603
1603
1603
1603
1603
1604
1604
1604
1604
1604
1604
1604
1604
1604
1604
1604
1604
1605
1605
1605
1605
1605
1605
1605
1605
1605
1605
1605
1605
1605
1606
1606
1606
1606
1606
1606
1606
1606
1606
1606
1606
1606
1607
1607
1607
1607
1607
1607
1607
1607
1607
1607
1607
1607
1607
1608
1608
1608
1608
1608
1608
1608
1608
1608
1608
1608
1608
1609
1609
1609
1609
1609
1609
1609
1609
1609
1609
1609
1609
1609
1610
1610
1610
1610
1610
1610
1610
1610
1610
1610
1610
1610
1611
1611
1611
1611
1611
1611
1611
1611
1611
1611
1611
1611
1611
1612
1612
1612
1612
1612
1612
1612
1612
1612
1612
1612
1612
1613
1613
1613
1613
1613
1613
1613
1613
1613
1613
1613
1613
1613
1614
1614
1614
1614
1614
1614
1614
1614
1614
1614
1614
1614
1615
1615
1615
1615
1615
1615
1615
1615
1615
1615
1615
1615
1615
1616
1616
1616
1616
1616
1616
1616
1616
1616
1616
1616
1616
1617
1617
1617
1617
1617
1617
1617
1617
1617
1617
1617
1617
1617
1618
1618
1618
1618
1618
1618
1618
1618
1618
1618
1618
1618
1619
1619
1619
1619
1619
1619
1619
1619
1619
1619
1619
1619
1619
1620
1620
1620
1620
1620
1620
1620
1620
1620
1620
1620
1620
1621
1621
1621
1621
1621
1621
1621
1621
1621
1621
1621
1621
1621
1622
1622
1622
1622
1622
1622
1622
1622
1622
1622
1622
1622
1623
1623
1623
1623
1623
1623
1623
1623
1623
1623
1623
1623
1623
1624
1624
1624
1624
1624
1624
1624
1624
1624
1624
1624
1624
1625
1625
1625
1625
1625
1625
1625
1625
1625
1625
1625
1625
1625
1626
1626
1626
1626
1626
1626
1626
1626
1626
1626
1626
1626
1627
1627
1627
1627
1627
1627
1627
1627
1627
1627
1627
1627
1627
1628
1628
1628
1628
1628
1628
1628
1628
1628
1628
1628
1628
1629
1629
1629
1629
1629
1629
1629
1629
1629
1629
1629
1629
1629
1630
1630
1630
1630
1630
1630
1630
1630
1630
1630
1630
1630
1631
1631
1631
1631
1631
1631
1631
1631
1631
1631
1631
1631
1631
1632
1632
1632
1632
1632
1632
1632
1632
1632
1632
1632
1632
1633
1633
1633
1633
1633
1633
1633
1633
1633
1633
1633
1633
1633
1634
1634
1634
1634
1634
1634
1634
1634
1634
1634
1634
1634
1635
1635
1635
1635
1635
1635
1635
1635
1635
1635
1635
1635
1635
1636
1636
1636
1636
1636
1636
1636
1636
1636
1636
1636
1636
1637
1637
1637
1637
1637
1637
1637
1637
1637
1637
1637
1637
1637
1638
1638
1638
1638
1638
1638
1638
1638
1638
1638
1638
1638
1639
1639
1639
1639
1639
1639
1639
1639
1639
1639
1639
1639
1639
1640
1640
1640
1640
1640
1640
1640
1640
1640
1640
1640
1640
1641
1641
1641
1641
1641
1641
1641
1641
1641
1641
1641
1641
1641
1642
1642
1642
1642
1642
1642
1642
1642
1642
1642
1642
1642
1643
1643
1643
1643
1643
1643
1643
1643
1643
1643
1643
1643
1643
1644
1644
1644
1644
1644
1644
1644
1644
1644
1644
1644
1644
1645
1645
1645
1645
1645
1645
1645
1645
1645
1645
1645
1645
1645
1646
1646
1646
1646
1646
1646
1646
1646
1646
1646
1646
1646
1647
1647
1647
1647
1647
1647
1647
1647
1647
1647
1647
1647
1647
1648
1648
1648
1648
1648
1648
1648
1648
1648
1648
1648
1648
1649
1649
1649
1649
1649
1649
1649
1649
1649
1649
1649
1649
1649
1650
1650
1650
1650
1650
1650
1650
1650
1650
1650
1650
1650
1651
1651
1651
1651
1651
1651
1651
1651
1651
1651
1651
1651
1651
1652
1652
1652
1652
1652
1652
1652
1652
1652
1652
1652
1652
1653
1653
1653
1653
1653
1653
1653
1653
1653
1653
1653
1653
1653
1654
1654
1654
1654
1654
1654
1654
1654
1654
1654
1654
1654
1655
1655
1655
1655
1655
1655
1655
1655
1655
1655
1655
1655
1655
1656
1656
1656
1656
1656
1656
1656
1656
1656
1656
1656
1656
1657
1657
1657
1657
1657
1657
1657
1657
1657
1657
1657
1657
1657
1658
1658
1658
1658
1658
1658
1658
1658
1658
1658
1658
1658
1659
1659
1659
1659
1659
1659
1659
1659
1659
1659
1659
1659
1659
1660
1660
1660
1660
1660
1660
1660
1660
1660
1660
1660
1660
1661
1661
1661
1661
1661
1661
1661
1661
1661
1661
1661
1661
1661
1662
1662
1662
1662
1662
1662
1662
1662
1662
1662
1662
1662
1663
1663
1663
1663
1663
1663
1663
1663
1663
1663
1663
1663
1663
1664
1664
1664
1664
1664
1664
1664
1664
1664
1664
1664
1664
1665
1665
1665
1665
1665
1665
1665
1665
1665
1665
1665
1665
1665
1666
1666
1666
1666
1666
1666
1666
1666
1666
1666
1666
1666
1667
1667
1667
1667
1667
1667
1667
1667
1667
1667
1667
1667
1667
1668
1668
1668
1668
1668
1668
1668
1668
1668
1668
1668
1668
1669
1669
1669
1669
1669
1669
1669
1669
1669
1669
1669
1669
1669
1670
1670
1670
1670
1670
1670
1670
1670
1670
1670
1670
1670
1671
1671
1671
1671
1671
1671
1671
1671
1671
1671
1671
1671
1671
1672
1672
1672
1672
1672
1672
1672
1672
1672
1672
1672
1672
1673
1673
1673
1673
1673
1673
1673
1673
1673
1673
1673
1673
1673
1674
1674
1674
1674
1674
1674
1674
1674
1674
1674
1674
1674
1675
1675
1675
1675
1675
1675
1675
1675
1675
1675
1675
1675
1675
1676
1676
1676
1676
1676
1676
1676
1676
1676
1676
1676
1676
1677
1677
1677
1677
1677
1677
1677
1677
1677
1677
1677
1677
1677
1678
1678
1678
1678
1678
1678
1678
1678
1678
1678
1678
1678
1679
1679
1679
1679
1679
1679
1679
1679
1679
1679
1679
1679
1679
1680
1680
1680
1680
1680
1680
1680
1680
1680
1680
1680
1680
1681
1681
1681
1681
1681
1681
1681
1681
1681
1681
1681
1681
1681
1682
1682
1682
1682
1682
1682
1682
1682
1682
1682
1682
1682
1683
1683
1683
1683
1683
1683
1683
1683
1683
1683
1683
1683
1683
1684
1684
1684
1684
1684
1684
1684
1684
1684
1684
1684
1684
1685
1685
1685
1685
1685
1685
1685
1685
1685
1685
1685
1685
1685
1686
1686
1686
1686
1686
1686
1686
1686
1686
1686
1686
1686
1687
1687
1687
1687
1687
1687
1687
1687
1687
1687
1687
1687
1687
1688
1688
1688
1688
1688
1688
1688
1688
1688
1688
1688
1688
1689
1689
1689
1689
1689
1689
1689
1689
1689
1689
1689
1689
1689
1690
1690
1690
1690
1690
1690
1690
1690
1690
1690
1690
1690
1691
1691
1691
1691
1691
1691
1691
1691
1691
1691
1691
1691
1691
1692
1692
1692
1692
1692
1692
1692
1692
1692
1692
1692
1692
1693
1693
1693
1693
1693
1693
1693
1693
1693
1693
1693
1693
1693
1694
1694
1694
1694
1694
1694
1694
1694
1694
1694
1694
1694
1695
1695
1695
1695
1695
1695
1695
1695
1695
1695
1695
1695
1695
1696
1696
1696
1696
1696
1696
1696
1696
1696
1696
1696
1696
1697
1697
1697
1697
1697
1697
1697
1697
1697
1697
1697
1697
1697
1698
1698
1698
1698
1698
1698
1698
1698
1698
1698
1698
1698
1699
1699
1699
1699
1699
1699
1699
1699
1699
1699
1699
1699
1699
1700
1700
1700
1700
1700
1700
1700
1700
1700
1700
1700
1700
1701
1701
1701
1701
1701
1701
1701
1701
1701
1701
1701
1701
1701
1702
1702
1702
1702
1702
1702
1702
1702
1702
1702
1702
1702
1703
1703
1703
1703
1703
1703
1703
1703
1703
1703
1703
1703
1703
1704
1704
1704
1704
1704
1704
1704
1704
1704
1704
1704
1704
1705
1705
1705
1705
1705
1705
1705
1705
1705
1705
1705
1705
1705
1706
1706
1706
1706
1706
1706
1706
1706
1706
1706
1706
1706
1707
1707
1707
1707
1707
1707
1707
1707
1707
1707
1707
1707
1707
1708
1708
1708
1708
1708
1708
1708
1708
1708
1708
1708
1708
1709
1709
1709
1709
1709
1709
1709
1709
1709
1709
1709
1709
1709
1710
1710
1710
1710
1710
1710
1710
1710
1710
1710
1710
1710
1711
1711
1711
1711
1711
1711
1711
1711
1711
1711
1711
1711
1711
1712
1712
1712
1712
1712
1712
1712
1712
1712
1712
1712
1712
1713
1713
1713
1713
1713
1713
1713
1713
1713
1713
1713
1713
1713
1714
1714
1714
1714
1714
1714
1714
1714
1714
1714
1714
1714
1715
1715
1715
1715
1715
1715
1715
1715
1715
1715
1715
1715
1715
1716
1716
1716
1716
1716
1716
1716
1716
1716
1716
1716
1716
1717
1717
1717
1717
1717
1717
1717
1717
1717
1717
1717
1717
1717
1718
1718
1718
1718
1718
1718
1718
1718
1718
1718
1718
1718
1719
1719
1719
1719
1719
1719
1719
1719
1719
1719
1719
1719
1719
1720
1720
1720
1720
1720
1720
1720
1720
1720
1720
1720
1720
1721
1721
1721
1721
1721
1721
1721
1721
1721
1721
1721
1721
1721
1722
1722
1722
1722
1722
1722
1722
1722
1722
1722
1722
1722
1723
1723
1723
1723
1723
1723
1723
1723
1723
1723
1723
1723
1723
1724
1724
1724
1724
1724
1724
1724
1724
1724
1724
1724
1724
1725
1725
1725
1725
1725
1725
1725
1725
1725
1725
1725
1725
1725
1726
1726
1726
1726
1726
1726
1726
1726
1726
1726
1726
1726
1727
1727
1727
1727
1727
1727
1727
1727
1727
1727
1727
1727
1727
1728
1728
1728
1728
1728
1728
1728
1728
1728
1728
1728
1728
1729
1729
1729
1729
1729
1729
1729
1729
1729
1729
1729
1729
1729
1730
1730
1730
1730
1730
1730
1730
1730
1730
1730
1730
1730
1731
1731
1731
1731
1731
1731
1731
1731
1731
1731
1731
1731
1731
1732
1732
1732
1732
1732
1732
1732
1732
1732
1732
1732
1732
1733
1733
1733
1733
1733
1733
1733
1733
1733
1733
1733
1733
1733
1734
1734
1734
1734
1734
1734
1734
1734
1734
1734
1734
1734
1735
1735
1735
1735
1735
1735
1735
1735
1735
1735
1735
1735
1735
1736
1736
1736
1736
1736
1736
1736
1736
1736
1736
1736
1736
1737
1737
1737
1737
1737
1737
1737
1737
1737
1737
1737
1737
1737
1738
1738
1738
1738
1738
1738
1738
1738
1738
1738
1738
1738
1739
1739
1739
1739
1739
1739
1739
1739
1739
1739
1739
1739
1739
1740
1740
1740
1740
1740
1740
1740
1740
1740
1740
1740
1740
1741
1741
1741
1741
1741
1741
1741
1741
1741
1741
1741
1741
1741
1742
1742
1742
1742
1742
1742
1742
1742
1742
1742
1742
1742
1743
1743
1743
1743
1743
1743
1743
1743
1743
1743
1743
1743
1743
1744
1744
1744
1744
1744
1744
1744
1744
1744
1744
1744
1744
1745
1745
1745
1745
1745
1745
1745
1745
1745
1745
1745
1745
1745
1746
1746
1746
1746
1746
1746
1746
1746
1746
1746
1746
1746
1747
1747
1747
1747
1747
1747
1747
1747
1747
1747
1747
1747
1747
1748
1748
1748
1748
1748
1748
1748
1748
1748
1748
1748
1748
1749
1749
1749
1749
1749
1749
1749
1749
1749
1749
1749
1749
1749
1750
1750
1750
1750
1750
1750
1750
1750
1750
1750
1750
1750
1751
1751
1751
1751
1751
1751
1751
1751
1751
1751
1751
1751
1751
1752
1752
1752
1752
1752
1752
1752
1752
1752
1752
1752
1752
1753
1753
1753
1753
1753
1753
1753
1753
1753
1753
1753
1753
1753
1754
1754
1754
1754
1754
1754
1754
1754
1754
1754
1754
1754
1755
1755
1755
1755
1755
1755
1755
1755
1755
1755
1755
1755
1755
1756
1756
1756
1756
1756
1756
1756
1756
1756
1756
1756
1756
1757
1757
1757
1757
1757
1757
1757
1757
1757
1757
1757
1757
1757
1758
1758
1758
1758
1758
1758
1758
1758
1758
1758
1758
1758
1759
1759
1759
1759
1759
1759
1759
1759
1759
1759
1759
1759
1759
1760
1760
1760
1760
1760
1760
1760
1760
1760
1760
1760
1760
1761
1761
1761
1761
1761
1761
1761
1761
1761
1761
1761
1761
1761
1762
1762
1762
1762
1762
1762
1762
1762
1762
1762
1762
1762
1763
1763
1763
1763
1763
1763
1763
1763
1763
1763
1763
1763
1763
1764
1764
1764
1764
1764
1764
1764
1764
1764
1764
1764
1764
1765
1765
1765
1765
1765
1765
1765
1765
1765
1765
1765
1765
1765
1766
1766
1766
1766
1766
1766
1766
1766
1766
1766
1766
1766
1767
1767
1767
1767
1767
1767
1767
1767
1767
1767
1767
1767
1767
1768
1768
1768
1768
1768
1768
1768
1768
1768
1768
1768
1768
1769
1769
1769
1769
1769
1769
1769
1769
1769
1769
1769
1769
1769
1770
1770
1770
1770
1770
1770
1770
1770
1770
1770
1770
1770
1771
1771
1771
1771
1771
1771
1771
1771
1771
1771
1771
1771
1771
1772
1772
1772
1772
1772
1772
1772
1772
1772
1772
1772
1772
1773
1773
1773
1773
1773
1773
1773
1773
1773
1773
1773
1773
1773
1774
1774
1774
1774
1774
1774
1774
1774
1774
1774
1774
1774
1775
1775
1775
1775
1775
1775
1775
1775
1775
1775
1775
1775
1775
1776
1776
1776
1776
1776
1776
1776
1776
1776
1776
1776
1776
1777
1777
1777
1777
1777
1777
1777
1777
1777
1777
1777
1777
1777
1778
1778
1778
1778
1778
1778
1778
1778
1778
1778
1778
1778
1779
1779
1779
1779
1779
1779
1779
1779
1779
1779
1779
1779
1779
1780
1780
1780
1780
1780
1780
1780
1780
1780
1780
1780
1780
1781
1781
1781
1781
1781
1781
1781
1781
1781
1781
1781
1781
1781
1782
1782
1782
1782
1782
1782
1782
1782
1782
1782
1782
1782
1783
1783
1783
1783
1783
1783
1783
1783
1783
1783
1783
1783
1783
1784
1784
1784
1784
1784
1784
1784
1784
1784
1784
1784
1784
1785
1785
1785
1785
1785
1785
1785
1785
1785
1785
1785
1785
1785
1786
1786
1786
1786
1786
1786
1786
1786
1786
1786
1786
1786
1787
1787
1787
1787
1787
1787
1787
1787
1787
1787
1787
1787
1787
1788
1788
1788
1788
1788
1788
1788
1788
1788
1788
1788
1788
1789
1789
1789
1789
1789
1789
1789
1789
1789
1789
1789
1789
1789
1790
1790
1790
1790
1790
1790
1790
1790
1790
1790
1790
1790
1791
1791
1791
1791
1791
1791
1791
1791
1791
1791
1791
1791
1791
1792
1792
1792
1792
1792
1792
1792
1792
1792
1792
1792
1792
1793
1793
1793
1793
1793
1793
1793
1793
1793
1793
1793
1793
1793
1794
1794
1794
1794
1794
1794
1794
1794
1794
1794
1794
1794
1795
1795
1795
1795
1795
1795
1795
1795
1795
1795
1795
1795
1795
1796
1796
1796
1796
1796
1796
1796
1796
1796
1796
1796
1796
1797
1797
1797
1797
1797
1797
1797
1797
1797
1797
1797
1797
1797
1798
1798
1798
1798
1798
1798
1798
1798
1798
1798
1798
1798
1799
1799
1799
1799
1799
1799
1799
1799
1799
1799
1799
1799
1799
1800
1800
1800
1800
1800
1800
1800
1800
1800
1800
1800
1800
1801
1801
1801
1801
1801
1801
1801
1801
1801
1801
1801
1801
1801
1802
1802
1802
1802
1802
1802
1802
1802
1802
1802
1802
1802
1803
1803
1803
1803
1803
1803
1803
1803
1803
1803
1803
1803
1803
1804
1804
1804
1804
1804
1804
1804
1804
1804
1804
1804
1804
1805
1805
1805
1805
1805
1805
1805
1805
1805
1805
1805
1805
1805
1806
1806
1806
1806
1806
1806
1806
1806
1806
1806
1806
1806
1807
1807
1807
1807
1807
1807
1807
1807
1807
1807
1807
1807
1807
1808
1808
1808
1808
1808
1808
1808
1808
1808
1808
1808
1808
1809
1809
1809
1809
1809
1809
1809
1809
1809
1809
1809
1809
1809
1810
1810
1810
1810
1810
1810
1810
1810
1810
1810
1810
1810
1811
1811
1811
1811
1811
1811
1811
1811
1811
1811
1811
1811
1811
1812
1812
1812
1812
1812
1812
1812
1812
1812
1812
1812
1812
1813
1813
1813
1813
1813
1813
1813
1813
1813
1813
1813
1813
1813
1814
1814
1814
1814
1814
1814
1814
1814
1814
1814
1814
1814
1815
1815
1815
1815
1815
1815
1815
1815
1815
1815
1815
1815
1815
1816
1816
1816
1816
1816
1816
1816
1816
1816
1816
1816
1816
1817
1817
1817
1817
1817
1817
1817
1817
1817
1817
1817
1817
1817
1818
1818
1818
1818
1818
1818
1818
1818
1818
1818
1818
1818
1819
1819
1819
1819
1819
1819
1819
1819
1819
1819
1819
1819
1819
1820
1820
1820
1820
1820
1820
1820
1820
1820
1820
1820
1820
1821
1821
1821
1821
1821
1821
1821
1821
1821
1821
1821
1821
1821
1822
1822
1822
1822
1822
1822
1822
1822
1822
1822
1822
1822
1823
1823
1823
1823
1823
1823
1823
1823
1823
1823
1823
1823
1823
1824
1824
1824
1824
1824
1824
1824
1824
1824
1824
1824
1824
1825
1825
1825
1825
1825
1825
1825
1825
1825
1825
1825
1825
1825
1826
1826
1826
1826
1826
1826
1826
1826
1826
1826
1826
1826
1827
1827
1827
1827
1827
1827
1827
1827
1827
1827
1827
1827
1827
1828
1828
1828
1828
1828
1828
1828
1828
1828
1828
1828
1828
1829
1829
1829
1829
1829
1829
1829
1829
1829
1829
1829
1829
1829
1830
1830
1830
1830
1830
1830
1830
1830
1830
1830
1830
1830
1831
1831
1831
1831
1831
1831
1831
1831
1831
1831
1831
1831
1831
1832
1832
1832
1832
1832
1832
1832
1832
1832
1832
1832
1832
1833
1833
1833
1833
1833
1833
1833
1833
1833
1833
1833
1833
1833
1834
1834
1834
1834
1834
1834
1834
1834
1834
1834
1834
1834
1835
1835
1835
1835
1835
1835
1835
1835
1835
1835
1835
1835
1835
1836
1836
1836
1836
1836
1836
1836
1836
1836
1836
1836
1836
1837
1837
1837
1837
1837
1837
1837
1837
1837
1837
1837
1837
1837
1838
1838
1838
1838
1838
1838
1838
1838
1838
1838
1838
1838
1839
1839
1839
1839
1839
1839
1839
1839
1839
1839
1839
1839
1839
1840
1840
1840
1840
1840
1840
1840
1840
1840
1840
1840
1840
1841
1841
1841
1841
1841
1841
1841
1841
1841
1841
1841
1841
1841
1842
1842
1842
1842
1842
1842
1842
1842
1842
1842
1842
1842
1843
1843
1843
1843
1843
1843
1843
1843
1843
1843
1843
1843
1843
1844
1844
1844
1844
1844
1844
1844
1844
1844
1844
1844
1844
1845
1845
1845
1845
1845
1845
1845
1845
1845
1845
1845
1845
1845
1846
1846
1846
1846
1846
1846
1846
1846
1846
1846
1846
1846
1847
1847
1847
1847
1847
1847
1847
1847
1847
1847
1847
1847
1847
1848
1848
1848
1848
1848
1848
1848
1848
1848
1848
1848
1848
1849
1849
1849
1849
1849
1849
1849
1849
1849
1849
1849
1849
1849
1850
1850
1850
1850
1850
1850
1850
1850
1850
1850
1850
1850
1851
1851
1851
1851
1851
1851
1851
1851
1851
1851
1851
1851
1851
1852
1852
1852
1852
1852
1852
1852
1852
1852
1852
1852
1852
1853
1853
1853
1853
1853
1853
1853
1853
1853
1853
1853
1853
1853
1854
1854
1854
1854
1854
1854
1854
1854
1854
1854
1854
1854
1855
1855
1855
1855
1855
1855
1855
1855
1855
1855
1855
1855
1855
1856
1856
1856
1856
1856
1856
1856
1856
1856
1856
1856
1856
1857
1857
1857
1857
1857
1857
1857
1857
1857
1857
1857
1857
1857
1858
1858
1858
1858
1858
1858
1858
1858
1858
1858
1858
1858
1859
1859
1859
1859
1859
1859
1859
1859
1859
1859
1859
1859
1859
1860
1860
1860
1860
1860
1860
1860
1860
1860
1860
1860
1860
1861
1861
1861
1861
1861
1861
1861
1861
1861
1861
1861
1861
1861
1862
1862
1862
1862
1862
1862
1862
1862
1862
1862
1862
1862
1863
1863
1863
1863
1863
1863
1863
1863
1863
1863
1863
1863
1863
1864
1864
1864
1864
1864
1864
1864
1864
1864
1864
1864
1864
1865
1865
1865
1865
1865
1865
1865
1865
1865
1865
1865
1865
1865
1866
1866
1866
1866
1866
1866
1866
1866
1866
1866
1866
1866
1867
1867
1867
1867
1867
1867
1867
1867
1867
1867
1867
1867
1867
1868
1868
1868
1868
1868
1868
1868
1868
1868
1868
1868
1868
1869
1869
1869
1869
1869
1869
1869
1869
1869
1869
1869
1869
1869
1870
1870
1870
1870
1870
1870
1870
1870
1870
1870
1870
1870
1871
1871
1871
1871
1871
1871
1871
1871
1871
1871
1871
1871
1871
1872
1872
1872
1872
1872
1872
1872
1872
1872
1872
1872
1872
1873
1873
1873
1873
1873
1873
1873
1873
1873
1873
1873
1873
1873
1874
1874
1874
1874
1874
1874
1874
1874
1874
1874
1874
1874
1875
1875
1875
1875
1875
1875
1875
1875
1875
1875
1875
1875
1875
1876
1876
1876
1876
1876
1876
1876
1876
1876
1876
1876
1876
1877
1877
1877
1877
1877
1877
1877
1877
1877
1877
1877
1877
1877
1878
1878
1878
1878
1878
1878
1878
1878
1878
1878
1878
1878
1879
1879
1879
1879
1879
1879
1879
1879
1879
1879
1879
1879
1879
1880
1880
1880
1880
1880
1880
1880
1880
1880
1880
1880
1880
1881
1881
1881
1881
1881
1881
1881
1881
1881
1881
1881
1881
1881
1882
1882
1882
1882
1882
1882
1882
1882
1882
1882
1882
1882
1883
1883
1883
1883
1883
1883
1883
1883
1883
1883
1883
1883
1883
1884
1884
1884
1884
1884
1884
1884
1884
1884
1884
1884
1884
1885
1885
1885
1885
1885
1885
1885
1885
1885
1885
1885
1885
1885
1886
1886
1886
1886
1886
1886
1886
1886
1886
1886
1886
1886
1887
1887
1887
1887
1887
1887
1887
1887
1887
1887
1887
1887
1887
1888
1888
1888
1888
1888
1888
1888
1888
1888
1888
1888
1888
1889
1889
1889
1889
1889
1889
1889
1889
1889
1889
1889
1889
1889
1890
1890
1890
1890
1890
1890
1890
1890
1890
1890
1890
1890
1891
1891
1891
1891
1891
1891
1891
1891
1891
1891
1891
1891
1891
1892
1892
1892
1892
1892
1892
1892
1892
1892
1892
1892
1892
1893
1893
1893
1893
1893
1893
1893
1893
1893
1893
1893
1893
1893
1894
1894
1894
1894
1894
1894
1894
1894
1894
1894
1894
1894
1895
1895
1895
1895
1895
1895
1895
1895
1895
1895
1895
1895
1895
1896
1896
1896
1896
1896
1896
1896
1896
1896
1896
1896
1896
1897
1897
1897
1897
1897
1897
1897
1897
1897
1897
1897
1897
1897
1898
1898
1898
1898
1898
1898
1898
1898
1898
1898
1898
1898
1899
1899
1899
1899
1899
1899
1899
1899
1899
1899
1899
1899
1899
1900
1900
1900
1900
1900
1900
1900
1900
1900
1900
1900
1900
1901
1901
1901
1901
1901
1901
1901
1901
1901
1901
1901
1901
1901
1902
1902
1902
1902
1902
1902
1902
1902
1902
1902
1902
1902
1903
1903
1903
1903
1903
1903
1903
1903
1903
1903
1903
1903
1903
1904
1904
1904
1904
1904
1904
1904
1904
1904
1904
1904
1904
1905
1905
1905
1905
1905
1905
1905
1905
1905
1905
1905
1905
1905
1906
1906
1906
1906
1906
1906
1906
1906
1906
1906
1906
1906
1907
1907
1907
1907
1907
1907
1907
1907
1907
1907
1907
1907
1907
1908
1908
1908
1908
1908
1908
1908
1908
1908
1908
1908
1908
1909
1909
1909
1909
1909
1909
1909
1909
1909
1909
1909
1909
1909
1910
1910
1910
1910
1910
1910
1910
1910
1910
1910
1910
1910
1911
1911
1911
1911
1911
1911
1911
1911
1911
1911
1911
1911
1911
1912
1912
1912
1912
1912
1912
1912
1912
1912
1912
1912
1912
1913
1913
1913
1913
1913
1913
1913
1913
1913
1913
1913
1913
1913
1914
1914
1914
1914
1914
1914
1914
1914
1914
1914
1914
1914
1915
1915
1915
1915
1915
1915
1915
1915
1915
1915
1915
1915
1915
1916
1916
1916
1916
1916
1916
1916
1916
1916
1916
1916
1916
1917
1917
1917
1917
1917
1917
1917
1917
1917
1917
1917
1917
1917
1918
1918
1918
1918
1918
1918
1918
1918
1918
1918
1918
1918
1919
1919
1919
1919
1919
1919
1919
1919
1919
1919
1919
1919
1919
1920
1920
1920
1920
1920
1920
1920
1920
1920
1920
1920
1920
1921
1921
1921
1921
1921
1921
1921
1921
1921
1921
1921
1921
1921
1922
1922
1922
1922
1922
1922
1922
1922
1922
1922
1922
1922
1923
1923
1923
1923
1923
1923
1923
1923
1923
1923
1923
1923
1923
1924
1924
1924
1924
1924
1924
1924
1924
1924
1924
1924
1924
1925
1925
1925
1925
1925
1925
1925
1925
1925
1925
1925
1925
1925
1926
1926
1926
1926
1926
1926
1926
1926
1926
1926
1926
1926
1927
1927
1927
1927
1927
1927
1927
1927
1927
1927
1927
1927
1927
1928
1928
1928
1928
1928
1928
1928
1928
1928
1928
1928
1928
1929
1929
1929
1929
1929
1929
1929
1929
1929
1929
1929
1929
1929
1930
1930
1930
1930
1930
1930
1930
1930
1930
1930
1930
1930
1931
1931
1931
1931
1931
1931
1931
1931
1931
1931
1931
1931
1931
1932
1932
1932
1932
1932
1932
1932
1932
1932
1932
1932
1932
1933
1933
1933
1933
1933
1933
1933
1933
1933
1933
1933
1933
1933
1934
1934
1934
1934
1934
1934
1934
1934
1934
1934
1934
1934
1935
1935
1935
1935
1935
1935
1935
1935
1935
1935
1935
1935
1935
1936
1936
1936
1936
1936
1936
1936
1936
1936
1936
1936
1936
1937
1937
1937
1937
1937
1937
1937
1937
1937
1937
1937
1937
1937
1938
1938
1938
1938
1938
1938
1938
1938
1938
1938
1938
1938
1939
1939
1939
1939
1939
1939
1939
1939
1939
1939
1939
1939
1939
1940
1940
1940
1940
1940
1940
1940
1940
1940
1940
1940
1940
1941
1941
1941
1941
1941
1941
1941
1941
1941
1941
1941
1941
1941
1942
1942
1942
1942
1942
1942
1942
1942
1942
1942
1942
1942
1943
1943
1943
1943
1943
1943
1943
1943
1943
1943
1943
1943
1943
1944
1944
1944
1944
1944
1944
1944
1944
1944
1944
1944
1944
1945
1945
1945
1945
1945
1945
1945
1945
1945
1945
1945
1945
1945
1946
1946
1946
1946
1946
1946
1946
1946
1946
1946
1946
1946
1947
1947
1947
1947
1947
1947
1947
1947
1947
1947
1947
1947
1947
1948
1948
1948
1948
1948
1948
1948
1948
1948
1948
1948
1948
1949
1949
1949
1949
1949
1949
1949
1949
1949
1949
1949
1949
1949
1950
1950
1950
1950
1950
1950
1950
1950
1950
1950
1950
1950
1951
1951
1951
1951
1951
1951
1951
1951
1951
1951
1951
1951
1951
1952
1952
1952
1952
1952
1952
1952
1952
1952
1952
1952
1952
1953
1953
1953
1953
1953
1953
1953
1953
1953
1953
1953
1953
1953
1954
1954
1954
1954
1954
1954
1954
1954
1954
1954
1954
1954
1955
1955
1955
1955
1955
1955
1955
1955
1955
1955
1955
1955
1955
1956
1956
1956
1956
1956
1956
1956
1956
1956
1956
1956
1956
1957
1957
1957
1957
1957
1957
1957
1957
1957
1957
1957
1957
1957
1958
1958
1958
1958
1958
1958
1958
1958
1958
1958
1958
1958
1959
1959
1959
1959
1959
1959
1959
1959
1959
1959
1959
1959
1959
1960
1960
1960
1960
1960
1960
1960
1960
1960
1960
1960
1960
1961
1961
1961
1961
1961
1961
1961
1961
1961
1961
1961
1961
1961
1962
1962
1962
1962
1962
1962
1962
1962
1962
1962
1962
1962
1963
1963
1963
1963
1963
1963
1963
1963
1963
1963
1963
1963
1963
1964
1964
1964
1964
1964
1964
1964
1964
1964
1964
1964
1964
1965
1965
1965
1965
1965
1965
1965
1965
1965
1965
1965
1965
1965
1966
1966
1966
1966
1966
1966
1966
1966
1966
1966
1966
1966
1967
1967
1967
1967
1967
1967
1967
1967
1967
1967
1967
1967
1967
1968
1968
1968
1968
1968
1968
1968
1968
1968
1968
1968
1968
1969
1969
1969
1969
1969
1969
1969
1969
1969
1969
1969
1969
1969
1970
1970
1970
1970
1970
1970
1970
1970
1970
1970
1970
1970
1971
1971
1971
1971
1971
1971
1971
1971
1971
1971
1971
1971
1971
1972
1972
1972
1972
1972
1972
1972
1972
1972
1972
1972
1972
1973
1973
1973
1973
1973
1973
1973
1973
1973
1973
1973
1973
1973
1974
1974
1974
1974
1974
1974
1974
1974
1974
1974
1974
1974
1975
1975
1975
1975
1975
1975
1975
1975
1975
1975
1975
1975
1975
1976
1976
1976
1976
1976
1976
1976
1976
1976
1976
1976
1976
1977
1977
1977
1977
1977
1977
1977
1977
1977
1977
1977
1977
1977
1978
1978
1978
1978
1978
1978
1978
1978
1978
1978
1978
1978
1979
1979
1979
1979
1979
1979
1979
1979
1979
1979
1979
1979
1979
1980
1980
1980
1980
1980
1980
1980
1980
1980
1980
1980
1980
1981
1981
1981
1981
1981
1981
1981
1981
1981
1981
1981
1981
1981
1982
1982
1982
1982
1982
1982
1982
1982
1982
1982
1982
1982
1983
1983
1983
1983
1983
1983
1983
1983
1983
1983
1983
1983
1983
1984
1984
1984
1984
1984
1984
1984
1984
1984
1984
1984
1984
1985
1985
1985
1985
1985
1985
1985
1985
1985
1985
1985
1985
1985
1986
1986
1986
1986
1986
1986
1986
1986
1986
1986
1986
1986
1987
1987
1987
1987
1987
1987
1987
1987
1987
1987
1987
1987
1987
1988
1988
1988
1988
1988
1988
1988
1988
1988
1988
1988
1988
1989
1989
1989
1989
1989
1989
1989
1989
1989
1989
1989
1989
1989
1990
1990
1990
1990
1990
1990
1990
1990
1990
1990
1990
1990
1991
1991
1991
1991
1991
1991
1991
1991
1991
1991
1991
1991
1991
1992
1992
1992
1992
1992
1992
1992
1992
1992
1992
1992
1992
1993
1993
1993
1993
1993
1993
1993
1993
1993
1993
1993
1993
1993
1994
1994
1994
1994
1994
1994
1994
1994
1994
1994
1994
1994
1995
1995
1995
1995
1995
1995
1995
1995
1995
1995
1995
1995
1995
1996
1996
1996
1996
1996
1996
1996
1996
1996
1996
1996
1996
1997
1997
1997
1997
1997
1997
1997
1997
1997
1997
1997
1997
1997
1998
1998
1998
1998
1998
1998
1998
1998
1998
1998
1998
1998
1999
1999
1999
1999
1999
1999
1999
1999
1999
1999
1999
1999
1999
2000
2000
2000
2000
2000
2000
2000
2000
2000
2000
2000
2000
2001
2001
2001
2001
2001
2001
2001
2001
2001
2001
2001
2001
2001
2002
2002
2002
2002
2002
2002
2002
2002
2002
2002
2002
2002
2003
2003
2003
2003
2003
2003
2003
2003
2003
2003
2003
2003
2003
2004
2004
2004
2004
2004
2004
2004
2004
2004
2004
2004
2004
2005
2005
2005
2005
2005
2005
2005
2005
2005
2005
2005
2005
2005
2006
2006
2006
2006
2006
2006
2006
2006
2006
2006
2006
2006
2007
2007
2007
2007
2007
2007
2007
2007
2007
2007
2007
2007
2007
2008
2008
2008
2008
2008
2008
2008
2008
2008
2008
2008
2008
2009
2009
2009
2009
2009
2009
2009
2009
2009
2009
2009
2009
2009
2010
2010
2010
2010
2010
2010
2010
2010
2010
2010
2010
2010
2011
2011
2011
2011
2011
2011
2011
2011
2011
2011
2011
2011
2011
2012
2012
2012
2012
2012
2012
2012
2012
2012
2012
2012
2012
2013
2013
2013
2013
2013
2013
2013
2013
2013
2013
2013
2013
2013
2014
2014
2014
2014
2014
2014
2014
2014
2014
2014
2014
2014
2015
2015
2015
2015
2015
2015
2015
2015
2015
2015
2015
2015
2015
2016
2016
2016
2016
2016
2016
2016
2016
2016
2016
2016
2016
2017
2017
2017
2017
2017
2017
2017
2017
2017
2017
2017
2017
2017
2018
2018
2018
2018
2018
2018
2018
2018
2018
2018
2018
2018
2019
2019
2019
2019
2019
2019
2019
2019
2019
2019
2019
2019
2019
2020
2020
2020
2020
2020
2020
2020
2020
2020
2020
2020
2020
2021
2021
2021
2021
2021
2021
2021
2021
2021
2021
2021
2021
2021
2022
2022
2022
2022
2022
2022
2022
2022
2022
2022
2022
2022
2023
2023
2023
2023
2023
2023
2023
2023
2023
2023
2023
2023
2023
2024
2024
2024
2024
2024
2024
2024
2024
2024
2024
2024
2024
2025
2025
2025
2025
2025
2025
2025
2025
2025
2025
2025
2025
2025
2026
2026
2026
2026
2026
2026
2026
2026
2026
2026
2026
2026
2027
2027
2027
2027
2027
2027
2027
2027
2027
2027
2027
2027
2027
2028
2028
2028
2028
2028
2028
2028
2028
2028
2028
2028
2028
2029
2029
2029
2029
2029
2029
2029
2029
2029
2029
2029
2029
2029
2030
2030
2030
2030
2030
2030
2030
2030
2030
2030
2030
2030
2031
2031
2031
2031
2031
2031
2031
2031
2031
2031
2031
2031
2031
2032
2032
2032
2032
2032
2032
2032
2032
2032
2032
2032
2032
2033
2033
2033
2033
2033
2033
2033
2033
2033
2033
2033
2033
2033
2034
2034
2034
2034
2034
2034
2034
2034
2034
2034
2034
2034
2035
2035
2035
2035
2035
2035
2035
2035
2035
2035
2035
2035
2035
2036
2036
2036
2036
2036
2036
2036
2036
2036
2036
2036
2036
2037
2037
2037
2037
2037
2037
2037
2037
2037
2037
2037
2037
2037
2038
2038
2038
2038
2038
2038
2038
2038
2038
2038
2038
2038
2039
2039
2039
2039
2039
2039
2039
2039
2039
2039
2039
2039
2039
2040
2040
2040
2040
2040
2040
2040
2040
2040
2040
2040
2040
2041
2041
2041
2041
2041
2041
2041
2041
2041
2041
2041
2041
2041
2042
2042
2042
2042
2042
2042
2042
2042
2042
2042
2042
2042
2043
2043
2043
2043
2043
2043
2043
2043
2043
2043
2043
2043
2043
2044
2044
2044
2044
2044
2044
2044
2044
2044
2044
2044
2044
2045
2045
2045
2045
2045
2045
2045
2045
2045
2045
2045
2045
2045
2046
2046
2046
2046
2046
2046
2046
2046
2046
2046
2046
2046
2047
2047
2047
2047
2047
2047
2047
2047
2047
2047
2047
2047
2047
2048
2048
2048
2048
2048
2048
2048
2048
2048
2048
2048
2048
2049
2049
2049
2049
2049
2049
2049
2049
2049
2049
2049
2049
2049
2050
2050
2050
2050
2050
2050
2050
2050
2050
2050
2050
2050
2051
2051
2051
2051
2051
2051
2051
2051
2051
2051
2051
2051
2051
2052
2052
2052
2052
2052
2052
2052
2052
2052
2052
2052
2052
2053
2053
2053
2053
2053
2053
2053
2053
2053
2053
2053
2053
2053
2054
2054
2054
2054
2054
2054
2054
2054
2054
2054
2054
2054
2055
2055
2055
2055
2055
2055
2055
2055
2055
2055
2055
2055
2055
2056
2056
2056
2056
2056
2056
2056
2056
2056
2056
2056
2056
2057
2057
2057
2057
2057
2057
2057
2057
2057
2057
2057
2057
2057
2058
2058
2058
2058
2058
2058
2058
2058
2058
2058
2058
2058
2059
2059
2059
2059
2059
2059
2059
2059
2059
2059
2059
2059
2059
2060
2060
2060
2060
2060
2060
2060
2060
2060
2060
2060
2060
2061
2061
2061
2061
2061
2061
2061
2061
2061
2061
2061
2061
2061
2062
2062
2062
2062
2062
2062
2062
2062
2062
2062
2062
2062
2063
2063
2063
2063
2063
2063
2063
2063
2063
2063
2063
2063
2063
2064
2064
2064
2064
2064
2064
2064
2064
2064
2064
2064
2064
2065
2065
2065
2065
2065
2065
2065
2065
2065
2065
2065
2065
2065
2066
2066
2066
2066
2066
2066
2066
2066
2066
2066
2066
2066
2067
2067
2067
2067
2067
2067
2067
2067
2067
2067
2067
2067
2067
2068
2068
2068
2068
2068
2068
2068
2068
2068
2068
2068
2068
2069
2069
2069
2069
2069
2069
2069
2069
2069
2069
2069
2069
2069
2070
2070
2070
2070
2070
2070
2070
2070
2070
2070
2070
2070
2071
2071
2071
2071
2071
2071
2071
2071
2071
2071
2071
2071
2071
2072
2072
2072
2072
2072
2072
2072
2072
2072
2072
2072
2072
2073
2073
2073
2073
2073
2073
2073
2073
2073
2073
2073
2073
2073
2074
2074
2074
2074
2074
2074
2074
2074
2074
2074
2074
2074
2075
2075
2075
2075
2075
2075
2075
2075
2075
2075
2075
2075
2075
2076
2076
2076
2076
2076
2076
2076
2076
2076
2076
2076
2076
2077
2077
2077
2077
2077
2077
2077
2077
2077
2077
2077
2077
2077
2078
2078
2078
2078
2078
2078
2078
2078
2078
2078
2078
2078
2079
2079
2079
2079
2079
2079
2079
2079
2079
2079
2079
2079
2079
2080
2080
2080
2080
2080
2080
2080
2080
2080
2080
2080
2080
2081
2081
2081
2081
2081
2081
2081
2081
2081
2081
2081
2081
2081
2082
2082
2082
2082
2082
2082
2082
2082
2082
2082
2082
2082
2083
2083
2083
2083
2083
2083
2083
2083
2083
2083
2083
2083
2083
2084
2084
2084
2084
2084
2084
2084
2084
2084
2084
2084
2084
2085
2085
2085
2085
2085
2085
2085
2085
2085
2085
2085
2085
2085
2086
2086
2086
2086
2086
2086
2086
2086
2086
2086
2086
2086
2087
2087
2087
2087
2087
2087
2087
2087
2087
2087
2087
2087
2087
2088
2088
2088
2088
2088
2088
2088
2088
2088
2088
2088
2088
2089
2089
2089
2089
2089
2089
2089
2089
2089
2089
2089
2089
2089
2090
2090
2090
2090
2090
2090
2090
2090
2090
2090
2090
2090
2091
2091
2091
2091
2091
2091
2091
2091
2091
2091
2091
2091
2091
2092
2092
2092
2092
2092
2092
2092
2092
2092
2092
2092
2092
2093
2093
2093
2093
2093
2093
2093
2093
2093
2093
2093
2093
2093
2094
2094
2094
2094
2094
2094
2094
2094
2094
2094
2094
2094
2095
2095
2095
2095
2095
2095
2095
2095
2095
2095
2095
2095
2095
2096
2096
2096
2096
2096
2096
2096
2096
2096
2096
2096
2096
2097
2097
2097
2097
2097
2097
2097
2097
2097
2097
2097
2097
2097
2098
2098
2098
2098
2098
2098
2098
2098
2098
2098
2098
2098
2099
2099
2099
2099
2099
2099
2099
2099
2099
2099
2099
2099
2099
2100
2100
2100
2100
2100
2100
2100
2100
2100
2100
2100
2100
2101
2101
2101
2101
2101
2101
2101
2101
2101
2101
2101
2101
2101
2102
2102
2102
2102
2102
2102
2102
2102
2102
2102
2102
2102
2103
2103
2103
2103
2103
2103
2103
2103
2103
2103
2103
2103
2103
2104
2104
2104
2104
2104
2104
2104
2104
2104
2104
2104
2104
2105
2105
2105
2105
2105
2105
2105
2105
2105
2105
2105
2105
2105
2106
2106
2106
2106
2106
2106
2106
2106
2106
2106
2106
2106
2107
2107
2107
2107
2107
2107
2107
2107
2107
2107
2107
2107
2107
2108
2108
2108
2108
2108
2108
2108
2108
2108
2108
2108
2108
2109
2109
2109
2109
2109
2109
2109
2109
2109
2109
2109
2109
2109
2110
2110
2110
2110
2110
2110
2110
2110
2110
2110
2110
2110
2111
2111
2111
2111
2111
2111
2111
2111
2111
2111
2111
2111
2111
2112
2112
2112
2112
2112
2112
2112
2112
2112
2112
2112
2112
2113
2113
2113
2113
2113
2113
2113
2113
2113
2113
2113
2113
2113
2114
2114
2114
2114
2114
2114
2114
2114
2114
2114
2114
2114
2115
2115
2115
2115
2115
2115
2115
2115
2115
2115
2115
2115
2115
2116
2116
2116
2116
2116
2116
2116
2116
2116
2116
2116
2116
2117
2117
2117
2117
2117
2117
2117
2117
2117
2117
2117
2117
2117
2118
2118
2118
2118
2118
2118
2118
2118
2118
2118
2118
2118
2119
2119
2119
2119
2119
2119
2119
2119
2119
2119
2119
2119
2119
2120
2120
2120
2120
2120
2120
2120
2120
2120
2120
2120
2120
2121
2121
2121
2121
2121
2121
2121
2121
2121
2121
2121
2121
2121
2122
2122
2122
2122
2122
2122
2122
2122
2122
2122
2122
2122
2123
2123
2123
2123
2123
2123
2123
2123
2123
2123
2123
2123
2123
2124
2124
2124
2124
2124
2124
2124
2124
2124
2124
2124
2124
2125
2125
2125
2125
2125
2125
2125
2125
2125
2125
2125
2125
2125
2126
2126
2126
2126
2126
2126
2126
2126
2126
2126
2126
2126
2127
2127
2127
2127
2127
2127
2127
2127
2127
2127
2127
2127
2127
2128
2128
2128
2128
2128
2128
2128
2128
2128
2128
2128
2128
2129
2129
2129
2129
2129
2129
2129
2129
2129
2129
2129
2129
2129
2130
2130
2130
2130
2130
2130
2130
2130
2130
2130
2130
2130
2131
2131
2131
2131
2131
2131
2131
2131
2131
2131
2131
2131
2131
2132
2132
2132
2132
2132
2132
2132
2132
2132
2132
2132
2132
2133
2133
2133
2133
2133
2133
2133
2133
2133
2133
2133
2133
2133
2134
2134
2134
2134
2134
2134
2134
2134
2134
2134
2134
2134
2135
2135
2135
2135
2135
2135
2135
2135
2135
2135
2135
2135
2135
2136
2136
2136
2136
2136
2136
2136
2136
2136
2136
2136
2136
2137
2137
2137
2137
2137
2137
2137
2137
2137
2137
2137
2137
2137
2138
2138
2138
2138
2138
2138
2138
2138
2138
2138
2138
2138
2139
2139
2139
2139
2139
2139
2139
2139
2139
2139
2139
2139
2139
2140
2140
2140
2140
2140
2140
2140
2140
2140
2140
2140
2140
2141
2141
2141
2141
2141
2141
2141
2141
2141
2141
2141
2141
2141
2142
2142
2142
2142
2142
2142
2142
2142
2142
2142
2142
2142
2143
2143
2143
2143
2143
2143
2143
2143
2143
2143
2143
2143
2143
2144
2144
2144
2144
2144
2144
2144
2144
2144
2144
2144
2144
2145
2145
2145
2145
2145
2145
2145
2145
2145
2145
2145
2145
2145
2146
2146
2146
2146
2146
2146
2146
2146
2146
2146
2146
2146
2147
2147
2147
2147
2147
2147
2147
2147
2147
2147
2147
2147
2147
2148
2148
2148
2148
2148
2148
2148
2148
2148
2148
2148
2148
2149
2149
2149
2149
2149
2149
2149
2149
2149
2149
2149
2149
2149
2150
2150
2150
2150
2150
2150
2150
2150
2150
2150
2150
2150
2151
2151
2151
2151
2151
2151
2151
2151
2151
2151
2151
2151
2151
2152
2152
2152
2152
2152
2152
2152
2152
2152
2152
2152
2152
2153
2153
2153
2153
2153
2153
2153
2153
2153
2153
2153
2153
2153
2154
2154
2154
2154
2154
2154
2154
2154
2154
2154
2154
2154
2155
2155
2155
2155
2155
2155
2155
2155
2155
2155
2155
2155
2155
2156
2156
2156
2156
2156
2156
2156
2156
2156
2156
2156
2156
2157
2157
2157
2157
2157
2157
2157
2157
2157
2157
2157
2157
2157
2158
2158
2158
2158
2158
2158
2158
2158
2158
2158
2158
2158
2159
2159
2159
2159
2159
2159
2159
2159
2159
2159
2159
2159
2159
2160
2160
2160
2160
2160
2160
2160
2160
2160
2160
2160
2160
2161
2161
2161
2161
2161
2161
2161
2161
2161
2161
2161
2161
2161
2162
2162
2162
2162
2162
2162
2162
2162
2162
2162
2162
2162
2163
2163
2163
2163
2163
2163
2163
2163
2163
2163
2163
2163
2163
2164
2164
2164
2164
2164
2164
2164
2164
2164
2164
2164
2164
2165
2165
2165
2165
2165
2165
2165
2165
2165
2165
2165
2165
2165
2166
2166
2166
2166
2166
2166
2166
2166
2166
2166
2166
2166
2167
2167
2167
2167
2167
2167
2167
2167
2167
2167
2167
2167
2167
2168
2168
2168
2168
2168
2168
2168
2168
2168
2168
2168
2168
2169
2169
2169
2169
2169
2169
2169
2169
2169
2169
2169
2169
2169
2170
2170
2170
2170
2170
2170
2170
2170
2170
2170
2170
2170
2171
2171
2171
2171
2171
2171
2171
2171
2171
2171
2171
2171
2171
2172
2172
2172
2172
2172
2172
2172
2172
2172
2172
2172
2172
2173
2173
2173
2173
2173
2173
2173
2173
2173
2173
2173
2173
2173
2174
2174
2174
2174
2174
2174
2174
2174
2174
2174
2174
2174
2175
2175
2175
2175
2175
2175
2175
2175
2175
2175
2175
2175
2175
2176
2176
2176
2176
2176
2176
2176
2176
2176
2176
2176
2176
2177
2177
2177
2177
2177
2177
2177
2177
2177
2177
2177
2177
2177
2178
2178
2178
2178
2178
2178
2178
2178
2178
2178
2178
2178
2179
2179
2179
2179
2179
2179
2179
2179
2179
2179
2179
2179
2179
2180
2180
2180
2180
2180
2180
2180
2180
2180
2180
2180
2180
2181
2181
2181
2181
2181
2181
2181
2181
2181
2181
2181
2181
2181
2182
2182
2182
2182
2182
2182
2182
2182
2182
2182
2182
2182
2183
2183
2183
2183
2183
2183
2183
2183
2183
2183
2183
2183
2183
2184
2184
2184
2184
2184
2184
2184
2184
2184
2184
2184
2184
2185
2185
2185
2185
2185
2185
2185
2185
2185
2185
2185
2185
2185
2186
2186
2186
2186
2186
2186
2186
2186
2186
2186
2186
2186
2187
2187
2187
2187
2187
2187
2187
2187
2187
2187
2187
2187
2187
2188
2188
2188
2188
2188
2188
2188
2188
2188
2188
2188
2188
2189
2189
2189
2189
2189
2189
2189
2189
2189
2189
2189
2189
2189
2190
2190
2190
2190
2190
2190
2190
2190
2190
2190
2190
2190
2191
2191
2191
2191
2191
2191
2191
2191
2191
2191
2191
2191
2191
2192
2192
2192
2192
2192
2192
2192
2192
2192
2192
2192
2192
2193
2193
2193
2193
2193
2193
2193
2193
2193
2193
2193
2193
2193
2194
2194
2194
2194
2194
2194
2194
2194
2194
2194
2194
2194
2195
2195
2195
2195
2195
2195
2195
2195
2195
2195
2195
2195
2195
2196
2196
2196
2196
2196
2196
2196
2196
2196
2196
2196
2196
2197
2197
2197
2197
2197
2197
2197
2197
2197
2197
2197
2197
2197
2198
2198
2198
2198
2198
2198
2198
2198
2198
2198
2198
2198
2199
2199
2199
2199
2199
2199
2199
2199
2199
2199
2199
2199
2199
2200
2200
2200
2200
2200
2200
2200
2200
2200
2200
2200
2200
2201
2201
2201
2201
2201
2201
2201
2201
2201
2201
2201
2201
2201
2202
2202
2202
2202
2202
2202
2202
2202
2202
2202
2202
2202
2203
2203
2203
2203
2203
2203
2203
2203
2203
2203
2203
2203
2203
2204
2204
2204
2204
2204
2204
2204
2204
2204
2204
2204
2204
2205
2205
2205
2205
2205
2205
2205
2205
2205
2205
2205
2205
2205
2206
2206
2206
2206
2206
2206
2206
2206
2206
2206
2206
2206
2207
2207
2207
2207
2207
2207
2207
2207
2207
2207
2207
2207
2207
2208
2208
2208
2208
2208
2208
2208
2208
2208
2208
2208
2208
2209
2209
2209
2209
2209
2209
2209
2209
2209
2209
2209
2209
2209
2210
2210
2210
2210
2210
2210
2210
2210
2210
2210
2210
2210
2211
2211
2211
2211
2211
2211
2211
2211
2211
2211
2211
2211
2211
2212
2212
2212
2212
2212
2212
2212
2212
2212
2212
2212
2212
2213
2213
2213
2213
2213
2213
2213
2213
2213
2213
2213
2213
2213
2214
2214
2214
2214
2214
2214
2214
2214
2214
2214
2214
2214
2215
2215
2215
2215
2215
2215
2215
2215
2215
2215
2215
2215
2215
2216
2216
2216
2216
2216
2216
2216
2216
2216
2216
2216
2216
2217
2217
2217
2217
2217
2217
2217
2217
2217
2217
2217
2217
2217
2218
2218
2218
2218
2218
2218
2218
2218
2218
2218
2218
2218
2219
2219
2219
2219
2219
2219
2219
2219
2219
2219
2219
2219
2219
2220
2220
2220
2220
2220
2220
2220
2220
2220
2220
2220
2220
2221
2221
2221
2221
2221
2221
2221
2221
2221
2221
2221
2221
2221
2222
2222
2222
2222
2222
2222
2222
2222
2222
2222
2222
2222
2223
2223
2223
2223
2223
2223
2223
2223
2223
2223
2223
2223
2223
2224
2224
2224
2224
2224
2224
2224
2224
2224
2224
2224
2224
2225
2225
2225
2225
2225
2225
2225
2225
2225
2225
2225
2225
2225
2226
2226
2226
2226
2226
2226
2226
2226
2226
2226
2226
2226
2227
2227
2227
2227
2227
2227
2227
2227
2227
2227
2227
2227
2227
2228
2228
2228
2228
2228
2228
2228
2228
2228
2228
2228
2228
2229
2229
2229
2229
2229
2229
2229
2229
2229
2229
2229
2229
2229
2230
2230
2230
2230
2230
2230
2230
2230
2230
2230
2230
2230
2231
2231
2231
2231
2231
2231
2231
2231
2231
2231
2231
2231
2231
2232
2232
2232
2232
2232
2232
2232
2232
2232
2232
2232
2232
2233
2233
2233
2233
2233
2233
2233
2233
2233
2233
2233
2233
2233
2234
2234
2234
2234
2234
2234
2234
2234
2234
2234
2234
2234
2235
2235
2235
2235
2235
2235
2235
2235
2235
2235
2235
2235
2235
2236
2236
2236
2236
2236
2236
2236
2236
2236
2236
2236
2236
2237
2237
2237
2237
2237
2237
2237
2237
2237
2237
2237
2237
2237
2238
2238
2238
2238
2238
2238
2238
2238
2238
2238
2238
2238
2239
2239
2239
2239
2239
2239
2239
2239
2239
2239
2239
2239
2239
2240
2240
2240
2240
2240
2240
2240
2240
2240
2240
2240
2240
2241
2241
2241
2241
2241
2241
2241
2241
2241
2241
2241
2241
2241
2242
2242
2242
2242
2242
2242
2242
2242
2242
2242
2242
2242
2243
2243
2243
2243
2243
2243
2243
2243
2243
2243
2243
2243
2243
2244
2244
2244
2244
2244
2244
2244
2244
2244
2244
2244
2244
2245
2245
2245
2245
2245
2245
2245
2245
2245
2245
2245
2245
2245
2246
2246
2246
2246
2246
2246
2246
2246
2246
2246
2246
2246
2247
2247
2247
2247
2247
2247
2247
2247
2247
2247
2247
2247
2247
2248
2248
2248
2248
2248
2248
2248
2248
2248
2248
2248
2248
2249
2249
2249
2249
2249
2249
2249
2249
2249
2249
2249
2249
2249
2250
2250
2250
2250
2250
2250
2250
2250
2250
2250
2250
2250
2251
2251
2251
2251
2251
2251
2251
2251
2251
2251
2251
2251
2251
2252
2252
2252
2252
2252
2252
2252
2252
2252
2252
2252
2252
2253
2253
2253
2253
2253
2253
2253
2253
2253
2253
2253
2253
2253
2254
2254
2254
2254
2254
2254
2254
2254
2254
2254
2254
2254
2255
2255
2255
2255
2255
2255
2255
2255
2255
2255
2255
2255
2255
2256
2256
2256
2256
2256
2256
2256
2256
2256
2256
2256
2256
2257
2257
2257
2257
2257
2257
2257
2257
2257
2257
2257
2257
2257
2258
2258
2258
2258
2258
2258
2258
2258
2258
2258
2258
2258
2259
2259
2259
2259
2259
2259
2259
2259
2259
2259
2259
2259
2259
2260
2260
2260
2260
2260
2260
2260
2260
2260
2260
2260
2260
2261
2261
2261
2261
2261
2261
2261
2261
2261
2261
2261
2261
2261
2262
2262
2262
2262
2262
2262
2262
2262
2262
2262
2262
2262
2263
2263
2263
2263
2263
2263
2263
2263
2263
2263
2263
2263
2263
2264
2264
2264
2264
2264
2264
2264
2264
2264
2264
2264
2264
2265
2265
2265
2265
2265
2265
2265
2265
2265
2265
2265
2265
2265
2266
2266
2266
2266
2266
2266
2266
2266
2266
2266
2266
2266
2267
2267
2267
2267
2267
2267
2267
2267
2267
2267
2267
2267
2267
2268
2268
2268
2268
2268
2268
2268
2268
2268
2268
2268
2268
2269
2269
2269
2269
2269
2269
2269
2269
2269
2269
2269
2269
2269
2270
2270
2270
2270
2270
2270
2270
2270
2270
2270
2270
2270
2271
2271
2271
2271
2271
2271
2271
2271
2271
2271
2271
2271
2271
2272
2272
2272
2272
2272
2272
2272
2272
2272
2272
2272
2272
2273
2273
2273
2273
2273
2273
2273
2273
2273
2273
2273
2273
2273
2274
2274
2274
2274
2274
2274
2274
2274
2274
2274
2274
2274
2275
2275
2275
2275
2275
2275
2275
2275
2275
2275
2275
2275
2275
2276
2276
2276
2276
2276
2276
2276
2276
2276
2276
2276
2276
2277
2277
2277
2277
2277
2277
2277
2277
2277
2277
2277
2277
2277
2278
2278
2278
2278
2278
2278
2278
2278
2278
2278
2278
2278
2279
2279
2279
2279
2279
2279
2279
2279
2279
2279
2279
2279
2279
2280
2280
2280
2280
2280
2280
2280
2280
2280
2280
2280
2280
2281
2281
2281
2281
2281
2281
2281
2281
2281
2281
2281
2281
2281
2282
2282
2282
2282
2282
2282
2282
2282
2282
2282
2282
2282
2283
2283
2283
2283
2283
2283
2283
2283
2283
2283
2283
2283
2283
2284
2284
2284
2284
2284
2284
2284
2284
2284
2284
2284
2284
2285
2285
2285
2285
2285
2285
2285
2285
2285
2285
2285
2285
2285
2286
2286
2286
2286
2286
2286
2286
2286
2286
2286
2286
2286
2287
2287
2287
2287
2287
2287
2287
2287
2287
2287
2287
2287
2287
2288
2288
2288
2288
2288
2288
2288
2288
2288
2288
2288
2288
2289
2289
2289
2289
2289
2289
2289
2289
2289
2289
2289
2289
2289
2290
2290
2290
2290
2290
2290
2290
2290
2290
2290
2290
2290
2291
2291
2291
2291
2291
2291
2291
2291
2291
2291
2291
2291
2291
2292
2292
2292
2292
2292
2292
2292
2292
2292
2292
2292
2292
2293
2293
2293
2293
2293
2293
2293
2293
2293
2293
2293
2293
2293
2294
2294
2294
2294
2294
2294
2294
2294
2294
2294
2294
2294
2295
2295
2295
2295
2295
2295
2295
2295
2295
2295
2295
2295
2295
2296
2296
2296
2296
2296
2296
2296
2296
2296
2296
2296
2296
2297
2297
2297
2297
2297
2297
2297
2297
2297
2297
2297
2297
2297
2298
2298
2298
2298
2298
2298
2298
2298
2298
2298
2298
2298
2299
2299
2299
2299
2299
2299
2299
2299
2299
2299
2299
2299
2299
2300
2300
2300
2300
2300
2300
2300
2300
2300
2300
2300
2300
2301
2301
2301
2301
2301
2301
2301
2301
2301
2301
2301
2301
2301
2302
2302
2302
2302
2302
2302
2302
2302
2302
2302
2302
2302
2303
2303
2303
2303
2303
2303
2303
2303
2303
2303
2303
2303
2303
2304
2304
2304
2304
2304
2304
2304
2304
2304
2304
2304
2304
2305
2305
2305
2305
2305
2305
2305
2305
2305
2305
2305
2305
2305
2306
2306
2306
2306
2306
2306
2306
2306
2306
2306
2306
2306
2307
2307
2307
2307
2307
2307
2307
2307
2307
2307
2307
2307
2307
2308
2308
2308
2308
2308
2308
2308
2308
2308
2308
2308
2308
2309
2309
2309
2309
2309
2309
2309
2309
2309
2309
2309
2309
2309
2310
2310
2310
2310
2310
2310
2310
2310
2310
2310
2310
2310
2311
2311
2311
2311
2311
2311
2311
2311
2311
2311
2311
2311
2311
2312
2312
2312
2312
2312
2312
2312
2312
2312
2312
2312
2312
2313
2313
2313
2313
2313
2313
2313
2313
2313
2313
2313
2313
2313
2314
2314
2314
2314
2314
2314
2314
2314
2314
2314
2314
2314
2315
2315
2315
2315
2315
2315
2315
2315
2315
2315
2315
2315
2315
2316
2316
2316
2316
2316
2316
2316
2316
2316
2316
2316
2316
2317
2317
2317
2317
2317
2317
2317
2317
2317
2317
2317
2317
2317
2318
2318
2318
2318
2318
2318
2318
2318
2318
2318
2318
2318
2319
2319
2319
2319
2319
2319
2319
2319
2319
2319
2319
2319
2319
2320
2320
2320
2320
2320
2320
2320
2320
2320
2320
2320
2320
2321
2321
2321
2321
2321
2321
2321
2321
2321
2321
2321
2321
2321
2322
2322
2322
2322
2322
2322
2322
2322
2322
2322
2322
2322
2323
2323
2323
2323
2323
2323
2323
2323
2323
2323
2323
2323
2323
2324
2324
2324
2324
2324
2324
2324
2324
2324
2324
2324
2324
2325
2325
2325
2325
2325
2325
2325
2325
2325
2325
2325
2325
2325
2326
2326
2326
2326
2326
2326
2326
2326
2326
2326
2326
2326
2327
2327
2327
2327
2327
2327
2327
2327
2327
2327
2327
2327
2327
2328
2328
2328
2328
2328
2328
2328
2328
2328
2328
2328
2328
2329
2329
2329
2329
2329
2329
2329
2329
2329
2329
2329
2329
2329
2330
2330
2330
2330
2330
2330
2330
2330
2330
2330
2330
2330
2331
2331
2331
2331
2331
2331
2331
2331
2331
2331
2331
2331
2331
2332
2332
2332
2332
2332
2332
2332
2332
2332
2332
2332
2332
2333
2333
2333
2333
2333
2333
2333
2333
2333
2333
2333
2333
2333
2334
2334
2334
2334
2334
2334
2334
2334
2334
2334
2334
2334
2335
2335
2335
2335
2335
2335
2335
2335
2335
2335
2335
2335
2335
2336
2336
2336
2336
2336
2336
2336
2336
2336
2336
2336
2336
2337
2337
2337
2337
2337
2337
2337
2337
2337
2337
2337
2337
2337
2338
2338
2338
2338
2338
2338
2338
2338
2338
2338
2338
2338
2339
2339
2339
2339
2339
2339
2339
2339
2339
2339
2339
2339
2339
2340
2340
2340
2340
2340
2340
2340
2340
2340
2340
2340
2340
2341
2341
2341
2341
2341
2341
2341
2341
2341
2341
2341
2341
2341
2342
2342
2342
2342
2342
2342
2342
2342
2342
2342
2342
2342
2343
2343
2343
2343
2343
2343
2343
2343
2343
2343
2343
2343
2343
2344
2344
2344
2344
2344
2344
2344
2344
2344
2344
2344
2344
2345
2345
2345
2345
2345
2345
2345
2345
2345
2345
2345
2345
2345
2346
2346
2346
2346
2346
2346
2346
2346
2346
2346
2346
2346
2347
2347
2347
2347
2347
2347
2347
2347
2347
2347
2347
2347
2347
2348
2348
2348
2348
2348
2348
2348
2348
2348
2348
2348
2348
2349
2349
2349
2349
2349
2349
2349
2349
2349
2349
2349
2349
2349
2350
2350
2350
2350
2350
2350
2350
2350
2350
2350
2350
2350
2351
2351
2351
2351
2351
2351
2351
2351
2351
2351
2351
2351
2351
2352
2352
2352
2352
2352
2352
2352
2352
2352
2352
2352
2352
2353
2353
2353
2353
2353
2353
2353
2353
2353
2353
2353
2353
2353
2354
2354
2354
2354
2354
2354
2354
2354
2354
2354
2354
2354
2355
2355
2355
2355
2355
2355
2355
2355
2355
2355
2355
2355
2355
2356
2356
2356
2356
2356
2356
2356
2356
2356
2356
2356
2356
2357
2357
2357
2357
2357
2357
2357
2357
2357
2357
2357
2357
2357
2358
2358
2358
2358
2358
2358
2358
2358
2358
2358
2358
2358
2359
2359
2359
2359
2359
2359
2359
2359
2359
2359
2359
2359
2359
2360
2360
2360
2360
2360
2360
2360
2360
2360
2360
2360
2360
2361
2361
2361
2361
2361
2361
2361
2361
2361
2361
2361
2361
2361
2362
2362
2362
2362
2362
2362
2362
2362
2362
2362
2362
2362
2363
2363
2363
2363
2363
2363
2363
2363
2363
2363
2363
2363
2363
2364
2364
2364
2364
2364
2364
2364
2364
2364
2364
2364
2364
2365
2365
2365
2365
2365
2365
2365
2365
2365
2365
2365
2365
2365
2366
2366
2366
2366
2366
2366
2366
2366
2366
2366
2366
2366
2367
2367
2367
2367
2367
2367
2367
2367
2367
2367
2367
2367
2367
2368
2368
2368
2368
2368
2368
2368
2368
2368
2368
2368
2368
2369
2369
2369
2369
2369
2369
2369
2369
2369
2369
2369
2369
2369
2370
2370
2370
2370
2370
2370
2370
2370
2370
2370
2370
2370
2371
2371
2371
2371
2371
2371
2371
2371
2371
2371
2371
2371
2371
2372
2372
2372
2372
2372
2372
2372
2372
2372
2372
2372
2372
2373
2373
2373
2373
2373
2373
2373
2373
2373
2373
2373
2373
2373
2374
2374
2374
2374
2374
2374
2374
2374
2374
2374
2374
2374
2375
2375
2375
2375
2375
2375
2375
2375
2375
2375
2375
2375
2375
2376
2376
2376
2376
2376
2376
2376
2376
2376
2376
2376
2376
2377
2377
2377
2377
2377
2377
2377
2377
2377
2377
2377
2377
2377
2378
2378
2378
2378
2378
2378
2378
2378
2378
2378
2378
2378
2379
2379
2379
2379
2379
2379
2379
2379
2379
2379
2379
2379
2379
2380
2380
2380
2380
2380
2380
2380
2380
2380
2380
2380
2380
2381
2381
2381
2381
2381
2381
2381
2381
2381
2381
2381
2381
2381
2382
2382
2382
2382
2382
2382
2382
2382
2382
2382
2382
2382
2383
2383
2383
2383
2383
2383
2383
2383
2383
2383
2383
2383
2383
2384
2384
2384
2384
2384
2384
2384
2384
2384
2384
2384
2384
2385
2385
2385
2385
2385
2385
2385
2385
2385
2385
2385
2385
2385
2386
2386
2386
2386
2386
2386
2386
2386
2386
2386
2386
2386
2387
2387
2387
2387
2387
2387
2387
2387
2387
2387
2387
2387
2387
2388
2388
2388
2388
2388
2388
2388
2388
2388
2388
2388
2388
2389
2389
2389
2389
2389
2389
2389
2389
2389
2389
2389
2389
2389
2390
2390
2390
2390
2390
2390
2390
2390
2390
2390
2390
2390
2391
2391
2391
2391
2391
2391
2391
2391
2391
2391
2391
2391
2391
2392
2392
2392
2392
2392
2392
2392
2392
2392
2392
2392
2392
2393
2393
2393
2393
2393
2393
2393
2393
2393
2393
2393
2393
2393
2394
2394
2394
2394
2394
2394
2394
2394
2394
2394
2394
2394
2395
2395
2395
2395
2395
2395
2395
2395
2395
2395
2395
2395
2395
2396
2396
2396
2396
2396
2396
2396
2396
2396
2396
2396
2396
2397
2397
2397
2397
2397
2397
2397
2397
2397
2397
2397
2397
2397
2398
2398
2398
2398
2398
2398
2398
2398
2398
2398
2398
2398
2399
2399
2399
2399
2399
2399
2399
2399
2399
2399
2399
2399
2399
2400
2400
2400
2400
2400
2400
2400
2400
2400
2400
2400
2400
2401
2401
2401
2401
2401
2401
2401
2401
2401
2401
2401
2401
2401
2402
2402
2402
2402
2402
2402
2402
2402
2402
2402
2402
2402
2403
2403
2403
2403
2403
2403
2403
2403
2403
2403
2403
2403
2403
2404
2404
2404
2404
2404
2404
2404
2404
2404
2404
2404
2404
2405
2405
2405
2405
2405
2405
2405
2405
2405
2405
2405
2405
2405
2406
2406
2406
2406
2406
2406
2406
2406
2406
2406
2406
2406
2407
2407
2407
2407
2407
2407
2407
2407
2407
2407
2407
2407
2407
2408
2408
2408
2408
2408
2408
2408
2408
2408
2408
2408
2408
2409
2409
2409
2409
2409
2409
2409
2409
2409
2409
2409
2409
2409
2410
2410
2410
2410
2410
2410
2410
2410
2410
2410
2410
2410
2411
2411
2411
2411
2411
2411
2411
2411
2411
2411
2411
2411
2411
2412
2412
2412
2412
2412
2412
2412
2412
2412
2412
2412
2412
2413
2413
2413
2413
2413
2413
2413
2413
2413
2413
2413
2413
2413
2414
2414
2414
2414
2414
2414
2414
2414
2414
2414
2414
2414
2415
2415
2415
2415
2415
2415
2415
2415
2415
2415
2415
2415
2415
2416
2416
2416
2416
2416
2416
2416
2416
2416
2416
2416
2416
2417
2417
2417
2417
2417
2417
2417
2417
2417
2417
2417
2417
2417
2418
2418
2418
2418
2418
2418
2418
2418
2418
2418
2418
2418
2419
2419
2419
2419
2419
2419
2419
2419
2419
2419
2419
2419
2419
2420
2420
2420
2420
2420
2420
2420
2420
2420
2420
2420
2420
2421
2421
2421
2421
2421
2421
2421
2421
2421
2421
2421
2421
2421
2422
2422
2422
2422
2422
2422
2422
2422
2422
2422
2422
2422
2423
2423
2423
2423
2423
2423
2423
2423
2423
2423
2423
2423
2423
2424
2424
2424
2424
2424
2424
2424
2424
2424
2424
2424
2424
2425
2425
2425
2425
2425
2425
2425
2425
2425
2425
2425
2425
2425
2426
2426
2426
2426
2426
2426
2426
2426
2426
2426
2426
2426
2427
2427
2427
2427
2427
2427
2427
2427
2427
2427
2427
2427
2427
2428
2428
2428
2428
2428
2428
2428
2428
2428
2428
2428
2428
2429
2429
2429
2429
2429
2429
2429
2429
2429
2429
2429
2429
2429
2430
2430
2430
2430
2430
2430
2430
2430
2430
2430
2430
2430
2431
2431
2431
2431
2431
2431
2431
2431
2431
2431
2431
2431
2431
2432
2432
2432
2432
2432
2432
2432
2432
2432
2432
2432
2432
2433
2433
2433
2433
2433
2433
2433
2433
2433
2433
2433
2433
2433
2434
2434
2434
2434
2434
2434
2434
2434
2434
2434
2434
2434
2435
2435
2435
2435
2435
2435
2435
2435
2435
2435
2435
2435
2435
2436
2436
2436
2436
2436
2436
2436
2436
2436
2436
2436
2436
2437
2437
2437
2437
2437
2437
2437
2437
2437
2437
2437
2437
2437
2438
2438
2438
2438
2438
2438
2438
2438
2438
2438
2438
2438
2439
2439
2439
2439
2439
2439
2439
2439
2439
2439
2439
2439
2439
2440
2440
2440
2440
2440
2440
2440
2440
2440
2440
2440
2440
2441
2441
2441
2441
2441
2441
2441
2441
2441
2441
2441
2441
2441
2442
2442
2442
2442
2442
2442
2442
2442
2442
2442
2442
2442
2443
2443
2443
2443
2443
2443
2443
2443
2443
2443
2443
2443
2443
2444
2444
2444
2444
2444
2444
2444
2444
2444
2444
2444
2444
2445
2445
2445
2445
2445
2445
2445
2445
2445
2445
2445
2445
2445
2446
2446
2446
2446
2446
2446
2446
2446
2446
2446
2446
2446
2447
2447
2447
2447
2447
2447
2447
2447
2447
2447
2447
2447
2447
2448
2448
2448
2448
2448
2448
2448
2448
2448
2448
2448
2448
2449
2449
2449
2449
2449
2449
2449
2449
2449
2449
2449
2449
2449
2450
2450
2450
2450
2450
2450
2450
2450
2450
2450
2450
2450
2451
2451
2451
2451
2451
2451
2451
2451
2451
2451
2451
2451
2451
2452
2452
2452
2452
2452
2452
2452
2452
2452
2452
2452
2452
2453
2453
2453
2453
2453
2453
2453
2453
2453
2453
2453
2453
2453
2454
2454
2454
2454
2454
2454
2454
2454
2454
2454
2454
2454
2455
2455
2455
2455
2455
2455
2455
2455
2455
2455
2455
2455
2455
2456
2456
2456
2456
2456
2456
2456
2456
2456
2456
2456
2456
2457
2457
2457
2457
2457
2457
2457
2457
2457
2457
2457
2457
2457
2458
2458
2458
2458
2458
2458
2458
2458
2458
2458
2458
2458
2459
2459
2459
2459
2459
2459
2459
2459
2459
2459
2459
2459
2459
2460
2460
2460
2460
2460
2460
2460
2460
2460
2460
2460
2460
2461
2461
2461
2461
2461
2461
2461
2461
2461
2461
2461
2461
2461
2462
2462
2462
2462
2462
2462
2462
2462
2462
2462
2462
2462
2463
2463
2463
2463
2463
2463
2463
2463
2463
2463
2463
2463
2463
2464
2464
2464
2464
2464
2464
2464
2464
2464
2464
2464
2464
2465
2465
2465
2465
2465
2465
2465
2465
2465
2465
2465
2465
2465
2466
2466
2466
2466
2466
2466
2466
2466
2466
2466
2466
2466
2467
2467
2467
2467
2467
2467
2467
2467
2467
2467
2467
2467
2467
2468
2468
2468
2468
2468
2468
2468
2468
2468
2468
2468
2468
2469
2469
2469
2469
2469
2469
2469
2469
2469
2469
2469
2469
2469
2470
2470
2470
2470
2470
2470
2470
2470
2470
2470
2470
2470
2471
2471
2471
2471
2471
2471
2471
2471
2471
2471
2471
2471
2471
2472
2472
2472
2472
2472
2472
2472
2472
2472
2472
2472
2472
2473
2473
2473
2473
2473
2473
2473
2473
2473
2473
2473
2473
2473
2474
2474
2474
2474
2474
2474
2474
2474
2474
2474
2474
2474
2475
2475
2475
2475
2475
2475
2475
2475
2475
2475
2475
2475
2475
2476
2476
2476
2476
2476
2476
2476
2476
2476
2476
2476
2476
2477
2477
2477
2477
2477
2477
2477
2477
2477
2477
2477
2477
2477
2478
2478
2478
2478
2478
2478
2478
2478
2478
2478
2478
2478
2479
2479
2479
2479
2479
2479
2479
2479
2479
2479
2479
2479
2479
2480
2480
2480
2480
2480
2480
2480
2480
2480
2480
2480
2480
2481
2481
2481
2481
2481
2481
2481
2481
2481
2481
2481
2481
2481
2482
2482
2482
2482
2482
2482
2482
2482
2482
2482
2482
2482
2483
2483
2483
2483
2483
2483
2483
2483
2483
2483
2483
2483
2483
2484
2484
2484
2484
2484
2484
2484
2484
2484
2484
2484
2484
2485
2485
2485
2485
2485
2485
2485
2485
2485
2485
2485
2485
2485
2486
2486
2486
2486
2486
2486
2486
2486
2486
2486
2486
2486
2487
2487
2487
2487
2487
2487
2487
2487
2487
2487
2487
2487
2487
2488
2488
2488
2488
2488
2488
2488
2488
2488
2488
2488
2488
2489
2489
2489
2489
2489
2489
2489
2489
2489
2489
2489
2489
2489
2490
2490
2490
2490
2490
2490
2490
2490
2490
2490
2490
2490
2491
2491
2491
2491
2491
2491
2491
2491
2491
2491
2491
2491
2491
2492
2492
2492
2492
2492
2492
2492
2492
2492
2492
2492
2492
2493
2493
2493
2493
2493
2493
2493
2493
2493
2493
2493
2493
2493
2494
2494
2494
2494
2494
2494
2494
2494
2494
2494
2494
2494
2495
2495
2495
2495
2495
2495
2495
2495
2495
2495
2495
2495
2495
2496
2496
2496
2496
2496
2496
2496
2496
2496
2496
2496
2496
2497
2497
2497
2497
2497
2497
2497
2497
2497
2497
2497
2497
2497
2498
2498
2498
2498
2498
2498
2498
2498
2498
2498
2498
2498
2499
2499
2499
2499
2499
2499
2499
2499
2499
2499
2499
2499
2499
2500
2500
2500
2500
2500
2500
2500
2500
2500
2500
2500
2500
2501
2501
2501
2501
2501
2501
2501
2501
2501
2501
2501
2501
2501
2502
2502
2502
2502
2502
2502
2502
2502
2502
2502
2502
2502
2503
2503
2503
2503
2503
2503
2503
2503
2503
2503
2503
2503
2503
2504
2504
2504
2504
2504
2504
2504
2504
2504
2504
2504
2504
2505
2505
2505
2505
2505
2505
2505
2505
2505
2505
2505
2505
2505
2506
2506
2506
2506
2506
2506
2506
2506
2506
2506
2506
2506
2507
2507
2507
2507
2507
2507
2507
2507
2507
2507
2507
2507
2507
2508
2508
2508
2508
2508
2508
2508
2508
2508
2508
2508
2508
2509
2509
2509
2509
2509
2509
2509
2509
2509
2509
2509
2509
2509
2510
2510
2510
2510
2510
2510
2510
2510
2510
2510
2510
2510
2511
2511
2511
2511
2511
2511
2511
2511
2511
2511
2511
2511
2511
2512
2512
2512
2512
2512
2512
2512
2512
2512
2512
2512
2512
2513
2513
2513
2513
2513
2513
2513
2513
2513
2513
2513
2513
2513
2514
2514
2514
2514
2514
2514
2514
2514
2514
2514
2514
2514
2515
2515
2515
2515
2515
2515
2515
2515
2515
2515
2515
2515
2515
2516
2516
2516
2516
2516
2516
2516
2516
2516
2516
2516
2516
2517
2517
2517
2517
2517
2517
2517
2517
2517
2517
2517
2517
2517
2518
2518
2518
2518
2518
2518
2518
2518
2518
2518
2518
2518
2519
2519
2519
2519
2519
2519
2519
2519
2519
2519
2519
2519
2519
2520
2520
2520
2520
2520
2520
2520
2520
2520
2520
2520
2520
2521
2521
2521
2521
2521
2521
2521
2521
2521
2521
2521
2521
2521
2522
2522
2522
2522
2522
2522
2522
2522
2522
2522
2522
2522
2523
2523
2523
2523
2523
2523
2523
2523
2523
2523
2523
2523
2523
2524
2524
2524
2524
2524
2524
2524
2524
2524
2524
2524
2524
2525
2525
2525
2525
2525
2525
2525
2525
2525
2525
2525
2525
2525
2526
2526
2526
2526
2526
2526
2526
2526
2526
2526
2526
2526
2527
2527
2527
2527
2527
2527
2527
2527
2527
2527
2527
2527
2527
2528
2528
2528
2528
2528
2528
2528
2528
2528
2528
2528
2528
2529
2529
2529
2529
2529
2529
2529
2529
2529
2529
2529
2529
2529
2530
2530
2530
2530
2530
2530
2530
2530
2530
2530
2530
2530
2531
2531
2531
2531
2531
2531
2531
2531
2531
2531
2531
2531
2531
2532
2532
2532
2532
2532
2532
2532
2532
2532
2532
2532
2532
2533
2533
2533
2533
2533
2533
2533
2533
2533
2533
2533
2533
2533
2534
2534
2534
2534
2534
2534
2534
2534
2534
2534
2534
2534
2535
2535
2535
2535
2535
2535
2535
2535
2535
2535
2535
2535
2535
2536
2536
2536
2536
2536
2536
2536
2536
2536
2536
2536
2536
2537
2537
2537
2537
2537
2537
2537
2537
2537
2537
2537
2537
2537
2538
2538
2538
2538
2538
2538
2538
2538
2538
2538
2538
2538
2539
2539
2539
2539
2539
2539
2539
2539
2539
2539
2539
2539
2539
2540
2540
2540
2540
2540
2540
2540
2540
2540
2540
2540
2540
2541
2541
2541
2541
2541
2541
2541
2541
2541
2541
2541
2541
2541
2542
2542
2542
2542
2542
2542
2542
2542
2542
2542
2542
2542
2543
2543
2543
2543
2543
2543
2543
2543
2543
2543
2543
2543
2543
2544
2544
2544
2544
2544
2544
2544
2544
2544
2544
2544
2544
2545
2545
2545
2545
2545
2545
2545
2545
2545
2545
2545
2545
2545
2546
2546
2546
2546
2546
2546
2546
2546
2546
2546
2546
2546
2547
2547
2547
2547
2547
2547
2547
2547
2547
2547
2547
2547
2547
2548
2548
2548
2548
2548
2548
2548
2548
2548
2548
2548
2548
2549
2549
2549
2549
2549
2549
2549
2549
2549
2549
2549
2549
2549
2550
2550
2550
2550
2550
2550
2550
2550
2550
2550
2550
2550
2551
2551
2551
2551
2551
2551
2551
2551
2551
2551
2551
2551
2551
2552
2552
2552
2552
2552
2552
2552
2552
2552
2552
2552
2552
2553
2553
2553
2553
2553
2553
2553
2553
2553
2553
2553
2553
2553
2554
2554
2554
2554
2554
2554
2554
2554
2554
2554
2554
2554
2555
2555
2555
2555
2555
2555
2555
2555
2555
2555
2555
2555
2555
2556
2556
2556
2556
2556
2556
2556
2556
2556
2556
2556
2556
2557
2557
2557
2557
2557
2557
2557
2557
2557
2557
2557
2557
2557
2558
2558
2558
2558
2558
2558
2558
2558
2558
2558
2558
2558
2559
2559
2559
2559
2559
2559
2559
2559
2559
2559
2559
2559
2559
2560
2560
2560
2560
2560
2560
2560
2560
2560
2560
2560
2560
2561
2561
2561
2561
2561
2561
2561
2561
2561
2561
2561
2561
2561
2562
2562
2562
2562
2562
2562
2562
2562
2562
2562
2562
2562
2563
2563
2563
2563
2563
2563
2563
2563
2563
2563
2563
2563
2563
2564
2564
2564
2564
2564
2564
2564
2564
2564
2564
2564
2564
2565
2565
2565
2565
2565
2565
2565
2565
2565
2565
2565
2565
2565
2566
2566
2566
2566
2566
2566
2566
2566
2566
2566
2566
2566
2567
2567
2567
2567
2567
2567
2567
2567
2567
2567
2567
2567
2567
2568
2568
2568
2568
2568
2568
2568
2568
2568
2568
2568
2568
2569
2569
2569
2569
2569
2569
2569
2569
2569
2569
2569
2569
2569
2570
2570
2570
2570
2570
2570
2570
2570
2570
2570
2570
2570
2571
2571
2571
2571
2571
2571
2571
2571
2571
2571
2571
2571
2571
2572
2572
2572
2572
2572
2572
2572
2572
2572
2572
2572
2572
2573
2573
2573
2573
2573
2573
2573
2573
2573
2573
2573
2573
2573
2574
2574
2574
2574
2574
2574
2574
2574
2574
2574
2574
2574
2575
2575
2575
2575
2575
2575
2575
2575
2575
2575
2575
2575
2575
2576
2576
2576
2576
2576
2576
2576
2576
2576
2576
2576
2576
2577
2577
2577
2577
2577
2577
2577
2577
2577
2577
2577
2577
2577
2578
2578
2578
2578
2578
2578
2578
2578
2578
2578
2578
2578
2579
2579
2579
2579
2579
2579
2579
2579
2579
2579
2579
2579
2579
2580
2580
2580
2580
2580
2580
2580
2580
2580
2580
2580
2580
2581
2581
2581
2581
2581
2581
2581
2581
2581
2581
2581
2581
2581
2582
2582
2582
2582
2582
2582
2582
2582
2582
2582
2582
2582
2583
2583
2583
2583
2583
2583
2583
2583
2583
2583
2583
2583
2583
2584
2584
2584
2584
2584
2584
2584
2584
2584
2584
2584
2584
2585
2585
2585
2585
2585
2585
2585
2585
2585
2585
2585
2585
2585
2586
2586
2586
2586
2586
2586
2586
2586
2586
2586
2586
2586
2587
2587
2587
2587
2587
2587
2587
2587
2587
2587
2587
2587
2587
2588
2588
2588
2588
2588
2588
2588
2588
2588
2588
2588
2588
2589
2589
2589
2589
2589
2589
2589
2589
2589
2589
2589
2589
2589
2590
2590
2590
2590
2590
2590
2590
2590
2590
2590
2590
2590
2591
2591
2591
2591
2591
2591
2591
2591
2591
2591
2591
2591
2591
2592
2592
2592
2592
2592
2592
2592
2592
2592
2592
2592
2592
2593
2593
2593
2593
2593
2593
2593
2593
2593
2593
2593
2593
2593
2594
2594
2594
2594
2594
2594
2594
2594
2594
2594
2594
2594
2595
2595
2595
2595
2595
2595
2595
2595
2595
2595
2595
2595
2595
2596
2596
2596
2596
2596
2596
2596
2596
2596
2596
2596
2596
2597
2597
2597
2597
2597
2597
2597
2597
2597
2597
2597
2597
2597
2598
2598
2598
2598
2598
2598
2598
2598
2598
2598
2598
2598
2599
2599
2599
2599
2599
2599
2599
2599
2599
2599
2599
2599
2599
2600
2600
2600
2600
2600
2600
2600
2600
2600
2600
2600
2600
2601
2601
2601
2601
2601
2601
2601
2601
2601
2601
2601
2601
2601
2602
2602
2602
2602
2602
2602
2602
2602
2602
2602
2602
2602
2603
2603
2603
2603
2603
2603
2603
2603
2603
2603
2603
2603
2603
2604
2604
2604
2604
2604
2604
2604
2604
2604
2604
2604
2604
2605
2605
2605
2605
2605
2605
2605
2605
2605
2605
2605
2605
2605
2606
2606
2606
2606
2606
2606
2606
2606
2606
2606
2606
2606
2607
2607
2607
2607
2607
2607
2607
2607
2607
2607
2607
2607
2607
2608
2608
2608
2608
2608
2608
2608
2608
2608
2608
2608
2608
2609
2609
2609
2609
2609
2609
2609
2609
2609
2609
2609
2609
2609
2610
2610
2610
2610
2610
2610
2610
2610
2610
2610
2610
2610
2611
2611
2611
2611
2611
2611
2611
2611
2611
2611
2611
2611
2611
2612
2612
2612
2612
2612
2612
2612
2612
2612
2612
2612
2612
2613
2613
2613
2613
2613
2613
2613
2613
2613
2613
2613
2613
2613
2614
2614
2614
2614
2614
2614
2614
2614
2614
2614
2614
2614
2615
2615
2615
2615
2615
2615
2615
2615
2615
2615
2615
2615
2615
2616
2616
2616
2616
2616
2616
2616
2616
2616
2616
2616
2616
2617
2617
2617
2617
2617
2617
2617
2617
2617
2617
2617
2617
2617
2618
2618
2618
2618
2618
2618
2618
2618
2618
2618
2618
2618
2619
2619
2619
2619
2619
2619
2619
2619
2619
2619
2619
2619
2619
2620
2620
2620
2620
2620
2620
2620
2620
2620
2620
2620
2620
2621
2621
2621
2621
2621
2621
2621
2621
2621
2621
2621
2621
2621
2622
2622
2622
2622
2622
2622
2622
2622
2622
2622
2622
2622
2623
2623
2623
2623
2623
2623
2623
2623
2623
2623
2623
2623
2623
2624
2624
2624
2624
2624
2624
2624
2624
2624
2624
2624
2624
2625
2625
2625
2625
2625
2625
2625
2625
2625
2625
2625
2625
2625
2626
2626
2626
2626
2626
2626
2626
2626
2626
2626
2626
2626
2627
2627
2627
2627
2627
2627
2627
2627
2627
2627
2627
2627
2627
2628
2628
2628
2628
2628
2628
2628
2628
2628
2628
2628
2628
2629
2629
2629
2629
2629
2629
2629
2629
2629
2629
2629
2629
2629
2630
2630
2630
2630
2630
2630
2630
2630
2630
2630
2630
2630
2631
2631
2631
2631
2631
2631
2631
2631
2631
2631
2631
2631
2631
2632
2632
2632
2632
2632
2632
2632
2632
2632
2632
2632
2632
2633
2633
2633
2633
2633
2633
2633
2633
2633
2633
2633
2633
2633
2634
2634
2634
2634
2634
2634
2634
2634
2634
2634
2634
2634
2635
2635
2635
2635
2635
2635
2635
2635
2635
2635
2635
2635
2635
2636
2636
2636
2636
2636
2636
2636
2636
2636
2636
2636
2636
2637
2637
2637
2637
2637
2637
2637
2637
2637
2637
2637
2637
2637
2638
2638
2638
2638
2638
2638
2638
2638
2638
2638
2638
2638
2639
2639
2639
2639
2639
2639
2639
2639
2639
2639
2639
2639
2639
2640
2640
2640
2640
2640
2640
2640
2640
2640
2640
2640
2640
2641
2641
2641
2641
2641
2641
2641
2641
2641
2641
2641
2641
2641
2642
2642
2642
2642
2642
2642
2642
2642
2642
2642
2642
2642
2643
2643
2643
2643
2643
2643
2643
2643
2643
2643
2643
2643
2643
2644
2644
2644
2644
2644
2644
2644
2644
2644
2644
2644
2644
2645
2645
2645
2645
2645
2645
2645
2645
2645
2645
2645
2645
2645
2646
2646
2646
2646
2646
2646
2646
2646
2646
2646
2646
2646
2647
2647
2647
2647
2647
2647
2647
2647
2647
2647
2647
2647
2647
2648
2648
2648
2648
2648
2648
2648
2648
2648
2648
2648
2648
2649
2649
2649
2649
2649
2649
2649
2649
2649
2649
2649
2649
2649
2650
2650
2650
2650
2650
2650
2650
2650
2650
2650
2650
2650
2651
2651
2651
2651
2651
2651
2651
2651
2651
2651
2651
2651
2651
2652
2652
2652
2652
2652
2652
2652
2652
2652
2652
2652
2652
2653
2653
2653
2653
2653
2653
2653
2653
2653
2653
2653
2653
2653
2654
2654
2654
2654
2654
2654
2654
2654
2654
2654
2654
2654
2655
2655
2655
2655
2655
2655
2655
2655
2655
2655
2655
2655
2655
2656
2656
2656
2656
2656
2656
2656
2656
2656
2656
2656
2656
2657
2657
2657
2657
2657
2657
2657
2657
2657
2657
2657
2657
2657
2658
2658
2658
2658
2658
2658
2658
2658
2658
2658
2658
2658
2659
2659
2659
2659
2659
2659
2659
2659
2659
2659
2659
2659
2659
2660
2660
2660
2660
2660
2660
2660
2660
2660
2660
2660
2660
2661
2661
2661
2661
2661
2661
2661
2661
2661
2661
2661
2661
2661
2662
2662
2662
2662
2662
2662
2662
2662
2662
2662
2662
2662
2663
2663
2663
2663
2663
2663
2663
2663
2663
2663
2663
2663
2663
2664
2664
2664
2664
2664
2664
2664
2664
2664
2664
2664
2664
2665
2665
2665
2665
2665
2665
2665
2665
2665
2665
2665
2665
2665
2666
2666
2666
2666
2666
2666
2666
2666
2666
2666
2666
2666
2667
2667
2667
2667
2667
2667
2667
2667
2667
2667
2667
2667
2667
2668
2668
2668
2668
2668
2668
2668
2668
2668
2668
2668
2668
2669
2669
2669
2669
2669
2669
2669
2669
2669
2669
2669
2669
2669
2670
2670
2670
2670
2670
2670
2670
2670
2670
2670
2670
2670
2671
2671
2671
2671
2671
2671
2671
2671
2671
2671
2671
2671
2671
2672
2672
2672
2672
2672
2672
2672
2672
2672
2672
2672
2672
2673
2673
2673
2673
2673
2673
2673
2673
2673
2673
2673
2673
2673
2674
2674
2674
2674
2674
2674
2674
2674
2674
2674
2674
2674
2675
2675
2675
2675
2675
2675
2675
2675
2675
2675
2675
2675
2675
2676
2676
2676
2676
2676
2676
2676
2676
2676
2676
2676
2676
2677
2677
2677
2677
2677
2677
2677
2677
2677
2677
2677
2677
2677
2678
2678
2678
2678
2678
2678
2678
2678
2678
2678
2678
2678
2679
2679
2679
2679
2679
2679
2679
2679
2679
2679
2679
2679
2679
2680
2680
2680
2680
2680
2680
2680
2680
2680
2680
2680
2680
2681
2681
2681
2681
2681
2681
2681
2681
2681
2681
2681
2681
2681
2682
2682
2682
2682
2682
2682
2682
2682
2682
2682
2682
2682
2683
2683
2683
2683
2683
2683
2683
2683
2683
2683
2683
2683
2683
2684
2684
2684
2684
2684
2684
2684
2684
2684
2684
2684
2684
2685
2685
2685
2685
2685
2685
2685
2685
2685
2685
2685
2685
2685
2686
2686
2686
2686
2686
2686
2686
2686
2686
2686
2686
2686
2687
2687
2687
2687
2687
2687
2687
2687
2687
2687
2687
2687
2687
2688
2688
2688
2688
2688
2688
2688
2688
2688
2688
2688
2688
2689
2689
2689
2689
2689
2689
2689
2689
2689
2689
2689
2689
2689
2690
2690
2690
2690
2690
2690
2690
2690
2690
2690
2690
2690
2691
2691
2691
2691
2691
2691
2691
2691
2691
2691
2691
2691
2691
2692
2692
2692
2692
2692
2692
2692
2692
2692
2692
2692
2692
2693
2693
2693
2693
2693
2693
2693
2693
2693
2693
2693
2693
2693
2694
2694
2694
2694
2694
2694
2694
2694
2694
2694
2694
2694
2695
2695
2695
2695
2695
2695
2695
2695
2695
2695
2695
2695
2695
2696
2696
2696
2696
2696
2696
2696
2696
2696
2696
2696
2696
2697
2697
2697
2697
2697
2697
2697
2697
2697
2697
2697
2697
2697
2698
2698
2698
2698
2698
2698
2698
2698
2698
2698
2698
2698
2699
2699
2699
2699
2699
2699
2699
2699
2699
2699
2699
2699
2699
2700
2700
2700
2700
2700
2700
2700
2700
2700
2700
2700
2700
2701
2701
2701
2701
2701
2701
2701
2701
2701
2701
2701
2701
2701
2702
2702
2702
2702
2702
2702
2702
2702
2702
2702
2702
2702
2703
2703
2703
2703
2703
2703
2703
2703
2703
2703
2703
2703
2703
2704
2704
2704
2704
2704
2704
2704
2704
2704
2704
2704
2704
2705
2705
2705
2705
2705
2705
2705
2705
2705
2705
2705
2705
2705
2706
2706
2706
2706
2706
2706
2706
2706
2706
2706
2706
2706
2707
2707
2707
2707
2707
2707
2707
2707
2707
2707
2707
2707
2707
2708
2708
2708
2708
2708
2708
2708
2708
2708
2708
2708
2708
2709
2709
2709
2709
2709
2709
2709
2709
2709
2709
2709
2709
2709
2710
2710
2710
2710
2710
2710
2710
2710
2710
2710
2710
2710
2711
2711
2711
2711
2711
2711
2711
2711
2711
2711
2711
2711
2711
2712
2712
2712
2712
2712
2712
2712
2712
2712
2712
2712
2712
2713
2713
2713
2713
2713
2713
2713
2713
2713
2713
2713
2713
2713
2714
2714
2714
2714
2714
2714
2714
2714
2714
2714
2714
2714
2715
2715
2715
2715
2715
2715
2715
2715
2715
2715
2715
2715
2715
2716
2716
2716
2716
2716
2716
2716
2716
2716
2716
2716
2716
2717
2717
2717
2717
2717
2717
2717
2717
2717
2717
2717
2717
2717
2718
2718
2718
2718
2718
2718
2718
2718
2718
2718
2718
2718
2719
2719
2719
2719
2719
2719
2719
2719
2719
2719
2719
2719
2719
2720
2720
2720
2720
2720
2720
2720
2720
2720
2720
2720
2720
2721
2721
2721
2721
2721
2721
2721
2721
2721
2721
2721
2721
2721
2722
2722
2722
2722
2722
2722
2722
2722
2722
2722
2722
2722
2723
2723
2723
2723
2723
2723
2723
2723
2723
2723
2723
2723
2723
2724
2724
2724
2724
2724
2724
2724
2724
2724
2724
2724
2724
2725
2725
2725
2725
2725
2725
2725
2725
2725
2725
2725
2725
2725
2726
2726
2726
2726
2726
2726
2726
2726
2726
2726
2726
2726
2727
2727
2727
2727
2727
2727
2727
2727
2727
2727
2727
2727
2727
2728
2728
2728
2728
2728
2728
2728
2728
2728
2728
2728
2728
2729
2729
2729
2729
2729
2729
2729
2729
2729
2729
2729
2729
2729
2730
2730
2730
2730
2730
2730
2730
2730
2730
2730
2730
2730
2731
2731
2731
2731
2731
2731
2731
2731
2731
2731
2731
2731
2731
2732
2732
2732
2732
2732
2732
2732
2732
2732
2732
2732
2732
2733
2733
2733
2733
2733
2733
2733
2733
2733
2733
2733
2733
2733
2734
2734
2734
2734
2734
2734
2734
2734
2734
2734
2734
2734
2735
2735
2735
2735
2735
2735
2735
2735
2735
2735
2735
2735
2735
2736
2736
2736
2736
2736
2736
2736
2736
2736
2736
2736
2736
2737
2737
2737
2737
2737
2737
2737
2737
2737
2737
2737
2737
2737
2738
2738
2738
2738
2738
2738
2738
2738
2738
2738
2738
2738
2739
2739
2739
2739
2739
2739
2739
2739
2739
2739
2739
2739
2739
2740
2740
2740
2740
2740
2740
2740
2740
2740
2740
2740
2740
2741
2741
2741
2741
2741
2741
2741
2741
2741
2741
2741
2741
2741
2742
2742
2742
2742
2742
2742
2742
2742
2742
2742
2742
2742
2743
2743
2743
2743
2743
2743
2743
2743
2743
2743
2743
2743
2743
2744
2744
2744
2744
2744
2744
2744
2744
2744
2744
2744
2744
2745
2745
2745
2745
2745
2745
2745
2745
2745
2745
2745
2745
2745
2746
2746
2746
2746
2746
2746
2746
2746
2746
2746
2746
2746
2747
2747
2747
2747
2747
2747
2747
2747
2747
2747
2747
2747
2747
2748
2748
2748
2748
2748
2748
2748
2748
2748
2748
2748
2748
2749
2749
2749
2749
2749
2749
2749
2749
2749
2749
2749
2749
2749
2750
2750
2750
2750
2750
2750
2750
2750
2750
2750
2750
2750
2751
2751
2751
2751
2751
2751
2751
2751
2751
2751
2751
2751
2751
2752
2752
2752
2752
2752
2752
2752
2752
2752
2752
2752
2752
2753
2753
2753
2753
2753
2753
2753
2753
2753
2753
2753
2753
2753
2754
2754
2754
2754
2754
2754
2754
2754
2754
2754
2754
2754
2755
2755
2755
2755
2755
2755
2755
2755
2755
2755
2755
2755
2755
2756
2756
2756
2756
2756
2756
2756
2756
2756
2756
2756
2756
2757
2757
2757
2757
2757
2757
2757
2757
2757
2757
2757
2757
2757
2758
2758
2758
2758
2758
2758
2758
2758
2758
2758
2758
2758
2759
2759
2759
2759
2759
2759
2759
2759
2759
2759
2759
2759
2759
2760
2760
2760
2760
2760
2760
2760
2760
2760
2760
2760
2760
2761
2761
2761
2761
2761
2761
2761
2761
2761
2761
2761
2761
2761
2762
2762
2762
2762
2762
2762
2762
2762
2762
2762
2762
2762
2763
2763
2763
2763
2763
2763
2763
2763
2763
2763
2763
2763
2763
2764
2764
2764
2764
2764
2764
2764
2764
2764
2764
2764
2764
2765
2765
2765
2765
2765
2765
2765
2765
2765
2765
2765
2765
2765
2766
2766
2766
2766
2766
2766
2766
2766
2766
2766
2766
2766
2767
2767
2767
2767
2767
2767
2767
2767
2767
2767
2767
2767
2767
2768
2768
2768
2768
2768
2768
2768
2768
2768
2768
2768
2768
2769
2769
2769
2769
2769
2769
2769
2769
2769
2769
2769
2769
2769
2770
2770
2770
2770
2770
2770
2770
2770
2770
2770
2770
2770
2771
2771
2771
2771
2771
2771
2771
2771
2771
2771
2771
2771
2771
2772
2772
2772
2772
2772
2772
2772
2772
2772
2772
2772
2772
2773
2773
2773
2773
2773
2773
2773
2773
2773
2773
2773
2773
2773
2774
2774
2774
2774
2774
2774
2774
2774
2774
2774
2774
2774
2775
2775
2775
2775
2775
2775
2775
2775
2775
2775
2775
2775
2775
2776
2776
2776
2776
2776
2776
2776
2776
2776
2776
2776
2776
2777
2777
2777
2777
2777
2777
2777
2777
2777
2777
2777
2777
2777
2778
2778
2778
2778
2778
2778
2778
2778
2778
2778
2778
2778
2779
2779
2779
2779
2779
2779
2779
2779
2779
2779
2779
2779
2779
2780
2780
2780
2780
2780
2780
2780
2780
2780
2780
2780
2780
2781
2781
2781
2781
2781
2781
2781
2781
2781
2781
2781
2781
2781
2782
2782
2782
2782
2782
2782
2782
2782
2782
2782
2782
2782
2783
2783
2783
2783
2783
2783
2783
2783
2783
2783
2783
2783
2783
2784
2784
2784
2784
2784
2784
2784
2784
2784
2784
2784
2784
2785
2785
2785
2785
2785
2785
2785
2785
2785
2785
2785
2785
2785
2786
2786
2786
2786
2786
2786
2786
2786
2786
2786
2786
2786
2787
2787
2787
2787
2787
2787
2787
2787
2787
2787
2787
2787
2787
2788
2788
2788
2788
2788
2788
2788
2788
2788
2788
2788
2788
2789
2789
2789
2789
2789
2789
2789
2789
2789
2789
2789
2789
2789
2790
2790
2790
2790
2790
2790
2790
2790
2790
2790
2790
2790
2791
2791
2791
2791
2791
2791
2791
2791
2791
2791
2791
2791
2791
2792
2792
2792
2792
2792
2792
2792
2792
2792
2792
2792
2792
2793
2793
2793
2793
2793
2793
2793
2793
2793
2793
2793
2793
2793
2794
2794
2794
2794
2794
2794
2794
2794
2794
2794
2794
2794
2795
2795
2795
2795
2795
2795
2795
2795
2795
2795
2795
2795
2795
2796
2796
2796
2796
2796
2796
2796
2796
2796
2796
2796
2796
2797
2797
2797
2797
2797
2797
2797
2797
2797
2797
2797
2797
2797
2798
2798
2798
2798
2798
2798
2798
2798
2798
2798
2798
2798
2799
2799
2799
2799
2799
2799
2799
2799
2799
2799
2799
2799
2799
2800
2800
2800
2800
2800
2800
2800
2800
2800
2800
2800
2800
2801
2801
2801
2801
2801
2801
2801
2801
2801
2801
2801
2801
2801
2802
2802
2802
2802
2802
2802
2802
2802
2802
2802
2802
2802
2803
2803
2803
2803
2803
2803
2803
2803
2803
2803
2803
2803
2803
2804
2804
2804
2804
2804
2804
2804
2804
2804
2804
2804
2804
2805
2805
2805
2805
2805
2805
2805
2805
2805
2805
2805
2805
2805
2806
2806
2806
2806
2806
2806
2806
2806
2806
2806
2806
2806
2807
2807
2807
2807
2807
2807
2807
2807
2807
2807
2807
2807
2807
2808
2808
2808
2808
2808
2808
2808
2808
2808
2808
2808
2808
2809
2809
2809
2809
2809
2809
2809
2809
2809
2809
2809
2809
2809
2810
2810
2810
2810
2810
2810
2810
2810
2810
2810
2810
2810
2811
2811
2811
2811
2811
2811
2811
2811
2811
2811
2811
2811
2811
2812
2812
2812
2812
2812
2812
2812
2812
2812
2812
2812
2812
2813
2813
2813
2813
2813
2813
2813
2813
2813
2813
2813
2813
2813
2814
2814
2814
2814
2814
2814
2814
2814
2814
2814
2814
2814
2815
2815
2815
2815
2815
2815
2815
2815
2815
2815
2815
2815
2815
2816
2816
2816
2816
2816
2816
2816
2816
2816
2816
2816
2816
2817
2817
2817
2817
2817
2817
2817
2817
2817
2817
2817
2817
2817
2818
2818
2818
2818
2818
2818
2818
2818
2818
2818
2818
2818
2819
2819
2819
2819
2819
2819
2819
2819
2819
2819
2819
2819
2819
2820
2820
2820
2820
2820
2820
2820
2820
2820
2820
2820
2820
2821
2821
2821
2821
2821
2821
2821
2821
2821
2821
2821
2821
2821
2822
2822
2822
2822
2822
2822
2822
2822
2822
2822
2822
2822
2823
2823
2823
2823
2823
2823
2823
2823
2823
2823
2823
2823
2823
2824
2824
2824
2824
2824
2824
2824
2824
2824
2824
2824
2824
2825
2825
2825
2825
2825
2825
2825
2825
2825
2825
2825
2825
2825
2826
2826
2826
2826
2826
2826
2826
2826
2826
2826
2826
2826
2827
2827
2827
2827
2827
2827
2827
2827
2827
2827
2827
2827
2827
2828
2828
2828
2828
2828
2828
2828
2828
2828
2828
2828
2828
2829
2829
2829
2829
2829
2829
2829
2829
2829
2829
2829
2829
2829
2830
2830
2830
2830
2830
2830
2830
2830
2830
2830
2830
2830
2831
2831
2831
2831
2831
2831
2831
2831
2831
2831
2831
2831
2831
2832
2832
2832
2832
2832
2832
2832
2832
2832
2832
2832
2832
2833
2833
2833
2833
2833
2833
2833
2833
2833
2833
2833
2833
2833
2834
2834
2834
2834
2834
2834
2834
2834
2834
2834
2834
2834
2835
2835
2835
2835
2835
2835
2835
2835
2835
2835
2835
2835
2835
2836
2836
2836
2836
2836
2836
2836
2836
2836
2836
2836
2836
2837
2837
2837
2837
2837
2837
2837
2837
2837
2837
2837
2837
2837
2838
2838
2838
2838
2838
2838
2838
2838
2838
2838
2838
2838
2839
2839
2839
2839
2839
2839
2839
2839
2839
2839
2839
2839
2839
2840
2840
2840
2840
2840
2840
2840
2840
2840
2840
2840
2840
2841
2841
2841
2841
2841
2841
2841
2841
2841
2841
2841
2841
2841
2842
2842
2842
2842
2842
2842
2842
2842
2842
2842
2842
2842
2843
2843
2843
2843
2843
2843
2843
2843
2843
2843
2843
2843
2843
2844
2844
2844
2844
2844
2844
2844
2844
2844
2844
2844
2844
2845
2845
2845
2845
2845
2845
2845
2845
2845
2845
2845
2845
2845
2846
2846
2846
2846
2846
2846
2846
2846
2846
2846
2846
2846
2847
2847
2847
2847
2847
2847
2847
2847
2847
2847
2847
2847
2847
2848
2848
2848
2848
2848
2848
2848
2848
2848
2848
2848
2848
2849
2849
2849
2849
2849
2849
2849
2849
2849
2849
2849
2849
2849
2850
2850
2850
2850
2850
2850
2850
2850
2850
2850
2850
2850
2851
2851
2851
2851
2851
2851
2851
2851
2851
2851
2851
2851
2851
2852
2852
2852
2852
2852
2852
2852
2852
2852
2852
2852
2852
2853
2853
2853
2853
2853
2853
2853
2853
2853
2853
2853
2853
2853
2854
2854
2854
2854
2854
2854
2854
2854
2854
2854
2854
2854
2855
2855
2855
2855
2855
2855
2855
2855
2855
2855
2855
2855
2855
2856
2856
2856
2856
2856
2856
2856
2856
2856
2856
2856
2856
2857
2857
2857
2857
2857
2857
2857
2857
2857
2857
2857
2857
2857
2858
2858
2858
2858
2858
2858
2858
2858
2858
2858
2858
2858
2859
2859
2859
2859
2859
2859
2859
2859
2859
2859
2859
2859
2859
2860
2860
2860
2860
2860
2860
2860
2860
2860
2860
2860
2860
2861
2861
2861
2861
2861
2861
2861
2861
2861
2861
2861
2861
2861
2862
2862
2862
2862
2862
2862
2862
2862
2862
2862
2862
2862
2863
2863
2863
2863
2863
2863
2863
2863
2863
2863
2863
2863
2863
2864
2864
2864
2864
2864
2864
2864
2864
2864
2864
2864
2864
2865
2865
2865
2865
2865
2865
2865
2865
2865
2865
2865
2865
2865
2866
2866
2866
2866
2866
2866
2866
2866
2866
2866
2866
2866
2867
2867
2867
2867
2867
2867
2867
2867
2867
2867
2867
2867
2867
2868
2868
2868
2868
2868
2868
2868
2868
2868
2868
2868
2868
2869
2869
2869
2869
2869
2869
2869
2869
2869
2869
2869
2869
2869
2870
2870
2870
2870
2870
2870
2870
2870
2870
2870
2870
2870
2871
2871
2871
2871
2871
2871
2871
2871
2871
2871
2871
2871
2871
2872
2872
2872
2872
2872
2872
2872
2872
2872
2872
2872
2872
2873
2873
2873
2873
2873
2873
2873
2873
2873
2873
2873
2873
2873
2874
2874
2874
2874
2874
2874
2874
2874
2874
2874
2874
2874
2875
2875
2875
2875
2875
2875
2875
2875
2875
2875
2875
2875
2875
2876
2876
2876
2876
2876
2876
2876
2876
2876
2876
2876
2876
2877
2877
2877
2877
2877
2877
2877
2877
2877
2877
2877
2877
2877
2878
2878
2878
2878
2878
2878
2878
2878
2878
2878
2878
2878
2879
2879
2879
2879
2879
2879
2879
2879
2879
2879
2879
2879
2879
2880
2880
2880
2880
2880
2880
2880
2880
2880
2880
2880
2880
2881
2881
2881
2881
2881
2881
2881
2881
2881
2881
2881
2881
2881
2882
2882
2882
2882
2882
2882
2882
2882
2882
2882
2882
2882
2883
2883
2883
2883
2883
2883
2883
2883
2883
2883
2883
2883
2883
2884
2884
2884
2884
2884
2884
2884
2884
2884
2884
2884
2884
2885
2885
2885
2885
2885
2885
2885
2885
2885
2885
2885
2885
2885
2886
2886
2886
2886
2886
2886
2886
2886
2886
2886
2886
2886
2887
2887
2887
2887
2887
2887
2887
2887
2887
2887
2887
2887
2887
2888
2888
2888
2888
2888
2888
2888
2888
2888
2888
2888
2888
2889
2889
2889
2889
2889
2889
2889
2889
2889
2889
2889
2889
2889
2890
2890
2890
2890
2890
2890
2890
2890
2890
2890
2890
2890
2891
2891
2891
2891
2891
2891
2891
2891
2891
2891
2891
2891
2891
2892
2892
2892
2892
2892
2892
2892
2892
2892
2892
2892
2892
2893
2893
2893
2893
2893
2893
2893
2893
2893
2893
2893
2893
2893
2894
2894
2894
2894
2894
2894
2894
2894
2894
2894
2894
2894
2895
2895
2895
2895
2895
2895
2895
2895
2895
2895
2895
2895
2895
2896
2896
2896
2896
2896
2896
2896
2896
2896
2896
2896
2896
2897
2897
2897
2897
2897
2897
2897
2897
2897
2897
2897
2897
2897
2898
2898
2898
2898
2898
2898
2898
2898
2898
2898
2898
2898
2899
2899
2899
2899
2899
2899
2899
2899
2899
2899
2899
2899
2899
2900
2900
2900
2900
2900
2900
2900
2900
2900
2900
2900
2900
2901
2901
2901
2901
2901
2901
2901
2901
2901
2901
2901
2901
2901
2902
2902
2902
2902
2902
2902
2902
2902
2902
2902
2902
2902
2903
2903
2903
2903
2903
2903
2903
2903
2903
2903
2903
2903
2903
2904
2904
2904
2904
2904
2904
2904
2904
2904
2904
2904
2904
2905
2905
2905
2905
2905
2905
2905
2905
2905
2905
2905
2905
2905
2906
2906
2906
2906
2906
2906
2906
2906
2906
2906
2906
2906
2907
2907
2907
2907
2907
2907
2907
2907
2907
2907
2907
2907
2907
2908
2908
2908
2908
2908
2908
2908
2908
2908
2908
2908
2908
2909
2909
2909
2909
2909
2909
2909
2909
2909
2909
2909
2909
2909
2910
2910
2910
2910
2910
2910
2910
2910
2910
2910
2910
2910
2911
2911
2911
2911
2911
2911
2911
2911
2911
2911
2911
2911
2911
2912
2912
2912
2912
2912
2912
2912
2912
2912
2912
2912
2912
2913
2913
2913
2913
2913
2913
2913
2913
2913
2913
2913
2913
2913
2914
2914
2914
2914
2914
2914
2914
2914
2914
2914
2914
2914
2915
2915
2915
2915
2915
2915
2915
2915
2915
2915
2915
2915
2915
2916
2916
2916
2916
2916
2916
2916
2916
2916
2916
2916
2916
2917
2917
2917
2917
2917
2917
2917
2917
2917
2917
2917
2917
2917
2918
2918
2918
2918
2918
2918
2918
2918
2918
2918
2918
2918
2919
2919
2919
2919
2919
2919
2919
2919
2919
2919
2919
2919
2919
2920
2920
2920
2920
2920
2920
2920
2920
2920
2920
2920
2920
2921
2921
2921
2921
2921
2921
2921
2921
2921
2921
2921
2921
2921
2922
2922
2922
2922
2922
2922
2922
2922
2922
2922
2922
2922
2923
2923
2923
2923
2923
2923
2923
2923
2923
2923
2923
2923
2923
2924
2924
2924
2924
2924
2924
2924
2924
2924
2924
2924
2924
2925
2925
2925
2925
2925
2925
2925
2925
2925
2925
2925
2925
2925
2926
2926
2926
2926
2926
2926
2926
2926
2926
2926
2926
2926
2927
2927
2927
2927
2927
2927
2927
2927
2927
2927
2927
2927
2927
2928
2928
2928
2928
2928
2928
2928
2928
2928
2928
2928
2928
2929
2929
2929
2929
2929
2929
2929
2929
2929
2929
2929
2929
2929
2930
2930
2930
2930
2930
2930
2930
2930
2930
2930
2930
2930
2931
2931
2931
2931
2931
2931
2931
2931
2931
2931
2931
2931
2931
2932
2932
2932
2932
2932
2932
2932
2932
2932
2932
2932
2932
2933
2933
2933
2933
2933
2933
2933
2933
2933
2933
2933
2933
2933
2934
2934
2934
2934
2934
2934
2934
2934
2934
2934
2934
2934
2935
2935
2935
2935
2935
2935
2935
2935
2935
2935
2935
2935
2935
2936
2936
2936
2936
2936
2936
2936
2936
2936
2936
2936
2936
2937
2937
2937
2937
2937
2937
2937
2937
2937
2937
2937
2937
2937
2938
2938
2938
2938
2938
2938
2938
2938
2938
2938
2938
2938
2939
2939
2939
2939
2939
2939
2939
2939
2939
2939
2939
2939
2939
2940
2940
2940
2940
2940
2940
2940
2940
2940
2940
2940
2940
2941
2941
2941
2941
2941
2941
2941
2941
2941
2941
2941
2941
2941
2942
2942
2942
2942
2942
2942
2942
2942
2942
2942
2942
2942
2943
2943
2943
2943
2943
2943
2943
2943
2943
2943
2943
2943
2943
2944
2944
2944
2944
2944
2944
2944
2944
2944
2944
2944
2944
2945
2945
2945
2945
2945
2945
2945
2945
2945
2945
2945
2945
2945
2946
2946
2946
2946
2946
2946
2946
2946
2946
2946
2946
2946
2947
2947
2947
2947
2947
2947
2947
2947
2947
2947
2947
2947
2947
2948
2948
2948
2948
2948
2948
2948
2948
2948
2948
2948
2948
2949
2949
2949
2949
2949
2949
2949
2949
2949
2949
2949
2949
2949
2950
2950
2950
2950
2950
2950
2950
2950
2950
2950
2950
2950
2951
2951
2951
2951
2951
2951
2951
2951
2951
2951
2951
2951
2951
2952
2952
2952
2952
2952
2952
2952
2952
2952
2952
2952
2952
2953
2953
2953
2953
2953
2953
2953
2953
2953
2953
2953
2953
2953
2954
2954
2954
2954
2954
2954
2954
2954
2954
2954
2954
2954
2955
2955
2955
2955
2955
2955
2955
2955
2955
2955
2955
2955
2955
2956
2956
2956
2956
2956
2956
2956
2956
2956
2956
2956
2956
2957
2957
2957
2957
2957
2957
2957
2957
2957
2957
2957
2957
2957
2958
2958
2958
2958
2958
2958
2958
2958
2958
2958
2958
2958
2959
2959
2959
2959
2959
2959
2959
2959
2959
2959
2959
2959
2959
2960
2960
2960
2960
2960
2960
2960
2960
2960
2960
2960
2960
2961
2961
2961
2961
2961
2961
2961
2961
2961
2961
2961
2961
2961
2962
2962
2962
2962
2962
2962
2962
2962
2962
2962
2962
2962
2963
2963
2963
2963
2963
2963
2963
2963
2963
2963
2963
2963
2963
2964
2964
2964
2964
2964
2964
2964
2964
2964
2964
2964
2964
2965
2965
2965
2965
2965
2965
2965
2965
2965
2965
2965
2965
2965
2966
2966
2966
2966
2966
2966
2966
2966
2966
2966
2966
2966
2967
2967
2967
2967
2967
2967
2967
2967
2967
2967
2967
2967
2967
2968
2968
2968
2968
2968
2968
2968
2968
2968
2968
2968
2968
2969
2969
2969
2969
2969
2969
2969
2969
2969
2969
2969
2969
2969
2970
2970
2970
2970
2970
2970
2970
2970
2970
2970
2970
2970
2971
2971
2971
2971
2971
2971
2971
2971
2971
2971
2971
2971
2971
2972
2972
2972
2972
2972
2972
2972
2972
2972
2972
2972
2972
2973
2973
2973
2973
2973
2973
2973
2973
2973
2973
2973
2973
2973
2974
2974
2974
2974
2974
2974
2974
2974
2974
2974
2974
2974
2975
2975
2975
2975
2975
2975
2975
2975
2975
2975
2975
2975
2975
2976
2976
2976
2976
2976
2976
2976
2976
2976
2976
2976
2976
2977
2977
2977
2977
2977
2977
2977
2977
2977
2977
2977
2977
2977
2978
2978
2978
2978
2978
2978
2978
2978
2978
2978
2978
2978
2979
2979
2979
2979
2979
2979
2979
2979
2979
2979
2979
2979
2979
2980
2980
2980
2980
2980
2980
2980
2980
2980
2980
2980
2980
2981
2981
2981
2981
2981
2981
2981
2981
2981
2981
2981
2981
2981
2982
2982
2982
2982
2982
2982
2982
2982
2982
2982
2982
2982
2983
2983
2983
2983
2983
2983
2983
2983
2983
2983
2983
2983
2983
2984
2984
2984
2984
2984
2984
2984
2984
2984
2984
2984
2984
2985
2985
2985
2985
2985
2985
2985
2985
2985
2985
2985
2985
2985
2986
2986
2986
2986
2986
2986
2986
2986
2986
2986
2986
2986
2987
2987
2987
2987
2987
2987
2987
2987
2987
2987
2987
2987
2987
2988
2988
2988
2988
2988
2988
2988
2988
2988
2988
2988
2988
2989
2989
2989
2989
2989
2989
2989
2989
2989
2989
2989
2989
2989
2990
2990
2990
2990
2990
2990
2990
2990
2990
2990
2990
2990
2991
2991
2991
2991
2991
2991
2991
2991
2991
2991
2991
2991
2991
2992
2992
2992
2992
2992
2992
2992
2992
2992
2992
2992
2992
2993
2993
2993
2993
2993
2993
2993
2993
2993
2993
2993
2993
2993
2994
2994
2994
2994
2994
2994
2994
2994
2994
2994
2994
2994
2995
2995
2995
2995
2995
2995
2995
2995
2995
2995
2995
2995
2995
2996
2996
2996
2996
2996
2996
2996
2996
2996
2996
2996
2996
2997
2997
2997
2997
2997
2997
2997
2997
2997
2997
2997
2997
2997
2998
2998
2998
2998
2998
2998
2998
2998
2998
2998
2998
2998
2999
2999
2999
2999
2999
2999
2999
2999
2999
2999
2999
2999
2999
3000
3000
3000
3000
3000
3000
3000
3000
3000
3000
3000
3000
3001
3001
3001
3001
3001
3001
3001
3001
3001
3001
3001
3001
3001
3002
3002
3002
3002
3002
3002
3002
3002
3002
3002
3002
3002
3003
3003
3003
3003
3003
3003
3003
3003
3003
3003
3003
3003
3003
3004
3004
3004
3004
3004
3004
3004
3004
3004
3004
3004
3004
3005
3005
3005
3005
3005
3005
3005
3005
3005
3005
3005
3005
3005
3006
3006
3006
3006
3006
3006
3006
3006
3006
3006
3006
3006
3007
3007
3007
3007
3007
3007
3007
3007
3007
3007
3007
3007
3007
3008
3008
3008
3008
3008
3008
3008
3008
3008
3008
3008
3008
3009
3009
3009
3009
3009
3009
3009
3009
3009
3009
3009
3009
3009
3010
3010
3010
3010
3010
3010
3010
3010
3010
3010
3010
3010
3011
3011
3011
3011
3011
3011
3011
3011
3011
3011
3011
3011
3011
3012
3012
3012
3012
3012
3012
3012
3012
3012
3012
3012
3012
3013
3013
3013
3013
3013
3013
3013
3013
3013
3013
3013
3013
3013
3014
3014
3014
3014
3014
3014
3014
3014
3014
3014
3014
3014
3015
3015
3015
3015
3015
3015
3015
3015
3015
3015
3015
3015
3015
3016
3016
3016
3016
3016
3016
3016
3016
3016
3016
3016
3016
3017
3017
3017
3017
3017
3017
3017
3017
3017
3017
3017
3017
3017
3018
3018
3018
3018
3018
3018
3018
3018
3018
3018
3018
3018
3019
3019
3019
3019
3019
3019
3019
3019
3019
3019
3019
3019
3019
3020
3020
3020
3020
3020
3020
3020
3020
3020
3020
3020
3020
3021
3021
3021
3021
3021
3021
3021
3021
3021
3021
3021
3021
3021
3022
3022
3022
3022
3022
3022
3022
3022
3022
3022
3022
3022
3023
3023
3023
3023
3023
3023
3023
3023
3023
3023
3023
3023
3023
3024
3024
3024
3024
3024
3024
3024
3024
3024
3024
3024
3024
3025
3025
3025
3025
3025
3025
3025
3025
3025
3025
3025
3025
3025
3026
3026
3026
3026
3026
3026
3026
3026
3026
3026
3026
3026
3027
3027
3027
3027
3027
3027
3027
3027
3027
3027
3027
3027
3027
3028
3028
3028
3028
3028
3028
3028
3028
3028
3028
3028
3028
3029
3029
3029
3029
3029
3029
3029
3029
3029
3029
3029
3029
3029
3030
3030
3030
3030
3030
3030
3030
3030
3030
3030
3030
3030
3031
3031
3031
3031
3031
3031
3031
3031
3031
3031
3031
3031
3031
3032
3032
3032
3032
3032
3032
3032
3032
3032
3032
3032
3032
3033
3033
3033
3033
3033
3033
3033
3033
3033
3033
3033
3033
3033
3034
3034
3034
3034
3034
3034
3034
3034
3034
3034
3034
3034
3035
3035
3035
3035
3035
3035
3035
3035
3035
3035
3035
3035
3035
3036
3036
3036
3036
3036
3036
3036
3036
3036
3036
3036
3036
3037
3037
3037
3037
3037
3037
3037
3037
3037
3037
3037
3037
3037
3038
3038
3038
3038
3038
3038
3038
3038
3038
3038
3038
3038
3039
3039
3039
3039
3039
3039
3039
3039
3039
3039
3039
3039
3039
3040
3040
3040
3040
3040
3040
3040
3040
3040
3040
3040
3040
3041
3041
3041
3041
3041
3041
3041
3041
3041
3041
3041
3041
3041
3042
3042
3042
3042
3042
3042
3042
3042
3042
3042
3042
3042
3043
3043
3043
3043
3043
3043
3043
3043
3043
3043
3043
3043
3043
3044
3044
3044
3044
3044
3044
3044
3044
3044
3044
3044
3044
3045
3045
3045
3045
3045
3045
3045
3045
3045
3045
3045
3045
3045
3046
3046
3046
3046
3046
3046
3046
3046
3046
3046
3046
3046
3047
3047
3047
3047
3047
3047
3047
3047
3047
3047
3047
3047
3047
3048
3048
3048
3048
3048
3048
3048
3048
3048
3048
3048
3048
3049
3049
3049
3049
3049
3049
3049
3049
3049
3049
3049
3049
3049
3050
3050
3050
3050
3050
3050
3050
3050
3050
3050
3050
3050
3051
3051
3051
3051
3051
3051
3051
3051
3051
3051
3051
3051
3051
3052
3052
3052
3052
3052
3052
3052
3052
3052
3052
3052
3052
3053
3053
3053
3053
3053
3053
3053
3053
3053
3053
3053
3053
3053
3054
3054
3054
3054
3054
3054
3054
3054
3054
3054
3054
3054
3055
3055
3055
3055
3055
3055
3055
3055
3055
3055
3055
3055
3055
3056
3056
3056
3056
3056
3056
3056
3056
3056
3056
3056
3056
3057
3057
3057
3057
3057
3057
3057
3057
3057
3057
3057
3057
3057
3058
3058
3058
3058
3058
3058
3058
3058
3058
3058
3058
3058
3059
3059
3059
3059
3059
3059
3059
3059
3059
3059
3059
3059
3059
3060
3060
3060
3060
3060
3060
3060
3060
3060
3060
3060
3060
3061
3061
3061
3061
3061
3061
3061
3061
3061
3061
3061
3061
3061
3062
3062
3062
3062
3062
3062
3062
3062
3062
3062
3062
3062
3063
3063
3063
3063
3063
3063
3063
3063
3063
3063
3063
3063
3063
3064
3064
3064
3064
3064
3064
3064
3064
3064
3064
3064
3064
3065
3065
3065
3065
3065
3065
3065
3065
3065
3065
3065
3065
3065
3066
3066
3066
3066
3066
3066
3066
3066
3066
3066
3066
3066
3067
3067
3067
3067
3067
3067
3067
3067
3067
3067
3067
3067
3067
3068
3068
3068
3068
3068
3068
3068
3068
3068
3068
3068
3068
3069
3069
3069
3069
3069
3069
3069
3069
3069
3069
3069
3069
3069
3070
3070
3070
3070
3070
3070
3070
3070
3070
3070
3070
3070
3071
3071
3071
3071
3071
3071
3071
3071
3071
3071
3071
3071
3071
3072
3072
3072
3072
3072
3072
3072
3072
3072
3072
3072
3072
3073
3073
3073
3073
3073
3073
3073
3073
3073
3073
3073
3073
3073
3074
3074
3074
3074
3074
3074
3074
3074
3074
3074
3074
3074
3075
3075
3075
3075
3075
3075
3075
3075
3075
3075
3075
3075
3075
3076
3076
3076
3076
3076
3076
3076
3076
3076
3076
3076
3076
3077
3077
3077
3077
3077
3077
3077
3077
3077
3077
3077
3077
3077
3078
3078
3078
3078
3078
3078
3078
3078
3078
3078
3078
3078
3079
3079
3079
3079
3079
3079
3079
3079
3079
3079
3079
3079
3079
3080
3080
3080
3080
3080
3080
3080
3080
3080
3080
3080
3080
3081
3081
3081
3081
3081
3081
3081
3081
3081
3081
3081
3081
3081
3082
3082
3082
3082
3082
3082
3082
3082
3082
3082
3082
3082
3083
3083
3083
3083
3083
3083
3083
3083
3083
3083
3083
3083
3083
3084
3084
3084
3084
3084
3084
3084
3084
3084
3084
3084
3084
3085
3085
3085
3085
3085
3085
3085
3085
3085
3085
3085
3085
3085
3086
3086
3086
3086
3086
3086
3086
3086
3086
3086
3086
3086
3087
3087
3087
3087
3087
3087
3087
3087
3087
3087
3087
3087
3087
3088
3088
3088
3088
3088
3088
3088
3088
3088
3088
3088
3088
3089
3089
3089
3089
3089
3089
3089
3089
3089
3089
3089
3089
3089
3090
3090
3090
3090
3090
3090
3090
3090
3090
3090
3090
3090
3091
3091
3091
3091
3091
3091
3091
3091
3091
3091
3091
3091
3091
3092
3092
3092
3092
3092
3092
3092
3092
3092
3092
3092
3092
3093
3093
3093
3093
3093
3093
3093
3093
3093
3093
3093
3093
3093
3094
3094
3094
3094
3094
3094
3094
3094
3094
3094
3094
3094
3095
3095
3095
3095
3095
3095
3095
3095
3095
3095
3095
3095
3095
3096
3096
3096
3096
3096
3096
3096
3096
3096
3096
3096
3096
3097
3097
3097
3097
3097
3097
3097
3097
3097
3097
3097
3097
3097
3098
3098
3098
3098
3098
3098
3098
3098
3098
3098
3098
3098
3099
3099
3099
3099
3099
3099
3099
3099
3099
3099
3099
3099
3099
3100
3100
3100
3100
3100
3100
3100
3100
3100
3100
3100
3100
3101
3101
3101
3101
3101
3101
3101
3101
3101
3101
3101
3101
3101
3102
3102
3102
3102
3102
3102
3102
3102
3102
3102
3102
3102
3103
3103
3103
3103
3103
3103
3103
3103
3103
3103
3103
3103
3103
3104
3104
3104
3104
3104
3104
3104
3104
3104
3104
3104
3104
3105
3105
3105
3105
3105
3105
3105
3105
3105
3105
3105
3105
3105
3106
3106
3106
3106
3106
3106
3106
3106
3106
3106
3106
3106
3107
3107
3107
3107
3107
3107
3107
3107
3107
3107
3107
3107
3107
3108
3108
3108
3108
3108
3108
3108
3108
3108
3108
3108
3108
3109
3109
3109
3109
3109
3109
3109
3109
3109
3109
3109
3109
3109
3110
3110
3110
3110
3110
3110
3110
3110
3110
3110
3110
3110
3111
3111
3111
3111
3111
3111
3111
3111
3111
3111
3111
3111
3111
3112
3112
3112
3112
3112
3112
3112
3112
3112
3112
3112
3112
3113
3113
3113
3113
3113
3113
3113
3113
3113
3113
3113
3113
3113
3114
3114
3114
3114
3114
3114
3114
3114
3114
3114
3114
3114
3115
3115
3115
3115
3115
3115
3115
3115
3115
3115
3115
3115
3115
3116
3116
3116
3116
3116
3116
3116
3116
3116
3116
3116
3116
3117
3117
3117
3117
3117
3117
3117
3117
3117
3117
3117
3117
3117
3118
3118
3118
3118
3118
3118
3118
3118
3118
3118
3118
3118
3119
3119
3119
3119
3119
3119
3119
3119
3119
3119
3119
3119
3119
3120
3120
3120
3120
3120
3120
3120
3120
3120
3120
3120
3120
3121
3121
3121
3121
3121
3121
3121
3121
3121
3121
3121
3121
3121
3122
3122
3122
3122
3122
3122
3122
3122
3122
3122
3122
3122
3123
3123
3123
3123
3123
3123
3123
3123
3123
3123
3123
3123
3123
3124
3124
3124
3124
3124
3124
3124
3124
3124
3124
3124
3124
3125
3125
3125
3125
3125
3125
3125
3125
3125
3125
3125
3125
3125
3126
3126
3126
3126
3126
3126
3126
3126
3126
3126
3126
3126
3127
3127
3127
3127
3127
3127
3127
3127
3127
3127
3127
3127
3127
3128
3128
3128
3128
3128
3128
3128
3128
3128
3128
3128
3128
3129
3129
3129
3129
3129
3129
3129
3129
3129
3129
3129
3129
3129
3130
3130
3130
3130
3130
3130
3130
3130
3130
3130
3130
3130
3131
3131
3131
3131
3131
3131
3131
3131
3131
3131
3131
3131
3131
3132
3132
3132
3132
3132
3132
3132
3132
3132
3132
3132
3132
3133
3133
3133
3133
3133
3133
3133
3133
3133
3133
3133
3133
3133
3134
3134
3134
3134
3134
3134
3134
3134
3134
3134
3134
3134
3135
3135
3135
3135
3135
3135
3135
3135
3135
3135
3135
3135
3135
3136
3136
3136
3136
3136
3136
3136
3136
3136
3136
3136
3136
3137
3137
3137
3137
3137
3137
3137
3137
3137
3137
3137
3137
3137
3138
3138
3138
3138
3138
3138
3138
3138
3138
3138
3138
3138
3139
3139
3139
3139
3139
3139
3139
3139
3139
3139
3139
3139
3139
3140
3140
3140
3140
3140
3140
3140
3140
3140
3140
3140
3140
3141
3141
3141
3141
3141
3141
3141
3141
3141
3141
3141
3141
3141
3142
3142
3142
3142
3142
3142
3142
3142
3142
3142
3142
3142
3143
3143
3143
3143
3143
3143
3143
3143
3143
3143
3143
3143
3143
3144
3144
3144
3144
3144
3144
3144
3144
3144
3144
3144
3144
3145
3145
3145
3145
3145
3145
3145
3145
3145
3145
3145
3145
3145
3146
3146
3146
3146
3146
3146
3146
3146
3146
3146
3146
3146
3147
3147
3147
3147
3147
3147
3147
3147
3147
3147
3147
3147
3147
3148
3148
3148
3148
3148
3148
3148
3148
3148
3148
3148
3148
3149
3149
3149
3149
3149
3149
3149
3149
3149
3149
3149
3149
3149
3150
3150
3150
3150
3150
3150
3150
3150
3150
3150
3150
3150
3151
3151
3151
3151
3151
3151
3151
3151
3151
3151
3151
3151
3151
3152
3152
3152
3152
3152
3152
3152
3152
3152
3152
3152
3152
3153
3153
3153
3153
3153
3153
3153
3153
3153
3153
3153
3153
3153
3154
3154
3154
3154
3154
3154
3154
3154
3154
3154
3154
3154
3155
3155
3155
3155
3155
3155
3155
3155
3155
3155
3155
3155
3155
3156
3156
3156
3156
3156
3156
3156
3156
3156
3156
3156
3156
3157
3157
3157
3157
3157
3157
3157
3157
3157
3157
3157
3157
3157
3158
3158
3158
3158
3158
3158
3158
3158
3158
3158
3158
3158
3159
3159
3159
3159
3159
3159
3159
3159
3159
3159
3159
3159
3159
3160
3160
3160
3160
3160
3160
3160
3160
3160
3160
3160
3160
3161
3161
3161
3161
3161
3161
3161
3161
3161
3161
3161
3161
3161
3162
3162
3162
3162
3162
3162
3162
3162
3162
3162
3162
3162
3163
3163
3163
3163
3163
3163
3163
3163
3163
3163
3163
3163
3163
3164
3164
3164
3164
3164
3164
3164
3164
3164
3164
3164
3164
3165
3165
3165
3165
3165
3165
3165
3165
3165
3165
3165
3165
3165
3166
3166
3166
3166
3166
3166
3166
3166
3166
3166
3166
3166
3167
3167
3167
3167
3167
3167
3167
3167
3167
3167
3167
3167
3167
3168
3168
3168
3168
3168
3168
3168
3168
3168
3168
3168
3168
3169
3169
3169
3169
3169
3169
3169
3169
3169
3169
3169
3169
3169
3170
3170
3170
3170
3170
3170
3170
3170
3170
3170
3170
3170
3171
3171
3171
3171
3171
3171
3171
3171
3171
3171
3171
3171
3171
3172
3172
3172
3172
3172
3172
3172
3172
3172
3172
3172
3172
3173
3173
3173
3173
3173
3173
3173
3173
3173
3173
3173
3173
3173
3174
3174
3174
3174
3174
3174
3174
3174
3174
3174
3174
3174
3175
3175
3175
3175
3175
3175
3175
3175
3175
3175
3175
3175
3175
3176
3176
3176
3176
3176
3176
3176
3176
3176
3176
3176
3176
3177
3177
3177
3177
3177
3177
3177
3177
3177
3177
3177
3177
3177
3178
3178
3178
3178
3178
3178
3178
3178
3178
3178
3178
3178
3179
3179
3179
3179
3179
3179
3179
3179
3179
3179
3179
3179
3179
3180
3180
3180
3180
3180
3180
3180
3180
3180
3180
3180
3180
3181
3181
3181
3181
3181
3181
3181
3181
3181
3181
3181
3181
3181
3182
3182
3182
3182
3182
3182
3182
3182
3182
3182
3182
3182
3183
3183
3183
3183
3183
3183
3183
3183
3183
3183
3183
3183
3183
3184
3184
3184
3184
3184
3184
3184
3184
3184
3184
3184
3184
3185
3185
3185
3185
3185
3185
3185
3185
3185
3185
3185
3185
3185
3186
3186
3186
3186
3186
3186
3186
3186
3186
3186
3186
3186
3187
3187
3187
3187
3187
3187
3187
3187
3187
3187
3187
3187
3187
3188
3188
3188
3188
3188
3188
3188
3188
3188
3188
3188
3188
3189
3189
3189
3189
3189
3189
3189
3189
3189
3189
3189
3189
3189
3190
3190
3190
3190
3190
3190
3190
3190
3190
3190
3190
3190
3191
3191
3191
3191
3191
3191
3191
3191
3191
3191
3191
3191
3191
3192
3192
3192
3192
3192
3192
3192
3192
3192
3192
3192
3192
3193
3193
3193
3193
3193
3193
3193
3193
3193
3193
3193
3193
3193
3194
3194
3194
3194
3194
3194
3194
3194
3194
3194
3194
3194
3195
3195
3195
3195
3195
3195
3195
3195
3195
3195
3195
3195
3195
3196
3196
3196
3196
3196
3196
3196
3196
3196
3196
3196
3196
3197
3197
3197
3197
3197
3197
3197
3197
3197
3197
3197
3197
3197
3198
3198
3198
3198
3198
3198
3198
3198
3198
3198
3198
3198
3199
3199
3199
3199
3199
3199
3199
3199
3199
3199
3199
3199
3199
3200
3200
3200
3200
3200
3200
3200
3200
3200
3200
3200
3200
3201
3201
3201
3201
3201
3201
3201
3201
3201
3201
3201
3201
3201
3202
3202
3202
3202
3202
3202
3202
3202
3202
3202
3202
3202
3203
3203
3203
3203
3203
3203
3203
3203
3203
3203
3203
3203
3203
3204
3204
3204
3204
3204
3204
3204
3204
3204
3204
3204
3204
3205
3205
3205
3205
3205
3205
3205
3205
3205
3205
3205
3205
3205
3206
3206
3206
3206
3206
3206
3206
3206
3206
3206
3206
3206
3207
3207
3207
3207
3207
3207
3207
3207
3207
3207
3207
3207
3207
3208
3208
3208
3208
3208
3208
3208
3208
3208
3208
3208
3208
3209
3209
3209
3209
3209
3209
3209
3209
3209
3209
3209
3209
3209
3210
3210
3210
3210
3210
3210
3210
3210
3210
3210
3210
3210
3211
3211
3211
3211
3211
3211
3211
3211
3211
3211
3211
3211
3211
3212
3212
3212
3212
3212
3212
3212
3212
3212
3212
3212
3212
3213
3213
3213
3213
3213
3213
3213
3213
3213
3213
3213
3213
3213
3214
3214
3214
3214
3214
3214
3214
3214
3214
3214
3214
3214
3215
3215
3215
3215
3215
3215
3215
3215
3215
3215
3215
3215
3215
3216
3216
3216
3216
3216
3216
3216
3216
3216
3216
3216
3216
3217
3217
3217
3217
3217
3217
3217
3217
3217
3217
3217
3217
3217
3218
3218
3218
3218
3218
3218
3218
3218
3218
3218
3218
3218
3219
3219
3219
3219
3219
3219
3219
3219
3219
3219
3219
3219
3219
3220
3220
3220
3220
3220
3220
3220
3220
3220
3220
3220
3220
3221
3221
3221
3221
3221
3221
3221
3221
3221
3221
3221
3221
3221
3222
3222
3222
3222
3222
3222
3222
3222
3222
3222
3222
3222
3223
3223
3223
3223
3223
3223
3223
3223
3223
3223
3223
3223
3223
3224
3224
3224
3224
3224
3224
3224
3224
3224
3224
3224
3224
3225
3225
3225
3225
3225
3225
3225
3225
3225
3225
3225
3225
3225
3226
3226
3226
3226
3226
3226
3226
3226
3226
3226
3226
3226
3227
3227
3227
3227
3227
3227
3227
3227
3227
3227
3227
3227
3227
3228
3228
3228
3228
3228
3228
3228
3228
3228
3228
3228
3228
3229
3229
3229
3229
3229
3229
3229
3229
3229
3229
3229
3229
3229
3230
3230
3230
3230
3230
3230
3230
3230
3230
3230
3230
3230
3231
3231
3231
3231
3231
3231
3231
3231
3231
3231
3231
3231
3231
3232
3232
3232
3232
3232
3232
3232
3232
3232
3232
3232
3232
3233
3233
3233
3233
3233
3233
3233
3233
3233
3233
3233
3233
3233
3234
3234
3234
3234
3234
3234
3234
3234
3234
3234
3234
3234
3235
3235
3235
3235
3235
3235
3235
3235
3235
3235
3235
3235
3235
3236
3236
3236
3236
3236
3236
3236
3236
3236
3236
3236
3236
3237
3237
3237
3237
3237
3237
3237
3237
3237
3237
3237
3237
3237
3238
3238
3238
3238
3238
3238
3238
3238
3238
3238
3238
3238
3239
3239
3239
3239
3239
3239
3239
3239
3239
3239
3239
3239
3239
3240
3240
3240
3240
3240
3240
3240
3240
3240
3240
3240
3240
3241
3241
3241
3241
3241
3241
3241
3241
3241
3241
3241
3241
3241
3242
3242
3242
3242
3242
3242
3242
3242
3242
3242
3242
3242
3243
3243
3243
3243
3243
3243
3243
3243
3243
3243
3243
3243
3243
3244
3244
3244
3244
3244
3244
3244
3244
3244
3244
3244
3244
3245
3245
3245
3245
3245
3245
3245
3245
3245
3245
3245
3245
3245
3246
3246
3246
3246
3246
3246
3246
3246
3246
3246
3246
3246
3247
3247
3247
3247
3247
3247
3247
3247
3247
3247
3247
3247
3247
3248
3248
3248
3248
3248
3248
3248
3248
3248
3248
3248
3248
3249
3249
3249
3249
3249
3249
3249
3249
3249
3249
3249
3249
3249
3250
3250
3250
3250
3250
3250
3250
3250
3250
3250
3250
3250
3251
3251
3251
3251
3251
3251
3251
3251
3251
3251
3251
3251
3251
3252
3252
3252
3252
3252
3252
3252
3252
3252
3252
3252
3252
3253
3253
3253
3253
3253
3253
3253
3253
3253
3253
3253
3253
3253
3254
3254
3254
3254
3254
3254
3254
3254
3254
3254
3254
3254
3255
3255
3255
3255
3255
3255
3255
3255
3255
3255
3255
3255
3255
3256
3256
3256
3256
3256
3256
3256
3256
3256
3256
3256
3256
3257
3257
3257
3257
3257
3257
3257
3257
3257
3257
3257
3257
3257
3258
3258
3258
3258
3258
3258
3258
3258
3258
3258
3258
3258
3259
3259
3259
3259
3259
3259
3259
3259
3259
3259
3259
3259
3259
3260
3260
3260
3260
3260
3260
3260
3260
3260
3260
3260
3260
3261
3261
3261
3261
3261
3261
3261
3261
3261
3261
3261
3261
3261
3262
3262
3262
3262
3262
3262
3262
3262
3262
3262
3262
3262
3263
3263
3263
3263
3263
3263
3263
3263
3263
3263
3263
3263
3263
3264
3264
3264
3264
3264
3264
3264
3264
3264
3264
3264
3264
3265
3265
3265
3265
3265
3265
3265
3265
3265
3265
3265
3265
3265
3266
3266
3266
3266
3266
3266
3266
3266
3266
3266
3266
3266
3267
3267
3267
3267
3267
3267
3267
3267
3267
3267
3267
3267
3267
3268
3268
3268
3268
3268
3268
3268
3268
3268
3268
3268
3268
3269
3269
3269
3269
3269
3269
3269
3269
3269
3269
3269
3269
3269
3270
3270
3270
3270
3270
3270
3270
3270
3270
3270
3270
3270
3271
3271
3271
3271
3271
3271
3271
3271
3271
3271
3271
3271
3271
3272
3272
3272
3272
3272
3272
3272
3272
3272
3272
3272
3272
3273
3273
3273
3273
3273
3273
3273
3273
3273
3273
3273
3273
3273
3274
3274
3274
3274
3274
3274
3274
3274
3274
3274
3274
3274
3275
3275
3275
3275
3275
3275
3275
3275
3275
3275
3275
3275
3275
3276
3276
3276
3276
3276
3276
3276
3276
3276
3276
3276
3276
3277
3277
3277
3277
3277
3277
3277
3277
3277
3277
3277
3277
3277
3278
3278
3278
3278
3278
3278
3278
3278
3278
3278
3278
3278
3279
3279
3279
3279
3279
3279
3279
3279
3279
3279
3279
3279
3279
3280
3280
3280
3280
3280
3280
3280
3280
3280
3280
3280
3280
3281
3281
3281
3281
3281
3281
3281
3281
3281
3281
3281
3281
3281
3282
3282
3282
3282
3282
3282
3282
3282
3282
3282
3282
3282
3283
3283
3283
3283
3283
3283
3283
3283
3283
3283
3283
3283
3283
3284
3284
3284
3284
3284
3284
3284
3284
3284
3284
3284
3284
3285
3285
3285
3285
3285
3285
3285
3285
3285
3285
3285
3285
3285
3286
3286
3286
3286
3286
3286
3286
3286
3286
3286
3286
3286
3287
3287
3287
3287
3287
3287
3287
3287
3287
3287
3287
3287
3287
3288
3288
3288
3288
3288
3288
3288
3288
3288
3288
3288
3288
3289
3289
3289
3289
3289
3289
3289
3289
3289
3289
3289
3289
3289
3290
3290
3290
3290
3290
3290
3290
3290
3290
3290
3290
3290
3291
3291
3291
3291
3291
3291
3291
3291
3291
3291
3291
3291
3291
3292
3292
3292
3292
3292
3292
3292
3292
3292
3292
3292
3292
3293
3293
3293
3293
3293
3293
3293
3293
3293
3293
3293
3293
3293
3294
3294
3294
3294
3294
3294
3294
3294
3294
3294
3294
3294
3295
3295
3295
3295
3295
3295
3295
3295
3295
3295
3295
3295
3295
3296
3296
3296
3296
3296
3296
3296
3296
3296
3296
3296
3296
3297
3297
3297
3297
3297
3297
3297
3297
3297
3297
3297
3297
3297
3298
3298
3298
3298
3298
3298
3298
3298
3298
3298
3298
3298
3299
3299
3299
3299
3299
3299
3299
3299
3299
3299
3299
3299
3299
3300
3300
3300
3300
3300
3300
3300
3300
3300
3300
3300
3300
3301
3301
3301
3301
3301
3301
3301
3301
3301
3301
3301
3301
3301
3302
3302
3302
3302
3302
3302
3302
3302
3302
3302
3302
3302
3303
3303
3303
3303
3303
3303
3303
3303
3303
3303
3303
3303
3303
3304
3304
3304
3304
3304
3304
3304
3304
3304
3304
3304
3304
3305
3305
3305
3305
3305
3305
3305
3305
3305
3305
3305
3305
3305
3306
3306
3306
3306
3306
3306
3306
3306
3306
3306
3306
3306
3307
3307
3307
3307
3307
3307
3307
3307
3307
3307
3307
3307
3307
3308
3308
3308
3308
3308
3308
3308
3308
3308
3308
3308
3308
3309
3309
3309
3309
3309
3309
3309
3309
3309
3309
3309
3309
3309
3310
3310
3310
3310
3310
3310
3310
3310
3310
3310
3310
3310
3311
3311
3311
3311
3311
3311
3311
3311
3311
3311
3311
3311
3311
3312
3312
3312
3312
3312
3312
3312
3312
3312
3312
3312
3312
3313
3313
3313
3313
3313
3313
3313
3313
3313
3313
3313
3313
3313
3314
3314
3314
3314
3314
3314
3314
3314
3314
3314
3314
3314
3315
3315
3315
3315
3315
3315
3315
3315
3315
3315
3315
3315
3315
3316
3316
3316
3316
3316
3316
3316
3316
3316
3316
3316
3316
3317
3317
3317
3317
3317
3317
3317
3317
3317
3317
3317
3317
3317
3318
3318
3318
3318
3318
3318
3318
3318
3318
3318
3318
3318
3319
3319
3319
3319
3319
3319
3319
3319
3319
3319
3319
3319
3319
3320
3320
3320
3320
3320
3320
3320
3320
3320
3320
3320
3320
3321
3321
3321
3321
3321
3321
3321
3321
3321
3321
3321
3321
3321
3322
3322
3322
3322
3322
3322
3322
3322
3322
3322
3322
3322
3323
3323
3323
3323
3323
3323
3323
3323
3323
3323
3323
3323
3323
3324
3324
3324
3324
3324
3324
3324
3324
3324
3324
3324
3324
3325
3325
3325
3325
3325
3325
3325
3325
3325
3325
3325
3325
3325
3326
3326
3326
3326
3326
3326
3326
3326
3326
3326
3326
3326
3327
3327
3327
3327
3327
3327
3327
3327
3327
3327
3327
3327
3327
3328
3328
3328
3328
3328
3328
3328
3328
3328
3328
3328
3328
3329
3329
3329
3329
3329
3329
3329
3329
3329
3329
3329
3329
3329
3330
3330
3330
3330
3330
3330
3330
3330
3330
3330
3330
3330
3331
3331
3331
3331
3331
3331
3331
3331
3331
3331
3331
3331
3331
3332
3332
3332
3332
3332
3332
3332
3332
3332
3332
3332
3332
3333
3333
3333
3333
3333
3333
3333
3333
3333
3333
3333
3333
3333
3334
3334
3334
3334
3334
3334
3334
3334
3334
3334
3334
3334
3335
3335
3335
3335
3335
3335
3335
3335
3335
3335
3335
3335
3335
3336
3336
3336
3336
3336
3336
3336
3336
3336
3336
3336
3336
3337
3337
3337
3337
3337
3337
3337
3337
3337
3337
3337
3337
3337
3338
3338
3338
3338
3338
3338
3338
3338
3338
3338
3338
3338
3339
3339
3339
3339
3339
3339
3339
3339
3339
3339
3339
3339
3339
3340
3340
3340
3340
3340
3340
3340
3340
3340
3340
3340
3340
3341
3341
3341
3341
3341
3341
3341
3341
3341
3341
3341
3341
3341
3342
3342
3342
3342
3342
3342
3342
3342
3342
3342
3342
3342
3343
3343
3343
3343
3343
3343
3343
3343
3343
3343
3343
3343
3343
3344
3344
3344
3344
3344
3344
3344
3344
3344
3344
3344
3344
3345
3345
3345
3345
3345
3345
3345
3345
3345
3345
3345
3345
3345
3346
3346
3346
3346
3346
3346
3346
3346
3346
3346
3346
3346
3347
3347
3347
3347
3347
3347
3347
3347
3347
3347
3347
3347
3347
3348
3348
3348
3348
3348
3348
3348
3348
3348
3348
3348
3348
3349
3349
3349
3349
3349
3349
3349
3349
3349
3349
3349
3349
3349
3350
3350
3350
3350
3350
3350
3350
3350
3350
3350
3350
3350
3351
3351
3351
3351
3351
3351
3351
3351
3351
3351
3351
3351
3351
3352
3352
3352
3352
3352
3352
3352
3352
3352
3352
3352
3352
3353
3353
3353
3353
3353
3353
3353
3353
3353
3353
3353
3353
3353
3354
3354
3354
3354
3354
3354
3354
3354
3354
3354
3354
3354
3355
3355
3355
3355
3355
3355
3355
3355
3355
3355
3355
3355
3355
3356
3356
3356
3356
3356
3356
3356
3356
3356
3356
3356
3356
3357
3357
3357
3357
3357
3357
3357
3357
3357
3357
3357
3357
3357
3358
3358
3358
3358
3358
3358
3358
3358
3358
3358
3358
3358
3359
3359
3359
3359
3359
3359
3359
3359
3359
3359
3359
3359
3359
3360
3360
3360
3360
3360
3360
3360
3360
3360
3360
3360
3360
3361
3361
3361
3361
3361
3361
3361
3361
3361
3361
3361
3361
3361
3362
3362
3362
3362
3362
3362
3362
3362
3362
3362
3362
3362
3363
3363
3363
3363
3363
3363
3363
3363
3363
3363
3363
3363
3363
3364
3364
3364
3364
3364
3364
3364
3364
3364
3364
3364
3364
3365
3365
3365
3365
3365
3365
3365
3365
3365
3365
3365
3365
3365
3366
3366
3366
3366
3366
3366
3366
3366
3366
3366
3366
3366
3367
3367
3367
3367
3367
3367
3367
3367
3367
3367
3367
3367
3367
3368
3368
3368
3368
3368
3368
3368
3368
3368
3368
3368
3368
3369
3369
3369
3369
3369
3369
3369
3369
3369
3369
3369
3369
3369
3370
3370
3370
3370
3370
3370
3370
3370
3370
3370
3370
3370
3371
3371
3371
3371
3371
3371
3371
3371
3371
3371
3371
3371
3371
3372
3372
3372
3372
3372
3372
3372
3372
3372
3372
3372
3372
3373
3373
3373
3373
3373
3373
3373
3373
3373
3373
3373
3373
3373
3374
3374
3374
3374
3374
3374
3374
3374
3374
3374
3374
3374
3375
3375
3375
3375
3375
3375
3375
3375
3375
3375
3375
3375
3375
3376
3376
3376
3376
3376
3376
3376
3376
3376
3376
3376
3376
3377
3377
3377
3377
3377
3377
3377
3377
3377
3377
3377
3377
3377
3378
3378
3378
3378
3378
3378
3378
3378
3378
3378
3378
3378
3379
3379
3379
3379
3379
3379
3379
3379
3379
3379
3379
3379
3379
3380
3380
3380
3380
3380
3380
3380
3380
3380
3380
3380
3380
3381
3381
3381
3381
3381
3381
3381
3381
3381
3381
3381
3381
3381
3382
3382
3382
3382
3382
3382
3382
3382
3382
3382
3382
3382
3383
3383
3383
3383
3383
3383
3383
3383
3383
3383
3383
3383
3383
3384
3384
3384
3384
3384
3384
3384
3384
3384
3384
3384
3384
3385
3385
3385
3385
3385
3385
3385
3385
3385
3385
3385
3385
3385
3386
3386
3386
3386
3386
3386
3386
3386
3386
3386
3386
3386
3387
3387
3387
3387
3387
3387
3387
3387
3387
3387
3387
3387
3387
3388
3388
3388
3388
3388
3388
3388
3388
3388
3388
3388
3388
3389
3389
3389
3389
3389
3389
3389
3389
3389
3389
3389
3389
3389
3390
3390
3390
3390
3390
3390
3390
3390
3390
3390
3390
3390
3391
3391
3391
3391
3391
3391
3391
3391
3391
3391
3391
3391
3391
3392
3392
3392
3392
3392
3392
3392
3392
3392
3392
3392
3392
3393
3393
3393
3393
3393
3393
3393
3393
3393
3393
3393
3393
3393
3394
3394
3394
3394
3394
3394
3394
3394
3394
3394
3394
3394
3395
3395
3395
3395
3395
3395
3395
3395
3395
3395
3395
3395
3395
3396
3396
3396
3396
3396
3396
3396
3396
3396
3396
3396
3396
3397
3397
3397
3397
3397
3397
3397
3397
3397
3397
3397
3397
3397
3398
3398
3398
3398
3398
3398
3398
3398
3398
3398
3398
3398
3399
3399
3399
3399
3399
3399
3399
3399
3399
3399
3399
3399
3399
3400
3400
3400
3400
3400
3400
3400
3400
3400
3400
3400
3400
3401
3401
3401
3401
3401
3401
3401
3401
3401
3401
3401
3401
3401
3402
3402
3402
3402
3402
3402
3402
3402
3402
3402
3402
3402
3403
3403
3403
3403
3403
3403
3403
3403
3403
3403
3403
3403
3403
3404
3404
3404
3404
3404
3404
3404
3404
3404
3404
3404
3404
3405
3405
3405
3405
3405
3405
3405
3405
3405
3405
3405
3405
3405
3406
3406
3406
3406
3406
3406
3406
3406
3406
3406
3406
3406
3407
3407
3407
3407
3407
3407
3407
3407
3407
3407
3407
3407
3407
3408
3408
3408
3408
3408
3408
3408
3408
3408
3408
3408
3408
3409
3409
3409
3409
3409
3409
3409
3409
3409
3409
3409
3409
3409
3410
3410
3410
3410
3410
3410
3410
3410
3410
3410
3410
3410
3411
3411
3411
3411
3411
3411
3411
3411
3411
3411
3411
3411
3411
3412
3412
3412
3412
3412
3412
3412
3412
3412
3412
3412
3412
3413
3413
3413
3413
3413
3413
3413
3413
3413
3413
3413
3413
3413
3414
3414
3414
3414
3414
3414
3414
3414
3414
3414
3414
3414
3415
3415
3415
3415
3415
3415
3415
3415
3415
3415
3415
3415
3415
3416
3416
3416
3416
3416
3416
3416
3416
3416
3416
3416
3416
3417
3417
3417
3417
3417
3417
3417
3417
3417
3417
3417
3417
3417
3418
3418
3418
3418
3418
3418
3418
3418
3418
3418
3418
3418
3419
3419
3419
3419
3419
3419
3419
3419
3419
3419
3419
3419
3419
3420
3420
3420
3420
3420
3420
3420
3420
3420
3420
3420
3420
3421
3421
3421
3421
3421
3421
3421
3421
3421
3421
3421
3421
3421
3422
3422
3422
3422
3422
3422
3422
3422
3422
3422
3422
3422
3423
3423
3423
3423
3423
3423
3423
3423
3423
3423
3423
3423
3423
3424
3424
3424
3424
3424
3424
3424
3424
3424
3424
3424
3424
3425
3425
3425
3425
3425
3425
3425
3425
3425
3425
3425
3425
3425
3426
3426
3426
3426
3426
3426
3426
3426
3426
3426
3426
3426
3427
3427
3427
3427
3427
3427
3427
3427
3427
3427
3427
3427
3427
3428
3428
3428
3428
3428
3428
3428
3428
3428
3428
3428
3428
3429
3429
3429
3429
3429
3429
3429
3429
3429
3429
3429
3429
3429
3430
3430
3430
3430
3430
3430
3430
3430
3430
3430
3430
3430
3431
3431
3431
3431
3431
3431
3431
3431
3431
3431
3431
3431
3431
3432
3432
3432
3432
3432
3432
3432
3432
3432
3432
3432
3432
3433
3433
3433
3433
3433
3433
3433
3433
3433
3433
3433
3433
3433
3434
3434
3434
3434
3434
3434
3434
3434
3434
3434
3434
3434
3435
3435
3435
3435
3435
3435
3435
3435
3435
3435
3435
3435
3435
3436
3436
3436
3436
3436
3436
3436
3436
3436
3436
3436
3436
3437
3437
3437
3437
3437
3437
3437
3437
3437
3437
3437
3437
3437
3438
3438
3438
3438
3438
3438
3438
3438
3438
3438
3438
3438
3439
3439
3439
3439
3439
3439
3439
3439
3439
3439
3439
3439
3439
3440
3440
3440
3440
3440
3440
3440
3440
3440
3440
3440
3440
3441
3441
3441
3441
3441
3441
3441
3441
3441
3441
3441
3441
3441
3442
3442
3442
3442
3442
3442
3442
3442
3442
3442
3442
3442
3443
3443
3443
3443
3443
3443
3443
3443
3443
3443
3443
3443
3443
3444
3444
3444
3444
3444
3444
3444
3444
3444
3444
3444
3444
3445
3445
3445
3445
3445
3445
3445
3445
3445
3445
3445
3445
3445
3446
3446
3446
3446
3446
3446
3446
3446
3446
3446
3446
3446
3447
3447
3447
3447
3447
3447
3447
3447
3447
3447
3447
3447
3447
3448
3448
3448
3448
3448
3448
3448
3448
3448
3448
3448
3448
3449
3449
3449
3449
3449
3449
3449
3449
3449
3449
3449
3449
3449
3450
3450
3450
3450
3450
3450
3450
3450
3450
3450
3450
3450
3451
3451
3451
3451
3451
3451
3451
3451
3451
3451
3451
3451
3451
3452
3452
3452
3452
3452
3452
3452
3452
3452
3452
3452
3452
3453
3453
3453
3453
3453
3453
3453
3453
3453
3453
3453
3453
3453
3454
3454
3454
3454
3454
3454
3454
3454
3454
3454
3454
3454
3455
3455
3455
3455
3455
3455
3455
3455
3455
3455
3455
3455
3455
3456
3456
3456
3456
3456
3456
3456
3456
3456
3456
3456
3456
3457
3457
3457
3457
3457
3457
3457
3457
3457
3457
3457
3457
3457
3458
3458
3458
3458
3458
3458
3458
3458
3458
3458
3458
3458
3459
3459
3459
3459
3459
3459
3459
3459
3459
3459
3459
3459
3459
3460
3460
3460
3460
3460
3460
3460
3460
3460
3460
3460
3460
3461
3461
3461
3461
3461
3461
3461
3461
3461
3461
3461
3461
3461
3462
3462
3462
3462
3462
3462
3462
3462
3462
3462
3462
3462
3463
3463
3463
3463
3463
3463
3463
3463
3463
3463
3463
3463
3463
3464
3464
3464
3464
3464
3464
3464
3464
3464
3464
3464
3464
3465
3465
3465
3465
3465
3465
3465
3465
3465
3465
3465
3465
3465
3466
3466
3466
3466
3466
3466
3466
3466
3466
3466
3466
3466
3467
3467
3467
3467
3467
3467
3467
3467
3467
3467
3467
3467
3467
3468
3468
3468
3468
3468
3468
3468
3468
3468
3468
3468
3468
3469
3469
3469
3469
3469
3469
3469
3469
3469
3469
3469
3469
3469
3470
3470
3470
3470
3470
3470
3470
3470
3470
3470
3470
3470
3471
3471
3471
3471
3471
3471
3471
3471
3471
3471
3471
3471
3471
3472
3472
3472
3472
3472
3472
3472
3472
3472
3472
3472
3472
3473
3473
3473
3473
3473
3473
3473
3473
3473
3473
3473
3473
3473
3474
3474
3474
3474
3474
3474
3474
3474
3474
3474
3474
3474
3475
3475
3475
3475
3475
3475
3475
3475
3475
3475
3475
3475
3475
3476
3476
3476
3476
3476
3476
3476
3476
3476
3476
3476
3476
3477
3477
3477
3477
3477
3477
3477
3477
3477
3477
3477
3477
3477
3478
3478
3478
3478
3478
3478
3478
3478
3478
3478
3478
3478
3479
3479
3479
3479
3479
3479
3479
3479
3479
3479
3479
3479
3479
3480
3480
3480
3480
3480
3480
3480
3480
3480
3480
3480
3480
3481
3481
3481
3481
3481
3481
3481
3481
3481
3481
3481
3481
3481
3482
3482
3482
3482
3482
3482
3482
3482
3482
3482
3482
3482
3483
3483
3483
3483
3483
3483
3483
3483
3483
3483
3483
3483
3483
3484
3484
3484
3484
3484
3484
3484
3484
3484
3484
3484
3484
3485
3485
3485
3485
3485
3485
3485
3485
3485
3485
3485
3485
3485
3486
3486
3486
3486
3486
3486
3486
3486
3486
3486
3486
3486
3487
3487
3487
3487
3487
3487
3487
3487
3487
3487
3487
3487
3487
3488
3488
3488
3488
3488
3488
3488
3488
3488
3488
3488
3488
3489
3489
3489
3489
3489
3489
3489
3489
3489
3489
3489
3489
3489
3490
3490
3490
3490
3490
3490
3490
3490
3490
3490
3490
3490
3491
3491
3491
3491
3491
3491
3491
3491
3491
3491
3491
3491
3491
3492
3492
3492
3492
3492
3492
3492
3492
3492
3492
3492
3492
3493
3493
3493
3493
3493
3493
3493
3493
3493
3493
3493
3493
3493
3494
3494
3494
3494
3494
3494
3494
3494
3494
3494
3494
3494
3495
3495
3495
3495
3495
3495
3495
3495
3495
3495
3495
3495
3495
3496
3496
3496
3496
3496
3496
3496
3496
3496
3496
3496
3496
3497
3497
3497
3497
3497
3497
3497
3497
3497
3497
3497
3497
3497
3498
3498
3498
3498
3498
3498
3498
3498
3498
3498
3498
3498
3499
3499
3499
3499
3499
3499
3499
3499
3499
3499
3499
3499
3499
3500
3500
3500
3500
3500
3500
3500
3500
3500
3500
3500
3500
3501
3501
3501
3501
3501
3501
3501
3501
3501
3501
3501
3501
3501
3502
3502
3502
3502
3502
3502
3502
3502
3502
3502
3502
3502
3503
3503
3503
3503
3503
3503
3503
3503
3503
3503
3503
3503
3503
3504
3504
3504
3504
3504
3504
3504
3504
3504
3504
3504
3504
3505
3505
3505
3505
3505
3505
3505
3505
3505
3505
3505
3505
3505
3506
3506
3506
3506
3506
3506
3506
3506
3506
3506
3506
3506
3507
3507
3507
3507
3507
3507
3507
3507
3507
3507
3507
3507
3507
3508
3508
3508
3508
3508
3508
3508
3508
3508
3508
3508
3508
3509
3509
3509
3509
3509
3509
3509
3509
3509
3509
3509
3509
3509
3510
3510
3510
3510
3510
3510
3510
3510
3510
3510
3510
3510
3511
3511
3511
3511
3511
3511
3511
3511
3511
3511
3511
3511
3511
3512
3512
3512
3512
3512
3512
3512
3512
3512
3512
3512
3512
3513
3513
3513
3513
3513
3513
3513
3513
3513
3513
3513
3513
3513
3514
3514
3514
3514
3514
3514
3514
3514
3514
3514
3514
3514
3515
3515
3515
3515
3515
3515
3515
3515
3515
3515
3515
3515
3515
3516
3516
3516
3516
3516
3516
3516
3516
3516
3516
3516
3516
3517
3517
3517
3517
3517
3517
3517
3517
3517
3517
3517
3517
3517
3518
3518
3518
3518
3518
3518
3518
3518
3518
3518
3518
3518
3519
3519
3519
3519
3519
3519
3519
3519
3519
3519
3519
3519
3519
3520
3520
3520
3520
3520
3520
3520
3520
3520
3520
3520
3520
3521
3521
3521
3521
3521
3521
3521
3521
3521
3521
3521
3521
3521
3522
3522
3522
3522
3522
3522
3522
3522
3522
3522
3522
3522
3523
3523
3523
3523
3523
3523
3523
3523
3523
3523
3523
3523
3523
3524
3524
3524
3524
3524
3524
3524
3524
3524
3524
3524
3524
3525
3525
3525
3525
3525
3525
3525
3525
3525
3525
3525
3525
3525
3526
3526
3526
3526
3526
3526
3526
3526
3526
3526
3526
3526
3527
3527
3527
3527
3527
3527
3527
3527
3527
3527
3527
3527
3527
3528
3528
3528
3528
3528
3528
3528
3528
3528
3528
3528
3528
3529
3529
3529
3529
3529
3529
3529
3529
3529
3529
3529
3529
3529
3530
3530
3530
3530
3530
3530
3530
3530
3530
3530
3530
3530
3531
3531
3531
3531
3531
3531
3531
3531
3531
3531
3531
3531
3531
3532
3532
3532
3532
3532
3532
3532
3532
3532
3532
3532
3532
3533
3533
3533
3533
3533
3533
3533
3533
3533
3533
3533
3533
3533
3534
3534
3534
3534
3534
3534
3534
3534
3534
3534
3534
3534
3535
3535
3535
3535
3535
3535
3535
3535
3535
3535
3535
3535
3535
3536
3536
3536
3536
3536
3536
3536
3536
3536
3536
3536
3536
3537
3537
3537
3537
3537
3537
3537
3537
3537
3537
3537
3537
3537
3538
3538
3538
3538
3538
3538
3538
3538
3538
3538
3538
3538
3539
3539
3539
3539
3539
3539
3539
3539
3539
3539
3539
3539
3539
3540
3540
3540
3540
3540
3540
3540
3540
3540
3540
3540
3540
3541
3541
3541
3541
3541
3541
3541
3541
3541
3541
3541
3541
3541
3542
3542
3542
3542
3542
3542
3542
3542
3542
3542
3542
3542
3543
3543
3543
3543
3543
3543
3543
3543
3543
3543
3543
3543
3543
3544
3544
3544
3544
3544
3544
3544
3544
3544
3544
3544
3544
3545
3545
3545
3545
3545
3545
3545
3545
3545
3545
3545
3545
3545
3546
3546
3546
3546
3546
3546
3546
3546
3546
3546
3546
3546
3547
3547
3547
3547
3547
3547
3547
3547
3547
3547
3547
3547
3547
3548
3548
3548
3548
3548
3548
3548
3548
3548
3548
3548
3548
3549
3549
3549
3549
3549
3549
3549
3549
3549
3549
3549
3549
3549
3550
3550
3550
3550
3550
3550
3550
3550
3550
3550
3550
3550
3551
3551
3551
3551
3551
3551
3551
3551
3551
3551
3551
3551
3551
3552
3552
3552
3552
3552
3552
3552
3552
3552
3552
3552
3552
3553
3553
3553
3553
3553
3553
3553
3553
3553
3553
3553
3553
3553
3554
3554
3554
3554
3554
3554
3554
3554
3554
3554
3554
3554
3555
3555
3555
3555
3555
3555
3555
3555
3555
3555
3555
3555
3555
3556
3556
3556
3556
3556
3556
3556
3556
3556
3556
3556
3556
3557
3557
3557
3557
3557
3557
3557
3557
3557
3557
3557
3557
3557
3558
3558
3558
3558
3558
3558
3558
3558
3558
3558
3558
3558
3559
3559
3559
3559
3559
3559
3559
3559
3559
3559
3559
3559
3559
3560
3560
3560
3560
3560
3560
3560
3560
3560
3560
3560
3560
3561
3561
3561
3561
3561
3561
3561
3561
3561
3561
3561
3561
3561
3562
3562
3562
3562
3562
3562
3562
3562
3562
3562
3562
3562
3563
3563
3563
3563
3563
3563
3563
3563
3563
3563
3563
3563
3563
3564
3564
3564
3564
3564
3564
3564
3564
3564
3564
3564
3564
3565
3565
3565
3565
3565
3565
3565
3565
3565
3565
3565
3565
3565
3566
3566
3566
3566
3566
3566
3566
3566
3566
3566
3566
3566
3567
3567
3567
3567
3567
3567
3567
3567
3567
3567
3567
3567
3567
3568
3568
3568
3568
3568
3568
3568
3568
3568
3568
3568
3568
3569
3569
3569
3569
3569
3569
3569
3569
3569
3569
3569
3569
3569
3570
3570
3570
3570
3570
3570
3570
3570
3570
3570
3570
3570
3571
3571
3571
3571
3571
3571
3571
3571
3571
3571
3571
3571
3571
3572
3572
3572
3572
3572
3572
3572
3572
3572
3572
3572
3572
3573
3573
3573
3573
3573
3573
3573
3573
3573
3573
3573
3573
3573
3574
3574
3574
3574
3574
3574
3574
3574
3574
3574
3574
3574
3575
3575
3575
3575
3575
3575
3575
3575
3575
3575
3575
3575
3575
3576
3576
3576
3576
3576
3576
3576
3576
3576
3576
3576
3576
3577
3577
3577
3577
3577
3577
3577
3577
3577
3577
3577
3577
3577
3578
3578
3578
3578
3578
3578
3578
3578
3578
3578
3578
3578
3579
3579
3579
3579
3579
3579
3579
3579
3579
3579
3579
3579
3579
3580
3580
3580
3580
3580
3580
3580
3580
3580
3580
3580
3580
3581
3581
3581
3581
3581
3581
3581
3581
3581
3581
3581
3581
3581
3582
3582
3582
3582
3582
3582
3582
3582
3582
3582
3582
3582
3583
3583
3583
3583
3583
3583
3583
3583
3583
3583
3583
3583
3583
3584
3584
3584
3584
3584
3584
3584
3584
3584
3584
3584
3584
3585
3585
3585
3585
3585
3585
3585
3585
3585
3585
3585
3585
3585
3586
3586
3586
3586
3586
3586
3586
3586
3586
3586
3586
3586
3587
3587
3587
3587
3587
3587
3587
3587
3587
3587
3587
3587
3587
3588
3588
3588
3588
3588
3588
3588
3588
3588
3588
3588
3588
3589
3589
3589
3589
3589
3589
3589
3589
3589
3589
3589
3589
3589
3590
3590
3590
3590
3590
3590
3590
3590
3590
3590
3590
3590
3591
3591
3591
3591
3591
3591
3591
3591
3591
3591
3591
3591
3591
3592
3592
3592
3592
3592
3592
3592
3592
3592
3592
3592
3592
3593
3593
3593
3593
3593
3593
3593
3593
3593
3593
3593
3593
3593
3594
3594
3594
3594
3594
3594
3594
3594
3594
3594
3594
3594
3595
3595
3595
3595
3595
3595
3595
3595
3595
3595
3595
3595
3595
3596
3596
3596
3596
3596
3596
3596
3596
3596
3596
3596
3596
3597
3597
3597
3597
3597
3597
3597
3597
3597
3597
3597
3597
3597
3598
3598
3598
3598
3598
3598
3598
3598
3598
3598
3598
3598
3599
3599
3599
3599
3599
3599
3599
3599
3599
3599
3599
3599
3599
3600
3600
3600
3600
3600
3600
3600
3600
3600
3600
3600
3600
3601
3601
3601
3601
3601
3601
3601
3601
3601
3601
3601
3601
3601
3602
3602
3602
3602
3602
3602
3602
3602
3602
3602
3602
3602
3603
3603
3603
3603
3603
3603
3603
3603
3603
3603
3603
3603
3603
3604
3604
3604
3604
3604
3604
3604
3604
3604
3604
3604
3604
3605
3605
3605
3605
3605
3605
3605
3605
3605
3605
3605
3605
3605
3606
3606
3606
3606
3606
3606
3606
3606
3606
3606
3606
3606
3607
3607
3607
3607
3607
3607
3607
3607
3607
3607
3607
3607
3607
3608
3608
3608
3608
3608
3608
3608
3608
3608
3608
3608
3608
3609
3609
3609
3609
3609
3609
3609
3609
3609
3609
3609
3609
3609
3610
3610
3610
3610
3610
3610
3610
3610
3610
3610
3610
3610
3611
3611
3611
3611
3611
3611
3611
3611
3611
3611
3611
3611
3611
3612
3612
3612
3612
3612
3612
3612
3612
3612
3612
3612
3612
3613
3613
3613
3613
3613
3613
3613
3613
3613
3613
3613
3613
3613
3614
3614
3614
3614
3614
3614
3614
3614
3614
3614
3614
3614
3615
3615
3615
3615
3615
3615
3615
3615
3615
3615
3615
3615
3615
3616
3616
3616
3616
3616
3616
3616
3616
3616
3616
3616
3616
3617
3617
3617
3617
3617
3617
3617
3617
3617
3617
3617
3617
3617
3618
3618
3618
3618
3618
3618
3618
3618
3618
3618
3618
3618
3619
3619
3619
3619
3619
3619
3619
3619
3619
3619
3619
3619
3619
3620
3620
3620
3620
3620
3620
3620
3620
3620
3620
3620
3620
3621
3621
3621
3621
3621
3621
3621
3621
3621
3621
3621
3621
3621
3622
3622
3622
3622
3622
3622
3622
3622
3622
3622
3622
3622
3623
3623
3623
3623
3623
3623
3623
3623
3623
3623
3623
3623
3623
3624
3624
3624
3624
3624
3624
3624
3624
3624
3624
3624
3624
3625
3625
3625
3625
3625
3625
3625
3625
3625
3625
3625
3625
3625
3626
3626
3626
3626
3626
3626
3626
3626
3626
3626
3626
3626
3627
3627
3627
3627
3627
3627
3627
3627
3627
3627
3627
3627
3627
3628
3628
3628
3628
3628
3628
3628
3628
3628
3628
3628
3628
3629
3629
3629
3629
3629
3629
3629
3629
3629
3629
3629
3629
3629
3630
3630
3630
3630
3630
3630
3630
3630
3630
3630
3630
3630
3631
3631
3631
3631
3631
3631
3631
3631
3631
3631
3631
3631
3631
3632
3632
3632
3632
3632
3632
3632
3632
3632
3632
3632
3632
3633
3633
3633
3633
3633
3633
3633
3633
3633
3633
3633
3633
3633
3634
3634
3634
3634
3634
3634
3634
3634
3634
3634
3634
3634
3635
3635
3635
3635
3635
3635
3635
3635
3635
3635
3635
3635
3635
3636
3636
3636
3636
3636
3636
3636
3636
3636
3636
3636
3636
3637
3637
3637
3637
3637
3637
3637
3637
3637
3637
3637
3637
3637
3638
3638
3638
3638
3638
3638
3638
3638
3638
3638
3638
3638
3639
3639
3639
3639
3639
3639
3639
3639
3639
3639
3639
3639
3639
3640
3640
3640
3640
3640
3640
3640
3640
3640
3640
3640
3640
3641
3641
3641
3641
3641
3641
3641
3641
3641
3641
3641
3641
3641
3642
3642
3642
3642
3642
3642
3642
3642
3642
3642
3642
3642
3643
3643
3643
3643
3643
3643
3643
3643
3643
3643
3643
3643
3643
3644
3644
3644
3644
3644
3644
3644
3644
3644
3644
3644
3644
3645
3645
3645
3645
3645
3645
3645
3645
3645
3645
3645
3645
3645
3646
3646
3646
3646
3646
3646
3646
3646
3646
3646
3646
3646
3647
3647
3647
3647
3647
3647
3647
3647
3647
3647
3647
3647
3647
3648
3648
3648
3648
3648
3648
3648
3648
3648
3648
3648
3648
3649
3649
3649
3649
3649
3649
3649
3649
3649
3649
3649
3649
3649
3650
3650
3650
3650
3650
3650
3650
3650
3650
3650
3650
3650
3651
3651
3651
3651
3651
3651
3651
3651
3651
3651
3651
3651
3651
3652
3652
3652
3652
3652
3652
3652
3652
3652
3652
3652
3652
3653
3653
3653
3653
3653
3653
3653
3653
3653
3653
3653
3653
3653
3654
3654
3654
3654
3654
3654
3654
3654
3654
3654
3654
3654
3655
3655
3655
3655
3655
3655
3655
3655
3655
3655
3655
3655
3655
3656
3656
3656
3656
3656
3656
3656
3656
3656
3656
3656
3656
3657
3657
3657
3657
3657
3657
3657
3657
3657
3657
3657
3657
3657
3658
3658
3658
3658
3658
3658
3658
3658
3658
3658
3658
3658
3659
3659
3659
3659
3659
3659
3659
3659
3659
3659
3659
3659
3659
3660
3660
3660
3660
3660
3660
3660
3660
3660
3660
3660
3660
3661
3661
3661
3661
3661
3661
3661
3661
3661
3661
3661
3661
3661
3662
3662
3662
3662
3662
3662
3662
3662
3662
3662
3662
3662
3663
3663
3663
3663
3663
3663
3663
3663
3663
3663
3663
3663
3663
3664
3664
3664
3664
3664
3664
3664
3664
3664
3664
3664
3664
3665
3665
3665
3665
3665
3665
3665
3665
3665
3665
3665
3665
3665
3666
3666
3666
3666
3666
3666
3666
3666
3666
3666
3666
3666
3667
3667
3667
3667
3667
3667
3667
3667
3667
3667
3667
3667
3667
3668
3668
3668
3668
3668
3668
3668
3668
3668
3668
3668
3668
3669
3669
3669
3669
3669
3669
3669
3669
3669
3669
3669
3669
3669
3670
3670
3670
3670
3670
3670
3670
3670
3670
3670
3670
3670
3671
3671
3671
3671
3671
3671
3671
3671
3671
3671
3671
3671
3671
3672
3672
3672
3672
3672
3672
3672
3672
3672
3672
3672
3672
3673
3673
3673
3673
3673
3673
3673
3673
3673
3673
3673
3673
3673
3674
3674
3674
3674
3674
3674
3674
3674
3674
3674
3674
3674
3675
3675
3675
3675
3675
3675
3675
3675
3675
3675
3675
3675
3675
3676
3676
3676
3676
3676
3676
3676
3676
3676
3676
3676
3676
3677
3677
3677
3677
3677
3677
3677
3677
3677
3677
3677
3677
3677
3678
3678
3678
3678
3678
3678
3678
3678
3678
3678
3678
3678
3679
3679
3679
3679
3679
3679
3679
3679
3679
3679
3679
3679
3679
3680
3680
3680
3680
3680
3680
3680
3680
3680
3680
3680
3680
3681
3681
3681
3681
3681
3681
3681
3681
3681
3681
3681
3681
3681
3682
3682
3682
3682
3682
3682
3682
3682
3682
3682
3682
3682
3683
3683
3683
3683
3683
3683
3683
3683
3683
3683
3683
3683
3683
3684
3684
3684
3684
3684
3684
3684
3684
3684
3684
3684
3684
3685
3685
3685
3685
3685
3685
3685
3685
3685
3685
3685
3685
3685
3686
3686
3686
3686
3686
3686
3686
3686
3686
3686
3686
3686
3687
3687
3687
3687
3687
3687
3687
3687
3687
3687
3687
3687
3687
3688
3688
3688
3688
3688
3688
3688
3688
3688
3688
3688
3688
3689
3689
3689
3689
3689
3689
3689
3689
3689
3689
3689
3689
3689
3690
3690
3690
3690
3690
3690
3690
3690
3690
3690
3690
3690
3691
3691
3691
3691
3691
3691
3691
3691
3691
3691
3691
3691
3691
3692
3692
3692
3692
3692
3692
3692
3692
3692
3692
3692
3692
3693
3693
3693
3693
3693
3693
3693
3693
3693
3693
3693
3693
3693
3694
3694
3694
3694
3694
3694
3694
3694
3694
3694
3694
3694
3695
3695
3695
3695
3695
3695
3695
3695
3695
3695
3695
3695
3695
3696
3696
3696
3696
3696
3696
3696
3696
3696
3696
3696
3696
3697
3697
3697
3697
3697
3697
3697
3697
3697
3697
3697
3697
3697
3698
3698
3698
3698
3698
3698
3698
3698
3698
3698
3698
3698
3699
3699
3699
3699
3699
3699
3699
3699
3699
3699
3699
3699
3699
3700
3700
3700
3700
3700
3700
3700
3700
3700
3700
3700
3700
3701
3701
3701
3701
3701
3701
3701
3701
3701
3701
3701
3701
3701
3702
3702
3702
3702
3702
3702
3702
3702
3702
3702
3702
3702
3703
3703
3703
3703
3703
3703
3703
3703
3703
3703
3703
3703
3703
3704
3704
3704
3704
3704
3704
3704
3704
3704
3704
3704
3704
3705
3705
3705
3705
3705
3705
3705
3705
3705
3705
3705
3705
3705
3706
3706
3706
3706
3706
3706
3706
3706
3706
3706
3706
3706
3707
3707
3707
3707
3707
3707
3707
3707
3707
3707
3707
3707
3707
3708
3708
3708
3708
3708
3708
3708
3708
3708
3708
3708
3708
3709
3709
3709
3709
3709
3709
3709
3709
3709
3709
3709
3709
3709
3710
3710
3710
3710
3710
3710
3710
3710
3710
3710
3710
3710
3711
3711
3711
3711
3711
3711
3711
3711
3711
3711
3711
3711
3711
3712
3712
3712
3712
3712
3712
3712
3712
3712
3712
3712
3712
3713
3713
3713
3713
3713
3713
3713
3713
3713
3713
3713
3713
3713
3714
3714
3714
3714
3714
3714
3714
3714
3714
3714
3714
3714
3715
3715
3715
3715
3715
3715
3715
3715
3715
3715
3715
3715
3715
3716
3716
3716
3716
3716
3716
3716
3716
3716
3716
3716
3716
3717
3717
3717
3717
3717
3717
3717
3717
3717
3717
3717
3717
3717
3718
3718
3718
3718
3718
3718
3718
3718
3718
3718
3718
3718
3719
3719
3719
3719
3719
3719
3719
3719
3719
3719
3719
3719
3719
3720
3720
3720
3720
3720
3720
3720
3720
3720
3720
3720
3720
3721
3721
3721
3721
3721
3721
3721
3721
3721
3721
3721
3721
3721
3722
3722
3722
3722
3722
3722
3722
3722
3722
3722
3722
3722
3723
3723
3723
3723
3723
3723
3723
3723
3723
3723
3723
3723
3723
3724
3724
3724
3724
3724
3724
3724
3724
3724
3724
3724
3724
3725
3725
3725
3725
3725
3725
3725
3725
3725
3725
3725
3725
3725
3726
3726
3726
3726
3726
3726
3726
3726
3726
3726
3726
3726
3727
3727
3727
3727
3727
3727
3727
3727
3727
3727
3727
3727
3727
3728
3728
3728
3728
3728
3728
3728
3728
3728
3728
3728
3728
3729
3729
3729
3729
3729
3729
3729
3729
3729
3729
3729
3729
3729
3730
3730
3730
3730
3730
3730
3730
3730
3730
3730
3730
3730
3731
3731
3731
3731
3731
3731
3731
3731
3731
3731
3731
3731
3731
3732
3732
3732
3732
3732
3732
3732
3732
3732
3732
3732
3732
3733
3733
3733
3733
3733
3733
3733
3733
3733
3733
3733
3733
3733
3734
3734
3734
3734
3734
3734
3734
3734
3734
3734
3734
3734
3735
3735
3735
3735
3735
3735
3735
3735
3735
3735
3735
3735
3735
3736
3736
3736
3736
3736
3736
3736
3736
3736
3736
3736
3736
3737
3737
3737
3737
3737
3737
3737
3737
3737
3737
3737
3737
3737
3738
3738
3738
3738
3738
3738
3738
3738
3738
3738
3738
3738
3739
3739
3739
3739
3739
3739
3739
3739
3739
3739
3739
3739
3739
3740
3740
3740
3740
3740
3740
3740
3740
3740
3740
3740
3740
3741
3741
3741
3741
3741
3741
3741
3741
3741
3741
3741
3741
3741
3742
3742
3742
3742
3742
3742
3742
3742
3742
3742
3742
3742
3743
3743
3743
3743
3743
3743
3743
3743
3743
3743
3743
3743
3743
3744
3744
3744
3744
3744
3744
3744
3744
3744
3744
3744
3744
3745
3745
3745
3745
3745
3745
3745
3745
3745
3745
3745
3745
3745
3746
3746
3746
3746
3746
3746
3746
3746
3746
3746
3746
3746
3747
3747
3747
3747
3747
3747
3747
3747
3747
3747
3747
3747
3747
3748
3748
3748
3748
3748
3748
3748
3748
3748
3748
3748
3748
3749
3749
3749
3749
3749
3749
3749
3749
3749
3749
3749
3749
3749
3750
3750
3750
3750
3750
3750
3750
3750
3750
3750
3750
3750
3751
3751
3751
3751
3751
3751
3751
3751
3751
3751
3751
3751
3751
3752
3752
3752
3752
3752
3752
3752
3752
3752
3752
3752
3752
3753
3753
3753
3753
3753
3753
3753
3753
3753
3753
3753
3753
3753
3754
3754
3754
3754
3754
3754
3754
3754
3754
3754
3754
3754
3755
3755
3755
3755
3755
3755
3755
3755
3755
3755
3755
3755
3755
3756
3756
3756
3756
3756
3756
3756
3756
3756
3756
3756
3756
3757
3757
3757
3757
3757
3757
3757
3757
3757
3757
3757
3757
3757
3758
3758
3758
3758
3758
3758
3758
3758
3758
3758
3758
3758
3759
3759
3759
3759
3759
3759
3759
3759
3759
3759
3759
3759
3759
3760
3760
3760
3760
3760
3760
3760
3760
3760
3760
3760
3760
3761
3761
3761
3761
3761
3761
3761
3761
3761
3761
3761
3761
3761
3762
3762
3762
3762
3762
3762
3762
3762
3762
3762
3762
3762
3763
3763
3763
3763
3763
3763
3763
3763
3763
3763
3763
3763
3763
3764
3764
3764
3764
3764
3764
3764
3764
3764
3764
3764
3764
3765
3765
3765
3765
3765
3765
3765
3765
3765
3765
3765
3765
3765
3766
3766
3766
3766
3766
3766
3766
3766
3766
3766
3766
3766
3767
3767
3767
3767
3767
3767
3767
3767
3767
3767
3767
3767
3767
3768
3768
3768
3768
3768
3768
3768
3768
3768
3768
3768
3768
3769
3769
3769
3769
3769
3769
3769
3769
3769
3769
3769
3769
3769
3770
3770
3770
3770
3770
3770
3770
3770
3770
3770
3770
3770
3771
3771
3771
3771
3771
3771
3771
3771
3771
3771
3771
3771
3771
3772
3772
3772
3772
3772
3772
3772
3772
3772
3772
3772
3772
3773
3773
3773
3773
3773
3773
3773
3773
3773
3773
3773
3773
3773
3774
3774
3774
3774
3774
3774
3774
3774
3774
3774
3774
3774
3775
3775
3775
3775
3775
3775
3775
3775
3775
3775
3775
3775
3775
3776
3776
3776
3776
3776
3776
3776
3776
3776
3776
3776
3776
3777
3777
3777
3777
3777
3777
3777
3777
3777
3777
3777
3777
3777
3778
3778
3778
3778
3778
3778
3778
3778
3778
3778
3778
3778
3779
3779
3779
3779
3779
3779
3779
3779
3779
3779
3779
3779
3779
3780
3780
3780
3780
3780
3780
3780
3780
3780
3780
3780
3780
3781
3781
3781
3781
3781
3781
3781
3781
3781
3781
3781
3781
3781
3782
3782
3782
3782
3782
3782
3782
3782
3782
3782
3782
3782
3783
3783
3783
3783
3783
3783
3783
3783
3783
3783
3783
3783
3783
3784
3784
3784
3784
3784
3784
3784
3784
3784
3784
3784
3784
3785
3785
3785
3785
3785
3785
3785
3785
3785
3785
3785
3785
3785
3786
3786
3786
3786
3786
3786
3786
3786
3786
3786
3786
3786
3787
3787
3787
3787
3787
3787
3787
3787
3787
3787
3787
3787
3787
3788
3788
3788
3788
3788
3788
3788
3788
3788
3788
3788
3788
3789
3789
3789
3789
3789
3789
3789
3789
3789
3789
3789
3789
3789
3790
3790
3790
3790
3790
3790
3790
3790
3790
3790
3790
3790
3791
3791
3791
3791
3791
3791
3791
3791
3791
3791
3791
3791
3791
3792
3792
3792
3792
3792
3792
3792
3792
3792
3792
3792
3792
3793
3793
3793
3793
3793
3793
3793
3793
3793
3793
3793
3793
3793
3794
3794
3794
3794
3794
3794
3794
3794
3794
3794
3794
3794
3795
3795
3795
3795
3795
3795
3795
3795
3795
3795
3795
3795
3795
3796
3796
3796
3796
3796
3796
3796
3796
3796
3796
3796
3796
3797
3797
3797
3797
3797
3797
3797
3797
3797
3797
3797
3797
3797
3798
3798
3798
3798
3798
3798
3798
3798
3798
3798
3798
3798
3799
3799
3799
3799
3799
3799
3799
3799
3799
3799
3799
3799
3799
3800
3800
3800
3800
3800
3800
3800
3800
3800
3800
3800
3800
3801
3801
3801
3801
3801
3801
3801
3801
3801
3801
3801
3801
3801
3802
3802
3802
3802
3802
3802
3802
3802
3802
3802
3802
3802
3803
3803
3803
3803
3803
3803
3803
3803
3803
3803
3803
3803
3803
3804
3804
3804
3804
3804
3804
3804
3804
3804
3804
3804
3804
3805
3805
3805
3805
3805
3805
3805
3805
3805
3805
3805
3805
3805
3806
3806
3806
3806
3806
3806
3806
3806
3806
3806
3806
3806
3807
3807
3807
3807
3807
3807
3807
3807
3807
3807
3807
3807
3807
3808
3808
3808
3808
3808
3808
3808
3808
3808
3808
3808
3808
3809
3809
3809
3809
3809
3809
3809
3809
3809
3809
3809
3809
3809
3810
3810
3810
3810
3810
3810
3810
3810
3810
3810
3810
3810
3811
3811
3811
3811
3811
3811
3811
3811
3811
3811
3811
3811
3811
3812
3812
3812
3812
3812
3812
3812
3812
3812
3812
3812
3812
3813
3813
3813
3813
3813
3813
3813
3813
3813
3813
3813
3813
3813
3814
3814
3814
3814
3814
3814
3814
3814
3814
3814
3814
3814
3815
3815
3815
3815
3815
3815
3815
3815
3815
3815
3815
3815
3815
3816
3816
3816
3816
3816
3816
3816
3816
3816
3816
3816
3816
3817
3817
3817
3817
3817
3817
3817
3817
3817
3817
3817
3817
3817
3818
3818
3818
3818
3818
3818
3818
3818
3818
3818
3818
3818
3819
3819
3819
3819
3819
3819
3819
3819
3819
3819
3819
3819
3819
3820
3820
3820
3820
3820
3820
3820
3820
3820
3820
3820
3820
3821
3821
3821
3821
3821
3821
3821
3821
3821
3821
3821
3821
3821
3822
3822
3822
3822
3822
3822
3822
3822
3822
3822
3822
3822
3823
3823
3823
3823
3823
3823
3823
3823
3823
3823
3823
3823
3823
3824
3824
3824
3824
3824
3824
3824
3824
3824
3824
3824
3824
3825
3825
3825
3825
3825
3825
3825
3825
3825
3825
3825
3825
3825
3826
3826
3826
3826
3826
3826
3826
3826
3826
3826
3826
3826
3827
3827
3827
3827
3827
3827
3827
3827
3827
3827
3827
3827
3827
3828
3828
3828
3828
3828
3828
3828
3828
3828
3828
3828
3828
3829
3829
3829
3829
3829
3829
3829
3829
3829
3829
3829
3829
3829
3830
3830
3830
3830
3830
3830
3830
3830
3830
3830
3830
3830
3831
3831
3831
3831
3831
3831
3831
3831
3831
3831
3831
3831
3831
3832
3832
3832
3832
3832
3832
3832
3832
3832
3832
3832
3832
3833
3833
3833
3833
3833
3833
3833
3833
3833
3833
3833
3833
3833
3834
3834
3834
3834
3834
3834
3834
3834
3834
3834
3834
3834
3835
3835
3835
3835
3835
3835
3835
3835
3835
3835
3835
3835
3835
3836
3836
3836
3836
3836
3836
3836
3836
3836
3836
3836
3836
3837
3837
3837
3837
3837
3837
3837
3837
3837
3837
3837
3837
3837
3838
3838
3838
3838
3838
3838
3838
3838
3838
3838
3838
3838
3839
3839
3839
3839
3839
3839
3839
3839
3839
3839
3839
3839
3839
3840
3840
3840
3840
3840
3840
3840
3840
3840
3840
3840
3840
3841
3841
3841
3841
3841
3841
3841
3841
3841
3841
3841
3841
3841
3842
3842
3842
3842
3842
3842
3842
3842
3842
3842
3842
3842
3843
3843
3843
3843
3843
3843
3843
3843
3843
3843
3843
3843
3843
3844
3844
3844
3844
3844
3844
3844
3844
3844
3844
3844
3844
3845
3845
3845
3845
3845
3845
3845
3845
3845
3845
3845
3845
3845
3846
3846
3846
3846
3846
3846
3846
3846
3846
3846
3846
3846
3847
3847
3847
3847
3847
3847
3847
3847
3847
3847
3847
3847
3847
3848
3848
3848
3848
3848
3848
3848
3848
3848
3848
3848
3848
3849
3849
3849
3849
3849
3849
3849
3849
3849
3849
3849
3849
3849
3850
3850
3850
3850
3850
3850
3850
3850
3850
3850
3850
3850
3851
3851
3851
3851
3851
3851
3851
3851
3851
3851
3851
3851
3851
3852
3852
3852
3852
3852
3852
3852
3852
3852
3852
3852
3852
3853
3853
3853
3853
3853
3853
3853
3853
3853
3853
3853
3853
3853
3854
3854
3854
3854
3854
3854
3854
3854
3854
3854
3854
3854
3855
3855
3855
3855
3855
3855
3855
3855
3855
3855
3855
3855
3855
3856
3856
3856
3856
3856
3856
3856
3856
3856
3856
3856
3856
3857
3857
3857
3857
3857
3857
3857
3857
3857
3857
3857
3857
3857
3858
3858
3858
3858
3858
3858
3858
3858
3858
3858
3858
3858
3859
3859
3859
3859
3859
3859
3859
3859
3859
3859
3859
3859
3859
3860
3860
3860
3860
3860
3860
3860
3860
3860
3860
3860
3860
3861
3861
3861
3861
3861
3861
3861
3861
3861
3861
3861
3861
3861
3862
3862
3862
3862
3862
3862
3862
3862
3862
3862
3862
3862
3863
3863
3863
3863
3863
3863
3863
3863
3863
3863
3863
3863
3863
3864
3864
3864
3864
3864
3864
3864
3864
3864
3864
3864
3864
3865
3865
3865
3865
3865
3865
3865
3865
3865
3865
3865
3865
3865
3866
3866
3866
3866
3866
3866
3866
3866
3866
3866
3866
3866
3867
3867
3867
3867
3867
3867
3867
3867
3867
3867
3867
3867
3867
3868
3868
3868
3868
3868
3868
3868
3868
3868
3868
3868
3868
3869
3869
3869
3869
3869
3869
3869
3869
3869
3869
3869
3869
3869
3870
3870
3870
3870
3870
3870
3870
3870
3870
3870
3870
3870
3871
3871
3871
3871
3871
3871
3871
3871
3871
3871
3871
3871
3871
3872
3872
3872
3872
3872
3872
3872
3872
3872
3872
3872
3872
3873
3873
3873
3873
3873
3873
3873
3873
3873
3873
3873
3873
3873
3874
3874
3874
3874
3874
3874
3874
3874
3874
3874
3874
3874
3875
3875
3875
3875
3875
3875
3875
3875
3875
3875
3875
3875
3875
3876
3876
3876
3876
3876
3876
3876
3876
3876
3876
3876
3876
3877
3877
3877
3877
3877
3877
3877
3877
3877
3877
3877
3877
3877
3878
3878
3878
3878
3878
3878
3878
3878
3878
3878
3878
3878
3879
3879
3879
3879
3879
3879
3879
3879
3879
3879
3879
3879
3879
3880
3880
3880
3880
3880
3880
3880
3880
3880
3880
3880
3880
3881
3881
3881
3881
3881
3881
3881
3881
3881
3881
3881
3881
3881
3882
3882
3882
3882
3882
3882
3882
3882
3882
3882
3882
3882
3883
3883
3883
3883
3883
3883
3883
3883
3883
3883
3883
3883
3883
3884
3884
3884
3884
3884
3884
3884
3884
3884
3884
3884
3884
3885
3885
3885
3885
3885
3885
3885
3885
3885
3885
3885
3885
3885
3886
3886
3886
3886
3886
3886
3886
3886
3886
3886
3886
3886
3887
3887
3887
3887
3887
3887
3887
3887
3887
3887
3887
3887
3887
3888
3888
3888
3888
3888
3888
3888
3888
3888
3888
3888
3888
3889
3889
3889
3889
3889
3889
3889
3889
3889
3889
3889
3889
3889
3890
3890
3890
3890
3890
3890
3890
3890
3890
3890
3890
3890
3891
3891
3891
3891
3891
3891
3891
3891
3891
3891
3891
3891
3891
3892
3892
3892
3892
3892
3892
3892
3892
3892
3892
3892
3892
3893
3893
3893
3893
3893
3893
3893
3893
3893
3893
3893
3893
3893
3894
3894
3894
3894
3894
3894
3894
3894
3894
3894
3894
3894
3895
3895
3895
3895
3895
3895
3895
3895
3895
3895
3895
3895
3895
3896
3896
3896
3896
3896
3896
3896
3896
3896
3896
3896
3896
3897
3897
3897
3897
3897
3897
3897
3897
3897
3897
3897
3897
3897
3898
3898
3898
3898
3898
3898
3898
3898
3898
3898
3898
3898
3899
3899
3899
3899
3899
3899
3899
3899
3899
3899
3899
3899
3899
3900
3900
3900
3900
3900
3900
3900
3900
3900
3900
3900
3900
3901
3901
3901
3901
3901
3901
3901
3901
3901
3901
3901
3901
3901
3902
3902
3902
3902
3902
3902
3902
3902
3902
3902
3902
3902
3903
3903
3903
3903
3903
3903
3903
3903
3903
3903
3903
3903
3903
3904
3904
3904
3904
3904
3904
3904
3904
3904
3904
3904
3904
3905
3905
3905
3905
3905
3905
3905
3905
3905
3905
3905
3905
3905
3906
3906
3906
3906
3906
3906
3906
3906
3906
3906
3906
3906
3907
3907
3907
3907
3907
3907
3907
3907
3907
3907
3907
3907
3907
3908
3908
3908
3908
3908
3908
3908
3908
3908
3908
3908
3908
3909
3909
3909
3909
3909
3909
3909
3909
3909
3909
3909
3909
3909
3910
3910
3910
3910
3910
3910
3910
3910
3910
3910
3910
3910
3911
3911
3911
3911
3911
3911
3911
3911
3911
3911
3911
3911
3911
3912
3912
3912
3912
3912
3912
3912
3912
3912
3912
3912
3912
3913
3913
3913
3913
3913
3913
3913
3913
3913
3913
3913
3913
3913
3914
3914
3914
3914
3914
3914
3914
3914
3914
3914
3914
3914
3915
3915
3915
3915
3915
3915
3915
3915
3915
3915
3915
3915
3915
3916
3916
3916
3916
3916
3916
3916
3916
3916
3916
3916
3916
3917
3917
3917
3917
3917
3917
3917
3917
3917
3917
3917
3917
3917
3918
3918
3918
3918
3918
3918
3918
3918
3918
3918
3918
3918
3919
3919
3919
3919
3919
3919
3919
3919
3919
3919
3919
3919
3919
3920
3920
3920
3920
3920
3920
3920
3920
3920
3920
3920
3920
3921
3921
3921
3921
3921
3921
3921
3921
3921
3921
3921
3921
3921
3922
3922
3922
3922
3922
3922
3922
3922
3922
3922
3922
3922
3923
3923
3923
3923
3923
3923
3923
3923
3923
3923
3923
3923
3923
3924
3924
3924
3924
3924
3924
3924
3924
3924
3924
3924
3924
3925
3925
3925
3925
3925
3925
3925
3925
3925
3925
3925
3925
3925
3926
3926
3926
3926
3926
3926
3926
3926
3926
3926
3926
3926
3927
3927
3927
3927
3927
3927
3927
3927
3927
3927
3927
3927
3927
3928
3928
3928
3928
3928
3928
3928
3928
3928
3928
3928
3928
3929
3929
3929
3929
3929
3929
3929
3929
3929
3929
3929
3929
3929
3930
3930
3930
3930
3930
3930
3930
3930
3930
3930
3930
3930
3931
3931
3931
3931
3931
3931
3931
3931
3931
3931
3931
3931
3931
3932
3932
3932
3932
3932
3932
3932
3932
3932
3932
3932
3932
3933
3933
3933
3933
3933
3933
3933
3933
3933
3933
3933
3933
3933
3934
3934
3934
3934
3934
3934
3934
3934
3934
3934
3934
3934
3935
3935
3935
3935
3935
3935
3935
3935
3935
3935
3935
3935
3935
3936
3936
3936
3936
3936
3936
3936
3936
3936
3936
3936
3936
3937
3937
3937
3937
3937
3937
3937
3937
3937
3937
3937
3937
3937
3938
3938
3938
3938
3938
3938
3938
3938
3938
3938
3938
3938
3939
3939
3939
3939
3939
3939
3939
3939
3939
3939
3939
3939
3939
3940
3940
3940
3940
3940
3940
3940
3940
3940
3940
3940
3940
3941
3941
3941
3941
3941
3941
3941
3941
3941
3941
3941
3941
3941
3942
3942
3942
3942
3942
3942
3942
3942
3942
3942
3942
3942
3943
3943
3943
3943
3943
3943
3943
3943
3943
3943
3943
3943
3943
3944
3944
3944
3944
3944
3944
3944
3944
3944
3944
3944
3944
3945
3945
3945
3945
3945
3945
3945
3945
3945
3945
3945
3945
3945
3946
3946
3946
3946
3946
3946
3946
3946
3946
3946
3946
3946
3947
3947
3947
3947
3947
3947
3947
3947
3947
3947
3947
3947
3947
3948
3948
3948
3948
3948
3948
3948
3948
3948
3948
3948
3948
3949
3949
3949
3949
3949
3949
3949
3949
3949
3949
3949
3949
3949
3950
3950
3950
3950
3950
3950
3950
3950
3950
3950
3950
3950
3951
3951
3951
3951
3951
3951
3951
3951
3951
3951
3951
3951
3951
3952
3952
3952
3952
3952
3952
3952
3952
3952
3952
3952
3952
3953
3953
3953
3953
3953
3953
3953
3953
3953
3953
3953
3953
3953
3954
3954
3954
3954
3954
3954
3954
3954
3954
3954
3954
3954
3955
3955
3955
3955
3955
3955
3955
3955
3955
3955
3955
3955
3955
3956
3956
3956
3956
3956
3956
3956
3956
3956
3956
3956
3956
3957
3957
3957
3957
3957
3957
3957
3957
3957
3957
3957
3957
3957
3958
3958
3958
3958
3958
3958
3958
3958
3958
3958
3958
3958
3959
3959
3959
3959
3959
3959
3959
3959
3959
3959
3959
3959
3959
3960
3960
3960
3960
3960
3960
3960
3960
3960
3960
3960
3960
3961
3961
3961
3961
3961
3961
3961
3961
3961
3961
3961
3961
3961
3962
3962
3962
3962
3962
3962
3962
3962
3962
3962
3962
3962
3963
3963
3963
3963
3963
3963
3963
3963
3963
3963
3963
3963
3963
3964
3964
3964
3964
3964
3964
3964
3964
3964
3964
3964
3964
3965
3965
3965
3965
3965
3965
3965
3965
3965
3965
3965
3965
3965
3966
3966
3966
3966
3966
3966
3966
3966
3966
3966
3966
3966
3967
3967
3967
3967
3967
3967
3967
3967
3967
3967
3967
3967
3967
3968
3968
3968
3968
3968
3968
3968
3968
3968
3968
3968
3968
3969
3969
3969
3969
3969
3969
3969
3969
3969
3969
3969
3969
3969
3970
3970
3970
3970
3970
3970
3970
3970
3970
3970
3970
3970
3971
3971
3971
3971
3971
3971
3971
3971
3971
3971
3971
3971
3971
3972
3972
3972
3972
3972
3972
3972
3972
3972
3972
3972
3972
3973
3973
3973
3973
3973
3973
3973
3973
3973
3973
3973
3973
3973
3974
3974
3974
3974
3974
3974
3974
3974
3974
3974
3974
3974
3975
3975
3975
3975
3975
3975
3975
3975
3975
3975
3975
3975
3975
3976
3976
3976
3976
3976
3976
3976
3976
3976
3976
3976
3976
3977
3977
3977
3977
3977
3977
3977
3977
3977
3977
3977
3977
3977
3978
3978
3978
3978
3978
3978
3978
3978
3978
3978
3978
3978
3979
3979
3979
3979
3979
3979
3979
3979
3979
3979
3979
3979
3979
3980
3980
3980
3980
3980
3980
3980
3980
3980
3980
3980
3980
3981
3981
3981
3981
3981
3981
3981
3981
3981
3981
3981
3981
3981
3982
3982
3982
3982
3982
3982
3982
3982
3982
3982
3982
3982
3983
3983
3983
3983
3983
3983
3983
3983
3983
3983
3983
3983
3983
3984
3984
3984
3984
3984
3984
3984
3984
3984
3984
3984
3984
3985
3985
3985
3985
3985
3985
3985
3985
3985
3985
3985
3985
3985
3986
3986
3986
3986
3986
3986
3986
3986
3986
3986
3986
3986
3987
3987
3987
3987
3987
3987
3987
3987
3987
3987
3987
3987
3987
3988
3988
3988
3988
3988
3988
3988
3988
3988
3988
3988
3988
3989
3989
3989
3989
3989
3989
3989
3989
3989
3989
3989
3989
3989
3990
3990
3990
3990
3990
3990
3990
3990
3990
3990
3990
3990
3991
3991
3991
3991
3991
3991
3991
3991
3991
3991
3991
3991
3991
3992
3992
3992
3992
3992
3992
3992
3992
3992
3992
3992
3992
3993
3993
3993
3993
3993
3993
3993
3993
3993
3993
3993
3993
3993
3994
3994
3994
3994
3994
3994
3994
3994
3994
3994
3994
3994
3995
3995
3995
3995
3995
3995
3995
3995
3995
3995
3995
3995
3995
3996
3996
3996
3996
3996
3996
3996
3996
3996
3996
3996
3996
3997
3997
3997
3997
3997
3997
3997
3997
3997
3997
3997
3997
3997
3998
3998
3998
3998
3998
3998
3998
3998
3998
3998
3998
3998
3999
3999
3999
3999
3999
3999
3999
3999
3999
3999
3999
3999
3999
4000
4000
4000
4000
4000
4000
4000
4000
4000
4000
4000
4000
4001
4001
4001
4001
4001
4001
4001
4001
4001
4001
4001
4001
4001
4002
4002
4002
4002
4002
4002
4002
4002
4002
4002
4002
4002
4003
4003
4003
4003
4003
4003
4003
4003
4003
4003
4003
4003
4003
4004
4004
4004
4004
4004
4004
4004
4004
4004
4004
4004
4004
4005
4005
4005
4005
4005
4005
4005
4005
4005
4005
4005
4005
4005
4006
4006
4006
4006
4006
4006
4006
4006
4006
4006
4006
4006
4007
4007
4007
4007
4007
4007
4007
4007
4007
4007
4007
4007
4007
4008
4008
4008
4008
4008
4008
4008
4008
4008
4008
4008
4008
4009
4009
4009
4009
4009
4009
4009
4009
4009
4009
4009
4009
4009
4010
4010
4010
4010
4010
4010
4010
4010
4010
4010
4010
4010
4011
4011
4011
4011
4011
4011
4011
4011
4011
4011
4011
4011
4011
4012
4012
4012
4012
4012
4012
4012
4012
4012
4012
4012
4012
4013
4013
4013
4013
4013
4013
4013
4013
4013
4013
4013
4013
4013
4014
4014
4014
4014
4014
4014
4014
4014
4014
4014
4014
4014
4015
4015
4015
4015
4015
4015
4015
4015
4015
4015
4015
4015
4015
4016
4016
4016
4016
4016
4016
4016
4016
4016
4016
4016
4016
4017
4017
4017
4017
4017
4017
4017
4017
4017
4017
4017
4017
4017
4018
4018
4018
4018
4018
4018
4018
4018
4018
4018
4018
4018
4019
4019
4019
4019
4019
4019
4019
4019
4019
4019
4019
4019
4019
4020
4020
4020
4020
4020
4020
4020
4020
4020
4020
4020
4020
4021
4021
4021
4021
4021
4021
4021
4021
4021
4021
4021
4021
4021
4022
4022
4022
4022
4022
4022
4022
4022
4022
4022
4022
4022
4023
4023
4023
4023
4023
4023
4023
4023
4023
4023
4023
4023
4023
4024
4024
4024
4024
4024
4024
4024
4024
4024
4024
4024
4024
4025
4025
4025
4025
4025
4025
4025
4025
4025
4025
4025
4025
4025
4026
4026
4026
4026
4026
4026
4026
4026
4026
4026
4026
4026
4027
4027
4027
4027
4027
4027
4027
4027
4027
4027
4027
4027
4027
4028
4028
4028
4028
4028
4028
4028
4028
4028
4028
4028
4028
4029
4029
4029
4029
4029
4029
4029
4029
4029
4029
4029
4029
4029
4030
4030
4030
4030
4030
4030
4030
4030
4030
4030
4030
4030
4031
4031
4031
4031
4031
4031
4031
4031
4031
4031
4031
4031
4031
4032
4032
4032
4032
4032
4032
4032
4032
4032
4032
4032
4032
4033
4033
4033
4033
4033
4033
4033
4033
4033
4033
4033
4033
4033
4034
4034
4034
4034
4034
4034
4034
4034
4034
4034
4034
4034
4035
4035
4035
4035
4035
4035
4035
4035
4035
4035
4035
4035
4035
4036
4036
4036
4036
4036
4036
4036
4036
4036
4036
4036
4036
4037
4037
4037
4037
4037
4037
4037
4037
4037
4037
4037
4037
4037
4038
4038
4038
4038
4038
4038
4038
4038
4038
4038
4038
4038
4039
4039
4039
4039
4039
4039
4039
4039
4039
4039
4039
4039
4039
4040
4040
4040
4040
4040
4040
4040
4040
4040
4040
4040
4040
4041
4041
4041
4041
4041
4041
4041
4041
4041
4041
4041
4041
4041
4042
4042
4042
4042
4042
4042
4042
4042
4042
4042
4042
4042
4043
4043
4043
4043
4043
4043
4043
4043
4043
4043
4043
4043
4043
4044
4044
4044
4044
4044
4044
4044
4044
4044
4044
4044
4044
4045
4045
4045
4045
4045
4045
4045
4045
4045
4045
4045
4045
4045
4046
4046
4046
4046
4046
4046
4046
4046
4046
4046
4046
4046
4047
4047
4047
4047
4047
4047
4047
4047
4047
4047
4047
4047
4047
4048
4048
4048
4048
4048
4048
4048
4048
4048
4048
4048
4048
4049
4049
4049
4049
4049
4049
4049
4049
4049
4049
4049
4049
4049
4050
4050
4050
4050
4050
4050
4050
4050
4050
4050
4050
4050
4051
4051
4051
4051
4051
4051
4051
4051
4051
4051
4051
4051
4051
4052
4052
4052
4052
4052
4052
4052
4052
4052
4052
4052
4052
4053
4053
4053
4053
4053
4053
4053
4053
4053
4053
4053
4053
4053
4054
4054
4054
4054
4054
4054
4054
4054
4054
4054
4054
4054
4055
4055
4055
4055
4055
4055
4055
4055
4055
4055
4055
4055
4055
4056
4056
4056
4056
4056
4056
4056
4056
4056
4056
4056
4056
4057
4057
4057
4057
4057
4057
4057
4057
4057
4057
4057
4057
4057
4058
4058
4058
4058
4058
4058
4058
4058
4058
4058
4058
4058
4059
4059
4059
4059
4059
4059
4059
4059
4059
4059
4059
4059
4059
4060
4060
4060
4060
4060
4060
4060
4060
4060
4060
4060
4060
4061
4061
4061
4061
4061
4061
4061
4061
4061
4061
4061
4061
4061
4062
4062
4062
4062
4062
4062
4062
4062
4062
4062
4062
4062
4063
4063
4063
4063
4063
4063
4063
4063
4063
4063
4063
4063
4063
4064
4064
4064
4064
4064
4064
4064
4064
4064
4064
4064
4064
4065
4065
4065
4065
4065
4065
4065
4065
4065
4065
4065
4065
4065
4066
4066
4066
4066
4066
4066
4066
4066
4066
4066
4066
4066
4067
4067
4067
4067
4067
4067
4067
4067
4067
4067
4067
4067
4067
4068
4068
4068
4068
4068
4068
4068
4068
4068
4068
4068
4068
4069
4069
4069
4069
4069
4069
4069
4069
4069
4069
4069
4069
4069
4070
4070
4070
4070
4070
4070
4070
4070
4070
4070
4070
4070
4071
4071
4071
4071
4071
4071
4071
4071
4071
4071
4071
4071
4071
4072
4072
4072
4072
4072
4072
4072
4072
4072
4072
4072
4072
4073
4073
4073
4073
4073
4073
4073
4073
4073
4073
4073
4073
4073
4074
4074
4074
4074
4074
4074
4074
4074
4074
4074
4074
4074
4075
4075
4075
4075
4075
4075
4075
4075
4075
4075
4075
4075
4075
4076
4076
4076
4076
4076
4076
4076
4076
4076
4076
4076
4076
4077
4077
4077
4077
4077
4077
4077
4077
4077
4077
4077
4077
4077
4078
4078
4078
4078
4078
4078
4078
4078
4078
4078
4078
4078
4079
4079
4079
4079
4079
4079
4079
4079
4079
4079
4079
4079
4079
4080
4080
4080
4080
4080
4080
4080
4080
4080
4080
4080
4080
4081
4081
4081
4081
4081
4081
4081
4081
4081
4081
4081
4081
4081
4082
4082
4082
4082
4082
4082
4082
4082
4082
4082
4082
4082
4083
4083
4083
4083
4083
4083
4083
4083
4083
4083
4083
4083
4083
4084
4084
4084
4084
4084
4084
4084
4084
4084
4084
4084
4084
4085
4085
4085
4085
4085
4085
4085
4085
4085
4085
4085
4085
4085
4086
4086
4086
4086
4086
4086
4086
4086
4086
4086
4086
4086
4087
4087
4087
4087
4087
4087
4087
4087
4087
4087
4087
4087
4087
4088
4088
4088
4088
4088
4088
4088
4088
4088
4088
4088
4088
4089
4089
4089
4089
4089
4089
4089
4089
4089
4089
4089
4089
4089
4090
4090
4090
4090
4090
4090
4090
4090
4090
4090
4090
4090
4091
4091
4091
4091
4091
4091
4091
4091
4091
4091
4091
4091
4091
4092
4092
4092
4092
4092
4092
4092
4092
4092
4092
4092
4092
4093
4093
4093
4093
4093
4093
4093
4093
4093
4093
4093
4093
4093
4094
4094
4094
4094
4094
4094
4094
4094
4094
4094
4094
4094
4095
4095
4095
4095
4095
4095
4095
4095
4095
4095
4095
4095
4095
4096
4096
4096
4096
4096
4096
4096
4096
4096
4096
4096
4096
4097
4097
4097
4097
4097
4097
4097
4097
4097
4097
4097
4097
4097
4098
4098
4098
4098
4098
4098
4098
4098
4098
4098
4098
4098
4099
4099
4099
4099
4099
4099
4099
4099
4099
4099
4099
4099
4099
4100
4100
4100
4100
4100
4100
4100
4100
4100
4100
4100
4100
4101
4101
4101
4101
4101
4101
4101
4101
4101
4101
4101
4101
4101
4102
4102
4102
4102
4102
4102
4102
4102
4102
4102
4102
4102
4103
4103
4103
4103
4103
4103
4103
4103
4103
4103
4103
4103
4103
4104
4104
4104
4104
4104
4104
4104
4104
4104
4104
4104
4104
4105
4105
4105
4105
4105
4105
4105
4105
4105
4105
4105
4105
4105
4106
4106
4106
4106
4106
4106
4106
4106
4106
4106
4106
4106
4107
4107
4107
4107
4107
4107
4107
4107
4107
4107
4107
4107
4107
4108
4108
4108
4108
4108
4108
4108
4108
4108
4108
4108
4108
4109
4109
4109
4109
4109
4109
4109
4109
4109
4109
4109
4109
4109
4110
4110
4110
4110
4110
4110
4110
4110
4110
4110
4110
4110
4111
4111
4111
4111
4111
4111
4111
4111
4111
4111
4111
4111
4111
4112
4112
4112
4112
4112
4112
4112
4112
4112
4112
4112
4112
4113
4113
4113
4113
4113
4113
4113
4113
4113
4113
4113
4113
4113
4114
4114
4114
4114
4114
4114
4114
4114
4114
4114
4114
4114
4115
4115
4115
4115
4115
4115
4115
4115
4115
4115
4115
4115
4115
4116
4116
4116
4116
4116
4116
4116
4116
4116
4116
4116
4116
4117
4117
4117
4117
4117
4117
4117
4117
4117
4117
4117
4117
4117
4118
4118
4118
4118
4118
4118
4118
4118
4118
4118
4118
4118
4119
4119
4119
4119
4119
4119
4119
4119
4119
4119
4119
4119
4119
4120
4120
4120
4120
4120
4120
4120
4120
4120
4120
4120
4120
4121
4121
4121
4121
4121
4121
4121
4121
4121
4121
4121
4121
4121
4122
4122
4122
4122
4122
4122
4122
4122
4122
4122
4122
4122
4123
4123
4123
4123
4123
4123
4123
4123
4123
4123
4123
4123
4123
4124
4124
4124
4124
4124
4124
4124
4124
4124
4124
4124
4124
4125
4125
4125
4125
4125
4125
4125
4125
4125
4125
4125
4125
4125
4126
4126
4126
4126
4126
4126
4126
4126
4126
4126
4126
4126
4127
4127
4127
4127
4127
4127
4127
4127
4127
4127
4127
4127
4127
4128
4128
4128
4128
4128
4128
4128
4128
4128
4128
4128
4128
4129
4129
4129
4129
4129
4129
4129
4129
4129
4129
4129
4129
4129
4130
4130
4130
4130
4130
4130
4130
4130
4130
4130
4130
4130
4131
4131
4131
4131
4131
4131
4131
4131
4131
4131
4131
4131
4131
4132
4132
4132
4132
4132
4132
4132
4132
4132
4132
4132
4132
4133
4133
4133
4133
4133
4133
4133
4133
4133
4133
4133
4133
4133
4134
4134
4134
4134
4134
4134
4134
4134
4134
4134
4134
4134
4135
4135
4135
4135
4135
4135
4135
4135
4135
4135
4135
4135
4135
4136
4136
4136
4136
4136
4136
4136
4136
4136
4136
4136
4136
4137
4137
4137
4137
4137
4137
4137
4137
4137
4137
4137
4137
4137
4138
4138
4138
4138
4138
4138
4138
4138
4138
4138
4138
4138
4139
4139
4139
4139
4139
4139
4139
4139
4139
4139
4139
4139
4139
4140
4140
4140
4140
4140
4140
4140
4140
4140
4140
4140
4140
4141
4141
4141
4141
4141
4141
4141
4141
4141
4141
4141
4141
4141
4142
4142
4142
4142
4142
4142
4142
4142
4142
4142
4142
4142
4143
4143
4143
4143
4143
4143
4143
4143
4143
4143
4143
4143
4143
4144
4144
4144
4144
4144
4144
4144
4144
4144
4144
4144
4144
4145
4145
4145
4145
4145
4145
4145
4145
4145
4145
4145
4145
4145
4146
4146
4146
4146
4146
4146
4146
4146
4146
4146
4146
4146
4147
4147
4147
4147
4147
4147
4147
4147
4147
4147
4147
4147
4147
4148
4148
4148
4148
4148
4148
4148
4148
4148
4148
4148
4148
4149
4149
4149
4149
4149
4149
4149
4149
4149
4149
4149
4149
4149
4150
4150
4150
4150
4150
4150
4150
4150
4150
4150
4150
4150
4151
4151
4151
4151
4151
4151
4151
4151
4151
4151
4151
4151
4151
4152
4152
4152
4152
4152
4152
4152
4152
4152
4152
4152
4152
4153
4153
4153
4153
4153
4153
4153
4153
4153
4153
4153
4153
4153
4154
4154
4154
4154
4154
4154
4154
4154
4154
4154
4154
4154
4155
4155
4155
4155
4155
4155
4155
4155
4155
4155
4155
4155
4155
4156
4156
4156
4156
4156
4156
4156
4156
4156
4156
4156
4156
4157
4157
4157
4157
4157
4157
4157
4157
4157
4157
4157
4157
4157
4158
4158
4158
4158
4158
4158
4158
4158
4158
4158
4158
4158
4159
4159
4159
4159
4159
4159
4159
4159
4159
4159
4159
4159
4159
4160
4160
4160
4160
4160
4160
4160
4160
4160
4160
4160
4160
4161
4161
4161
4161
4161
4161
4161
4161
4161
4161
4161
4161
4161
4162
4162
4162
4162
4162
4162
4162
4162
4162
4162
4162
4162
4163
4163
4163
4163
4163
4163
4163
4163
4163
4163
4163
4163
4163
4164
4164
4164
4164
4164
4164
4164
4164
4164
4164
4164
4164
4165
4165
4165
4165
4165
4165
4165
4165
4165
4165
4165
4165
4165
4166
4166
4166
4166
4166
4166
4166
4166
4166
4166
4166
4166
4167
4167
4167
4167
4167
4167
4167
4167
4167
4167
4167
4167
4167
4168
4168
4168
4168
4168
4168
4168
4168
4168
4168
4168
4168
4169
4169
4169
4169
4169
4169
4169
4169
4169
4169
4169
4169
4169
4170
4170
4170
4170
4170
4170
4170
4170
4170
4170
4170
4170
4171
4171
4171
4171
4171
4171
4171
4171
4171
4171
4171
4171
4171
4172
4172
4172
4172
4172
4172
4172
4172
4172
4172
4172
4172
4173
4173
4173
4173
4173
4173
4173
4173
4173
4173
4173
4173
4173
4174
4174
4174
4174
4174
4174
4174
4174
4174
4174
4174
4174
4175
4175
4175
4175
4175
4175
4175
4175
4175
4175
4175
4175
4175
4176
4176
4176
4176
4176
4176
4176
4176
4176
4176
4176
4176
4177
4177
4177
4177
4177
4177
4177
4177
4177
4177
4177
4177
4177
4178
4178
4178
4178
4178
4178
4178
4178
4178
4178
4178
4178
4179
4179
4179
4179
4179
4179
4179
4179
4179
4179
4179
4179
4179
4180
4180
4180
4180
4180
4180
4180
4180
4180
4180
4180
4180
4181
4181
4181
4181
4181
4181
4181
4181
4181
4181
4181
4181
4181
4182
4182
4182
4182
4182
4182
4182
4182
4182
4182
4182
4182
4183
4183
4183
4183
4183
4183
4183
4183
4183
4183
4183
4183
4183
4184
4184
4184
4184
4184
4184
4184
4184
4184
4184
4184
4184
4185
4185
4185
4185
4185
4185
4185
4185
4185
4185
4185
4185
4185
4186
4186
4186
4186
4186
4186
4186
4186
4186
4186
4186
4186
4187
4187
4187
4187
4187
4187
4187
4187
4187
4187
4187
4187
4187
4188
4188
4188
4188
4188
4188
4188
4188
4188
4188
4188
4188
4189
4189
4189
4189
4189
4189
4189
4189
4189
4189
4189
4189
4189
4190
4190
4190
4190
4190
4190
4190
4190
4190
4190
4190
4190
4191
4191
4191
4191
4191
4191
4191
4191
4191
4191
4191
4191
4191
4192
4192
4192
4192
4192
4192
4192
4192
4192
4192
4192
4192
4193
4193
4193
4193
4193
4193
4193
4193
4193
4193
4193
4193
4193
4194
4194
4194
4194
4194
4194
4194
4194
4194
4194
4194
4194
4195
4195
4195
4195
4195
4195
4195
4195
4195
4195
4195
4195
4195
4196
4196
4196
4196
4196
4196
4196
4196
4196
4196
4196
4196
4197
4197
4197
4197
4197
4197
4197
4197
4197
4197
4197
4197
4197
4198
4198
4198
4198
4198
4198
4198
4198
4198
4198
4198
4198
4199
4199
4199
4199
4199
4199
4199
4199
4199
4199
4199
4199
4199
4200
4200
4200
4200
4200
4200
4200
4200
4200
4200
4200
4200
4201
4201
4201
4201
4201
4201
4201
4201
4201
4201
4201
4201
4201
4202
4202
4202
4202
4202
4202
4202
4202
4202
4202
4202
4202
4203
4203
4203
4203
4203
4203
4203
4203
4203
4203
4203
4203
4203
4204
4204
4204
4204
4204
4204
4204
4204
4204
4204
4204
4204
4205
4205
4205
4205
4205
4205
4205
4205
4205
4205
4205
4205
4205
4206
4206
4206
4206
4206
4206
4206
4206
4206
4206
4206
4206
4207
4207
4207
4207
4207
4207
4207
4207
4207
4207
4207
4207
4207
4208
4208
4208
4208
4208
4208
4208
4208
4208
4208
4208
4208
4209
4209
4209
4209
4209
4209
4209
4209
4209
4209
4209
4209
4209
4210
4210
4210
4210
4210
4210
4210
4210
4210
4210
4210
4210
4211
4211
4211
4211
4211
4211
4211
4211
4211
4211
4211
4211
4211
4212
4212
4212
4212
4212
4212
4212
4212
4212
4212
4212
4212
4213
4213
4213
4213
4213
4213
4213
4213
4213
4213
4213
4213
4213
4214
4214
4214
4214
4214
4214
4214
4214
4214
4214
4214
4214
4215
4215
4215
4215
4215
4215
4215
4215
4215
4215
4215
4215
4215
4216
4216
4216
4216
4216
4216
4216
4216
4216
4216
4216
4216
4217
4217
4217
4217
4217
4217
4217
4217
4217
4217
4217
4217
4217
4218
4218
4218
4218
4218
4218
4218
4218
4218
4218
4218
4218
4219
4219
4219
4219
4219
4219
4219
4219
4219
4219
4219
4219
4219
4220
4220
4220
4220
4220
4220
4220
4220
4220
4220
4220
4220
4221
4221
4221
4221
4221
4221
4221
4221
4221
4221
4221
4221
4221
4222
4222
4222
4222
4222
4222
4222
4222
4222
4222
4222
4222
4223
4223
4223
4223
4223
4223
4223
4223
4223
4223
4223
4223
4223
4224
4224
4224
4224
4224
4224
4224
4224
4224
4224
4224
4224
4225
4225
4225
4225
4225
4225
4225
4225
4225
4225
4225
4225
4225
4226
4226
4226
4226
4226
4226
4226
4226
4226
4226
4226
4226
4227
4227
4227
4227
4227
4227
4227
4227
4227
4227
4227
4227
4227
4228
4228
4228
4228
4228
4228
4228
4228
4228
4228
4228
4228
4229
4229
4229
4229
4229
4229
4229
4229
4229
4229
4229
4229
4229
4230
4230
4230
4230
4230
4230
4230
4230
4230
4230
4230
4230
4231
4231
4231
4231
4231
4231
4231
4231
4231
4231
4231
4231
4231
4232
4232
4232
4232
4232
4232
4232
4232
4232
4232
4232
4232
4233
4233
4233
4233
4233
4233
4233
4233
4233
4233
4233
4233
4233
4234
4234
4234
4234
4234
4234
4234
4234
4234
4234
4234
4234
4235
4235
4235
4235
4235
4235
4235
4235
4235
4235
4235
4235
4235
4236
4236
4236
4236
4236
4236
4236
4236
4236
4236
4236
4236
4237
4237
4237
4237
4237
4237
4237
4237
4237
4237
4237
4237
4237
4238
4238
4238
4238
4238
4238
4238
4238
4238
4238
4238
4238
4239
4239
4239
4239
4239
4239
4239
4239
4239
4239
4239
4239
4239
4240
4240
4240
4240
4240
4240
4240
4240
4240
4240
4240
4240
4241
4241
4241
4241
4241
4241
4241
4241
4241
4241
4241
4241
4241
4242
4242
4242
4242
4242
4242
4242
4242
4242
4242
4242
4242
4243
4243
4243
4243
4243
4243
4243
4243
4243
4243
4243
4243
4243
4244
4244
4244
4244
4244
4244
4244
4244
4244
4244
4244
4244
4245
4245
4245
4245
4245
4245
4245
4245
4245
4245
4245
4245
4245
4246
4246
4246
4246
4246
4246
4246
4246
4246
4246
4246
4246
4247
4247
4247
4247
4247
4247
4247
4247
4247
4247
4247
4247
4247
4248
4248
4248
4248
4248
4248
4248
4248
4248
4248
4248
4248
4249
4249
4249
4249
4249
4249
4249
4249
4249
4249
4249
4249
4249
4250
4250
4250
4250
4250
4250
4250
4250
4250
4250
4250
4250
4251
4251
4251
4251
4251
4251
4251
4251
4251
4251
4251
4251
4251
4252
4252
4252
4252
4252
4252
4252
4252
4252
4252
4252
4252
4253
4253
4253
4253
4253
4253
4253
4253
4253
4253
4253
4253
4253
4254
4254
4254
4254
4254
4254
4254
4254
4254
4254
4254
4254
4255
4255
4255
4255
4255
4255
4255
4255
4255
4255
4255
4255
4255
4256
4256
4256
4256
4256
4256
4256
4256
4256
4256
4256
4256
4257
4257
4257
4257
4257
4257
4257
4257
4257
4257
4257
4257
4257
4258
4258
4258
4258
4258
4258
4258
4258
4258
4258
4258
4258
4259
4259
4259
4259
4259
4259
4259
4259
4259
4259
4259
4259
4259
4260
4260
4260
4260
4260
4260
4260
4260
4260
4260
4260
4260
4261
4261
4261
4261
4261
4261
4261
4261
4261
4261
4261
4261
4261
4262
4262
4262
4262
4262
4262
4262
4262
4262
4262
4262
4262
4263
4263
4263
4263
4263
4263
4263
4263
4263
4263
4263
4263
4263
4264
4264
4264
4264
4264
4264
4264
4264
4264
4264
4264
4264
4265
4265
4265
4265
4265
4265
4265
4265
4265
4265
4265
4265
4265
4266
4266
4266
4266
4266
4266
4266
4266
4266
4266
4266
4266
4267
4267
4267
4267
4267
4267
4267
4267
4267
4267
4267
4267
4267
4268
4268
4268
4268
4268
4268
4268
4268
4268
4268
4268
4268
4269
4269
4269
4269
4269
4269
4269
4269
4269
4269
4269
4269
4269
4270
4270
4270
4270
4270
4270
4270
4270
4270
4270
4270
4270
4271
4271
4271
4271
4271
4271
4271
4271
4271
4271
4271
4271
4271
4272
4272
4272
4272
4272
4272
4272
4272
4272
4272
4272
4272
4273
4273
4273
4273
4273
4273
4273
4273
4273
4273
4273
4273
4273
4274
4274
4274
4274
4274
4274
4274
4274
4274
4274
4274
4274
4275
4275
4275
4275
4275
4275
4275
4275
4275
4275
4275
4275
4275
4276
4276
4276
4276
4276
4276
4276
4276
4276
4276
4276
4276
4277
4277
4277
4277
4277
4277
4277
4277
4277
4277
4277
4277
4277
4278
4278
4278
4278
4278
4278
4278
4278
4278
4278
4278
4278
4279
4279
4279
4279
4279
4279
4279
4279
4279
4279
4279
4279
4279
4280
4280
4280
4280
4280
4280
4280
4280
4280
4280
4280
4280
4281
4281
4281
4281
4281
4281
4281
4281
4281
4281
4281
4281
4281
4282
4282
4282
4282
4282
4282
4282
4282
4282
4282
4282
4282
4283
4283
4283
4283
4283
4283
4283
4283
4283
4283
4283
4283
4283
4284
4284
4284
4284
4284
4284
4284
4284
4284
4284
4284
4284
4285
4285
4285
4285
4285
4285
4285
4285
4285
4285
4285
4285
4285
4286
4286
4286
4286
4286
4286
4286
4286
4286
4286
4286
4286
4287
4287
4287
4287
4287
4287
4287
4287
4287
4287
4287
4287
4287
4288
4288
4288
4288
4288
4288
4288
4288
4288
4288
4288
4288
4289
4289
4289
4289
4289
4289
4289
4289
4289
4289
4289
4289
4289
4290
4290
4290
4290
4290
4290
4290
4290
4290
4290
4290
4290
4291
4291
4291
4291
4291
4291
4291
4291
4291
4291
4291
4291
4291
4292
4292
4292
4292
4292
4292
4292
4292
4292
4292
4292
4292
4293
4293
4293
4293
4293
4293
4293
4293
4293
4293
4293
4293
4293
4294
4294
4294
4294
4294
4294
4294
4294
4294
4294
4294
4294
4295
4295
4295
4295
4295
4295
4295
4295
4295
4295
4295
4295
4295
4296
4296
4296
4296
4296
4296
4296
4296
4296
4296
4296
4296
4297
4297
4297
4297
4297
4297
4297
4297
4297
4297
4297
4297
4297
4298
4298
4298
4298
4298
4298
4298
4298
4298
4298
4298
4298
4299
4299
4299
4299
4299
4299
4299
4299
4299
4299
4299
4299
4299
4300
4300
4300
4300
4300
4300
4300
4300
4300
4300
4300
4300
4301
4301
4301
4301
4301
4301
4301
4301
4301
4301
4301
4301
4301
4302
4302
4302
4302
4302
4302
4302
4302
4302
4302
4302
4302
4303
4303
4303
4303
4303
4303
4303
4303
4303
4303
4303
4303
4303
4304
4304
4304
4304
4304
4304
4304
4304
4304
4304
4304
4304
4305
4305
4305
4305
4305
4305
4305
4305
4305
4305
4305
4305
4305
4306
4306
4306
4306
4306
4306
4306
4306
4306
4306
4306
4306
4307
4307
4307
4307
4307
4307
4307
4307
4307
4307
4307
4307
4307
4308
4308
4308
4308
4308
4308
4308
4308
4308
4308
4308
4308
4309
4309
4309
4309
4309
4309
4309
4309
4309
4309
4309
4309
4309
4310
4310
4310
4310
4310
4310
4310
4310
4310
4310
4310
4310
4311
4311
4311
4311
4311
4311
4311
4311
4311
4311
4311
4311
4311
4312
4312
4312
4312
4312
4312
4312
4312
4312
4312
4312
4312
4313
4313
4313
4313
4313
4313
4313
4313
4313
4313
4313
4313
4313
4314
4314
4314
4314
4314
4314
4314
4314
4314
4314
4314
4314
4315
4315
4315
4315
4315
4315
4315
4315
4315
4315
4315
4315
4315
4316
4316
4316
4316
4316
4316
4316
4316
4316
4316
4316
4316
4317
4317
4317
4317
4317
4317
4317
4317
4317
4317
4317
4317
4317
4318
4318
4318
4318
4318
4318
4318
4318
4318
4318
4318
4318
4319
4319
4319
4319
4319
4319
4319
4319
4319
4319
4319
4319
4319
4320
4320
4320
4320
4320
4320
4320
4320
4320
4320
4320
4320
4321
4321
4321
4321
4321
4321
4321
4321
4321
4321
4321
4321
4321
4322
4322
4322
4322
4322
4322
4322
4322
4322
4322
4322
4322
4323
4323
4323
4323
4323
4323
4323
4323
4323
4323
4323
4323
4323
4324
4324
4324
4324
4324
4324
4324
4324
4324
4324
4324
4324
4325
4325
4325
4325
4325
4325
4325
4325
4325
4325
4325
4325
4325
4326
4326
4326
4326
4326
4326
4326
4326
4326
4326
4326
4326
4327
4327
4327
4327
4327
4327
4327
4327
4327
4327
4327
4327
4327
4328
4328
4328
4328
4328
4328
4328
4328
4328
4328
4328
4328
4329
4329
4329
4329
4329
4329
4329
4329
4329
4329
4329
4329
4329
4330
4330
4330
4330
4330
4330
4330
4330
4330
4330
4330
4330
4331
4331
4331
4331
4331
4331
4331
4331
4331
4331
4331
4331
4331
4332
4332
4332
4332
4332
4332
4332
4332
4332
4332
4332
4332
4333
4333
4333
4333
4333
4333
4333
4333
4333
4333
4333
4333
4333
4334
4334
4334
4334
4334
4334
4334
4334
4334
4334
4334
4334
4335
4335
4335
4335
4335
4335
4335
4335
4335
4335
4335
4335
4335
4336
4336
4336
4336
4336
4336
4336
4336
4336
4336
4336
4336
4337
4337
4337
4337
4337
4337
4337
4337
4337
4337
4337
4337
4337
4338
4338
4338
4338
4338
4338
4338
4338
4338
4338
4338
4338
4339
4339
4339
4339
4339
4339
4339
4339
4339
4339
4339
4339
4339
4340
4340
4340
4340
4340
4340
4340
4340
4340
4340
4340
4340
4341
4341
4341
4341
4341
4341
4341
4341
4341
4341
4341
4341
4341
4342
4342
4342
4342
4342
4342
4342
4342
4342
4342
4342
4342
4343
4343
4343
4343
4343
4343
4343
4343
4343
4343
4343
4343
4343
4344
4344
4344
4344
4344
4344
4344
4344
4344
4344
4344
4344
4345
4345
4345
4345
4345
4345
4345
4345
4345
4345
4345
4345
4345
4346
4346
4346
4346
4346
4346
4346
4346
4346
4346
4346
4346
4347
4347
4347
4347
4347
4347
4347
4347
4347
4347
4347
4347
4347
4348
4348
4348
4348
4348
4348
4348
4348
4348
4348
4348
4348
4349
4349
4349
4349
4349
4349
4349
4349
4349
4349
4349
4349
4349
4350
4350
4350
4350
4350
4350
4350
4350
4350
4350
4350
4350
4351
4351
4351
4351
4351
4351
4351
4351
4351
4351
4351
4351
4351
4352
4352
4352
4352
4352
4352
4352
4352
4352
4352
4352
4352
4353
4353
4353
4353
4353
4353
4353
4353
4353
4353
4353
4353
4353
4354
4354
4354
4354
4354
4354
4354
4354
4354
4354
4354
4354
4355
4355
4355
4355
4355
4355
4355
4355
4355
4355
4355
4355
4355
4356
4356
4356
4356
4356
4356
4356
4356
4356
4356
4356
4356
4357
4357
4357
4357
4357
4357
4357
4357
4357
4357
4357
4357
4357
4358
4358
4358
4358
4358
4358
4358
4358
4358
4358
4358
4358
4359
4359
4359
4359
4359
4359
4359
4359
4359
4359
4359
4359
4359
4360
4360
4360
4360
4360
4360
4360
4360
4360
4360
4360
4360
4361
4361
4361
4361
4361
4361
4361
4361
4361
4361
4361
4361
4361
4362
4362
4362
4362
4362
4362
4362
4362
4362
4362
4362
4362
4363
4363
4363
4363
4363
4363
4363
4363
4363
4363
4363
4363
4363
4364
4364
4364
4364
4364
4364
4364
4364
4364
4364
4364
4364
4365
4365
4365
4365
4365
4365
4365
4365
4365
4365
4365
4365
4365
4366
4366
4366
4366
4366
4366
4366
4366
4366
4366
4366
4366
4367
4367
4367
4367
4367
4367
4367
4367
4367
4367
4367
4367
4367
4368
4368
4368
4368
4368
4368
4368
4368
4368
4368
4368
4368
4369
4369
4369
4369
4369
4369
4369
4369
4369
4369
4369
4369
4369
4370
4370
4370
4370
4370
4370
4370
4370
4370
4370
4370
4370
4371
4371
4371
4371
4371
4371
4371
4371
4371
4371
4371
4371
4371
4372
4372
4372
4372
4372
4372
4372
4372
4372
4372
4372
4372
4373
4373
4373
4373
4373
4373
4373
4373
4373
4373
4373
4373
4373
4374
4374
4374
4374
4374
4374
4374
4374
4374
4374
4374
4374
4375
4375
4375
4375
4375
4375
4375
4375
4375
4375
4375
4375
4375
4376
4376
4376
4376
4376
4376
4376
4376
4376
4376
4376
4376
4377
4377
4377
4377
4377
4377
4377
4377
4377
4377
4377
4377
4377
4378
4378
4378
4378
4378
4378
4378
4378
4378
4378
4378
4378
4379
4379
4379
4379
4379
4379
4379
4379
4379
4379
4379
4379
4379
4380
4380
4380
4380
4380
4380
4380
4380
4380
4380
4380
4380
4381
4381
4381
4381
4381
4381
4381
4381
4381
4381
4381
4381
4381
4382
4382
4382
4382
4382
4382
4382
4382
4382
4382
4382
4382
4383
4383
4383
4383
4383
4383
4383
4383
4383
4383
4383
4383
4383
4384
4384
4384
4384
4384
4384
4384
4384
4384
4384
4384
4384
4385
4385
4385
4385
4385
4385
4385
4385
4385
4385
4385
4385
4385
4386
4386
4386
4386
4386
4386
4386
4386
4386
4386
4386
4386
4387
4387
4387
4387
4387
4387
4387
4387
4387
4387
4387
4387
4387
4388
4388
4388
4388
4388
4388
4388
4388
4388
4388
4388
4388
4389
4389
4389
4389
4389
4389
4389
4389
4389
4389
4389
4389
4389
4390
4390
4390
4390
4390
4390
4390
4390
4390
4390
4390
4390
4391
4391
4391
4391
4391
4391
4391
4391
4391
4391
4391
4391
4391
4392
4392
4392
4392
4392
4392
4392
4392
4392
4392
4392
4392
4393
4393
4393
4393
4393
4393
4393
4393
4393
4393
4393
4393
4393
4394
4394
4394
4394
4394
4394
4394
4394
4394
4394
4394
4394
4395
4395
4395
4395
4395
4395
4395
4395
4395
4395
4395
4395
4395
4396
4396
4396
4396
4396
4396
4396
4396
4396
4396
4396
4396
4397
4397
4397
4397
4397
4397
4397
4397
4397
4397
4397
4397
4397
4398
4398
4398
4398
4398
4398
4398
4398
4398
4398
4398
4398
4399
4399
4399
4399
4399
4399
4399
4399
4399
4399
4399
4399
4399
4400
4400
4400
4400
4400
4400
4400
4400
4400
4400
4400
4400
4401
4401
4401
4401
4401
4401
4401
4401
4401
4401
4401
4401
4401
4402
4402
4402
4402
4402
4402
4402
4402
4402
4402
4402
4402
4403
4403
4403
4403
4403
4403
4403
4403
4403
4403
4403
4403
4403
4404
4404
4404
4404
4404
4404
4404
4404
4404
4404
4404
4404
4405
4405
4405
4405
4405
4405
4405
4405
4405
4405
4405
4405
4405
4406
4406
4406
4406
4406
4406
4406
4406
4406
4406
4406
4406
4407
4407
4407
4407
4407
4407
4407
4407
4407
4407
4407
4407
4407
4408
4408
4408
4408
4408
4408
4408
4408
4408
4408
4408
4408
4409
4409
4409
4409
4409
4409
4409
4409
4409
4409
4409
4409
4409
4410
4410
4410
4410
4410
4410
4410
4410
4410
4410
4410
4410
4411
4411
4411
4411
4411
4411
4411
4411
4411
4411
4411
4411
4411
4412
4412
4412
4412
4412
4412
4412
4412
4412
4412
4412
4412
4413
4413
4413
4413
4413
4413
4413
4413
4413
4413
4413
4413
4413
4414
4414
4414
4414
4414
4414
4414
4414
4414
4414
4414
4414
4415
4415
4415
4415
4415
4415
4415
4415
4415
4415
4415
4415
4415
4416
4416
4416
4416
4416
4416
4416
4416
4416
4416
4416
4416
4417
4417
4417
4417
4417
4417
4417
4417
4417
4417
4417
4417
4417
4418
4418
4418
4418
4418
4418
4418
4418
4418
4418
4418
4418
4419
4419
4419
4419
4419
4419
4419
4419
4419
4419
4419
4419
4419
4420
4420
4420
4420
4420
4420
4420
4420
4420
4420
4420
4420
4421
4421
4421
4421
4421
4421
4421
4421
4421
4421
4421
4421
4421
4422
4422
4422
4422
4422
4422
4422
4422
4422
4422
4422
4422
4423
4423
4423
4423
4423
4423
4423
4423
4423
4423
4423
4423
4423
4424
4424
4424
4424
4424
4424
4424
4424
4424
4424
4424
4424
4425
4425
4425
4425
4425
4425
4425
4425
4425
4425
4425
4425
4425
4426
4426
4426
4426
4426
4426
4426
4426
4426
4426
4426
4426
4427
4427
4427
4427
4427
4427
4427
4427
4427
4427
4427
4427
4427
4428
4428
4428
4428
4428
4428
4428
4428
4428
4428
4428
4428
4429
4429
4429
4429
4429
4429
4429
4429
4429
4429
4429
4429
4429
4430
4430
4430
4430
4430
4430
4430
4430
4430
4430
4430
4430
4431
4431
4431
4431
4431
4431
4431
4431
4431
4431
4431
4431
4431
4432
4432
4432
4432
4432
4432
4432
4432
4432
4432
4432
4432
4433
4433
4433
4433
4433
4433
4433
4433
4433
4433
4433
4433
4433
4434
4434
4434
4434
4434
4434
4434
4434
4434
4434
4434
4434
4435
4435
4435
4435
4435
4435
4435
4435
4435
4435
4435
4435
4435
4436
4436
4436
4436
4436
4436
4436
4436
4436
4436
4436
4436
4437
4437
4437
4437
4437
4437
4437
4437
4437
4437
4437
4437
4437
4438
4438
4438
4438
4438
4438
4438
4438
4438
4438
4438
4438
4439
4439
4439
4439
4439
4439
4439
4439
4439
4439
4439
4439
4439
4440
4440
4440
4440
4440
4440
4440
4440
4440
4440
4440
4440
4441
4441
4441
4441
4441
4441
4441
4441
4441
4441
4441
4441
4441
4442
4442
4442
4442
4442
4442
4442
4442
4442
4442
4442
4442
4443
4443
4443
4443
4443
4443
4443
4443
4443
4443
4443
4443
4443
4444
4444
4444
4444
4444
4444
4444
4444
4444
4444
4444
4444
4445
4445
4445
4445
4445
4445
4445
4445
4445
4445
4445
4445
4445
4446
4446
4446
4446
4446
4446
4446
4446
4446
4446
4446
4446
4447
4447
4447
4447
4447
4447
4447
4447
4447
4447
4447
4447
4447
4448
4448
4448
4448
4448
4448
4448
4448
4448
4448
4448
4448
4449
4449
4449
4449
4449
4449
4449
4449
4449
4449
4449
4449
4449
4450
4450
4450
4450
4450
4450
4450
4450
4450
4450
4450
4450
4451
4451
4451
4451
4451
4451
4451
4451
4451
4451
4451
4451
4451
4452
4452
4452
4452
4452
4452
4452
4452
4452
4452
4452
4452
4453
4453
4453
4453
4453
4453
4453
4453
4453
4453
4453
4453
4453
4454
4454
4454
4454
4454
4454
4454
4454
4454
4454
4454
4454
4455
4455
4455
4455
4455
4455
4455
4455
4455
4455
4455
4455
4455
4456
4456
4456
4456
4456
4456
4456
4456
4456
4456
4456
4456
4457
4457
4457
4457
4457
4457
4457
4457
4457
4457
4457
4457
4457
4458
4458
4458
4458
4458
4458
4458
4458
4458
4458
4458
4458
4459
4459
4459
4459
4459
4459
4459
4459
4459
4459
4459
4459
4459
4460
4460
4460
4460
4460
4460
4460
4460
4460
4460
4460
4460
4461
4461
4461
4461
4461
4461
4461
4461
4461
4461
4461
4461
4461
4462
4462
4462
4462
4462
4462
4462
4462
4462
4462
4462
4462
4463
4463
4463
4463
4463
4463
4463
4463
4463
4463
4463
4463
4463
4464
4464
4464
4464
4464
4464
4464
4464
4464
4464
4464
4464
4465
4465
4465
4465
4465
4465
4465
4465
4465
4465
4465
4465
4465
4466
4466
4466
4466
4466
4466
4466
4466
4466
4466
4466
4466
4467
4467
4467
4467
4467
4467
4467
4467
4467
4467
4467
4467
4467
4468
4468
4468
4468
4468
4468
4468
4468
4468
4468
4468
4468
4469
4469
4469
4469
4469
4469
4469
4469
4469
4469
4469
4469
4469
4470
4470
4470
4470
4470
4470
4470
4470
4470
4470
4470
4470
4471
4471
4471
4471
4471
4471
4471
4471
4471
4471
4471
4471
4471
4472
4472
4472
4472
4472
4472
4472
4472
4472
4472
4472
4472
4473
4473
4473
4473
4473
4473
4473
4473
4473
4473
4473
4473
4473
4474
4474
4474
4474
4474
4474
4474
4474
4474
4474
4474
4474
4475
4475
4475
4475
4475
4475
4475
4475
4475
4475
4475
4475
4475
4476
4476
4476
4476
4476
4476
4476
4476
4476
4476
4476
4476
4477
4477
4477
4477
4477
4477
4477
4477
4477
4477
4477
4477
4477
4478
4478
4478
4478
4478
4478
4478
4478
4478
4478
4478
4478
4479
4479
4479
4479
4479
4479
4479
4479
4479
4479
4479
4479
4479
4480
4480
4480
4480
4480
4480
4480
4480
4480
4480
4480
4480
4481
4481
4481
4481
4481
4481
4481
4481
4481
4481
4481
4481
4481
4482
4482
4482
4482
4482
4482
4482
4482
4482
4482
4482
4482
4483
4483
4483
4483
4483
4483
4483
4483
4483
4483
4483
4483
4483
4484
4484
4484
4484
4484
4484
4484
4484
4484
4484
4484
4484
4485
4485
4485
4485
4485
4485
4485
4485
4485
4485
4485
4485
4485
4486
4486
4486
4486
4486
4486
4486
4486
4486
4486
4486
4486
4487
4487
4487
4487
4487
4487
4487
4487
4487
4487
4487
4487
4487
4488
4488
4488
4488
4488
4488
4488
4488
4488
4488
4488
4488
4489
4489
4489
4489
4489
4489
4489
4489
4489
4489
4489
4489
4489
4490
4490
4490
4490
4490
4490
4490
4490
4490
4490
4490
4490
4491
4491
4491
4491
4491
4491
4491
4491
4491
4491
4491
4491
4491
4492
4492
4492
4492
4492
4492
4492
4492
4492
4492
4492
4492
4493
4493
4493
4493
4493
4493
4493
4493
4493
4493
4493
4493
4493
4494
4494
4494
4494
4494
4494
4494
4494
4494
4494
4494
4494
4495
4495
4495
4495
4495
4495
4495
4495
4495
4495
4495
4495
4495
4496
4496
4496
4496
4496
4496
4496
4496
4496
4496
4496
4496
4497
4497
4497
4497
4497
4497
4497
4497
4497
4497
4497
4497
4497
4498
4498
4498
4498
4498
4498
4498
4498
4498
4498
4498
4498
4499
4499
4499
4499
4499
4499
4499
4499
4499
4499
4499
4499
4499
4500
4500
4500
4500
4500
4500
4500
4500
4500
4500
4500
4500
4501
4501
4501
4501
4501
4501
4501
4501
4501
4501
4501
4501
4501
4502
4502
4502
4502
4502
4502
4502
4502
4502
4502
4502
4502
4503
4503
4503
4503
4503
4503
4503
4503
4503
4503
4503
4503
4503
4504
4504
4504
4504
4504
4504
4504
4504
4504
4504
4504
4504
4505
4505
4505
4505
4505
4505
4505
4505
4505
4505
4505
4505
4505
4506
4506
4506
4506
4506
4506
4506
4506
4506
4506
4506
4506
4507
4507
4507
4507
4507
4507
4507
4507
4507
4507
4507
4507
4507
4508
4508
4508
4508
4508
4508
4508
4508
4508
4508
4508
4508
4509
4509
4509
4509
4509
4509
4509
4509
4509
4509
4509
4509
4509
4510
4510
4510
4510
4510
4510
4510
4510
4510
4510
4510
4510
4511
4511
4511
4511
4511
4511
4511
4511
4511
4511
4511
4511
4511
4512
4512
4512
4512
4512
4512
4512
4512
4512
4512
4512
4512
4513
4513
4513
4513
4513
4513
4513
4513
4513
4513
4513
4513
4513
4514
4514
4514
4514
4514
4514
4514
4514
4514
4514
4514
4514
4515
4515
4515
4515
4515
4515
4515
4515
4515
4515
4515
4515
4515
4516
4516
4516
4516
4516
4516
4516
4516
4516
4516
4516
4516
4517
4517
4517
4517
4517
4517
4517
4517
4517
4517
4517
4517
4517
4518
4518
4518
4518
4518
4518
4518
4518
4518
4518
4518
4518
4519
4519
4519
4519
4519
4519
4519
4519
4519
4519
4519
4519
4519
4520
4520
4520
4520
4520
4520
4520
4520
4520
4520
4520
4520
4521
4521
4521
4521
4521
4521
4521
4521
4521
4521
4521
4521
4521
4522
4522
4522
4522
4522
4522
4522
4522
4522
4522
4522
4522
4523
4523
4523
4523
4523
4523
4523
4523
4523
4523
4523
4523
4523
4524
4524
4524
4524
4524
4524
4524
4524
4524
4524
4524
4524
4525
4525
4525
4525
4525
4525
4525
4525
4525
4525
4525
4525
4525
4526
4526
4526
4526
4526
4526
4526
4526
4526
4526
4526
4526
4527
4527
4527
4527
4527
4527
4527
4527
4527
4527
4527
4527
4527
4528
4528
4528
4528
4528
4528
4528
4528
4528
4528
4528
4528
4529
4529
4529
4529
4529
4529
4529
4529
4529
4529
4529
4529
4529
4530
4530
4530
4530
4530
4530
4530
4530
4530
4530
4530
4530
4531
4531
4531
4531
4531
4531
4531
4531
4531
4531
4531
4531
4531
4532
4532
4532
4532
4532
4532
4532
4532
4532
4532
4532
4532
4533
4533
4533
4533
4533
4533
4533
4533
4533
4533
4533
4533
4533
4534
4534
4534
4534
4534
4534
4534
4534
4534
4534
4534
4534
4535
4535
4535
4535
4535
4535
4535
4535
4535
4535
4535
4535
4535
4536
4536
4536
4536
4536
4536
4536
4536
4536
4536
4536
4536
4537
4537
4537
4537
4537
4537
4537
4537
4537
4537
4537
4537
4537
4538
4538
4538
4538
4538
4538
4538
4538
4538
4538
4538
4538
4539
4539
4539
4539
4539
4539
4539
4539
4539
4539
4539
4539
4539
4540
4540
4540
4540
4540
4540
4540
4540
4540
4540
4540
4540
4541
4541
4541
4541
4541
4541
4541
4541
4541
4541
4541
4541
4541
4542
4542
4542
4542
4542
4542
4542
4542
4542
4542
4542
4542
4543
4543
4543
4543
4543
4543
4543
4543
4543
4543
4543
4543
4543
4544
4544
4544
4544
4544
4544
4544
4544
4544
4544
4544
4544
4545
4545
4545
4545
4545
4545
4545
4545
4545
4545
4545
4545
4545
4546
4546
4546
4546
4546
4546
4546
4546
4546
4546
4546
4546
4547
4547
4547
4547
4547
4547
4547
4547
4547
4547
4547
4547
4547
4548
4548
4548
4548
4548
4548
4548
4548
4548
4548
4548
4548
4549
4549
4549
4549
4549
4549
4549
4549
4549
4549
4549
4549
4549
4550
4550
4550
4550
4550
4550
4550
4550
4550
4550
4550
4550
4551
4551
4551
4551
4551
4551
4551
4551
4551
4551
4551
4551
4551
4552
4552
4552
4552
4552
4552
4552
4552
4552
4552
4552
4552
4553
4553
4553
4553
4553
4553
4553
4553
4553
4553
4553
4553
4553
4554
4554
4554
4554
4554
4554
4554
4554
4554
4554
4554
4554
4555
4555
4555
4555
4555
4555
4555
4555
4555
4555
4555
4555
4555
4556
4556
4556
4556
4556
4556
4556
4556
4556
4556
4556
4556
4557
4557
4557
4557
4557
4557
4557
4557
4557
4557
4557
4557
4557
4558
4558
4558
4558
4558
4558
4558
4558
4558
4558
4558
4558
4559
4559
4559
4559
4559
4559
4559
4559
4559
4559
4559
4559
4559
4560
4560
4560
4560
4560
4560
4560
4560
4560
4560
4560
4560
4561
4561
4561
4561
4561
4561
4561
4561
4561
4561
4561
4561
4561
4562
4562
4562
4562
4562
4562
4562
4562
4562
4562
4562
4562
4563
4563
4563
4563
4563
4563
4563
4563
4563
4563
4563
4563
4563
4564
4564
4564
4564
4564
4564
4564
4564
4564
4564
4564
4564
4565
4565
4565
4565
4565
4565
4565
4565
4565
4565
4565
4565
4565
4566
4566
4566
4566
4566
4566
4566
4566
4566
4566
4566
4566
4567
4567
4567
4567
4567
4567
4567
4567
4567
4567
4567
4567
4567
4568
4568
4568
4568
4568
4568
4568
4568
4568
4568
4568
4568
4569
4569
4569
4569
4569
4569
4569
4569
4569
4569
4569
4569
4569
4570
4570
4570
4570
4570
4570
4570
4570
4570
4570
4570
4570
4571
4571
4571
4571
4571
4571
4571
4571
4571
4571
4571
4571
4571
4572
4572
4572
4572
4572
4572
4572
4572
4572
4572
4572
4572
4573
4573
4573
4573
4573
4573
4573
4573
4573
4573
4573
4573
4573
4574
4574
4574
4574
4574
4574
4574
4574
4574
4574
4574
4574
4575
4575
4575
4575
4575
4575
4575
4575
4575
4575
4575
4575
4575
4576
4576
4576
4576
4576
4576
4576
4576
4576
4576
4576
4576
4577
4577
4577
4577
4577
4577
4577
4577
4577
4577
4577
4577
4577
4578
4578
4578
4578
4578
4578
4578
4578
4578
4578
4578
4578
4579
4579
4579
4579
4579
4579
4579
4579
4579
4579
4579
4579
4579
4580
4580
4580
4580
4580
4580
4580
4580
4580
4580
4580
4580
4581
4581
4581
4581
4581
4581
4581
4581
4581
4581
4581
4581
4581
4582
4582
4582
4582
4582
4582
4582
4582
4582
4582
4582
4582
4583
4583
4583
4583
4583
4583
4583
4583
4583
4583
4583
4583
4583
4584
4584
4584
4584
4584
4584
4584
4584
4584
4584
4584
4584
4585
4585
4585
4585
4585
4585
4585
4585
4585
4585
4585
4585
4585
4586
4586
4586
4586
4586
4586
4586
4586
4586
4586
4586
4586
4587
4587
4587
4587
4587
4587
4587
4587
4587
4587
4587
4587
4587
4588
4588
4588
4588
4588
4588
4588
4588
4588
4588
4588
4588
4589
4589
4589
4589
4589
4589
4589
4589
4589
4589
4589
4589
4589
4590
4590
4590
4590
4590
4590
4590
4590
4590
4590
4590
4590
4591
4591
4591
4591
4591
4591
4591
4591
4591
4591
4591
4591
4591
4592
4592
4592
4592
4592
4592
4592
4592
4592
4592
4592
4592
4593
4593
4593
4593
4593
4593
4593
4593
4593
4593
4593
4593
4593
4594
4594
4594
4594
4594
4594
4594
4594
4594
4594
4594
4594
4595
4595
4595
4595
4595
4595
4595
4595
4595
4595
4595
4595
4595
4596
4596
4596
4596
4596
4596
4596
4596
4596
4596
4596
4596
4597
4597
4597
4597
4597
4597
4597
4597
4597
4597
4597
4597
4597
4598
4598
4598
4598
4598
4598
4598
4598
4598
4598
4598
4598
4599
4599
4599
4599
4599
4599
4599
4599
4599
4599
4599
4599
4599
4600
4600
4600
4600
4600
4600
4600
4600
4600
4600
4600
4600
4601
4601
4601
4601
4601
4601
4601
4601
4601
4601
4601
4601
4601
4602
4602
4602
4602
4602
4602
4602
4602
4602
4602
4602
4602
4603
4603
4603
4603
4603
4603
4603
4603
4603
4603
4603
4603
4603
4604
4604
4604
4604
4604
4604
4604
4604
4604
4604
4604
4604
4605
4605
4605
4605
4605
4605
4605
4605
4605
4605
4605
4605
4605
4606
4606
4606
4606
4606
4606
4606
4606
4606
4606
4606
4606
4607
4607
4607
4607
4607
4607
4607
4607
4607
4607
4607
4607
4607
4608
4608
4608
4608
4608
4608
4608
4608
4608
4608
4608
4608
4609
4609
4609
4609
4609
4609
4609
4609
4609
4609
4609
4609
4609
4610
4610
4610
4610
4610
4610
4610
4610
4610
4610
4610
4610
4611
4611
4611
4611
4611
4611
4611
4611
4611
4611
4611
4611
4611
4612
4612
4612
4612
4612
4612
4612
4612
4612
4612
4612
4612
4613
4613
4613
4613
4613
4613
4613
4613
4613
4613
4613
4613
4613
4614
4614
4614
4614
4614
4614
4614
4614
4614
4614
4614
4614
4615
4615
4615
4615
4615
4615
4615
4615
4615
4615
4615
4615
4615
4616
4616
4616
4616
4616
4616
4616
4616
4616
4616
4616
4616
4617
4617
4617
4617
4617
4617
4617
4617
4617
4617
4617
4617
4617
4618
4618
4618
4618
4618
4618
4618
4618
4618
4618
4618
4618
4619
4619
4619
4619
4619
4619
4619
4619
4619
4619
4619
4619
4619
4620
4620
4620
4620
4620
4620
4620
4620
4620
4620
4620
4620
4621
4621
4621
4621
4621
4621
4621
4621
4621
4621
4621
4621
4621
4622
4622
4622
4622
4622
4622
4622
4622
4622
4622
4622
4622
4623
4623
4623
4623
4623
4623
4623
4623
4623
4623
4623
4623
4623
4624
4624
4624
4624
4624
4624
4624
4624
4624
4624
4624
4624
4625
4625
4625
4625
4625
4625
4625
4625
4625
4625
4625
4625
4625
4626
4626
4626
4626
4626
4626
4626
4626
4626
4626
4626
4626
4627
4627
4627
4627
4627
4627
4627
4627
4627
4627
4627
4627
4627
4628
4628
4628
4628
4628
4628
4628
4628
4628
4628
4628
4628
4629
4629
4629
4629
4629
4629
4629
4629
4629
4629
4629
4629
4629
4630
4630
4630
4630
4630
4630
4630
4630
4630
4630
4630
4630
4631
4631
4631
4631
4631
4631
4631
4631
4631
4631
4631
4631
4631
4632
4632
4632
4632
4632
4632
4632
4632
4632
4632
4632
4632
4633
4633
4633
4633
4633
4633
4633
4633
4633
4633
4633
4633
4633
4634
4634
4634
4634
4634
4634
4634
4634
4634
4634
4634
4634
4635
4635
4635
4635
4635
4635
4635
4635
4635
4635
4635
4635
4635
4636
4636
4636
4636
4636
4636
4636
4636
4636
4636
4636
4636
4637
4637
4637
4637
4637
4637
4637
4637
4637
4637
4637
4637
4637
4638
4638
4638
4638
4638
4638
4638
4638
4638
4638
4638
4638
4639
4639
4639
4639
4639
4639
4639
4639
4639
4639
4639
4639
4639
4640
4640
4640
4640
4640
4640
4640
4640
4640
4640
4640
4640
4641
4641
4641
4641
4641
4641
4641
4641
4641
4641
4641
4641
4641
4642
4642
4642
4642
4642
4642
4642
4642
4642
4642
4642
4642
4643
4643
4643
4643
4643
4643
4643
4643
4643
4643
4643
4643
4643
4644
4644
4644
4644
4644
4644
4644
4644
4644
4644
4644
4644
4645
4645
4645
4645
4645
4645
4645
4645
4645
4645
4645
4645
4645
4646
4646
4646
4646
4646
4646
4646
4646
4646
4646
4646
4646
4647
4647
4647
4647
4647
4647
4647
4647
4647
4647
4647
4647
4647
4648
4648
4648
4648
4648
4648
4648
4648
4648
4648
4648
4648
4649
4649
4649
4649
4649
4649
4649
4649
4649
4649
4649
4649
4649
4650
4650
4650
4650
4650
4650
4650
4650
4650
4650
4650
4650
4651
4651
4651
4651
4651
4651
4651
4651
4651
4652
4652
4652
4652
4652
4652
4652
4652
4652
4653
4653
4653
4653
4653
4653
4653
4653
4653
4654
4654
4654
4654
4654
4654
4654
4654
4654
4655
4655
4655
4655
4655
4655
4655
4655
4655
4656
4656
4656
4656
4656
4656
4656
4656
4656
4657
4657
4657
4657
4657
4657
4657
4657
4657
4658
4658
4658
4658
4658
4658
4658
4658
4658
4659
4659
4659
4659
4659
4659
4659
4659
4659
4660
4660
4660
4660
4660
4660
4660
4660
4660
4661
4661
4661
4661
4661
4661
4661
4661
4661
4662
4662
4662
4662
4662
4662
4662
4662
4662
4663
4663
4663
4663
4663
4663
4663
4663
4664
4664
4664
4664
4664
4664
4664
4664
4664
4665
4665
4665
4665
4665
4665
4665
4665
4665
4666
4666
4666
4666
4666
4666
4666
4666
4666
4667
4667
4667
4667
4667
4667
4667
4667
4667
4668
4668
4668
4668
4668
4668
4668
4668
4668
4669
4669
4669
4669
4669
4669
4669
4669
4669
4670
4670
4670
4670
4670
4670
4670
4670
4670
4671
4671
4671
4671
4671
4671
4671
4671
4671
4672
4672
4672
4672
4672
4672
4672
4672
4672
4673
4673
4673
4673
4673
4673
4673
4673
4673
4674
4674
4674
4674
4674
4674
4674
4674
4674
4675
4675
4675
4675
4675
4675
4675
4675
4676
4676
4676
4676
4676
4676
4676
4676
4676
4677
4677
4677
4677
4677
4677
4677
4677
4677
4678
4678
4678
4678
4678
4678
4678
4678
4678
4679
4679
4679
4679
4679
4679
4679
4679
4679
4680
4680
4680
4680
4680
4680
4680
4680
4680
4681
4681
4681
4681
4681
4681
4681
4681
4681
4682
4682
4682
4682
4682
4682
4682
4682
4682
4683
4683
4683
4683
4683
4683
4683
4683
4683
4684
4684
4684
4684
4684
4684
4684
4684
4684
4685
4685
4685
4685
4685
4685
4685
4685
4685
4686
4686
4686
4686
4686
4686
4686
4686
4686
4687
4687
4687
4687
4687
4687
4687
4687
4687
4688
4688
4688
4688
4688
4688
4688
4688
4689
4689
4689
4689
4689
4689
4689
4689
4689
4690
4690
4690
4690
4690
4690
4690
4690
4690
4691
4691
4691
4691
4691
4691
4691
4691
4691
4692
4692
4692
4692
4692
4692
4692
4692
4692
4693
4693
4693
4693
4693
4693
4693
4693
4693
4694
4694
4694
4694
4694
4694
4694
4694
4694
4695
4695
4695
4695
4695
4695
4695
4695
4695
4696
4696
4696
4696
4696
4696
4696
4696
4696
4697
4697
4697
4697
4697
4697
4697
4697
4697
4698
4698
4698
4698
4698
4698
4698
4698
4698
4699
4699
4699
4699
4699
4699
4699
4699
4699
4700
4700
4700
4700
4700
4700
4700
4700
4701
4703
4705
4708
4710
4712
4715
4717
4720
4722
4724
4727
4729
4731
4734
4736
4739
4741
4743
4746
4748
4751
4753
4755
4758
4760
4762
4765
4767
4770
4772
4774
4777
4779
4781
4784
4786
4789
4791
4793
4796
4798
4801
4803
4805
4808
4810
4812
4815
4817
4820
4822
4824
4827
4829
4831
4834
4836
4839
4841
4843
4846
4848
4851
4853
4856
4858
4861
4863
4866
4868
4871
4873
4876
4878
4881
4883
4886
4888
4891
4893
4896
4898
4901
4903
4905
4908
4910
4912
4915
4917
4920
4922
4924
4927
4929
4931
4934
4936
4939
4941
4943
4946
4948
4951
4953
4955
4958
4960
4962
4965
4967
4970
4972
4974
4977
4979
4981
4984
4986
4989
4991
4993
4996
4998
5001
5003
5005
5008
5010
5012
5015
5017
5020
5022
5024
5027
5029
5031
5034
5036
5039
5041
5043
5046
5048
5051
5053
5055
5058
5060
5062
5065
5067
5070
5072
5074
5077
5079
5081
5084
5086
5089
5091
5093
5096
5098
5101
5103
5105
5108
5110
5112
5115
5117
5120
5122
5124
5127
5129
5131
5134
5136
5139
5141
5143
5146
5148
5151
5153
5156
5158
5161
5163
5166
5168
5171
5173
5176
5178
5181
5183
5186
5188
5191
5193
5196
5198
5201
5201
5201
5201
5201
5201
5201
5201
5201
5201
5201
5201
5201
5202
5202
5202
5202
5202
5202
5202
5202
5202
5202
5202
5202
5203
5203
5203
5203
5203
5203
5203
5203
5203
5203
5203
5203
5203
5204
5204
5204
5204
5204
5204
5204
5204
5204
5204
5204
5204
5205
5205
5205
5205
5205
5205
5205
5205
5205
5205
5205
5205
5205
5206
5206
5206
5206
5206
5206
5206
5206
5206
5206
5206
5206
5207
5207
5207
5207
5207
5207
5207
5207
5207
5207
5207
5207
5207
5208
5208
5208
5208
5208
5208
5208
5208
5208
5208
5208
5208
5209
5209
5209
5209
5209
5209
5209
5209
5209
5209
5209
5209
5209
5210
5210
5210
5210
5210
5210
5210
5210
5210
5210
5210
5210
5211
5211
5211
5211
5211
5211
5211
5211
5211
5211
5211
5211
5211
5212
5212
5212
5212
5212
5212
5212
5212
5212
5212
5212
5212
5213
5213
5213
5213
5213
5213
5213
5213
5213
5213
5213
5213
5213
5214
5214
5214
5214
5214
5214
5214
5214
5214
5214
5214
5214
5215
5215
5215
5215
5215
5215
5215
5215
5215
5215
5215
5215
5215
5216
5216
5216
5216
5216
5216
5216
5216
5216
5216
5216
5216
5217
5217
5217
5217
5217
5217
5217
5217
5217
5217
5217
5217
5217
5218
5218
5218
5218
5218
5218
5218
5218
5218
5218
5218
5218
5219
5219
5219
5219
5219
5219
5219
5219
5219
5219
5219
5219
5219
5220
5220
5220
5220
5220
5220
5220
5220
5220
5220
5220
5220
5221
5221
5221
5221
5221
5221
5221
5221
5221
5221
5221
5221
5221
5222
5222
5222
5222
5222
5222
5222
5222
5222
5222
5222
5222
5223
5223
5223
5223
5223
5223
5223
5223
5223
5223
5223
5223
5223
5224
5224
5224
5224
5224
5224
5224
5224
5224
5224
5224
5224
5225
5225
5225
5225
5225
5225
5225
5225
5225
5225
5225
5225
5225
5226
5226
5226
5226
5226
5226
5226
5226
5226
5226
5226
5226
5227
5227
5227
5227
5227
5227
5227
5227
5227
5227
5227
5227
5227
5228
5228
5228
5228
5228
5228
5228
5228
5228
5228
5228
5228
5229
5229
5229
5229
5229
5229
5229
5229
5229
5229
5229
5229
5229
5230
5230
5230
5230
5230
5230
5230
5230
5230
5230
5230
5230
5231
5231
5231
5231
5231
5231
5231
5231
5231
5231
5231
5231
5231
5232
5232
5232
5232
5232
5232
5232
5232
5232
5232
5232
5232
5233
5233
5233
5233
5233
5233
5233
5233
5233
5233
5233
5233
5233
5234
5234
5234
5234
5234
5234
5234
5234
5234
5234
5234
5234
5235
5235
5235
5235
5235
5235
5235
5235
5235
5235
5235
5235
5235
5236
5236
5236
5236
5236
5236
5236
5236
5236
5236
5236
5236
5237
5237
5237
5237
5237
5237
5237
5237
5237
5237
5237
5237
5237
5238
5238
5238
5238
5238
5238
5238
5238
5238
5238
5238
5238
5239
5239
5239
5239
5239
5239
5239
5239
5239
5239
5239
5239
5239
5240
5240
5240
5240
5240
5240
5240
5240
5240
5240
5240
5240
5241
5241
5241
5241
5241
5241
5241
5241
5241
5241
5241
5241
5241
5242
5242
5242
5242
5242
5242
5242
5242
5242
5242
5242
5242
5243
5243
5243
5243
5243
5243
5243
5243
5243
5243
5243
5243
5243
5244
5244
5244
5244
5244
5244
5244
5244
5244
5244
5244
5244
5245
5245
5245
5245
5245
5245
5245
5245
5245
5245
5245
5245
5245
5246
5246
5246
5246
5246
5246
5246
5246
5246
5246
5246
5246
5247
5247
5247
5247
5247
5247
5247
5247
5247
5247
5247
5247
5247
5248
5248
5248
5248
5248
5248
5248
5248
5248
5248
5248
5248
5249
5249
5249
5249
5249
5249
5249
5249
5249
5249
5249
5249
5249
5250
5250
5250
5250
5250
5250
5250
5250
5250
5250
5250
5250
5251
5251
5251
5251
5251
5251
5251
5251
5251
5251
5251
5251
5251
5252
5252
5252
5252
5252
5252
5252
5252
5252
5252
5252
5252
5253
5253
5253
5253
5253
5253
5253
5253
5253
5253
5253
5253
5253
5254
5254
5254
5254
5254
5254
5254
5254
5254
5254
5254
5254
5255
5255
5255
5255
5255
5255
5255
5255
5255
5255
5255
5255
5255
5256
5256
5256
5256
5256
5256
5256
5256
5256
5256
5256
5256
5257
5257
5257
5257
5257
5257
5257
5257
5257
5257
5257
5257
5257
5258
5258
5258
5258
5258
5258
5258
5258
5258
5258
5258
5258
5259
5259
5259
5259
5259
5259
5259
5259
5259
5259
5259
5259
5259
5260
5260
5260
5260
5260
5260
5260
5260
5260
5260
5260
5260
5261
5261
5261
5261
5261
5261
5261
5261
5261
5261
5261
5261
5261
5262
5262
5262
5262
5262
5262
5262
5262
5262
5262
5262
5262
5263
5263
5263
5263
5263
5263
5263
5263
5263
5263
5263
5263
5263
5264
5264
5264
5264
5264
5264
5264
5264
5264
5264
5264
5264
5265
5265
5265
5265
5265
5265
5265
5265
5265
5265
5265
5265
5265
5266
5266
5266
5266
5266
5266
5266
5266
5266
5266
5266
5266
5267
5267
5267
5267
5267
5267
5267
5267
5267
5267
5267
5267
5267
5268
5268
5268
5268
5268
5268
5268
5268
5268
5268
5268
5268
5269
5269
5269
5269
5269
5269
5269
5269
5269
5269
5269
5269
5269
5270
5270
5270
5270
5270
5270
5270
5270
5270
5270
5270
5270
5271
5271
5271
5271
5271
5271
5271
5271
5271
5271
5271
5271
5271
5272
5272
5272
5272
5272
5272
5272
5272
5272
5272
5272
5272
5273
5273
5273
5273
5273
5273
5273
5273
5273
5273
5273
5273
5273
5274
5274
5274
5274
5274
5274
5274
5274
5274
5274
5274
5274
5275
5275
5275
5275
5275
5275
5275
5275
5275
5275
5275
5275
5275
5276
5276
5276
5276
5276
5276
5276
5276
5276
5276
5276
5276
5277
5277
5277
5277
5277
5277
5277
5277
5277
5277
5277
5277
5277
5278
5278
5278
5278
5278
5278
5278
5278
5278
5278
5278
5278
5279
5279
5279
5279
5279
5279
5279
5279
5279
5279
5279
5279
5279
5280
5280
5280
5280
5280
5280
5280
5280
5280
5280
5280
5280
5281
5281
5281
5281
5281
5281
5281
5281
5281
5281
5281
5281
5281
5282
5282
5282
5282
5282
5282
5282
5282
5282
5282
5282
5282
5283
5283
5283
5283
5283
5283
5283
5283
5283
5283
5283
5283
5283
5284
5284
5284
5284
5284
5284
5284
5284
5284
5284
5284
5284
5285
5285
5285
5285
5285
5285
5285
5285
5285
5285
5285
5285
5285
5286
5286
5286
5286
5286
5286
5286
5286
5286
5286
5286
5286
5287
5287
5287
5287
5287
5287
5287
5287
5287
5287
5287
5287
5287
5288
5288
5288
5288
5288
5288
5288
5288
5288
5288
5288
5288
5289
5289
5289
5289
5289
5289
5289
5289
5289
5289
5289
5289
5289
5290
5290
5290
5290
5290
5290
5290
5290
5290
5290
5290
5290
5291
5291
5291
5291
5291
5291
5291
5291
5291
5291
5291
5291
5291
5292
5292
5292
5292
5292
5292
5292
5292
5292
5292
5292
5292
5293
5293
5293
5293
5293
5293
5293
5293
5293
5293
5293
5293
5293
5294
5294
5294
5294
5294
5294
5294
5294
5294
5294
5294
5294
5295
5295
5295
5295
5295
5295
5295
5295
5295
5295
5295
5295
5295
5296
5296
5296
5296
5296
5296
5296
5296
5296
5296
5296
5296
5297
5297
5297
5297
5297
5297
5297
5297
5297
5297
5297
5297
5297
5298
5298
5298
5298
5298
5298
5298
5298
5298
5298
5298
5298
5299
5299
5299
5299
5299
5299
5299
5299
5299
5299
5299
5299
5299
5300
5300
5300
5300
5300
5300
5300
5300
5300
5300
5300
5300
5301
5301
5301
5301
5301
5301
5301
5301
5301
5301
5301
5301
5301
5302
5302
5302
5302
5302
5302
5302
5302
5302
5302
5302
5302
5303
5303
5303
5303
5303
5303
5303
5303
5303
5303
5303
5303
5303
5304
5304
5304
5304
5304
5304
5304
5304
5304
5304
5304
5304
5305
5305
5305
5305
5305
5305
5305
5305
5305
5305
5305
5305
5305
5306
5306
5306
5306
5306
5306
5306
5306
5306
5306
5306
5306
5307
5307
5307
5307
5307
5307
5307
5307
5307
5307
5307
5307
5307
5308
5308
5308
5308
5308
5308
5308
5308
5308
5308
5308
5308
5309
5309
5309
5309
5309
5309
5309
5309
5309
5309
5309
5309
5309
5310
5310
5310
5310
5310
5310
5310
5310
5310
5310
5310
5310
5311
5311
5311
5311
5311
5311
5311
5311
5311
5311
5311
5311
5311
5312
5312
5312
5312
5312
5312
5312
5312
5312
5312
5312
5312
5313
5313
5313
5313
5313
5313
5313
5313
5313
5313
5313
5313
5313
5314
5314
5314
5314
5314
5314
5314
5314
5314
5314
5314
5314
5315
5315
5315
5315
5315
5315
5315
5315
5315
5315
5315
5315
5315
5316
5316
5316
5316
5316
5316
5316
5316
5316
5316
5316
5316
5317
5317
5317
5317
5317
5317
5317
5317
5317
5317
5317
5317
5317
5318
5318
5318
5318
5318
5318
5318
5318
5318
5318
5318
5318
5319
5319
5319
5319
5319
5319
5319
5319
5319
5319
5319
5319
5319
5320
5320
5320
5320
5320
5320
5320
5320
5320
5320
5320
5320
5321
5321
5321
5321
5321
5321
5321
5321
5321
5321
5321
5321
5321
5322
5322
5322
5322
5322
5322
5322
5322
5322
5322
5322
5322
5323
5323
5323
5323
5323
5323
5323
5323
5323
5323
5323
5323
5323
5324
5324
5324
5324
5324
5324
5324
5324
5324
5324
5324
5324
5325
5325
5325
5325
5325
5325
5325
5325
5325
5325
5325
5325
5325
5326
5326
5326
5326
5326
5326
5326
5326
5326
5326
5326
5326
5327
5327
5327
5327
5327
5327
5327
5327
5327
5327
5327
5327
5327
5328
5328
5328
5328
5328
5328
5328
5328
5328
5328
5328
5328
5329
5329
5329
5329
5329
5329
5329
5329
5329
5329
5329
5329
5329
5330
5330
5330
5330
5330
5330
5330
5330
5330
5330
5330
5330
5331
5331
5331
5331
5331
5331
5331
5331
5331
5331
5331
5331
5331
5332
5332
5332
5332
5332
5332
5332
5332
5332
5332
5332
5332
5333
5333
5333
5333
5333
5333
5333
5333
5333
5333
5333
5333
5333
5334
5334
5334
5334
5334
5334
5334
5334
5334
5334
5334
5334
5335
5335
5335
5335
5335
5335
5335
5335
5335
5335
5335
5335
5335
5336
5336
5336
5336
5336
5336
5336
5336
5336
5336
5336
5336
5337
5337
5337
5337
5337
5337
5337
5337
5337
5337
5337
5337
5337
5338
5338
5338
5338
5338
5338
5338
5338
5338
5338
5338
5338
5339
5339
5339
5339
5339
5339
5339
5339
5339
5339
5339
5339
5339
5340
5340
5340
5340
5340
5340
5340
5340
5340
5340
5340
5340
5341
5341
5341
5341
5341
5341
5341
5341
5341
5341
5341
5341
5341
5342
5342
5342
5342
5342
5342
5342
5342
5342
5342
5342
5342
5343
5343
5343
5343
5343
5343
5343
5343
5343
5343
5343
5343
5343
5344
5344
5344
5344
5344
5344
5344
5344
5344
5344
5344
5344
5345
5345
5345
5345
5345
5345
5345
5345
5345
5345
5345
5345
5345
5346
5346
5346
5346
5346
5346
5346
5346
5346
5346
5346
5346
5347
5347
5347
5347
5347
5347
5347
5347
5347
5347
5347
5347
5347
5348
5348
5348
5348
5348
5348
5348
5348
5348
5348
5348
5348
5349
5349
5349
5349
5349
5349
5349
5349
5349
5349
5349
5349
5349
5350
5350
5350
5350
5350
5350
5350
5350
5350
5350
5350
5350
5351
5351
5351
5351
5351
5351
5351
5351
5351
5351
5351
5351
5351
5352
5352
5352
5352
5352
5352
5352
5352
5352
5352
5352
5352
5353
5353
5353
5353
5353
5353
5353
5353
5353
5353
5353
5353
5353
5354
5354
5354
5354
5354
5354
5354
5354
5354
5354
5354
5354
5355
5355
5355
5355
5355
5355
5355
5355
5355
5355
5355
5355
5355
5356
5356
5356
5356
5356
5356
5356
5356
5356
5356
5356
5356
5357
5357
5357
5357
5357
5357
5357
5357
5357
5357
5357
5357
5357
5358
5358
5358
5358
5358
5358
5358
5358
5358
5358
5358
5358
5359
5359
5359
5359
5359
5359
5359
5359
5359
5359
5359
5359
5359
5360
5360
5360
5360
5360
5360
5360
5360
5360
5360
5360
5360
5361
5361
5361
5361
5361
5361
5361
5361
5361
5361
5361
5361
5361
5362
5362
5362
5362
5362
5362
5362
5362
5362
5362
5362
5362
5363
5363
5363
5363
5363
5363
5363
5363
5363
5363
5363
5363
5363
5364
5364
5364
5364
5364
5364
5364
5364
5364
5364
5364
5364
5365
5365
5365
5365
5365
5365
5365
5365
5365
5365
5365
5365
5365
5366
5366
5366
5366
5366
5366
5366
5366
5366
5366
5366
5366
5367
5367
5367
5367
5367
5367
5367
5367
5367
5367
5367
5367
5367
5368
5368
5368
5368
5368
5368
5368
5368
5368
5368
5368
5368
5369
5369
5369
5369
5369
5369
5369
5369
5369
5369
5369
5369
5369
5370
5370
5370
5370
5370
5370
5370
5370
5370
5370
5370
5370
5371
5371
5371
5371
5371
5371
5371
5371
5371
5371
5371
5371
5371
5372
5372
5372
5372
5372
5372
5372
5372
5372
5372
5372
5372
5373
5373
5373
5373
5373
5373
5373
5373
5373
5373
5373
5373
5373
5374
5374
5374
5374
5374
5374
5374
5374
5374
5374
5374
5374
5375
5375
5375
5375
5375
5375
5375
5375
5375
5375
5375
5375
5375
5376
5376
5376
5376
5376
5376
5376
5376
5376
5376
5376
5376
5377
5377
5377
5377
5377
5377
5377
5377
5377
5377
5377
5377
5377
5378
5378
5378
5378
5378
5378
5378
5378
5378
5378
5378
5378
5379
5379
5379
5379
5379
5379
5379
5379
5379
5379
5379
5379
5379
5380
5380
5380
5380
5380
5380
5380
5380
5380
5380
5380
5380
5381
5381
5381
5381
5381
5381
5381
5381
5381
5381
5381
5381
5381
5382
5382
5382
5382
5382
5382
5382
5382
5382
5382
5382
5382
5383
5383
5383
5383
5383
5383
5383
5383
5383
5383
5383
5383
5383
5384
5384
5384
5384
5384
5384
5384
5384
5384
5384
5384
5384
5385
5385
5385
5385
5385
5385
5385
5385
5385
5385
5385
5385
5385
5386
5386
5386
5386
5386
5386
5386
5386
5386
5386
5386
5386
5387
5387
5387
5387
5387
5387
5387
5387
5387
5387
5387
5387
5387
5388
5388
5388
5388
5388
5388
5388
5388
5388
5388
5388
5388
5389
5389
5389
5389
5389
5389
5389
5389
5389
5389
5389
5389
5389
5390
5390
5390
5390
5390
5390
5390
5390
5390
5390
5390
5390
5391
5391
5391
5391
5391
5391
5391
5391
5391
5391
5391
5391
5391
5392
5392
5392
5392
5392
5392
5392
5392
5392
5392
5392
5392
5393
5393
5393
5393
5393
5393
5393
5393
5393
5393
5393
5393
5393
5394
5394
5394
5394
5394
5394
5394
5394
5394
5394
5394
5394
5395
5395
5395
5395
5395
5395
5395
5395
5395
5395
5395
5395
5395
5396
5396
5396
5396
5396
5396
5396
5396
5396
5396
5396
5396
5397
5397
5397
5397
5397
5397
5397
5397
5397
5397
5397
5397
5397
5398
5398
5398
5398
5398
5398
5398
5398
5398
5398
5398
5398
5399
5399
5399
5399
5399
5399
5399
5399
5399
5399
5399
5399
5399
5400
5400
5400
5400
5400
5400
5400
5400
5400
5400
5400
5400
5401
5401
5401
5401
5401
5401
5401
5401
5401
5401
5401
5401
5401
5402
5402
5402
5402
5402
5402
5402
5402
5402
5402
5402
5402
5403
5403
5403
5403
5403
5403
5403
5403
5403
5403
5403
5403
5403
5404
5404
5404
5404
5404
5404
5404
5404
5404
5404
5404
5404
5405
5405
5405
5405
5405
5405
5405
5405
5405
5405
5405
5405
5405
5406
5406
5406
5406
5406
5406
5406
5406
5406
5406
5406
5406
5407
5407
5407
5407
5407
5407
5407
5407
5407
5407
5407
5407
5407
5408
5408
5408
5408
5408
5408
5408
5408
5408
5408
5408
5408
5409
5409
5409
5409
5409
5409
5409
5409
5409
5409
5409
5409
5409
5410
5410
5410
5410
5410
5410
5410
5410
5410
5410
5410
5410
5411
5411
5411
5411
5411
5411
5411
5411
5411
5411
5411
5411
5411
5412
5412
5412
5412
5412
5412
5412
5412
5412
5412
5412
5412
5413
5413
5413
5413
5413
5413
5413
5413
5413
5413
5413
5413
5413
5414
5414
5414
5414
5414
5414
5414
5414
5414
5414
5414
5414
5415
5415
5415
5415
5415
5415
5415
5415
5415
5415
5415
5415
5415
5416
5416
5416
5416
5416
5416
5416
5416
5416
5416
5416
5416
5417
5417
5417
5417
5417
5417
5417
5417
5417
5417
5417
5417
5417
5418
5418
5418
5418
5418
5418
5418
5418
5418
5418
5418
5418
5419
5419
5419
5419
5419
5419
5419
5419
5419
5419
5419
5419
5419
5420
5420
5420
5420
5420
5420
5420
5420
5420
5420
5420
5420
5421
5421
5421
5421
5421
5421
5421
5421
5421
5421
5421
5421
5421
5422
5422
5422
5422
5422
5422
5422
5422
5422
5422
5422
5422
5423
5423
5423
5423
5423
5423
5423
5423
5423
5423
5423
5423
5423
5424
5424
5424
5424
5424
5424
5424
5424
5424
5424
5424
5424
5425
5425
5425
5425
5425
5425
5425
5425
5425
5425
5425
5425
5425
5426
5426
5426
5426
5426
5426
5426
5426
5426
5426
5426
5426
5427
5427
5427
5427
5427
5427
5427
5427
5427
5427
5427
5427
5427
5428
5428
5428
5428
5428
5428
5428
5428
5428
5428
5428
5428
5429
5429
5429
5429
5429
5429
5429
5429
5429
5429
5429
5429
5429
5430
5430
5430
5430
5430
5430
5430
5430
5430
5430
5430
5430
5431
5431
5431
5431
5431
5431
5431
5431
5431
5431
5431
5431
5431
5432
5432
5432
5432
5432
5432
5432
5432
5432
5432
5432
5432
5433
5433
5433
5433
5433
5433
5433
5433
5433
5433
5433
5433
5433
5434
5434
5434
5434
5434
5434
5434
5434
5434
5434
5434
5434
5435
5435
5435
5435
5435
5435
5435
5435
5435
5435
5435
5435
5435
5436
5436
5436
5436
5436
5436
5436
5436
5436
5436
5436
5436
5437
5437
5437
5437
5437
5437
5437
5437
5437
5437
5437
5437
5437
5438
5438
5438
5438
5438
5438
5438
5438
5438
5438
5438
5438
5439
5439
5439
5439
5439
5439
5439
5439
5439
5439
5439
5439
5439
5440
5440
5440
5440
5440
5440
5440
5440
5440
5440
5440
5440
5441
5441
5441
5441
5441
5441
5441
5441
5441
5441
5441
5441
5441
5442
5442
5442
5442
5442
5442
5442
5442
5442
5442
5442
5442
5443
5443
5443
5443
5443
5443
5443
5443
5443
5443
5443
5443
5443
5444
5444
5444
5444
5444
5444
5444
5444
5444
5444
5444
5444
5445
5445
5445
5445
5445
5445
5445
5445
5445
5445
5445
5445
5445
5446
5446
5446
5446
5446
5446
5446
5446
5446
5446
5446
5446
5447
5447
5447
5447
5447
5447
5447
5447
5447
5447
5447
5447
5447
5448
5448
5448
5448
5448
5448
5448
5448
5448
5448
5448
5448
5449
5449
5449
5449
5449
5449
5449
5449
5449
5449
5449
5449
5449
5450
5450
5450
5450
5450
5450
5450
5450
5450
5450
5450
5450
5451
5451
5451
5451
5451
5451
5451
5451
5451
5451
5451
5451
5451
5452
5452
5452
5452
5452
5452
5452
5452
5452
5452
5452
5452
5453
5453
5453
5453
5453
5453
5453
5453
5453
5453
5453
5453
5453
5454
5454
5454
5454
5454
5454
5454
5454
5454
5454
5454
5454
5455
5455
5455
5455
5455
5455
5455
5455
5455
5455
5455
5455
5455
5456
5456
5456
5456
5456
5456
5456
5456
5456
5456
5456
5456
5457
5457
5457
5457
5457
5457
5457
5457
5457
5457
5457
5457
5457
5458
5458
5458
5458
5458
5458
5458
5458
5458
5458
5458
5458
5459
5459
5459
5459
5459
5459
5459
5459
5459
5459
5459
5459
5459
5460
5460
5460
5460
5460
5460
5460
5460
5460
5460
5460
5460
5461
5461
5461
5461
5461
5461
5461
5461
5461
5461
5461
5461
5461
5462
5462
5462
5462
5462
5462
5462
5462
5462
5462
5462
5462
5463
5463
5463
5463
5463
5463
5463
5463
5463
5463
5463
5463
5463
5464
5464
5464
5464
5464
5464
5464
5464
5464
5464
5464
5464
5465
5465
5465
5465
5465
5465
5465
5465
5465
5465
5465
5465
5465
5466
5466
5466
5466
5466
5466
5466
5466
5466
5466
5466
5466
5467
5467
5467
5467
5467
5467
5467
5467
5467
5467
5467
5467
5467
5468
5468
5468
5468
5468
5468
5468
5468
5468
5468
5468
5468
5469
5469
5469
5469
5469
5469
5469
5469
5469
5469
5469
5469
5469
5470
5470
5470
5470
5470
5470
5470
5470
5470
5470
5470
5470
5471
5471
5471
5471
5471
5471
5471
5471
5471
5471
5471
5471
5471
5472
5472
5472
5472
5472
5472
5472
5472
5472
5472
5472
5472
5473
5473
5473
5473
5473
5473
5473
5473
5473
5473
5473
5473
5473
5474
5474
5474
5474
5474
5474
5474
5474
5474
5474
5474
5474
5475
5475
5475
5475
5475
5475
5475
5475
5475
5475
5475
5475
5475
5476
5476
5476
5476
5476
5476
5476
5476
5476
5476
5476
5476
5477
5477
5477
5477
5477
5477
5477
5477
5477
5477
5477
5477
5477
5478
5478
5478
5478
5478
5478
5478
5478
5478
5478
5478
5478
5479
5479
5479
5479
5479
5479
5479
5479
5479
5479
5479
5479
5479
5480
5480
5480
5480
5480
5480
5480
5480
5480
5480
5480
5480
5481
5481
5481
5481
5481
5481
5481
5481
5481
5481
5481
5481
5481
5482
5482
5482
5482
5482
5482
5482
5482
5482
5482
5482
5482
5483
5483
5483
5483
5483
5483
5483
5483
5483
5483
5483
5483
5483
5484
5484
5484
5484
5484
5484
5484
5484
5484
5484
5484
5484
5485
5485
5485
5485
5485
5485
5485
5485
5485
5485
5485
5485
5485
5486
5486
5486
5486
5486
5486
5486
5486
5486
5486
5486
5486
5487
5487
5487
5487
5487
5487
5487
5487
5487
5487
5487
5487
5487
5488
5488
5488
5488
5488
5488
5488
5488
5488
5488
5488
5488
5489
5489
5489
5489
5489
5489
5489
5489
5489
5489
5489
5489
5489
5490
5490
5490
5490
5490
5490
5490
5490
5490
5490
5490
5490
5491
5491
5491
5491
5491
5491
5491
5491
5491
5491
5491
5491
5491
5492
5492
5492
5492
5492
5492
5492
5492
5492
5492
5492
5492
5493
5493
5493
5493
5493
5493
5493
5493
5493
5493
5493
5493
5493
5494
5494
5494
5494
5494
5494
5494
5494
5494
5494
5494
5494
5495
5495
5495
5495
5495
5495
5495
5495
5495
5495
5495
5495
5495
5496
5496
5496
5496
5496
5496
5496
5496
5496
5496
5496
5496
5497
5497
5497
5497
5497
5497
5497
5497
5497
5497
5497
5497
5497
5498
5498
5498
5498
5498
5498
5498
5498
5498
5498
5498
5498
5499
5499
5499
5499
5499
5499
5499
5499
5499
5499
5499
5499
5499
5500
5500
5500
5500
5500
5500
5500
5500
5500
5500
5500
5500
5501
5501
5501
5501
5501
5501
5501
5501
5501
5501
5501
5501
5501
5502
5502
5502
5502
5502
5502
5502
5502
5502
5502
5502
5502
5503
5503
5503
5503
5503
5503
5503
5503
5503
5503
5503
5503
5503
5504
5504
5504
5504
5504
5504
5504
5504
5504
5504
5504
5504
5505
5505
5505
5505
5505
5505
5505
5505
5505
5505
5505
5505
5505
5506
5506
5506
5506
5506
5506
5506
5506
5506
5506
5506
5506
5507
5507
5507
5507
5507
5507
5507
5507
5507
5507
5507
5507
5507
5508
5508
5508
5508
5508
5508
5508
5508
5508
5508
5508
5508
5509
5509
5509
5509
5509
5509
5509
5509
5509
5509
5509
5509
5509
5510
5510
5510
5510
5510
5510
5510
5510
5510
5510
5510
5510
5511
5511
5511
5511
5511
5511
5511
5511
5511
5511
5511
5511
5511
5512
5512
5512
5512
5512
5512
5512
5512
5512
5512
5512
5512
5513
5513
5513
5513
5513
5513
5513
5513
5513
5513
5513
5513
5513
5514
5514
5514
5514
5514
5514
5514
5514
5514
5514
5514
5514
5515
5515
5515
5515
5515
5515
5515
5515
5515
5515
5515
5515
5515
5516
5516
5516
5516
5516
5516
5516
5516
5516
5516
5516
5516
5517
5517
5517
5517
5517
5517
5517
5517
5517
5517
5517
5517
5517
5518
5518
5518
5518
5518
5518
5518
5518
5518
5518
5518
5518
5519
5519
5519
5519
5519
5519
5519
5519
5519
5519
5519
5519
5519
5520
5520
5520
5520
5520
5520
5520
5520
5520
5520
5520
5520
5521
5521
5521
5521
5521
5521
5521
5521
5521
5521
5521
5521
5521
5522
5522
5522
5522
5522
5522
5522
5522
5522
5522
5522
5522
5523
5523
5523
5523
5523
5523
5523
5523
5523
5523
5523
5523
5523
5524
5524
5524
5524
5524
5524
5524
5524
5524
5524
5524
5524
5525
5525
5525
5525
5525
5525
5525
5525
5525
5525
5525
5525
5525
5526
5526
5526
5526
5526
5526
5526
5526
5526
5526
5526
5526
5527
5527
5527
5527
5527
5527
5527
5527
5527
5527
5527
5527
5527
5528
5528
5528
5528
5528
5528
5528
5528
5528
5528
5528
5528
5529
5529
5529
5529
5529
5529
5529
5529
5529
5529
5529
5529
5529
5530
5530
5530
5530
5530
5530
5530
5530
5530
5530
5530
5530
5531
5531
5531
5531
5531
5531
5531
5531
5531
5531
5531
5531
5531
5532
5532
5532
5532
5532
5532
5532
5532
5532
5532
5532
5532
5533
5533
5533
5533
5533
5533
5533
5533
5533
5533
5533
5533
5533
5534
5534
5534
5534
5534
5534
5534
5534
5534
5534
5534
5534
5535
5535
5535
5535
5535
5535
5535
5535
5535
5535
5535
5535
5535
5536
5536
5536
5536
5536
5536
5536
5536
5536
5536
5536
5536
5537
5537
5537
5537
5537
5537
5537
5537
5537
5537
5537
5537
5537
5538
5538
5538
5538
5538
5538
5538
5538
5538
5538
5538
5538
5539
5539
5539
5539
5539
5539
5539
5539
5539
5539
5539
5539
5539
5540
5540
5540
5540
5540
5540
5540
5540
5540
5540
5540
5540
5541
5541
5541
5541
5541
5541
5541
5541
5541
5541
5541
5541
5541
5542
5542
5542
5542
5542
5542
5542
5542
5542
5542
5542
5542
5543
5543
5543
5543
5543
5543
5543
5543
5543
5543
5543
5543
5543
5544
5544
5544
5544
5544
5544
5544
5544
5544
5544
5544
5544
5545
5545
5545
5545
5545
5545
5545
5545
5545
5545
5545
5545
5545
5546
5546
5546
5546
5546
5546
5546
5546
5546
5546
5546
5546
5547
5547
5547
5547
5547
5547
5547
5547
5547
5547
5547
5547
5547
5548
5548
5548
5548
5548
5548
5548
5548
5548
5548
5548
5548
5549
5549
5549
5549
5549
5549
5549
5549
5549
5549
5549
5549
5549
5550
5550
5550
5550
5550
5550
5550
5550
5550
5550
5550
5550
5551
5551
5551
5551
5551
5551
5551
5551
5551
5551
5551
5551
5551
5552
5552
5552
5552
5552
5552
5552
5552
5552
5552
5552
5552
5553
5553
5553
5553
5553
5553
5553
5553
5553
5553
5553
5553
5553
5554
5554
5554
5554
5554
5554
5554
5554
5554
5554
5554
5554
5555
5555
5555
5555
5555
5555
5555
5555
5555
5555
5555
5555
5555
5556
5556
5556
5556
5556
5556
5556
5556
5556
5556
5556
5556
5557
5557
5557
5557
5557
5557
5557
5557
5557
5557
5557
5557
5557
5558
5558
5558
5558
5558
5558
5558
5558
5558
5558
5558
5558
5559
5559
5559
5559
5559
5559
5559
5559
5559
5559
5559
5559
5559
5560
5560
5560
5560
5560
5560
5560
5560
5560
5560
5560
5560
5561
5561
5561
5561
5561
5561
5561
5561
5561
5561
5561
5561
5561
5562
5562
5562
5562
5562
5562
5562
5562
5562
5562
5562
5562
5563
5563
5563
5563
5563
5563
5563
5563
5563
5563
5563
5563
5563
5564
5564
5564
5564
5564
5564
5564
5564
5564
5564
5564
5564
5565
5565
5565
5565
5565
5565
5565
5565
5565
5565
5565
5565
5565
5566
5566
5566
5566
5566
5566
5566
5566
5566
5566
5566
5566
5567
5567
5567
5567
5567
5567
5567
5567
5567
5567
5567
5567
5567
5568
5568
5568
5568
5568
5568
5568
5568
5568
5568
5568
5568
5569
5569
5569
5569
5569
5569
5569
5569
5569
5569
5569
5569
5569
5570
5570
5570
5570
5570
5570
5570
5570
5570
5570
5570
5570
5571
5571
5571
5571
5571
5571
5571
5571
5571
5571
5571
5571
5571
5572
5572
5572
5572
5572
5572
5572
5572
5572
5572
5572
5572
5573
5573
5573
5573
5573
5573
5573
5573
5573
5573
5573
5573
5573
5574
5574
5574
5574
5574
5574
5574
5574
5574
5574
5574
5574
5575
5575
5575
5575
5575
5575
5575
5575
5575
5575
5575
5575
5575
5576
5576
5576
5576
5576
5576
5576
5576
5576
5576
5576
5576
5577
5577
5577
5577
5577
5577
5577
5577
5577
5577
5577
5577
5577
5578
5578
5578
5578
5578
5578
5578
5578
5578
5578
5578
5578
5579
5579
5579
5579
5579
5579
5579
5579
5579
5579
5579
5579
5579
5580
5580
5580
5580
5580
5580
5580
5580
5580
5580
5580
5580
5581
5581
5581
5581
5581
5581
5581
5581
5581
5581
5581
5581
5581
5582
5582
5582
5582
5582
5582
5582
5582
5582
5582
5582
5582
5583
5583
5583
5583
5583
5583
5583
5583
5583
5583
5583
5583
5583
5584
5584
5584
5584
5584
5584
5584
5584
5584
5584
5584
5584
5585
5585
5585
5585
5585
5585
5585
5585
5585
5585
5585
5585
5585
5586
5586
5586
5586
5586
5586
5586
5586
5586
5586
5586
5586
5587
5587
5587
5587
5587
5587
5587
5587
5587
5587
5587
5587
5587
5588
5588
5588
5588
5588
5588
5588
5588
5588
5588
5588
5588
5589
5589
5589
5589
5589
5589
5589
5589
5589
5589
5589
5589
5589
5590
5590
5590
5590
5590
5590
5590
5590
5590
5590
5590
5590
5591
5591
5591
5591
5591
5591
5591
5591
5591
5591
5591
5591
5591
5592
5592
5592
5592
5592
5592
5592
5592
5592
5592
5592
5592
5593
5593
5593
5593
5593
5593
5593
5593
5593
5593
5593
5593
5593
5594
5594
5594
5594
5594
5594
5594
5594
5594
5594
5594
5594
5595
5595
5595
5595
5595
5595
5595
5595
5595
5595
5595
5595
5595
5596
5596
5596
5596
5596
5596
5596
5596
5596
5596
5596
5596
5597
5597
5597
5597
5597
5597
5597
5597
5597
5597
5597
5597
5597
5598
5598
5598
5598
5598
5598
5598
5598
5598
5598
5598
5598
5599
5599
5599
5599
5599
5599
5599
5599
5599
5599
5599
5599
5599
5600
5600
5600
5600
5600
5600
5600
5600
5600
5600
5600
5600
5601
5601
5601
5601
5601
5601
5601
5601
5601
5601
5601
5601
5601
5602
5602
5602
5602
5602
5602
5602
5602
5602
5602
5602
5602
5603
5603
5603
5603
5603
5603
5603
5603
5603
5603
5603
5603
5603
5604
5604
5604
5604
5604
5604
5604
5604
5604
5604
5604
5604
5605
5605
5605
5605
5605
5605
5605
5605
5605
5605
5605
5605
5605
5606
5606
5606
5606
5606
5606
5606
5606
5606
5606
5606
5606
5607
5607
5607
5607
5607
5607
5607
5607
5607
5607
5607
5607
5607
5608
5608
5608
5608
5608
5608
5608
5608
5608
5608
5608
5608
5609
5609
5609
5609
5609
5609
5609
5609
5609
5609
5609
5609
5609
5610
5610
5610
5610
5610
5610
5610
5610
5610
5610
5610
5610
5611
5611
5611
5611
5611
5611
5611
5611
5611
5611
5611
5611
5611
5612
5612
5612
5612
5612
5612
5612
5612
5612
5612
5612
5612
5613
5613
5613
5613
5613
5613
5613
5613
5613
5613
5613
5613
5613
5614
5614
5614
5614
5614
5614
5614
5614
5614
5614
5614
5614
5615
5615
5615
5615
5615
5615
5615
5615
5615
5615
5615
5615
5615
5616
5616
5616
5616
5616
5616
5616
5616
5616
5616
5616
5616
5617
5617
5617
5617
5617
5617
5617
5617
5617
5617
5617
5617
5617
5618
5618
5618
5618
5618
5618
5618
5618
5618
5618
5618
5618
5619
5619
5619
5619
5619
5619
5619
5619
5619
5619
5619
5619
5619
5620
5620
5620
5620
5620
5620
5620
5620
5620
5620
5620
5620
5621
5621
5621
5621
5621
5621
5621
5621
5621
5621
5621
5621
5621
5622
5622
5622
5622
5622
5622
5622
5622
5622
5622
5622
5622
5623
5623
5623
5623
5623
5623
5623
5623
5623
5623
5623
5623
5623
5624
5624
5624
5624
5624
5624
5624
5624
5624
5624
5624
5624
5625
5625
5625
5625
5625
5625
5625
5625
5625
5625
5625
5625
5625
5626
5626
5626
5626
5626
5626
5626
5626
5626
5626
5626
5626
5627
5627
5627
5627
5627
5627
5627
5627
5627
5627
5627
5627
5627
5628
5628
5628
5628
5628
5628
5628
5628
5628
5628
5628
5628
5629
5629
5629
5629
5629
5629
5629
5629
5629
5629
5629
5629
5629
5630
5630
5630
5630
5630
5630
5630
5630
5630
5630
5630
5630
5631
5631
5631
5631
5631
5631
5631
5631
5631
5631
5631
5631
5631
5632
5632
5632
5632
5632
5632
5632
5632
5632
5632
5632
5632
5633
5633
5633
5633
5633
5633
5633
5633
5633
5633
5633
5633
5633
5634
5634
5634
5634
5634
5634
5634
5634
5634
5634
5634
5634
5635
5635
5635
5635
5635
5635
5635
5635
5635
5635
5635
5635
5635
5636
5636
5636
5636
5636
5636
5636
5636
5636
5636
5636
5636
5637
5637
5637
5637
5637
5637
5637
5637
5637
5637
5637
5637
5637
5638
5638
5638
5638
5638
5638
5638
5638
5638
5638
5638
5638
5639
5639
5639
5639
5639
5639
5639
5639
5639
5639
5639
5639
5639
5640
5640
5640
5640
5640
5640
5640
5640
5640
5640
5640
5640
5641
5641
5641
5641
5641
5641
5641
5641
5641
5641
5641
5641
5641
5642
5642
5642
5642
5642
5642
5642
5642
5642
5642
5642
5642
5643
5643
5643
5643
5643
5643
5643
5643
5643
5643
5643
5643
5643
5644
5644
5644
5644
5644
5644
5644
5644
5644
5644
5644
5644
5645
5645
5645
5645
5645
5645
5645
5645
5645
5645
5645
5645
5645
5646
5646
5646
5646
5646
5646
5646
5646
5646
5646
5646
5646
5647
5647
5647
5647
5647
5647
5647
5647
5647
5647
5647
5647
5647
5648
5648
5648
5648
5648
5648
5648
5648
5648
5648
5648
5648
5649
5649
5649
5649
5649
5649
5649
5649
5649
5649
5649
5649
5649
5650
5650
5650
5650
5650
5650
5650
5650
5650
5650
5650
5650
5651
5651
5651
5651
5651
5651
5651
5651
5651
5651
5651
5651
5651
5652
5652
5652
5652
5652
5652
5652
5652
5652
5652
5652
5652
5653
5653
5653
5653
5653
5653
5653
5653
5653
5653
5653
5653
5653
5654
5654
5654
5654
5654
5654
5654
5654
5654
5654
5654
5654
5655
5655
5655
5655
5655
5655
5655
5655
5655
5655
5655
5655
5655
5656
5656
5656
5656
5656
5656
5656
5656
5656
5656
5656
5656
5657
5657
5657
5657
5657
5657
5657
5657
5657
5657
5657
5657
5657
5658
5658
5658
5658
5658
5658
5658
5658
5658
5658
5658
5658
5659
5659
5659
5659
5659
5659
5659
5659
5659
5659
5659
5659
5659
5660
5660
5660
5660
5660
5660
5660
5660
5660
5660
5660
5660
5661
5661
5661
5661
5661
5661
5661
5661
5661
5661
5661
5661
5661
5662
5662
5662
5662
5662
5662
5662
5662
5662
5662
5662
5662
5663
5663
5663
5663
5663
5663
5663
5663
5663
5663
5663
5663
5663
5664
5664
5664
5664
5664
5664
5664
5664
5664
5664
5664
5664
5665
5665
5665
5665
5665
5665
5665
5665
5665
5665
5665
5665
5665
5666
5666
5666
5666
5666
5666
5666
5666
5666
5666
5666
5666
5667
5667
5667
5667
5667
5667
5667
5667
5667
5667
5667
5667
5667
5668
5668
5668
5668
5668
5668
5668
5668
5668
5668
5668
5668
5669
5669
5669
5669
5669
5669
5669
5669
5669
5669
5669
5669
5669
5670
5670
5670
5670
5670
5670
5670
5670
5670
5670
5670
5670
5671
5671
5671
5671
5671
5671
5671
5671
5671
5671
5671
5671
5671
5672
5672
5672
5672
5672
5672
5672
5672
5672
5672
5672
5672
5673
5673
5673
5673
5673
5673
5673
5673
5673
5673
5673
5673
5673
5674
5674
5674
5674
5674
5674
5674
5674
5674
5674
5674
5674
5675
5675
5675
5675
5675
5675
5675
5675
5675
5675
5675
5675
5675
5676
5676
5676
5676
5676
5676
5676
5676
5676
5676
5676
5676
5677
5677
5677
5677
5677
5677
5677
5677
5677
5677
5677
5677
5677
5678
5678
5678
5678
5678
5678
5678
5678
5678
5678
5678
5678
5679
5679
5679
5679
5679
5679
5679
5679
5679
5679
5679
5679
5679
5680
5680
5680
5680
5680
5680
5680
5680
5680
5680
5680
5680
5681
5681
5681
5681
5681
5681
5681
5681
5681
5681
5681
5681
5681
5682
5682
5682
5682
5682
5682
5682
5682
5682
5682
5682
5682
5683
5683
5683
5683
5683
5683
5683
5683
5683
5683
5683
5683
5683
5684
5684
5684
5684
5684
5684
5684
5684
5684
5684
5684
5684
5685
5685
5685
5685
5685
5685
5685
5685
5685
5685
5685
5685
5685
5686
5686
5686
5686
5686
5686
5686
5686
5686
5686
5686
5686
5687
5687
5687
5687
5687
5687
5687
5687
5687
5687
5687
5687
5687
5688
5688
5688
5688
5688
5688
5688
5688
5688
5688
5688
5688
5689
5689
5689
5689
5689
5689
5689
5689
5689
5689
5689
5689
5689
5690
5690
5690
5690
5690
5690
5690
5690
5690
5690
5690
5690
5691
5691
5691
5691
5691
5691
5691
5691
5691
5691
5691
5691
5691
5692
5692
5692
5692
5692
5692
5692
5692
5692
5692
5692
5692
5693
5693
5693
5693
5693
5693
5693
5693
5693
5693
5693
5693
5693
5694
5694
5694
5694
5694
5694
5694
5694
5694
5694
5694
5694
5695
5695
5695
5695
5695
5695
5695
5695
5695
5695
5695
5695
5695
5696
5696
5696
5696
5696
5696
5696
5696
5696
5696
5696
5696
5697
5697
5697
5697
5697
5697
5697
5697
5697
5697
5697
5697
5697
5698
5698
5698
5698
5698
5698
5698
5698
5698
5698
5698
5698
5699
5699
5699
5699
5699
5699
5699
5699
5699
5699
5699
5699
5699
5700
5700
5700
5700
5700
5700
5700
5700
5700
5700
5700
5700
5701
5701
5701
5701
5701
5701
5701
5701
5701
5701
5701
5701
5701
5702
5702
5702
5702
5702
5702
5702
5702
5702
5702
5702
5702
5703
5703
5703
5703
5703
5703
5703
5703
5703
5703
5703
5703
5703
5704
5704
5704
5704
5704
5704
5704
5704
5704
5704
5704
5704
5705
5705
5705
5705
5705
5705
5705
5705
5705
5705
5705
5705
5705
5706
5706
5706
5706
5706
5706
5706
5706
5706
5706
5706
5706
5707
5707
5707
5707
5707
5707
5707
5707
5707
5707
5707
5707
5707
5708
5708
5708
5708
5708
5708
5708
5708
5708
5708
5708
5708
5709
5709
5709
5709
5709
5709
5709
5709
5709
5709
5709
5709
5709
5710
5710
5710
5710
5710
5710
5710
5710
5710
5710
5710
5710
5711
5711
5711
5711
5711
5711
5711
5711
5711
5711
5711
5711
5711
5712
5712
5712
5712
5712
5712
5712
5712
5712
5712
5712
5712
5713
5713
5713
5713
5713
5713
5713
5713
5713
5713
5713
5713
5713
5714
5714
5714
5714
5714
5714
5714
5714
5714
5714
5714
5714
5715
5715
5715
5715
5715
5715
5715
5715
5715
5715
5715
5715
5715
5716
5716
5716
5716
5716
5716
5716
5716
5716
5716
5716
5716
5717
5717
5717
5717
5717
5717
5717
5717
5717
5717
5717
5717
5717
5718
5718
5718
5718
5718
5718
5718
5718
5718
5718
5718
5718
5719
5719
5719
5719
5719
5719
5719
5719
5719
5719
5719
5719
5719
5720
5720
5720
5720
5720
5720
5720
5720
5720
5720
5720
5720
5721
5721
5721
5721
5721
5721
5721
5721
5721
5721
5721
5721
5721
5722
5722
5722
5722
5722
5722
5722
5722
5722
5722
5722
5722
5723
5723
5723
5723
5723
5723
5723
5723
5723
5723
5723
5723
5723
5724
5724
5724
5724
5724
5724
5724
5724
5724
5724
5724
5724
5725
5725
5725
5725
5725
5725
5725
5725
5725
5725
5725
5725
5725
5726
5726
5726
5726
5726
5726
5726
5726
5726
5726
5726
5726
5727
5727
5727
5727
5727
5727
5727
5727
5727
5727
5727
5727
5727
5728
5728
5728
5728
5728
5728
5728
5728
5728
5728
5728
5728
5729
5729
5729
5729
5729
5729
5729
5729
5729
5729
5729
5729
5729
5730
5730
5730
5730
5730
5730
5730
5730
5730
5730
5730
5730
5731
5731
5731
5731
5731
5731
5731
5731
5731
5731
5731
5731
5731
5732
5732
5732
5732
5732
5732
5732
5732
5732
5732
5732
5732
5733
5733
5733
5733
5733
5733
5733
5733
5733
5733
5733
5733
5733
5734
5734
5734
5734
5734
5734
5734
5734
5734
5734
5734
5734
5735
5735
5735
5735
5735
5735
5735
5735
5735
5735
5735
5735
5735
5736
5736
5736
5736
5736
5736
5736
5736
5736
5736
5736
5736
5737
5737
5737
5737
5737
5737
5737
5737
5737
5737
5737
5737
5737
5738
5738
5738
5738
5738
5738
5738
5738
5738
5738
5738
5738
5739
5739
5739
5739
5739
5739
5739
5739
5739
5739
5739
5739
5739
5740
5740
5740
5740
5740
5740
5740
5740
5740
5740
5740
5740
5741
5741
5741
5741
5741
5741
5741
5741
5741
5741
5741
5741
5741
5742
5742
5742
5742
5742
5742
5742
5742
5742
5742
5742
5742
5743
5743
5743
5743
5743
5743
5743
5743
5743
5743
5743
5743
5743
5744
5744
5744
5744
5744
5744
5744
5744
5744
5744
5744
5744
5745
5745
5745
5745
5745
5745
5745
5745
5745
5745
5745
5745
5745
5746
5746
5746
5746
5746
5746
5746
5746
5746
5746
5746
5746
5747
5747
5747
5747
5747
5747
5747
5747
5747
5747
5747
5747
5747
5748
5748
5748
5748
5748
5748
5748
5748
5748
5748
5748
5748
5749
5749
5749
5749
5749
5749
5749
5749
5749
5749
5749
5749
5749
5750
5750
5750
5750
5750
5750
5750
5750
5750
5750
5750
5750
5751
5751
5751
5751
5751
5751
5751
5751
5751
5751
5751
5751
5751
5752
5752
5752
5752
5752
5752
5752
5752
5752
5752
5752
5752
5753
5753
5753
5753
5753
5753
5753
5753
5753
5753
5753
5753
5753
5754
5754
5754
5754
5754
5754
5754
5754
5754
5754
5754
5754
5755
5755
5755
5755
5755
5755
5755
5755
5755
5755
5755
5755
5755
5756
5756
5756
5756
5756
5756
5756
5756
5756
5756
5756
5756
5757
5757
5757
5757
5757
5757
5757
5757
5757
5757
5757
5757
5757
5758
5758
5758
5758
5758
5758
5758
5758
5758
5758
5758
5758
5759
5759
5759
5759
5759
5759
5759
5759
5759
5759
5759
5759
5759
5760
5760
5760
5760
5760
5760
5760
5760
5760
5760
5760
5760
5761
5761
5761
5761
5761
5761
5761
5761
5761
5761
5761
5761
5761
5762
5762
5762
5762
5762
5762
5762
5762
5762
5762
5762
5762
5763
5763
5763
5763
5763
5763
5763
5763
5763
5763
5763
5763
5763
5764
5764
5764
5764
5764
5764
5764
5764
5764
5764
5764
5764
5765
5765
5765
5765
5765
5765
5765
5765
5765
5765
5765
5765
5765
5766
5766
5766
5766
5766
5766
5766
5766
5766
5766
5766
5766
5767
5767
5767
5767
5767
5767
5767
5767
5767
5767
5767
5767
5767
5768
5768
5768
5768
5768
5768
5768
5768
5768
5768
5768
5768
5769
5769
5769
5769
5769
5769
5769
5769
5769
5769
5769
5769
5769
5770
5770
5770
5770
5770
5770
5770
5770
5770
5770
5770
5770
5771
5771
5771
5771
5771
5771
5771
5771
5771
5771
5771
5771
5771
5772
5772
5772
5772
5772
5772
5772
5772
5772
5772
5772
5772
5773
5773
5773
5773
5773
5773
5773
5773
5773
5773
5773
5773
5773
5774
5774
5774
5774
5774
5774
5774
5774
5774
5774
5774
5774
5775
5775
5775
5775
5775
5775
5775
5775
5775
5775
5775
5775
5775
5776
5776
5776
5776
5776
5776
5776
5776
5776
5776
5776
5776
5777
5777
5777
5777
5777
5777
5777
5777
5777
5777
5777
5777
5777
5778
5778
5778
5778
5778
5778
5778
5778
5778
5778
5778
5778
5779
5779
5779
5779
5779
5779
5779
5779
5779
5779
5779
5779
5779
5780
5780
5780
5780
5780
5780
5780
5780
5780
5780
5780
5780
5781
5781
5781
5781
5781
5781
5781
5781
5781
5781
5781
5781
5781
5782
5782
5782
5782
5782
5782
5782
5782
5782
5782
5782
5782
5783
5783
5783
5783
5783
5783
5783
5783
5783
5783
5783
5783
5783
5784
5784
5784
5784
5784
5784
5784
5784
5784
5784
5784
5784
5785
5785
5785
5785
5785
5785
5785
5785
5785
5785
5785
5785
5785
5786
5786
5786
5786
5786
5786
5786
5786
5786
5786
5786
5786
5787
5787
5787
5787
5787
5787
5787
5787
5787
5787
5787
5787
5787
5788
5788
5788
5788
5788
5788
5788
5788
5788
5788
5788
5788
5789
5789
5789
5789
5789
5789
5789
5789
5789
5789
5789
5789
5789
5790
5790
5790
5790
5790
5790
5790
5790
5790
5790
5790
5790
5791
5791
5791
5791
5791
5791
5791
5791
5791
5791
5791
5791
5791
5792
5792
5792
5792
5792
5792
5792
5792
5792
5792
5792
5792
5793
5793
5793
5793
5793
5793
5793
5793
5793
5793
5793
5793
5793
5794
5794
5794
5794
5794
5794
5794
5794
5794
5794
5794
5794
5795
5795
5795
5795
5795
5795
5795
5795
5795
5795
5795
5795
5795
5796
5796
5796
5796
5796
5796
5796
5796
5796
5796
5796
5796
5797
5797
5797
5797
5797
5797
5797
5797
5797
5797
5797
5797
5797
5798
5798
5798
5798
5798
5798
5798
5798
5798
5798
5798
5798
5799
5799
5799
5799
5799
5799
5799
5799
5799
5799
5799
5799
5799
5800
5800
5800
5800
5800
5800
5800
5800
5800
5800
5800
5800
5801
5801
5801
5801
5801
5801
5801
5801
5801
5801
5801
5801
5801
5802
5802
5802
5802
5802
5802
5802
5802
5802
5802
5802
5802
5803
5803
5803
5803
5803
5803
5803
5803
5803
5803
5803
5803
5803
5804
5804
5804
5804
5804
5804
5804
5804
5804
5804
5804
5804
5805
5805
5805
5805
5805
5805
5805
5805
5805
5805
5805
5805
5805
5806
5806
5806
5806
5806
5806
5806
5806
5806
5806
5806
5806
5807
5807
5807
5807
5807
5807
5807
5807
5807
5807
5807
5807
5807
5808
5808
5808
5808
5808
5808
5808
5808
5808
5808
5808
5808
5809
5809
5809
5809
5809
5809
5809
5809
5809
5809
5809
5809
5809
5810
5810
5810
5810
5810
5810
5810
5810
5810
5810
5810
5810
5811
5811
5811
5811
5811
5811
5811
5811
5811
5811
5811
5811
5811
5812
5812
5812
5812
5812
5812
5812
5812
5812
5812
5812
5812
5813
5813
5813
5813
5813
5813
5813
5813
5813
5813
5813
5813
5813
5814
5814
5814
5814
5814
5814
5814
5814
5814
5814
5814
5814
5815
5815
5815
5815
5815
5815
5815
5815
5815
5815
5815
5815
5815
5816
5816
5816
5816
5816
5816
5816
5816
5816
5816
5816
5816
5817
5817
5817
5817
5817
5817
5817
5817
5817
5817
5817
5817
5817
5818
5818
5818
5818
5818
5818
5818
5818
5818
5818
5818
5818
5819
5819
5819
5819
5819
5819
5819
5819
5819
5819
5819
5819
5819
5820
5820
5820
5820
5820
5820
5820
5820
5820
5820
5820
5820
5821
5821
5821
5821
5821
5821
5821
5821
5821
5821
5821
5821
5821
5822
5822
5822
5822
5822
5822
5822
5822
5822
5822
5822
5822
5823
5823
5823
5823
5823
5823
5823
5823
5823
5823
5823
5823
5823
5824
5824
5824
5824
5824
5824
5824
5824
5824
5824
5824
5824
5825
5825
5825
5825
5825
5825
5825
5825
5825
5825
5825
5825
5825
5826
5826
5826
5826
5826
5826
5826
5826
5826
5826
5826
5826
5827
5827
5827
5827
5827
5827
5827
5827
5827
5827
5827
5827
5827
5828
5828
5828
5828
5828
5828
5828
5828
5828
5828
5828
5828
5829
5829
5829
5829
5829
5829
5829
5829
5829
5829
5829
5829
5829
5830
5830
5830
5830
5830
5830
5830
5830
5830
5830
5830
5830
5831
5831
5831
5831
5831
5831
5831
5831
5831
5831
5831
5831
5831
5832
5832
5832
5832
5832
5832
5832
5832
5832
5832
5832
5832
5833
5833
5833
5833
5833
5833
5833
5833
5833
5833
5833
5833
5833
5834
5834
5834
5834
5834
5834
5834
5834
5834
5834
5834
5834
5835
5835
5835
5835
5835
5835
5835
5835
5835
5835
5835
5835
5835
5836
5836
5836
5836
5836
5836
5836
5836
5836
5836
5836
5836
5837
5837
5837
5837
5837
5837
5837
5837
5837
5837
5837
5837
5837
5838
5838
5838
5838
5838
5838
5838
5838
5838
5838
5838
5838
5839
5839
5839
5839
5839
5839
5839
5839
5839
5839
5839
5839
5839
5840
5840
5840
5840
5840
5840
5840
5840
5840
5840
5840
5840
5841
5841
5841
5841
5841
5841
5841
5841
5841
5841
5841
5841
5841
5842
5842
5842
5842
5842
5842
5842
5842
5842
5842
5842
5842
5843
5843
5843
5843
5843
5843
5843
5843
5843
5843
5843
5843
5843
5844
5844
5844
5844
5844
5844
5844
5844
5844
5844
5844
5844
5845
5845
5845
5845
5845
5845
5845
5845
5845
5845
5845
5845
5845
5846
5846
5846
5846
5846
5846
5846
5846
5846
5846
5846
5846
5847
5847
5847
5847
5847
5847
5847
5847
5847
5847
5847
5847
5847
5848
5848
5848
5848
5848
5848
5848
5848
5848
5848
5848
5848
5849
5849
5849
5849
5849
5849
5849
5849
5849
5849
5849
5849
5849
5850
5850
5850
5850
5850
5850
5850
5850
5850
5850
5850
5850
5851
5851
5851
5851
5851
5851
5851
5851
5851
5851
5851
5851
5851
5852
5852
5852
5852
5852
5852
5852
5852
5852
5852
5852
5852
5853
5853
5853
5853
5853
5853
5853
5853
5853
5853
5853
5853
5853
5854
5854
5854
5854
5854
5854
5854
5854
5854
5854
5854
5854
5855
5855
5855
5855
5855
5855
5855
5855
5855
5855
5855
5855
5855
5856
5856
5856
5856
5856
5856
5856
5856
5856
5856
5856
5856
5857
5857
5857
5857
5857
5857
5857
5857
5857
5857
5857
5857
5857
5858
5858
5858
5858
5858
5858
5858
5858
5858
5858
5858
5858
5859
5859
5859
5859
5859
5859
5859
5859
5859
5859
5859
5859
5859
5860
5860
5860
5860
5860
5860
5860
5860
5860
5860
5860
5860
5861
5861
5861
5861
5861
5861
5861
5861
5861
5861
5861
5861
5861
5862
5862
5862
5862
5862
5862
5862
5862
5862
5862
5862
5862
5863
5863
5863
5863
5863
5863
5863
5863
5863
5863
5863
5863
5863
5864
5864
5864
5864
5864
5864
5864
5864
5864
5864
5864
5864
5865
5865
5865
5865
5865
5865
5865
5865
5865
5865
5865
5865
5865
5866
5866
5866
5866
5866
5866
5866
5866
5866
5866
5866
5866
5867
5867
5867
5867
5867
5867
5867
5867
5867
5867
5867
5867
5867
5868
5868
5868
5868
5868
5868
5868
5868
5868
5868
5868
5868
5869
5869
5869
5869
5869
5869
5869
5869
5869
5869
5869
5869
5869
5870
5870
5870
5870
5870
5870
5870
5870
5870
5870
5870
5870
5871
5871
5871
5871
5871
5871
5871
5871
5871
5871
5871
5871
5871
5872
5872
5872
5872
5872
5872
5872
5872
5872
5872
5872
5872
5873
5873
5873
5873
5873
5873
5873
5873
5873
5873
5873
5873
5873
5874
5874
5874
5874
5874
5874
5874
5874
5874
5874
5874
5874
5875
5875
5875
5875
5875
5875
5875
5875
5875
5875
5875
5875
5875
5876
5876
5876
5876
5876
5876
5876
5876
5876
5876
5876
5876
5877
5877
5877
5877
5877
5877
5877
5877
5877
5877
5877
5877
5877
5878
5878
5878
5878
5878
5878
5878
5878
5878
5878
5878
5878
5879
5879
5879
5879
5879
5879
5879
5879
5879
5879
5879
5879
5879
5880
5880
5880
5880
5880
5880
5880
5880
5880
5880
5880
5880
5881
5881
5881
5881
5881
5881
5881
5881
5881
5881
5881
5881
5881
5882
5882
5882
5882
5882
5882
5882
5882
5882
5882
5882
5882
5883
5883
5883
5883
5883
5883
5883
5883
5883
5883
5883
5883
5883
5884
5884
5884
5884
5884
5884
5884
5884
5884
5884
5884
5884
5885
5885
5885
5885
5885
5885
5885
5885
5885
5885
5885
5885
5885
5886
5886
5886
5886
5886
5886
5886
5886
5886
5886
5886
5886
5887
5887
5887
5887
5887
5887
5887
5887
5887
5887
5887
5887
5887
5888
5888
5888
5888
5888
5888
5888
5888
5888
5888
5888
5888
5889
5889
5889
5889
5889
5889
5889
5889
5889
5889
5889
5889
5889
5890
5890
5890
5890
5890
5890
5890
5890
5890
5890
5890
5890
5891
5891
5891
5891
5891
5891
5891
5891
5891
5891
5891
5891
5891
5892
5892
5892
5892
5892
5892
5892
5892
5892
5892
5892
5892
5893
5893
5893
5893
5893
5893
5893
5893
5893
5893
5893
5893
5893
5894
5894
5894
5894
5894
5894
5894
5894
5894
5894
5894
5894
5895
5895
5895
5895
5895
5895
5895
5895
5895
5895
5895
5895
5895
5896
5896
5896
5896
5896
5896
5896
5896
5896
5896
5896
5896
5897
5897
5897
5897
5897
5897
5897
5897
5897
5897
5897
5897
5897
5898
5898
5898
5898
5898
5898
5898
5898
5898
5898
5898
5898
5899
5899
5899
5899
5899
5899
5899
5899
5899
5899
5899
5899
5899
5900
5900
5900
5900
5900
5900
5900
5900
5900
5900
5900
5900
5901
5901
5901
5901
5901
5901
5901
5901
5901
5901
5901
5901
5901
5902
5902
5902
5902
5902
5902
5902
5902
5902
5902
5902
5902
5903
5903
5903
5903
5903
5903
5903
5903
5903
5903
5903
5903
5903
5904
5904
5904
5904
5904
5904
5904
5904
5904
5904
5904
5904
5905
5905
5905
5905
5905
5905
5905
5905
5905
5905
5905
5905
5905
5906
5906
5906
5906
5906
5906
5906
5906
5906
5906
5906
5906
5907
5907
5907
5907
5907
5907
5907
5907
5907
5907
5907
5907
5907
5908
5908
5908
5908
5908
5908
5908
5908
5908
5908
5908
5908
5909
5909
5909
5909
5909
5909
5909
5909
5909
5909
5909
5909
5909
5910
5910
5910
5910
5910
5910
5910
5910
5910
5910
5910
5910
5911
5911
5911
5911
5911
5911
5911
5911
5911
5911
5911
5911
5911
5912
5912
5912
5912
5912
5912
5912
5912
5912
5912
5912
5912
5913
5913
5913
5913
5913
5913
5913
5913
5913
5913
5913
5913
5913
5914
5914
5914
5914
5914
5914
5914
5914
5914
5914
5914
5914
5915
5915
5915
5915
5915
5915
5915
5915
5915
5915
5915
5915
5915
5916
5916
5916
5916
5916
5916
5916
5916
5916
5916
5916
5916
5917
5917
5917
5917
5917
5917
5917
5917
5917
5917
5917
5917
5917
5918
5918
5918
5918
5918
5918
5918
5918
5918
5918
5918
5918
5919
5919
5919
5919
5919
5919
5919
5919
5919
5919
5919
5919
5919
5920
5920
5920
5920
5920
5920
5920
5920
5920
5920
5920
5920
5921
5921
5921
5921
5921
5921
5921
5921
5921
5921
5921
5921
5921
5922
5922
5922
5922
5922
5922
5922
5922
5922
5922
5922
5922
5923
5923
5923
5923
5923
5923
5923
5923
5923
5923
5923
5923
5923
5924
5924
5924
5924
5924
5924
5924
5924
5924
5924
5924
5924
5925
5925
5925
5925
5925
5925
5925
5925
5925
5925
5925
5925
5925
5926
5926
5926
5926
5926
5926
5926
5926
5926
5926
5926
5926
5927
5927
5927
5927
5927
5927
5927
5927
5927
5927
5927
5927
5927
5928
5928
5928
5928
5928
5928
5928
5928
5928
5928
5928
5928
5929
5929
5929
5929
5929
5929
5929
5929
5929
5929
5929
5929
5929
5930
5930
5930
5930
5930
5930
5930
5930
5930
5930
5930
5930
5931
5931
5931
5931
5931
5931
5931
5931
5931
5931
5931
5931
5931
5932
5932
5932
5932
5932
5932
5932
5932
5932
5932
5932
5932
5933
5933
5933
5933
5933
5933
5933
5933
5933
5933
5933
5933
5933
5934
5934
5934
5934
5934
5934
5934
5934
5934
5934
5934
5934
5935
5935
5935
5935
5935
5935
5935
5935
5935
5935
5935
5935
5935
5936
5936
5936
5936
5936
5936
5936
5936
5936
5936
5936
5936
5937
5937
5937
5937
5937
5937
5937
5937
5937
5937
5937
5937
5937
5938
5938
5938
5938
5938
5938
5938
5938
5938
5938
5938
5938
5939
5939
5939
5939
5939
5939
5939
5939
5939
5939
5939
5939
5939
5940
5940
5940
5940
5940
5940
5940
5940
5940
5940
5940
5940
5941
5941
5941
5941
5941
5941
5941
5941
5941
5941
5941
5941
5941
5942
5942
5942
5942
5942
5942
5942
5942
5942
5942
5942
5942
5943
5943
5943
5943
5943
5943
5943
5943
5943
5943
5943
5943
5943
5944
5944
5944
5944
5944
5944
5944
5944
5944
5944
5944
5944
5945
5945
5945
5945
5945
5945
5945
5945
5945
5945
5945
5945
5945
5946
5946
5946
5946
5946
5946
5946
5946
5946
5946
5946
5946
5947
5947
5947
5947
5947
5947
5947
5947
5947
5947
5947
5947
5947
5948
5948
5948
5948
5948
5948
5948
5948
5948
5948
5948
5948
5949
5949
5949
5949
5949
5949
5949
5949
5949
5949
5949
5949
5949
5950
5950
5950
5950
5950
5950
5950
5950
5950
5950
5950
5950
5951
5951
5951
5951
5951
5951
5951
5951
5951
5951
5951
5951
5951
5952
5952
5952
5952
5952
5952
5952
5952
5952
5952
5952
5952
5953
5953
5953
5953
5953
5953
5953
5953
5953
5953
5953
5953
5953
5954
5954
5954
5954
5954
5954
5954
5954
5954
5954
5954
5954
5955
5955
5955
5955
5955
5955
5955
5955
5955
5955
5955
5955
5955
5956
5956
5956
5956
5956
5956
5956
5956
5956
5956
5956
5956
5957
5957
5957
5957
5957
5957
5957
5957
5957
5957
5957
5957
5957
5958
5958
5958
5958
5958
5958
5958
5958
5958
5958
5958
5958
5959
5959
5959
5959
5959
5959
5959
5959
5959
5959
5959
5959
5959
5960
5960
5960
5960
5960
5960
5960
5960
5960
5960
5960
5960
5961
5961
5961
5961
5961
5961
5961
5961
5961
5961
5961
5961
5961
5962
5962
5962
5962
5962
5962
5962
5962
5962
5962
5962
5962
5963
5963
5963
5963
5963
5963
5963
5963
5963
5963
5963
5963
5963
5964
5964
5964
5964
5964
5964
5964
5964
5964
5964
5964
5964
5965
5965
5965
5965
5965
5965
5965
5965
5965
5965
5965
5965
5965
5966
5966
5966
5966
5966
5966
5966
5966
5966
5966
5966
5966
5967
5967
5967
5967
5967
5967
5967
5967
5967
5967
5967
5967
5967
5968
5968
5968
5968
5968
5968
5968
5968
5968
5968
5968
5968
5969
5969
5969
5969
5969
5969
5969
5969
5969
5969
5969
5969
5969
5970
5970
5970
5970
5970
5970
5970
5970
5970
5970
5970
5970
5971
5971
5971
5971
5971
5971
5971
5971
5971
5971
5971
5971
5971
5972
5972
5972
5972
5972
5972
5972
5972
5972
5972
5972
5972
5973
5973
5973
5973
5973
5973
5973
5973
5973
5973
5973
5973
5973
5974
5974
5974
5974
5974
5974
5974
5974
5974
5974
5974
5974
5975
5975
5975
5975
5975
5975
5975
5975
5975
5975
5975
5975
5975
5976
5976
5976
5976
5976
5976
5976
5976
5976
5976
5976
5976
5977
5977
5977
5977
5977
5977
5977
5977
5977
5977
5977
5977
5977
5978
5978
5978
5978
5978
5978
5978
5978
5978
5978
5978
5978
5979
5979
5979
5979
5979
5979
5979
5979
5979
5979
5979
5979
5979
5980
5980
5980
5980
5980
5980
5980
5980
5980
5980
5980
5980
5981
5981
5981
5981
5981
5981
5981
5981
5981
5981
5981
5981
5981
5982
5982
5982
5982
5982
5982
5982
5982
5982
5982
5982
5982
5983
5983
5983
5983
5983
5983
5983
5983
5983
5983
5983
5983
5983
5984
5984
5984
5984
5984
5984
5984
5984
5984
5984
5984
5984
5985
5985
5985
5985
5985
5985
5985
5985
5985
5985
5985
5985
5985
5986
5986
5986
5986
5986
5986
5986
5986
5986
5986
5986
5986
5987
5987
5987
5987
5987
5987
5987
5987
5987
5987
5987
5987
5987
5988
5988
5988
5988
5988
5988
5988
5988
5988
5988
5988
5988
5989
5989
5989
5989
5989
5989
5989
5989
5989
5989
5989
5989
5989
5990
5990
5990
5990
5990
5990
5990
5990
5990
5990
5990
5990
5991
5991
5991
5991
5991
5991
5991
5991
5991
5991
5991
5991
5991
5992
5992
5992
5992
5992
5992
5992
5992
5992
5992
5992
5992
5993
5993
5993
5993
5993
5993
5993
5993
5993
5993
5993
5993
5993
5994
5994
5994
5994
5994
5994
5994
5994
5994
5994
5994
5994
5995
5995
5995
5995
5995
5995
5995
5995
5995
5995
5995
5995
5995
5996
5996
5996
5996
5996
5996
5996
5996
5996
5996
5996
5996
5997
5997
5997
5997
5997
5997
5997
5997
5997
5997
5997
5997
5997
5998
5998
5998
5998
5998
5998
5998
5998
5998
5998
5998
5998
5999
5999
5999
5999
5999
5999
5999
5999
5999
5999
5999
5999
5999
6000
6000
6000
6000
6000
6000
6000
6000
6000
6000
6000
6000
6001
6001
6001
6001
6001
6001
6001
6001
6001
6001
6001
6001
6001
6002
6002
6002
6002
6002
6002
6002
6002
6002
6002
6002
6002
6003
6003
6003
6003
6003
6003
6003
6003
6003
6003
6003
6003
6003
6004
6004
6004
6004
6004
6004
6004
6004
6004
6004
6004
6004
6005
6005
6005
6005
6005
6005
6005
6005
6005
6005
6005
6005
6005
6006
6006
6006
6006
6006
6006
6006
6006
6006
6006
6006
6006
6007
6007
6007
6007
6007
6007
6007
6007
6007
6007
6007
6007
6007
6008
6008
6008
6008
6008
6008
6008
6008
6008
6008
6008
6008
6009
6009
6009
6009
6009
6009
6009
6009
6009
6009
6009
6009
6009
6010
6010
6010
6010
6010
6010
6010
6010
6010
6010
6010
6010
6011
6011
6011
6011
6011
6011
6011
6011
6011
6011
6011
6011
6011
6012
6012
6012
6012
6012
6012
6012
6012
6012
6012
6012
6012
6013
6013
6013
6013
6013
6013
6013
6013
6013
6013
6013
6013
6013
6014
6014
6014
6014
6014
6014
6014
6014
6014
6014
6014
6014
6015
6015
6015
6015
6015
6015
6015
6015
6015
6015
6015
6015
6015
6016
6016
6016
6016
6016
6016
6016
6016
6016
6016
6016
6016
6017
6017
6017
6017
6017
6017
6017
6017
6017
6017
6017
6017
6017
6018
6018
6018
6018
6018
6018
6018
6018
6018
6018
6018
6018
6019
6019
6019
6019
6019
6019
6019
6019
6019
6019
6019
6019
6019
6020
6020
6020
6020
6020
6020
6020
6020
6020
6020
6020
6020
6021
6021
6021
6021
6021
6021
6021
6021
6021
6021
6021
6021
6021
6022
6022
6022
6022
6022
6022
6022
6022
6022
6022
6022
6022
6023
6023
6023
6023
6023
6023
6023
6023
6023
6023
6023
6023
6023
6024
6024
6024
6024
6024
6024
6024
6024
6024
6024
6024
6024
6025
6025
6025
6025
6025
6025
6025
6025
6025
6025
6025
6025
6025
6026
6026
6026
6026
6026
6026
6026
6026
6026
6026
6026
6026
6027
6027
6027
6027
6027
6027
6027
6027
6027
6027
6027
6027
6027
6028
6028
6028
6028
6028
6028
6028
6028
6028
6028
6028
6028
6029
6029
6029
6029
6029
6029
6029
6029
6029
6029
6029
6029
6029
6030
6030
6030
6030
6030
6030
6030
6030
6030
6030
6030
6030
6031
6031
6031
6031
6031
6031
6031
6031
6031
6031
6031
6031
6031
6032
6032
6032
6032
6032
6032
6032
6032
6032
6032
6032
6032
6033
6033
6033
6033
6033
6033
6033
6033
6033
6033
6033
6033
6033
6034
6034
6034
6034
6034
6034
6034
6034
6034
6034
6034
6034
6035
6035
6035
6035
6035
6035
6035
6035
6035
6035
6035
6035
6035
6036
6036
6036
6036
6036
6036
6036
6036
6036
6036
6036
6036
6037
6037
6037
6037
6037
6037
6037
6037
6037
6037
6037
6037
6037
6038
6038
6038
6038
6038
6038
6038
6038
6038
6038
6038
6038
6039
6039
6039
6039
6039
6039
6039
6039
6039
6039
6039
6039
6039
6040
6040
6040
6040
6040
6040
6040
6040
6040
6040
6040
6040
6041
6041
6041
6041
6041
6041
6041
6041
6041
6041
6041
6041
6041
6042
6042
6042
6042
6042
6042
6042
6042
6042
6042
6042
6042
6043
6043
6043
6043
6043
6043
6043
6043
6043
6043
6043
6043
6043
6044
6044
6044
6044
6044
6044
6044
6044
6044
6044
6044
6044
6045
6045
6045
6045
6045
6045
6045
6045
6045
6045
6045
6045
6045
6046
6046
6046
6046
6046
6046
6046
6046
6046
6046
6046
6046
6047
6047
6047
6047
6047
6047
6047
6047
6047
6047
6047
6047
6047
6048
6048
6048
6048
6048
6048
6048
6048
6048
6048
6048
6048
6049
6049
6049
6049
6049
6049
6049
6049
6049
6049
6049
6049
6049
6050
6050
6050
6050
6050
6050
6050
6050
6050
6050
6050
6050
6051
6051
6051
6051
6051
6051
6051
6051
6051
6051
6051
6051
6051
6052
6052
6052
6052
6052
6052
6052
6052
6052
6052
6052
6052
6053
6053
6053
6053
6053
6053
6053
6053
6053
6053
6053
6053
6053
6054
6054
6054
6054
6054
6054
6054
6054
6054
6054
6054
6054
6055
6055
6055
6055
6055
6055
6055
6055
6055
6055
6055
6055
6055
6056
6056
6056
6056
6056
6056
6056
6056
6056
6056
6056
6056
6057
6057
6057
6057
6057
6057
6057
6057
6057
6057
6057
6057
6057
6058
6058
6058
6058
6058
6058
6058
6058
6058
6058
6058
6058
6059
6059
6059
6059
6059
6059
6059
6059
6059
6059
6059
6059
6059
6060
6060
6060
6060
6060
6060
6060
6060
6060
6060
6060
6060
6061
6061
6061
6061
6061
6061
6061
6061
6061
6061
6061
6061
6061
6062
6062
6062
6062
6062
6062
6062
6062
6062
6062
6062
6062
6063
6063
6063
6063
6063
6063
6063
6063
6063
6063
6063
6063
6063
6064
6064
6064
6064
6064
6064
6064
6064
6064
6064
6064
6064
6065
6065
6065
6065
6065
6065
6065
6065
6065
6065
6065
6065
6065
6066
6066
6066
6066
6066
6066
6066
6066
6066
6066
6066
6066
6067
6067
6067
6067
6067
6067
6067
6067
6067
6067
6067
6067
6067
6068
6068
6068
6068
6068
6068
6068
6068
6068
6068
6068
6068
6069
6069
6069
6069
6069
6069
6069
6069
6069
6069
6069
6069
6069
6070
6070
6070
6070
6070
6070
6070
6070
6070
6070
6070
6070
6071
6071
6071
6071
6071
6071
6071
6071
6071
6071
6071
6071
6071
6072
6072
6072
6072
6072
6072
6072
6072
6072
6072
6072
6072
6073
6073
6073
6073
6073
6073
6073
6073
6073
6073
6073
6073
6073
6074
6074
6074
6074
6074
6074
6074
6074
6074
6074
6074
6074
6075
6075
6075
6075
6075
6075
6075
6075
6075
6075
6075
6075
6075
6076
6076
6076
6076
6076
6076
6076
6076
6076
6076
6076
6076
6077
6077
6077
6077
6077
6077
6077
6077
6077
6077
6077
6077
6077
6078
6078
6078
6078
6078
6078
6078
6078
6078
6078
6078
6078
6079
6079
6079
6079
6079
6079
6079
6079
6079
6079
6079
6079
6079
6080
6080
6080
6080
6080
6080
6080
6080
6080
6080
6080
6080
6081
6081
6081
6081
6081
6081
6081
6081
6081
6081
6081
6081
6081
6082
6082
6082
6082
6082
6082
6082
6082
6082
6082
6082
6082
6083
6083
6083
6083
6083
6083
6083
6083
6083
6083
6083
6083
6083
6084
6084
6084
6084
6084
6084
6084
6084
6084
6084
6084
6084
6085
6085
6085
6085
6085
6085
6085
6085
6085
6085
6085
6085
6085
6086
6086
6086
6086
6086
6086
6086
6086
6086
6086
6086
6086
6087
6087
6087
6087
6087
6087
6087
6087
6087
6087
6087
6087
6087
6088
6088
6088
6088
6088
6088
6088
6088
6088
6088
6088
6088
6089
6089
6089
6089
6089
6089
6089
6089
6089
6089
6089
6089
6089
6090
6090
6090
6090
6090
6090
6090
6090
6090
6090
6090
6090
6091
6091
6091
6091
6091
6091
6091
6091
6091
6091
6091
6091
6091
6092
6092
6092
6092
6092
6092
6092
6092
6092
6092
6092
6092
6093
6093
6093
6093
6093
6093
6093
6093
6093
6093
6093
6093
6093
6094
6094
6094
6094
6094
6094
6094
6094
6094
6094
6094
6094
6095
6095
6095
6095
6095
6095
6095
6095
6095
6095
6095
6095
6095
6096
6096
6096
6096
6096
6096
6096
6096
6096
6096
6096
6096
6097
6097
6097
6097
6097
6097
6097
6097
6097
6097
6097
6097
6097
6098
6098
6098
6098
6098
6098
6098
6098
6098
6098
6098
6098
6099
6099
6099
6099
6099
6099
6099
6099
6099
6099
6099
6099
6099
6100
6100
6100
6100
6100
6100
6100
6100
6100
6100
6100
6100
6101
6101
6101
6101
6101
6101
6101
6101
6101
6101
6101
6101
6101
6102
6102
6102
6102
6102
6102
6102
6102
6102
6102
6102
6102
6103
6103
6103
6103
6103
6103
6103
6103
6103
6103
6103
6103
6103
6104
6104
6104
6104
6104
6104
6104
6104
6104
6104
6104
6104
6105
6105
6105
6105
6105
6105
6105
6105
6105
6105
6105
6105
6105
6106
6106
6106
6106
6106
6106
6106
6106
6106
6106
6106
6106
6107
6107
6107
6107
6107
6107
6107
6107
6107
6107
6107
6107
6107
6108
6108
6108
6108
6108
6108
6108
6108
6108
6108
6108
6108
6109
6109
6109
6109
6109
6109
6109
6109
6109
6109
6109
6109
6109
6110
6110
6110
6110
6110
6110
6110
6110
6110
6110
6110
6110
6111
6111
6111
6111
6111
6111
6111
6111
6111
6111
6111
6111
6111
6112
6112
6112
6112
6112
6112
6112
6112
6112
6112
6112
6112
6113
6113
6113
6113
6113
6113
6113
6113
6113
6113
6113
6113
6113
6114
6114
6114
6114
6114
6114
6114
6114
6114
6114
6114
6114
6115
6115
6115
6115
6115
6115
6115
6115
6115
6115
6115
6115
6115
6116
6116
6116
6116
6116
6116
6116
6116
6116
6116
6116
6116
6117
6117
6117
6117
6117
6117
6117
6117
6117
6117
6117
6117
6117
6118
6118
6118
6118
6118
6118
6118
6118
6118
6118
6118
6118
6119
6119
6119
6119
6119
6119
6119
6119
6119
6119
6119
6119
6119
6120
6120
6120
6120
6120
6120
6120
6120
6120
6120
6120
6120
6121
6121
6121
6121
6121
6121
6121
6121
6121
6121
6121
6121
6121
6122
6122
6122
6122
6122
6122
6122
6122
6122
6122
6122
6122
6123
6123
6123
6123
6123
6123
6123
6123
6123
6123
6123
6123
6123
6124
6124
6124
6124
6124
6124
6124
6124
6124
6124
6124
6124
6125
6125
6125
6125
6125
6125
6125
6125
6125
6125
6125
6125
6125
6126
6126
6126
6126
6126
6126
6126
6126
6126
6126
6126
6126
6127
6127
6127
6127
6127
6127
6127
6127
6127
6127
6127
6127
6127
6128
6128
6128
6128
6128
6128
6128
6128
6128
6128
6128
6128
6129
6129
6129
6129
6129
6129
6129
6129
6129
6129
6129
6129
6129
6130
6130
6130
6130
6130
6130
6130
6130
6130
6130
6130
6130
6131
6131
6131
6131
6131
6131
6131
6131
6131
6131
6131
6131
6131
6132
6132
6132
6132
6132
6132
6132
6132
6132
6132
6132
6132
6133
6133
6133
6133
6133
6133
6133
6133
6133
6133
6133
6133
6133
6134
6134
6134
6134
6134
6134
6134
6134
6134
6134
6134
6134
6135
6135
6135
6135
6135
6135
6135
6135
6135
6135
6135
6135
6135
6136
6136
6136
6136
6136
6136
6136
6136
6136
6136
6136
6136
6137
6137
6137
6137
6137
6137
6137
6137
6137
6137
6137
6137
6137
6138
6138
6138
6138
6138
6138
6138
6138
6138
6138
6138
6138
6139
6139
6139
6139
6139
6139
6139
6139
6139
6139
6139
6139
6139
6140
6140
6140
6140
6140
6140
6140
6140
6140
6140
6140
6140
6141
6141
6141
6141
6141
6141
6141
6141
6141
6141
6141
6141
6141
6142
6142
6142
6142
6142
6142
6142
6142
6142
6142
6142
6142
6143
6143
6143
6143
6143
6143
6143
6143
6143
6143
6143
6143
6143
6144
6144
6144
6144
6144
6144
6144
6144
6144
6144
6144
6144
6145
6145
6145
6145
6145
6145
6145
6145
6145
6145
6145
6145
6145
6146
6146
6146
6146
6146
6146
6146
6146
6146
6146
6146
6146
6147
6147
6147
6147
6147
6147
6147
6147
6147
6147
6147
6147
6147
6148
6148
6148
6148
6148
6148
6148
6148
6148
6148
6148
6148
6149
6149
6149
6149
6149
6149
6149
6149
6149
6149
6149
6149
6149
6150
6150
6150
6150
6150
6150
6150
6150
6150
6150
6150
6150
6151
6151
6151
6151
6151
6151
6151
6151
6151
6151
6151
6151
6151
6152
6152
6152
6152
6152
6152
6152
6152
6152
6152
6152
6152
6153
6153
6153
6153
6153
6153
6153
6153
6153
6153
6153
6153
6153
6154
6154
6154
6154
6154
6154
6154
6154
6154
6154
6154
6154
6155
6155
6155
6155
6155
6155
6155
6155
6155
6155
6155
6155
6155
6156
6156
6156
6156
6156
6156
6156
6156
6156
6156
6156
6156
6157
6157
6157
6157
6157
6157
6157
6157
6157
6157
6157
6157
6157
6158
6158
6158
6158
6158
6158
6158
6158
6158
6158
6158
6158
6159
6159
6159
6159
6159
6159
6159
6159
6159
6159
6159
6159
6159
6160
6160
6160
6160
6160
6160
6160
6160
6160
6160
6160
6160
6161
6161
6161
6161
6161
6161
6161
6161
6161
6161
6161
6161
6161
6162
6162
6162
6162
6162
6162
6162
6162
6162
6162
6162
6162
6163
6163
6163
6163
6163
6163
6163
6163
6163
6163
6163
6163
6163
6164
6164
6164
6164
6164
6164
6164
6164
6164
6164
6164
6164
6165
6165
6165
6165
6165
6165
6165
6165
6165
6165
6165
6165
6165
6166
6166
6166
6166
6166
6166
6166
6166
6166
6166
6166
6166
6167
6167
6167
6167
6167
6167
6167
6167
6167
6167
6167
6167
6167
6168
6168
6168
6168
6168
6168
6168
6168
6168
6168
6168
6168
6169
6169
6169
6169
6169
6169
6169
6169
6169
6169
6169
6169
6169
6170
6170
6170
6170
6170
6170
6170
6170
6170
6170
6170
6170
6171
6171
6171
6171
6171
6171
6171
6171
6171
6171
6171
6171
6171
6172
6172
6172
6172
6172
6172
6172
6172
6172
6172
6172
6172
6173
6173
6173
6173
6173
6173
6173
6173
6173
6173
6173
6173
6173
6174
6174
6174
6174
6174
6174
6174
6174
6174
6174
6174
6174
6175
6175
6175
6175
6175
6175
6175
6175
6175
6175
6175
6175
6175
6176
6176
6176
6176
6176
6176
6176
6176
6176
6176
6176
6176
6177
6177
6177
6177
6177
6177
6177
6177
6177
6177
6177
6177
6177
6178
6178
6178
6178
6178
6178
6178
6178
6178
6178
6178
6178
6179
6179
6179
6179
6179
6179
6179
6179
6179
6179
6179
6179
6179
6180
6180
6180
6180
6180
6180
6180
6180
6180
6180
6180
6180
6181
6181
6181
6181
6181
6181
6181
6181
6181
6181
6181
6181
6181
6182
6182
6182
6182
6182
6182
6182
6182
6182
6182
6182
6182
6183
6183
6183
6183
6183
6183
6183
6183
6183
6183
6183
6183
6183
6184
6184
6184
6184
6184
6184
6184
6184
6184
6184
6184
6184
6185
6185
6185
6185
6185
6185
6185
6185
6185
6185
6185
6185
6185
6186
6186
6186
6186
6186
6186
6186
6186
6186
6186
6186
6186
6187
6187
6187
6187
6187
6187
6187
6187
6187
6187
6187
6187
6187
6188
6188
6188
6188
6188
6188
6188
6188
6188
6188
6188
6188
6189
6189
6189
6189
6189
6189
6189
6189
6189
6189
6189
6189
6189
6190
6190
6190
6190
6190
6190
6190
6190
6190
6190
6190
6190
6191
6191
6191
6191
6191
6191
6191
6191
6191
6191
6191
6191
6191
6192
6192
6192
6192
6192
6192
6192
6192
6192
6192
6192
6192
6193
6193
6193
6193
6193
6193
6193
6193
6193
6193
6193
6193
6193
6194
6194
6194
6194
6194
6194
6194
6194
6194
6194
6194
6194
6195
6195
6195
6195
6195
6195
6195
6195
6195
6195
6195
6195
6195
6196
6196
6196
6196
6196
6196
6196
6196
6196
6196
6196
6196
6197
6197
6197
6197
6197
6197
6197
6197
6197
6197
6197
6197
6197
6198
6198
6198
6198
6198
6198
6198
6198
6198
6198
6198
6198
6199
6199
6199
6199
6199
6199
6199
6199
6199
6199
6199
6199
6199
6200
6200
6200
6200
6200
6200
6200
6200
6200
6200
6200
6200
6201
6201
6201
6201
6201
6201
6201
6201
6201
6201
6201
6201
6201
6202
6202
6202
6202
6202
6202
6202
6202
6202
6202
6202
6202
6203
6203
6203
6203
6203
6203
6203
6203
6203
6203
6203
6203
6203
6204
6204
6204
6204
6204
6204
6204
6204
6204
6204
6204
6204
6205
6205
6205
6205
6205
6205
6205
6205
6205
6205
6205
6205
6205
6206
6206
6206
6206
6206
6206
6206
6206
6206
6206
6206
6206
6207
6207
6207
6207
6207
6207
6207
6207
6207
6207
6207
6207
6207
6208
6208
6208
6208
6208
6208
6208
6208
6208
6208
6208
6208
6209
6209
6209
6209
6209
6209
6209
6209
6209
6209
6209
6209
6209
6210
6210
6210
6210
6210
6210
6210
6210
6210
6210
6210
6210
6211
6211
6211
6211
6211
6211
6211
6211
6211
6211
6211
6211
6211
6212
6212
6212
6212
6212
6212
6212
6212
6212
6212
6212
6212
6213
6213
6213
6213
6213
6213
6213
6213
6213
6213
6213
6213
6213
6214
6214
6214
6214
6214
6214
6214
6214
6214
6214
6214
6214
6215
6215
6215
6215
6215
6215
6215
6215
6215
6215
6215
6215
6215
6216
6216
6216
6216
6216
6216
6216
6216
6216
6216
6216
6216
6217
6217
6217
6217
6217
6217
6217
6217
6217
6217
6217
6217
6217
6218
6218
6218
6218
6218
6218
6218
6218
6218
6218
6218
6218
6219
6219
6219
6219
6219
6219
6219
6219
6219
6219
6219
6219
6219
6220
6220
6220
6220
6220
6220
6220
6220
6220
6220
6220
6220
6221
6221
6221
6221
6221
6221
6221
6221
6221
6221
6221
6221
6221
6222
6222
6222
6222
6222
6222
6222
6222
6222
6222
6222
6222
6223
6223
6223
6223
6223
6223
6223
6223
6223
6223
6223
6223
6223
6224
6224
6224
6224
6224
6224
6224
6224
6224
6224
6224
6224
6225
6225
6225
6225
6225
6225
6225
6225
6225
6225
6225
6225
6225
6226
6226
6226
6226
6226
6226
6226
6226
6226
6226
6226
6226
6227
6227
6227
6227
6227
6227
6227
6227
6227
6227
6227
6227
6227
6228
6228
6228
6228
6228
6228
6228
6228
6228
6228
6228
6228
6229
6229
6229
6229
6229
6229
6229
6229
6229
6229
6229
6229
6229
6230
6230
6230
6230
6230
6230
6230
6230
6230
6230
6230
6230
6231
6231
6231
6231
6231
6231
6231
6231
6231
6231
6231
6231
6231
6232
6232
6232
6232
6232
6232
6232
6232
6232
6232
6232
6232
6233
6233
6233
6233
6233
6233
6233
6233
6233
6233
6233
6233
6233
6234
6234
6234
6234
6234
6234
6234
6234
6234
6234
6234
6234
6235
6235
6235
6235
6235
6235
6235
6235
6235
6235
6235
6235
6235
6236
6236
6236
6236
6236
6236
6236
6236
6236
6236
6236
6236
6237
6237
6237
6237
6237
6237
6237
6237
6237
6237
6237
6237
6237
6238
6238
6238
6238
6238
6238
6238
6238
6238
6238
6238
6238
6239
6239
6239
6239
6239
6239
6239
6239
6239
6239
6239
6239
6239
6240
6240
6240
6240
6240
6240
6240
6240
6240
6240
6240
6240
6241
6241
6241
6241
6241
6241
6241
6241
6241
6241
6241
6241
6241
6242
6242
6242
6242
6242
6242
6242
6242
6242
6242
6242
6242
6243
6243
6243
6243
6243
6243
6243
6243
6243
6243
6243
6243
6243
6244
6244
6244
6244
6244
6244
6244
6244
6244
6244
6244
6244
6245
6245
6245
6245
6245
6245
6245
6245
6245
6245
6245
6245
6245
6246
6246
6246
6246
6246
6246
6246
6246
6246
6246
6246
6246
6247
6247
6247
6247
6247
6247
6247
6247
6247
6247
6247
6247
6247
6248
6248
6248
6248
6248
6248
6248
6248
6248
6248
6248
6248
6249
6249
6249
6249
6249
6249
6249
6249
6249
6249
6249
6249
6249
6250
6250
6250
6250
6250
6250
6250
6250
6250
6250
6250
6250
6251
6251
6251
6251
6251
6251
6251
6251
6251
6251
6251
6251
6251
6252
6252
6252
6252
6252
6252
6252
6252
6252
6252
6252
6252
6253
6253
6253
6253
6253
6253
6253
6253
6253
6253
6253
6253
6253
6254
6254
6254
6254
6254
6254
6254
6254
6254
6254
6254
6254
6255
6255
6255
6255
6255
6255
6255
6255
6255
6255
6255
6255
6255
6256
6256
6256
6256
6256
6256
6256
6256
6256
6256
6256
6256
6257
6257
6257
6257
6257
6257
6257
6257
6257
6257
6257
6257
6257
6258
6258
6258
6258
6258
6258
6258
6258
6258
6258
6258
6258
6259
6259
6259
6259
6259
6259
6259
6259
6259
6259
6259
6259
6259
6260
6260
6260
6260
6260
6260
6260
6260
6260
6260
6260
6260
6261
6261
6261
6261
6261
6261
6261
6261
6261
6261
6261
6261
6261
6262
6262
6262
6262
6262
6262
6262
6262
6262
6262
6262
6262
6263
6263
6263
6263
6263
6263
6263
6263
6263
6263
6263
6263
6263
6264
6264
6264
6264
6264
6264
6264
6264
6264
6264
6264
6264
6265
6265
6265
6265
6265
6265
6265
6265
6265
6265
6265
6265
6265
6266
6266
6266
6266
6266
6266
6266
6266
6266
6266
6266
6266
6267
6267
6267
6267
6267
6267
6267
6267
6267
6267
6267
6267
6267
6268
6268
6268
6268
6268
6268
6268
6268
6268
6268
6268
6268
6269
6269
6269
6269
6269
6269
6269
6269
6269
6269
6269
6269
6269
6270
6270
6270
6270
6270
6270
6270
6270
6270
6270
6270
6270
6271
6271
6271
6271
6271
6271
6271
6271
6271
6271
6271
6271
6271
6272
6272
6272
6272
6272
6272
6272
6272
6272
6272
6272
6272
6273
6273
6273
6273
6273
6273
6273
6273
6273
6273
6273
6273
6273
6274
6274
6274
6274
6274
6274
6274
6274
6274
6274
6274
6274
6275
6275
6275
6275
6275
6275
6275
6275
6275
6275
6275
6275
6275
6276
6276
6276
6276
6276
6276
6276
6276
6276
6276
6276
6276
6277
6277
6277
6277
6277
6277
6277
6277
6277
6277
6277
6277
6277
6278
6278
6278
6278
6278
6278
6278
6278
6278
6278
6278
6278
6279
6279
6279
6279
6279
6279
6279
6279
6279
6279
6279
6279
6279
6280
6280
6280
6280
6280
6280
6280
6280
6280
6280
6280
6280
6281
6281
6281
6281
6281
6281
6281
6281
6281
6281
6281
6281
6281
6282
6282
6282
6282
6282
6282
6282
6282
6282
6282
6282
6282
6283
6283
6283
6283
6283
6283
6283
6283
6283
6283
6283
6283
6283
6284
6284
6284
6284
6284
6284
6284
6284
6284
6284
6284
6284
6285
6285
6285
6285
6285
6285
6285
6285
6285
6285
6285
6285
6285
6286
6286
6286
6286
6286
6286
6286
6286
6286
6286
6286
6286
6287
6287
6287
6287
6287
6287
6287
6287
6287
6287
6287
6287
6287
6288
6288
6288
6288
6288
6288
6288
6288
6288
6288
6288
6288
6289
6289
6289
6289
6289
6289
6289
6289
6289
6289
6289
6289
6289
6290
6290
6290
6290
6290
6290
6290
6290
6290
6290
6290
6290
6291
6291
6291
6291
6291
6291
6291
6291
6291
6291
6291
6291
6291
6292
6292
6292
6292
6292
6292
6292
6292
6292
6292
6292
6292
6293
6293
6293
6293
6293
6293
6293
6293
6293
6293
6293
6293
6293
6294
6294
6294
6294
6294
6294
6294
6294
6294
6294
6294
6294
6295
6295
6295
6295
6295
6295
6295
6295
6295
6295
6295
6295
6295
6296
6296
6296
6296
6296
6296
6296
6296
6296
6296
6296
6296
6297
6297
6297
6297
6297
6297
6297
6297
6297
6297
6297
6297
6297
6298
6298
6298
6298
6298
6298
6298
6298
6298
6298
6298
6298
6299
6299
6299
6299
6299
6299
6299
6299
6299
6299
6299
6299
6299
6300
6300
6300
6300
6300
6300
6300
6300
6300
6300
6300
6300
6301
6301
6301
6301
6301
6301
6301
6301
6301
6301
6301
6301
6301
6302
6302
6302
6302
6302
6302
6302
6302
6302
6302
6302
6302
6303
6303
6303
6303
6303
6303
6303
6303
6303
6303
6303
6303
6303
6304
6304
6304
6304
6304
6304
6304
6304
6304
6304
6304
6304
6305
6305
6305
6305
6305
6305
6305
6305
6305
6305
6305
6305
6305
6306
6306
6306
6306
6306
6306
6306
6306
6306
6306
6306
6306
6307
6307
6307
6307
6307
6307
6307
6307
6307
6307
6307
6307
6307
6308
6308
6308
6308
6308
6308
6308
6308
6308
6308
6308
6308
6309
6309
6309
6309
6309
6309
6309
6309
6309
6309
6309
6309
6309
6310
6310
6310
6310
6310
6310
6310
6310
6310
6310
6310
6310
6311
6311
6311
6311
6311
6311
6311
6311
6311
6311
6311
6311
6311
6312
6312
6312
6312
6312
6312
6312
6312
6312
6312
6312
6312
6313
6313
6313
6313
6313
6313
6313
6313
6313
6313
6313
6313
6313
6314
6314
6314
6314
6314
6314
6314
6314
6314
6314
6314
6314
6315
6315
6315
6315
6315
6315
6315
6315
6315
6315
6315
6315
6315
6316
6316
6316
6316
6316
6316
6316
6316
6316
6316
6316
6316
6317
6317
6317
6317
6317
6317
6317
6317
6317
6317
6317
6317
6317
6318
6318
6318
6318
6318
6318
6318
6318
6318
6318
6318
6318
6319
6319
6319
6319
6319
6319
6319
6319
6319
6319
6319
6319
6319
6320
6320
6320
6320
6320
6320
6320
6320
6320
6320
6320
6320
6321
6321
6321
6321
6321
6321
6321
6321
6321
6321
6321
6321
6321
6322
6322
6322
6322
6322
6322
6322
6322
6322
6322
6322
6322
6323
6323
6323
6323
6323
6323
6323
6323
6323
6323
6323
6323
6323
6324
6324
6324
6324
6324
6324
6324
6324
6324
6324
6324
6324
6325
6325
6325
6325
6325
6325
6325
6325
6325
6325
6325
6325
6325
6326
6326
6326
6326
6326
6326
6326
6326
6326
6326
6326
6326
6327
6327
6327
6327
6327
6327
6327
6327
6327
6327
6327
6327
6327
6328
6328
6328
6328
6328
6328
6328
6328
6328
6328
6328
6328
6329
6329
6329
6329
6329
6329
6329
6329
6329
6329
6329
6329
6329
6330
6330
6330
6330
6330
6330
6330
6330
6330
6330
6330
6330
6331
6331
6331
6331
6331
6331
6331
6331
6331
6331
6331
6331
6331
6332
6332
6332
6332
6332
6332
6332
6332
6332
6332
6332
6332
6333
6333
6333
6333
6333
6333
6333
6333
6333
6333
6333
6333
6333
6334
6334
6334
6334
6334
6334
6334
6334
6334
6334
6334
6334
6335
6335
6335
6335
6335
6335
6335
6335
6335
6335
6335
6335
6335
6336
6336
6336
6336
6336
6336
6336
6336
6336
6336
6336
6336
6337
6337
6337
6337
6337
6337
6337
6337
6337
6337
6337
6337
6337
6338
6338
6338
6338
6338
6338
6338
6338
6338
6338
6338
6338
6339
6339
6339
6339
6339
6339
6339
6339
6339
6339
6339
6339
6339
6340
6340
6340
6340
6340
6340
6340
6340
6340
6340
6340
6340
6341
6341
6341
6341
6341
6341
6341
6341
6341
6341
6341
6341
6341
6342
6342
6342
6342
6342
6342
6342
6342
6342
6342
6342
6342
6343
6343
6343
6343
6343
6343
6343
6343
6343
6343
6343
6343
6343
6344
6344
6344
6344
6344
6344
6344
6344
6344
6344
6344
6344
6345
6345
6345
6345
6345
6345
6345
6345
6345
6345
6345
6345
6345
6346
6346
6346
6346
6346
6346
6346
6346
6346
6346
6346
6346
6347
6347
6347
6347
6347
6347
6347
6347
6347
6347
6347
6347
6347
6348
6348
6348
6348
6348
6348
6348
6348
6348
6348
6348
6348
6349
6349
6349
6349
6349
6349
6349
6349
6349
6349
6349
6349
6349
6350
6350
6350
6350
6350
6350
6350
6350
6350
6350
6350
6350
6351
6351
6351
6351
6351
6351
6351
6351
6351
6351
6351
6351
6351
6352
6352
6352
6352
6352
6352
6352
6352
6352
6352
6352
6352
6353
6353
6353
6353
6353
6353
6353
6353
6353
6353
6353
6353
6353
6354
6354
6354
6354
6354
6354
6354
6354
6354
6354
6354
6354
6355
6355
6355
6355
6355
6355
6355
6355
6355
6355
6355
6355
6355
6356
6356
6356
6356
6356
6356
6356
6356
6356
6356
6356
6356
6357
6357
6357
6357
6357
6357
6357
6357
6357
6357
6357
6357
6357
6358
6358
6358
6358
6358
6358
6358
6358
6358
6358
6358
6358
6359
6359
6359
6359
6359
6359
6359
6359
6359
6359
6359
6359
6359
6360
6360
6360
6360
6360
6360
6360
6360
6360
6360
6360
6360
6361
6361
6361
6361
6361
6361
6361
6361
6361
6361
6361
6361
6361
6362
6362
6362
6362
6362
6362
6362
6362
6362
6362
6362
6362
6363
6363
6363
6363
6363
6363
6363
6363
6363
6363
6363
6363
6363
6364
6364
6364
6364
6364
6364
6364
6364
6364
6364
6364
6364
6365
6365
6365
6365
6365
6365
6365
6365
6365
6365
6365
6365
6365
6366
6366
6366
6366
6366
6366
6366
6366
6366
6366
6366
6366
6367
6367
6367
6367
6367
6367
6367
6367
6367
6367
6367
6367
6367
6368
6368
6368
6368
6368
6368
6368
6368
6368
6368
6368
6368
6369
6369
6369
6369
6369
6369
6369
6369
6369
6369
6369
6369
6369
6370
6370
6370
6370
6370
6370
6370
6370
6370
6370
6370
6370
6371
6371
6371
6371
6371
6371
6371
6371
6371
6371
6371
6371
6371
6372
6372
6372
6372
6372
6372
6372
6372
6372
6372
6372
6372
6373
6373
6373
6373
6373
6373
6373
6373
6373
6373
6373
6373
6373
6374
6374
6374
6374
6374
6374
6374
6374
6374
6374
6374
6374
6375
6375
6375
6375
6375
6375
6375
6375
6375
6375
6375
6375
6375
6376
6376
6376
6376
6376
6376
6376
6376
6376
6376
6376
6376
6377
6377
6377
6377
6377
6377
6377
6377
6377
6377
6377
6377
6377
6378
6378
6378
6378
6378
6378
6378
6378
6378
6378
6378
6378
6379
6379
6379
6379
6379
6379
6379
6379
6379
6379
6379
6379
6379
6380
6380
6380
6380
6380
6380
6380
6380
6380
6380
6380
6380
6381
6381
6381
6381
6381
6381
6381
6381
6381
6381
6381
6381
6381
6382
6382
6382
6382
6382
6382
6382
6382
6382
6382
6382
6382
6383
6383
6383
6383
6383
6383
6383
6383
6383
6383
6383
6383
6383
6384
6384
6384
6384
6384
6384
6384
6384
6384
6384
6384
6384
6385
6385
6385
6385
6385
6385
6385
6385
6385
6385
6385
6385
6385
6386
6386
6386
6386
6386
6386
6386
6386
6386
6386
6386
6386
6387
6387
6387
6387
6387
6387
6387
6387
6387
6387
6387
6387
6387
6388
6388
6388
6388
6388
6388
6388
6388
6388
6388
6388
6388
6389
6389
6389
6389
6389
6389
6389
6389
6389
6389
6389
6389
6389
6390
6390
6390
6390
6390
6390
6390
6390
6390
6390
6390
6390
6391
6391
6391
6391
6391
6391
6391
6391
6391
6391
6391
6391
6391
6392
6392
6392
6392
6392
6392
6392
6392
6392
6392
6392
6392
6393
6393
6393
6393
6393
6393
6393
6393
6393
6393
6393
6393
6393
6394
6394
6394
6394
6394
6394
6394
6394
6394
6394
6394
6394
6395
6395
6395
6395
6395
6395
6395
6395
6395
6395
6395
6395
6395
6396
6396
6396
6396
6396
6396
6396
6396
6396
6396
6396
6396
6397
6397
6397
6397
6397
6397
6397
6397
6397
6397
6397
6397
6397
6398
6398
6398
6398
6398
6398
6398
6398
6398
6398
6398
6398
6399
6399
6399
6399
6399
6399
6399
6399
6399
6399
6399
6399
6399
6400
6400
6400
6400
6400
6400
6400
6400
6400
6400
6400
6400
6401
6401
6401
6401
6401
6401
6401
6401
6401
6401
6401
6401
6401
6402
6402
6402
6402
6402
6402
6402
6402
6402
6402
6402
6402
6403
6403
6403
6403
6403
6403
6403
6403
6403
6403
6403
6403
6403
6404
6404
6404
6404
6404
6404
6404
6404
6404
6404
6404
6404
6405
6405
6405
6405
6405
6405
6405
6405
6405
6405
6405
6405
6405
6406
6406
6406
6406
6406
6406
6406
6406
6406
6406
6406
6406
6407
6407
6407
6407
6407
6407
6407
6407
6407
6407
6407
6407
6407
6408
6408
6408
6408
6408
6408
6408
6408
6408
6408
6408
6408
6409
6409
6409
6409
6409
6409
6409
6409
6409
6409
6409
6409
6409
6410
6410
6410
6410
6410
6410
6410
6410
6410
6410
6410
6410
6411
6411
6411
6411
6411
6411
6411
6411
6411
6411
6411
6411
6411
6412
6412
6412
6412
6412
6412
6412
6412
6412
6412
6412
6412
6413
6413
6413
6413
6413
6413
6413
6413
6413
6413
6413
6413
6413
6414
6414
6414
6414
6414
6414
6414
6414
6414
6414
6414
6414
6415
6415
6415
6415
6415
6415
6415
6415
6415
6415
6415
6415
6415
6416
6416
6416
6416
6416
6416
6416
6416
6416
6416
6416
6416
6417
6417
6417
6417
6417
6417
6417
6417
6417
6417
6417
6417
6417
6418
6418
6418
6418
6418
6418
6418
6418
6418
6418
6418
6418
6419
6419
6419
6419
6419
6419
6419
6419
6419
6419
6419
6419
6419
6420
6420
6420
6420
6420
6420
6420
6420
6420
6420
6420
6420
6421
6421
6421
6421
6421
6421
6421
6421
6421
6421
6421
6421
6421
6422
6422
6422
6422
6422
6422
6422
6422
6422
6422
6422
6422
6423
6423
6423
6423
6423
6423
6423
6423
6423
6423
6423
6423
6423
6424
6424
6424
6424
6424
6424
6424
6424
6424
6424
6424
6424
6425
6425
6425
6425
6425
6425
6425
6425
6425
6425
6425
6425
6425
6426
6426
6426
6426
6426
6426
6426
6426
6426
6426
6426
6426
6427
6427
6427
6427
6427
6427
6427
6427
6427
6427
6427
6427
6427
6428
6428
6428
6428
6428
6428
6428
6428
6428
6428
6428
6428
6429
6429
6429
6429
6429
6429
6429
6429
6429
6429
6429
6429
6429
6430
6430
6430
6430
6430
6430
6430
6430
6430
6430
6430
6430
6431
6431
6431
6431
6431
6431
6431
6431
6431
6431
6431
6431
6431
6432
6432
6432
6432
6432
6432
6432
6432
6432
6432
6432
6432
6433
6433
6433
6433
6433
6433
6433
6433
6433
6433
6433
6433
6433
6434
6434
6434
6434
6434
6434
6434
6434
6434
6434
6434
6434
6435
6435
6435
6435
6435
6435
6435
6435
6435
6435
6435
6435
6435
6436
6436
6436
6436
6436
6436
6436
6436
6436
6436
6436
6436
6437
6437
6437
6437
6437
6437
6437
6437
6437
6437
6437
6437
6437
6438
6438
6438
6438
6438
6438
6438
6438
6438
6438
6438
6438
6439
6439
6439
6439
6439
6439
6439
6439
6439
6439
6439
6439
6439
6440
6440
6440
6440
6440
6440
6440
6440
6440
6440
6440
6440
6441
6441
6441
6441
6441
6441
6441
6441
6441
6441
6441
6441
6441
6442
6442
6442
6442
6442
6442
6442
6442
6442
6442
6442
6442
6443
6443
6443
6443
6443
6443
6443
6443
6443
6443
6443
6443
6443
6444
6444
6444
6444
6444
6444
6444
6444
6444
6444
6444
6444
6445
6445
6445
6445
6445
6445
6445
6445
6445
6445
6445
6445
6445
6446
6446
6446
6446
6446
6446
6446
6446
6446
6446
6446
6446
6447
6447
6447
6447
6447
6447
6447
6447
6447
6447
6447
6447
6447
6448
6448
6448
6448
6448
6448
6448
6448
6448
6448
6448
6448
6449
6449
6449
6449
6449
6449
6449
6449
6449
6449
6449
6449
6449
6450
6450
6450
6450
6450
6450
6450
6450
6450
6450
6450
6450
6451
6451
6451
6451
6451
6451
6451
6451
6451
6451
6451
6451
6451
6452
6452
6452
6452
6452
6452
6452
6452
6452
6452
6452
6452
6453
6453
6453
6453
6453
6453
6453
6453
6453
6453
6453
6453
6453
6454
6454
6454
6454
6454
6454
6454
6454
6454
6454
6454
6454
6455
6455
6455
6455
6455
6455
6455
6455
6455
6455
6455
6455
6455
6456
6456
6456
6456
6456
6456
6456
6456
6456
6456
6456
6456
6457
6457
6457
6457
6457
6457
6457
6457
6457
6457
6457
6457
6457
6458
6458
6458
6458
6458
6458
6458
6458
6458
6458
6458
6458
6459
6459
6459
6459
6459
6459
6459
6459
6459
6459
6459
6459
6459
6460
6460
6460
6460
6460
6460
6460
6460
6460
6460
6460
6460
6461
6461
6461
6461
6461
6461
6461
6461
6461
6461
6461
6461
6461
6462
6462
6462
6462
6462
6462
6462
6462
6462
6462
6462
6462
6463
6463
6463
6463
6463
6463
6463
6463
6463
6463
6463
6463
6463
6464
6464
6464
6464
6464
6464
6464
6464
6464
6464
6464
6464
6465
6465
6465
6465
6465
6465
6465
6465
6465
6465
6465
6465
6465
6466
6466
6466
6466
6466
6466
6466
6466
6466
6466
6466
6466
6467
6467
6467
6467
6467
6467
6467
6467
6467
6467
6467
6467
6467
6468
6468
6468
6468
6468
6468
6468
6468
6468
6468
6468
6468
6469
6469
6469
6469
6469
6469
6469
6469
6469
6469
6469
6469
6469
6470
6470
6470
6470
6470
6470
6470
6470
6470
6470
6470
6470
6471
6471
6471
6471
6471
6471
6471
6471
6471
6471
6471
6471
6471
6472
6472
6472
6472
6472
6472
6472
6472
6472
6472
6472
6472
6473
6473
6473
6473
6473
6473
6473
6473
6473
6473
6473
6473
6473
6474
6474
6474
6474
6474
6474
6474
6474
6474
6474
6474
6474
6475
6475
6475
6475
6475
6475
6475
6475
6475
6475
6475
6475
6475
6476
6476
6476
6476
6476
6476
6476
6476
6476
6476
6476
6476
6477
6477
6477
6477
6477
6477
6477
6477
6477
6477
6477
6477
6477
6478
6478
6478
6478
6478
6478
6478
6478
6478
6478
6478
6478
6479
6479
6479
6479
6479
6479
6479
6479
6479
6479
6479
6479
6479
6480
6480
6480
6480
6480
6480
6480
6480
6480
6480
6480
6480
6481
6481
6481
6481
6481
6481
6481
6481
6481
6481
6481
6481
6481
6482
6482
6482
6482
6482
6482
6482
6482
6482
6482
6482
6482
6483
6483
6483
6483
6483
6483
6483
6483
6483
6483
6483
6483
6483
6484
6484
6484
6484
6484
6484
6484
6484
6484
6484
6484
6484
6485
6485
6485
6485
6485
6485
6485
6485
6485
6485
6485
6485
6485
6486
6486
6486
6486
6486
6486
6486
6486
6486
6486
6486
6486
6487
6487
6487
6487
6487
6487
6487
6487
6487
6487
6487
6487
6487
6488
6488
6488
6488
6488
6488
6488
6488
6488
6488
6488
6488
6489
6489
6489
6489
6489
6489
6489
6489
6489
6489
6489
6489
6489
6490
6490
6490
6490
6490
6490
6490
6490
6490
6490
6490
6490
6491
6491
6491
6491
6491
6491
6491
6491
6491
6491
6491
6491
6491
6492
6492
6492
6492
6492
6492
6492
6492
6492
6492
6492
6492
6493
6493
6493
6493
6493
6493
6493
6493
6493
6493
6493
6493
6493
6494
6494
6494
6494
6494
6494
6494
6494
6494
6494
6494
6494
6495
6495
6495
6495
6495
6495
6495
6495
6495
6495
6495
6495
6495
6496
6496
6496
6496
6496
6496
6496
6496
6496
6496
6496
6496
6497
6497
6497
6497
6497
6497
6497
6497
6497
6497
6497
6497
6497
6498
6498
6498
6498
6498
6498
6498
6498
6498
6498
6498
6498
6499
6499
6499
6499
6499
6499
6499
6499
6499
6499
6499
6499
6499
6500
6500
6500
6500
6500
6500
6500
6500
6500
6500
6500
6500
6501
6501
6501
6501
6501
6501
6501
6501
6501
6501
6501
6501
6501
6502
6502
6502
6502
6502
6502
6502
6502
6502
6502
6502
6502
6503
6503
6503
6503
6503
6503
6503
6503
6503
6503
6503
6503
6503
6504
6504
6504
6504
6504
6504
6504
6504
6504
6504
6504
6504
6505
6505
6505
6505
6505
6505
6505
6505
6505
6505
6505
6505
6505
6506
6506
6506
6506
6506
6506
6506
6506
6506
6506
6506
6506
6507
6507
6507
6507
6507
6507
6507
6507
6507
6507
6507
6507
6507
6508
6508
6508
6508
6508
6508
6508
6508
6508
6508
6508
6508
6509
6509
6509
6509
6509
6509
6509
6509
6509
6509
6509
6509
6509
6510
6510
6510
6510
6510
6510
6510
6510
6510
6510
6510
6510
6511
6511
6511
6511
6511
6511
6511
6511
6511
6511
6511
6511
6511
6512
6512
6512
6512
6512
6512
6512
6512
6512
6512
6512
6512
6513
6513
6513
6513
6513
6513
6513
6513
6513
6513
6513
6513
6513
6514
6514
6514
6514
6514
6514
6514
6514
6514
6514
6514
6514
6515
6515
6515
6515
6515
6515
6515
6515
6515
6515
6515
6515
6515
6516
6516
6516
6516
6516
6516
6516
6516
6516
6516
6516
6516
6517
6517
6517
6517
6517
6517
6517
6517
6517
6517
6517
6517
6517
6518
6518
6518
6518
6518
6518
6518
6518
6518
6518
6518
6518
6519
6519
6519
6519
6519
6519
6519
6519
6519
6519
6519
6519
6519
6520
6520
6520
6520
6520
6520
6520
6520
6520
6520
6520
6520
6521
6521
6521
6521
6521
6521
6521
6521
6521
6521
6521
6521
6521
6522
6522
6522
6522
6522
6522
6522
6522
6522
6522
6522
6522
6523
6523
6523
6523
6523
6523
6523
6523
6523
6523
6523
6523
6523
6524
6524
6524
6524
6524
6524
6524
6524
6524
6524
6524
6524
6525
6525
6525
6525
6525
6525
6525
6525
6525
6525
6525
6525
6525
6526
6526
6526
6526
6526
6526
6526
6526
6526
6526
6526
6526
6527
6527
6527
6527
6527
6527
6527
6527
6527
6527
6527
6527
6527
6528
6528
6528
6528
6528
6528
6528
6528
6528
6528
6528
6528
6529
6529
6529
6529
6529
6529
6529
6529
6529
6529
6529
6529
6529
6530
6530
6530
6530
6530
6530
6530
6530
6530
6530
6530
6530
6531
6531
6531
6531
6531
6531
6531
6531
6531
6531
6531
6531
6531
6532
6532
6532
6532
6532
6532
6532
6532
6532
6532
6532
6532
6533
6533
6533
6533
6533
6533
6533
6533
6533
6533
6533
6533
6533
6534
6534
6534
6534
6534
6534
6534
6534
6534
6534
6534
6534
6535
6535
6535
6535
6535
6535
6535
6535
6535
6535
6535
6535
6535
6536
6536
6536
6536
6536
6536
6536
6536
6536
6536
6536
6536
6537
6537
6537
6537
6537
6537
6537
6537
6537
6537
6537
6537
6537
6538
6538
6538
6538
6538
6538
6538
6538
6538
6538
6538
6538
6539
6539
6539
6539
6539
6539
6539
6539
6539
6539
6539
6539
6539
6540
6540
6540
6540
6540
6540
6540
6540
6540
6540
6540
6540
6541
6541
6541
6541
6541
6541
6541
6541
6541
6541
6541
6541
6541
6542
6542
6542
6542
6542
6542
6542
6542
6542
6542
6542
6542
6543
6543
6543
6543
6543
6543
6543
6543
6543
6543
6543
6543
6543
6544
6544
6544
6544
6544
6544
6544
6544
6544
6544
6544
6544
6545
6545
6545
6545
6545
6545
6545
6545
6545
6545
6545
6545
6545
6546
6546
6546
6546
6546
6546
6546
6546
6546
6546
6546
6546
6547
6547
6547
6547
6547
6547
6547
6547
6547
6547
6547
6547
6547
6548
6548
6548
6548
6548
6548
6548
6548
6548
6548
6548
6548
6549
6549
6549
6549
6549
6549
6549
6549
6549
6549
6549
6549
6549
6550
6550
6550
6550
6550
6550
6550
6550
6550
6550
6550
6550
6551
6551
6551
6551
6551
6551
6551
6551
6551
6551
6551
6551
6551
6552
6552
6552
6552
6552
6552
6552
6552
6552
6552
6552
6552
6553
6553
6553
6553
6553
6553
6553
6553
6553
6553
6553
6553
6553
6554
6554
6554
6554
6554
6554
6554
6554
6554
6554
6554
6554
6555
6555
6555
6555
6555
6555
6555
6555
6555
6555
6555
6555
6555
6556
6556
6556
6556
6556
6556
6556
6556
6556
6556
6556
6556
6557
6557
6557
6557
6557
6557
6557
6557
6557
6557
6557
6557
6557
6558
6558
6558
6558
6558
6558
6558
6558
6558
6558
6558
6558
6559
6559
6559
6559
6559
6559
6559
6559
6559
6559
6559
6559
6559
6560
6560
6560
6560
6560
6560
6560
6560
6560
6560
6560
6560
6561
6561
6561
6561
6561
6561
6561
6561
6561
6561
6561
6561
6561
6562
6562
6562
6562
6562
6562
6562
6562
6562
6562
6562
6562
6563
6563
6563
6563
6563
6563
6563
6563
6563
6563
6563
6563
6563
6564
6564
6564
6564
6564
6564
6564
6564
6564
6564
6564
6564
6565
6565
6565
6565
6565
6565
6565
6565
6565
6565
6565
6565
6565
6566
6566
6566
6566
6566
6566
6566
6566
6566
6566
6566
6566
6567
6567
6567
6567
6567
6567
6567
6567
6567
6567
6567
6567
6567
6568
6568
6568
6568
6568
6568
6568
6568
6568
6568
6568
6568
6569
6569
6569
6569
6569
6569
6569
6569
6569
6569
6569
6569
6569
6570
6570
6570
6570
6570
6570
6570
6570
6570
6570
6570
6570
6571
6571
6571
6571
6571
6571
6571
6571
6571
6571
6571
6571
6571
6572
6572
6572
6572
6572
6572
6572
6572
6572
6572
6572
6572
6573
6573
6573
6573
6573
6573
6573
6573
6573
6573
6573
6573
6573
6574
6574
6574
6574
6574
6574
6574
6574
6574
6574
6574
6574
6575
6575
6575
6575
6575
6575
6575
6575
6575
6575
6575
6575
6575
6576
6576
6576
6576
6576
6576
6576
6576
6576
6576
6576
6576
6577
6577
6577
6577
6577
6577
6577
6577
6577
6577
6577
6577
6577
6578
6578
6578
6578
6578
6578
6578
6578
6578
6578
6578
6578
6579
6579
6579
6579
6579
6579
6579
6579
6579
6579
6579
6579
6579
6580
6580
6580
6580
6580
6580
6580
6580
6580
6580
6580
6580
6581
6581
6581
6581
6581
6581
6581
6581
6581
6581
6581
6581
6581
6582
6582
6582
6582
6582
6582
6582
6582
6582
6582
6582
6582
6583
6583
6583
6583
6583
6583
6583
6583
6583
6583
6583
6583
6583
6584
6584
6584
6584
6584
6584
6584
6584
6584
6584
6584
6584
6585
6585
6585
6585
6585
6585
6585
6585
6585
6585
6585
6585
6585
6586
6586
6586
6586
6586
6586
6586
6586
6586
6586
6586
6586
6587
6587
6587
6587
6587
6587
6587
6587
6587
6587
6587
6587
6587
6588
6588
6588
6588
6588
6588
6588
6588
6588
6588
6588
6588
6589
6589
6589
6589
6589
6589
6589
6589
6589
6589
6589
6589
6589
6590
6590
6590
6590
6590
6590
6590
6590
6590
6590
6590
6590
6591
6591
6591
6591
6591
6591
6591
6591
6591
6591
6591
6591
6591
6592
6592
6592
6592
6592
6592
6592
6592
6592
6592
6592
6592
6593
6593
6593
6593
6593
6593
6593
6593
6593
6593
6593
6593
6593
6594
6594
6594
6594
6594
6594
6594
6594
6594
6594
6594
6594
6595
6595
6595
6595
6595
6595
6595
6595
6595
6595
6595
6595
6595
6596
6596
6596
6596
6596
6596
6596
6596
6596
6596
6596
6596
6597
6597
6597
6597
6597
6597
6597
6597
6597
6597
6597
6597
6597
6598
6598
6598
6598
6598
6598
6598
6598
6598
6598
6598
6598
6599
6599
6599
6599
6599
6599
6599
6599
6599
6599
6599
6599
6599
6600
6600
6600
6600
6600
6600
6600
6600
6600
6600
6600
6600
6601
6601
6601
6601
6601
6601
6601
6601
6601
6601
6601
6601
6601
6602
6602
6602
6602
6602
6602
6602
6602
6602
6602
6602
6602
6603
6603
6603
6603
6603
6603
6603
6603
6603
6603
6603
6603
6603
6604
6604
6604
6604
6604
6604
6604
6604
6604
6604
6604
6604
6605
6605
6605
6605
6605
6605
6605
6605
6605
6605
6605
6605
6605
6606
6606
6606
6606
6606
6606
6606
6606
6606
6606
6606
6606
6607
6607
6607
6607
6607
6607
6607
6607
6607
6607
6607
6607
6607
6608
6608
6608
6608
6608
6608
6608
6608
6608
6608
6608
6608
6609
6609
6609
6609
6609
6609
6609
6609
6609
6609
6609
6609
6609
6610
6610
6610
6610
6610
6610
6610
6610
6610
6610
6610
6610
6611
6611
6611
6611
6611
6611
6611
6611
6611
6611
6611
6611
6611
6612
6612
6612
6612
6612
6612
6612
6612
6612
6612
6612
6612
6613
6613
6613
6613
6613
6613
6613
6613
6613
6613
6613
6613
6613
6614
6614
6614
6614
6614
6614
6614
6614
6614
6614
6614
6614
6615
6615
6615
6615
6615
6615
6615
6615
6615
6615
6615
6615
6615
6616
6616
6616
6616
6616
6616
6616
6616
6616
6616
6616
6616
6617
6617
6617
6617
6617
6617
6617
6617
6617
6617
6617
6617
6617
6618
6618
6618
6618
6618
6618
6618
6618
6618
6618
6618
6618
6619
6619
6619
6619
6619
6619
6619
6619
6619
6619
6619
6619
6619
6620
6620
6620
6620
6620
6620
6620
6620
6620
6620
6620
6620
6621
6621
6621
6621
6621
6621
6621
6621
6621
6621
6621
6621
6621
6622
6622
6622
6622
6622
6622
6622
6622
6622
6622
6622
6622
6623
6623
6623
6623
6623
6623
6623
6623
6623
6623
6623
6623
6623
6624
6624
6624
6624
6624
6624
6624
6624
6624
6624
6624
6624
6625
6625
6625
6625
6625
6625
6625
6625
6625
6625
6625
6625
6625
6626
6626
6626
6626
6626
6626
6626
6626
6626
6626
6626
6626
6627
6627
6627
6627
6627
6627
6627
6627
6627
6627
6627
6627
6627
6628
6628
6628
6628
6628
6628
6628
6628
6628
6628
6628
6628
6629
6629
6629
6629
6629
6629
6629
6629
6629
6629
6629
6629
6629
6630
6630
6630
6630
6630
6630
6630
6630
6630
6630
6630
6630
6631
6631
6631
6631
6631
6631
6631
6631
6631
6631
6631
6631
6631
6632
6632
6632
6632
6632
6632
6632
6632
6632
6632
6632
6632
6633
6633
6633
6633
6633
6633
6633
6633
6633
6633
6633
6633
6633
6634
6634
6634
6634
6634
6634
6634
6634
6634
6634
6634
6634
6635
6635
6635
6635
6635
6635
6635
6635
6635
6635
6635
6635
6635
6636
6636
6636
6636
6636
6636
6636
6636
6636
6636
6636
6636
6637
6637
6637
6637
6637
6637
6637
6637
6637
6637
6637
6637
6637
6638
6638
6638
6638
6638
6638
6638
6638
6638
6638
6638
6638
6639
6639
6639
6639
6639
6639
6639
6639
6639
6639
6639
6639
6639
6640
6640
6640
6640
6640
6640
6640
6640
6640
6640
6640
6640
6641
6641
6641
6641
6641
6641
6641
6641
6641
6641
6641
6641
6641
6642
6642
6642
6642
6642
6642
6642
6642
6642
6642
6642
6642
6643
6643
6643
6643
6643
6643
6643
6643
6643
6643
6643
6643
6643
6644
6644
6644
6644
6644
6644
6644
6644
6644
6644
6644
6644
6645
6645
6645
6645
6645
6645
6645
6645
6645
6645
6645
6645
6645
6646
6646
6646
6646
6646
6646
6646
6646
6646
6646
6646
6646
6647
6647
6647
6647
6647
6647
6647
6647
6647
6647
6647
6647
6647
6648
6648
6648
6648
6648
6648
6648
6648
6648
6648
6648
6648
6649
6649
6649
6649
6649
6649
6649
6649
6649
6649
6649
6649
6649
6650
6650
6650
6650
6650
6650
6650
6650
6650
6650
6650
6650
6651
6651
6651
6651
6651
6651
6651
6651
6651
6651
6651
6651
6651
6652
6652
6652
6652
6652
6652
6652
6652
6652
6652
6652
6652
6653
6653
6653
6653
6653
6653
6653
6653
6653
6653
6653
6653
6653
6654
6654
6654
6654
6654
6654
6654
6654
6654
6654
6654
6654
6655
6655
6655
6655
6655
6655
6655
6655
6655
6655
6655
6655
6655
6656
6656
6656
6656
6656
6656
6656
6656
6656
6656
6656
6656
6657
6657
6657
6657
6657
6657
6657
6657
6657
6657
6657
6657
6657
6658
6658
6658
6658
6658
6658
6658
6658
6658
6658
6658
6658
6659
6659
6659
6659
6659
6659
6659
6659
6659
6659
6659
6659
6659
6660
6660
6660
6660
6660
6660
6660
6660
6660
6660
6660
6660
6661
6661
6661
6661
6661
6661
6661
6661
6661
6661
6661
6661
6661
6662
6662
6662
6662
6662
6662
6662
6662
6662
6662
6662
6662
6663
6663
6663
6663
6663
6663
6663
6663
6663
6663
6663
6663
6663
6664
6664
6664
6664
6664
6664
6664
6664
6664
6664
6664
6664
6665
6665
6665
6665
6665
6665
6665
6665
6665
6665
6665
6665
6665
6666
6666
6666
6666
6666
6666
6666
6666
6666
6666
6666
6666
6667
6667
6667
6667
6667
6667
6667
6667
6667
6667
6667
6667
6667
6668
6668
6668
6668
6668
6668
6668
6668
6668
6668
6668
6668
6669
6669
6669
6669
6669
6669
6669
6669
6669
6669
6669
6669
6669
6670
6670
6670
6670
6670
6670
6670
6670
6670
6670
6670
6670
6671
6671
6671
6671
6671
6671
6671
6671
6671
6671
6671
6671
6671
6672
6672
6672
6672
6672
6672
6672
6672
6672
6672
6672
6672
6673
6673
6673
6673
6673
6673
6673
6673
6673
6673
6673
6673
6673
6674
6674
6674
6674
6674
6674
6674
6674
6674
6674
6674
6674
6675
6675
6675
6675
6675
6675
6675
6675
6675
6675
6675
6675
6675
6676
6676
6676
6676
6676
6676
6676
6676
6676
6676
6676
6676
6677
6677
6677
6677
6677
6677
6677
6677
6677
6677
6677
6677
6677
6678
6678
6678
6678
6678
6678
6678
6678
6678
6678
6678
6678
6679
6679
6679
6679
6679
6679
6679
6679
6679
6679
6679
6679
6679
6680
6680
6680
6680
6680
6680
6680
6680
6680
6680
6680
6680
6681
6681
6681
6681
6681
6681
6681
6681
6681
6681
6681
6681
6681
6682
6682
6682
6682
6682
6682
6682
6682
6682
6682
6682
6682
6683
6683
6683
6683
6683
6683
6683
6683
6683
6683
6683
6683
6683
6684
6684
6684
6684
6684
6684
6684
6684
6684
6684
6684
6684
6685
6685
6685
6685
6685
6685
6685
6685
6685
6685
6685
6685
6685
6686
6686
6686
6686
6686
6686
6686
6686
6686
6686
6686
6686
6687
6687
6687
6687
6687
6687
6687
6687
6687
6687
6687
6687
6687
6688
6688
6688
6688
6688
6688
6688
6688
6688
6688
6688
6688
6689
6689
6689
6689
6689
6689
6689
6689
6689
6689
6689
6689
6689
6690
6690
6690
6690
6690
6690
6690
6690
6690
6690
6690
6690
6691
6691
6691
6691
6691
6691
6691
6691
6691
6691
6691
6691
6691
6692
6692
6692
6692
6692
6692
6692
6692
6692
6692
6692
6692
6693
6693
6693
6693
6693
6693
6693
6693
6693
6693
6693
6693
6693
6694
6694
6694
6694
6694
6694
6694
6694
6694
6694
6694
6694
6695
6695
6695
6695
6695
6695
6695
6695
6695
6695
6695
6695
6695
6696
6696
6696
6696
6696
6696
6696
6696
6696
6696
6696
6696
6697
6697
6697
6697
6697
6697
6697
6697
6697
6697
6697
6697
6697
6698
6698
6698
6698
6698
6698
6698
6698
6698
6698
6698
6698
6699
6699
6699
6699
6699
6699
6699
6699
6699
6699
6699
6699
6699
6700
6700
6700
6700
6700
6700
6700
6700
6700
6700
6700
6700
6701
6701
6701
6701
6701
6701
6701
6701
6701
6701
6701
6701
6701
6702
6702
6702
6702
6702
6702
6702
6702
6702
6702
6702
6702
6703
6703
6703
6703
6703
6703
6703
6703
6703
6703
6703
6703
6703
6704
6704
6704
6704
6704
6704
6704
6704
6704
6704
6704
6704
6705
6705
6705
6705
6705
6705
6705
6705
6705
6705
6705
6705
6705
6706
6706
6706
6706
6706
6706
6706
6706
6706
6706
6706
6706
6707
6707
6707
6707
6707
6707
6707
6707
6707
6707
6707
6707
6707
6708
6708
6708
6708
6708
6708
6708
6708
6708
6708
6708
6708
6709
6709
6709
6709
6709
6709
6709
6709
6709
6709
6709
6709
6709
6710
6710
6710
6710
6710
6710
6710
6710
6710
6710
6710
6710
6711
6711
6711
6711
6711
6711
6711
6711
6711
6711
6711
6711
6711
6712
6712
6712
6712
6712
6712
6712
6712
6712
6712
6712
6712
6713
6713
6713
6713
6713
6713
6713
6713
6713
6713
6713
6713
6713
6714
6714
6714
6714
6714
6714
6714
6714
6714
6714
6714
6714
6715
6715
6715
6715
6715
6715
6715
6715
6715
6715
6715
6715
6715
6716
6716
6716
6716
6716
6716
6716
6716
6716
6716
6716
6716
6717
6717
6717
6717
6717
6717
6717
6717
6717
6717
6717
6717
6717
6718
6718
6718
6718
6718
6718
6718
6718
6718
6718
6718
6718
6719
6719
6719
6719
6719
6719
6719
6719
6719
6719
6719
6719
6719
6720
6720
6720
6720
6720
6720
6720
6720
6720
6720
6720
6720
6721
6721
6721
6721
6721
6721
6721
6721
6721
6721
6721
6721
6721
6722
6722
6722
6722
6722
6722
6722
6722
6722
6722
6722
6722
6723
6723
6723
6723
6723
6723
6723
6723
6723
6723
6723
6723
6723
6724
6724
6724
6724
6724
6724
6724
6724
6724
6724
6724
6724
6725
6725
6725
6725
6725
6725
6725
6725
6725
6725
6725
6725
6725
6726
6726
6726
6726
6726
6726
6726
6726
6726
6726
6726
6726
6727
6727
6727
6727
6727
6727
6727
6727
6727
6727
6727
6727
6727
6728
6728
6728
6728
6728
6728
6728
6728
6728
6728
6728
6728
6729
6729
6729
6729
6729
6729
6729
6729
6729
6729
6729
6729
6729
6730
6730
6730
6730
6730
6730
6730
6730
6730
6730
6730
6730
6731
6731
6731
6731
6731
6731
6731
6731
6731
6731
6731
6731
6731
6732
6732
6732
6732
6732
6732
6732
6732
6732
6732
6732
6732
6733
6733
6733
6733
6733
6733
6733
6733
6733
6733
6733
6733
6733
6734
6734
6734
6734
6734
6734
6734
6734
6734
6734
6734
6734
6735
6735
6735
6735
6735
6735
6735
6735
6735
6735
6735
6735
6735
6736
6736
6736
6736
6736
6736
6736
6736
6736
6736
6736
6736
6737
6737
6737
6737
6737
6737
6737
6737
6737
6737
6737
6737
6737
6738
6738
6738
6738
6738
6738
6738
6738
6738
6738
6738
6738
6739
6739
6739
6739
6739
6739
6739
6739
6739
6739
6739
6739
6739
6740
6740
6740
6740
6740
6740
6740
6740
6740
6740
6740
6740
6741
6741
6741
6741
6741
6741
6741
6741
6741
6741
6741
6741
6741
6742
6742
6742
6742
6742
6742
6742
6742
6742
6742
6742
6742
6743
6743
6743
6743
6743
6743
6743
6743
6743
6743
6743
6743
6743
6744
6744
6744
6744
6744
6744
6744
6744
6744
6744
6744
6744
6745
6745
6745
6745
6745
6745
6745
6745
6745
6745
6745
6745
6745
6746
6746
6746
6746
6746
6746
6746
6746
6746
6746
6746
6746
6747
6747
6747
6747
6747
6747
6747
6747
6747
6747
6747
6747
6747
6748
6748
6748
6748
6748
6748
6748
6748
6748
6748
6748
6748
6749
6749
6749
6749
6749
6749
6749
6749
6749
6749
6749
6749
6749
6750
6750
6750
6750
6750
6750
6750
6750
6750
6750
6750
6750
6751
6751
6751
6751
6751
6751
6751
6751
6751
6751
6751
6751
6751
6752
6752
6752
6752
6752
6752
6752
6752
6752
6752
6752
6752
6753
6753
6753
6753
6753
6753
6753
6753
6753
6753
6753
6753
6753
6754
6754
6754
6754
6754
6754
6754
6754
6754
6754
6754
6754
6755
6755
6755
6755
6755
6755
6755
6755
6755
6755
6755
6755
6755
6756
6756
6756
6756
6756
6756
6756
6756
6756
6756
6756
6756
6757
6757
6757
6757
6757
6757
6757
6757
6757
6757
6757
6757
6757
6758
6758
6758
6758
6758
6758
6758
6758
6758
6758
6758
6758
6759
6759
6759
6759
6759
6759
6759
6759
6759
6759
6759
6759
6759
6760
6760
6760
6760
6760
6760
6760
6760
6760
6760
6760
6760
6761
6761
6761
6761
6761
6761
6761
6761
6761
6761
6761
6761
6761
6762
6762
6762
6762
6762
6762
6762
6762
6762
6762
6762
6762
6763
6763
6763
6763
6763
6763
6763
6763
6763
6763
6763
6763
6763
6764
6764
6764
6764
6764
6764
6764
6764
6764
6764
6764
6764
6765
6765
6765
6765
6765
6765
6765
6765
6765
6765
6765
6765
6765
6766
6766
6766
6766
6766
6766
6766
6766
6766
6766
6766
6766
6767
6767
6767
6767
6767
6767
6767
6767
6767
6767
6767
6767
6767
6768
6768
6768
6768
6768
6768
6768
6768
6768
6768
6768
6768
6769
6769
6769
6769
6769
6769
6769
6769
6769
6769
6769
6769
6769
6770
6770
6770
6770
6770
6770
6770
6770
6770
6770
6770
6770
6771
6771
6771
6771
6771
6771
6771
6771
6771
6771
6771
6771
6771
6772
6772
6772
6772
6772
6772
6772
6772
6772
6772
6772
6772
6773
6773
6773
6773
6773
6773
6773
6773
6773
6773
6773
6773
6773
6774
6774
6774
6774
6774
6774
6774
6774
6774
6774
6774
6774
6775
6775
6775
6775
6775
6775
6775
6775
6775
6775
6775
6775
6775
6776
6776
6776
6776
6776
6776
6776
6776
6776
6776
6776
6776
6777
6777
6777
6777
6777
6777
6777
6777
6777
6777
6777
6777
6777
6778
6778
6778
6778
6778
6778
6778
6778
6778
6778
6778
6778
6779
6779
6779
6779
6779
6779
6779
6779
6779
6779
6779
6779
6779
6780
6780
6780
6780
6780
6780
6780
6780
6780
6780
6780
6780
6781
6781
6781
6781
6781
6781
6781
6781
6781
6781
6781
6781
6781
6782
6782
6782
6782
6782
6782
6782
6782
6782
6782
6782
6782
6783
6783
6783
6783
6783
6783
6783
6783
6783
6783
6783
6783
6783
6784
6784
6784
6784
6784
6784
6784
6784
6784
6784
6784
6784
6785
6785
6785
6785
6785
6785
6785
6785
6785
6785
6785
6785
6785
6786
6786
6786
6786
6786
6786
6786
6786
6786
6786
6786
6786
6787
6787
6787
6787
6787
6787
6787
6787
6787
6787
6787
6787
6787
6788
6788
6788
6788
6788
6788
6788
6788
6788
6788
6788
6788
6789
6789
6789
6789
6789
6789
6789
6789
6789
6789
6789
6789
6789
6790
6790
6790
6790
6790
6790
6790
6790
6790
6790
6790
6790
6791
6791
6791
6791
6791
6791
6791
6791
6791
6791
6791
6791
6791
6792
6792
6792
6792
6792
6792
6792
6792
6792
6792
6792
6792
6793
6793
6793
6793
6793
6793
6793
6793
6793
6793
6793
6793
6793
6794
6794
6794
6794
6794
6794
6794
6794
6794
6794
6794
6794
6795
6795
6795
6795
6795
6795
6795
6795
6795
6795
6795
6795
6795
6796
6796
6796
6796
6796
6796
6796
6796
6796
6796
6796
6796
6797
6797
6797
6797
6797
6797
6797
6797
6797
6797
6797
6797
6797
6798
6798
6798
6798
6798
6798
6798
6798
6798
6798
6798
6798
6799
6799
6799
6799
6799
6799
6799
6799
6799
6799
6799
6799
6799
6800
6800
6800
6800
6800
6800
6800
6800
6800
6800
6800
6800
6801
6801
6801
6801
6801
6801
6801
6801
6801
6801
6801
6801
6801
6802
6802
6802
6802
6802
6802
6802
6802
6802
6802
6802
6802
6803
6803
6803
6803
6803
6803
6803
6803
6803
6803
6803
6803
6803
6804
6804
6804
6804
6804
6804
6804
6804
6804
6804
6804
6804
6805
6805
6805
6805
6805
6805
6805
6805
6805
6805
6805
6805
6805
6806
6806
6806
6806
6806
6806
6806
6806
6806
6806
6806
6806
6807
6807
6807
6807
6807
6807
6807
6807
6807
6807
6807
6807
6807
6808
6808
6808
6808
6808
6808
6808
6808
6808
6808
6808
6808
6809
6809
6809
6809
6809
6809
6809
6809
6809
6809
6809
6809
6809
6810
6810
6810
6810
6810
6810
6810
6810
6810
6810
6810
6810
6811
6811
6811
6811
6811
6811
6811
6811
6811
6811
6811
6811
6811
6812
6812
6812
6812
6812
6812
6812
6812
6812
6812
6812
6812
6813
6813
6813
6813
6813
6813
6813
6813
6813
6813
6813
6813
6813
6814
6814
6814
6814
6814
6814
6814
6814
6814
6814
6814
6814
6815
6815
6815
6815
6815
6815
6815
6815
6815
6815
6815
6815
6815
6816
6816
6816
6816
6816
6816
6816
6816
6816
6816
6816
6816
6817
6817
6817
6817
6817
6817
6817
6817
6817
6817
6817
6817
6817
6818
6818
6818
6818
6818
6818
6818
6818
6818
6818
6818
6818
6819
6819
6819
6819
6819
6819
6819
6819
6819
6819
6819
6819
6819
6820
6820
6820
6820
6820
6820
6820
6820
6820
6820
6820
6820
6821
6821
6821
6821
6821
6821
6821
6821
6821
6821
6821
6821
6821
6822
6822
6822
6822
6822
6822
6822
6822
6822
6822
6822
6822
6823
6823
6823
6823
6823
6823
6823
6823
6823
6823
6823
6823
6823
6824
6824
6824
6824
6824
6824
6824
6824
6824
6824
6824
6824
6825
6825
6825
6825
6825
6825
6825
6825
6825
6825
6825
6825
6825
6826
6826
6826
6826
6826
6826
6826
6826
6826
6826
6826
6826
6827
6827
6827
6827
6827
6827
6827
6827
6827
6827
6827
6827
6827
6828
6828
6828
6828
6828
6828
6828
6828
6828
6828
6828
6828
6829
6829
6829
6829
6829
6829
6829
6829
6829
6829
6829
6829
6829
6830
6830
6830
6830
6830
6830
6830
6830
6830
6830
6830
6830
6831
6831
6831
6831
6831
6831
6831
6831
6831
6831
6831
6831
6831
6832
6832
6832
6832
6832
6832
6832
6832
6832
6832
6832
6832
6833
6833
6833
6833
6833
6833
6833
6833
6833
6833
6833
6833
6833
6834
6834
6834
6834
6834
6834
6834
6834
6834
6834
6834
6834
6835
6835
6835
6835
6835
6835
6835
6835
6835
6835
6835
6835
6835
6836
6836
6836
6836
6836
6836
6836
6836
6836
6836
6836
6836
6837
6837
6837
6837
6837
6837
6837
6837
6837
6837
6837
6837
6837
6838
6838
6838
6838
6838
6838
6838
6838
6838
6838
6838
6838
6839
6839
6839
6839
6839
6839
6839
6839
6839
6839
6839
6839
6839
6840
6840
6840
6840
6840
6840
6840
6840
6840
6840
6840
6840
6841
6841
6841
6841
6841
6841
6841
6841
6841
6841
6841
6841
6841
6842
6842
6842
6842
6842
6842
6842
6842
6842
6842
6842
6842
6843
6843
6843
6843
6843
6843
6843
6843
6843
6843
6843
6843
6843
6844
6844
6844
6844
6844
6844
6844
6844
6844
6844
6844
6844
6845
6845
6845
6845
6845
6845
6845
6845
6845
6845
6845
6845
6845
6846
6846
6846
6846
6846
6846
6846
6846
6846
6846
6846
6846
6847
6847
6847
6847
6847
6847
6847
6847
6847
6847
6847
6847
6847
6848
6848
6848
6848
6848
6848
6848
6848
6848
6848
6848
6848
6849
6849
6849
6849
6849
6849
6849
6849
6849
6849
6849
6849
6849
6850
6850
6850
6850
6850
6850
6850
6850
6850
6850
6850
6850
6851
6851
6851
6851
6851
6851
6851
6851
6851
6851
6851
6851
6851
6852
6852
6852
6852
6852
6852
6852
6852
6852
6852
6852
6852
6853
6853
6853
6853
6853
6853
6853
6853
6853
6853
6853
6853
6853
6854
6854
6854
6854
6854
6854
6854
6854
6854
6854
6854
6854
6855
6855
6855
6855
6855
6855
6855
6855
6855
6855
6855
6855
6855
6856
6856
6856
6856
6856
6856
6856
6856
6856
6856
6856
6856
6857
6857
6857
6857
6857
6857
6857
6857
6857
6857
6857
6857
6857
6858
6858
6858
6858
6858
6858
6858
6858
6858
6858
6858
6858
6859
6859
6859
6859
6859
6859
6859
6859
6859
6859
6859
6859
6859
6860
6860
6860
6860
6860
6860
6860
6860
6860
6860
6860
6860
6861
6861
6861
6861
6861
6861
6861
6861
6861
6861
6861
6861
6861
6862
6862
6862
6862
6862
6862
6862
6862
6862
6862
6862
6862
6863
6863
6863
6863
6863
6863
6863
6863
6863
6863
6863
6863
6863
6864
6864
6864
6864
6864
6864
6864
6864
6864
6864
6864
6864
6865
6865
6865
6865
6865
6865
6865
6865
6865
6865
6865
6865
6865
6866
6866
6866
6866
6866
6866
6866
6866
6866
6866
6866
6866
6867
6867
6867
6867
6867
6867
6867
6867
6867
6867
6867
6867
6867
6868
6868
6868
6868
6868
6868
6868
6868
6868
6868
6868
6868
6869
6869
6869
6869
6869
6869
6869
6869
6869
6869
6869
6869
6869
6870
6870
6870
6870
6870
6870
6870
6870
6870
6870
6870
6870
6871
6871
6871
6871
6871
6871
6871
6871
6871
6871
6871
6871
6871
6872
6872
6872
6872
6872
6872
6872
6872
6872
6872
6872
6872
6873
6873
6873
6873
6873
6873
6873
6873
6873
6873
6873
6873
6873
6874
6874
6874
6874
6874
6874
6874
6874
6874
6874
6874
6874
6875
6875
6875
6875
6875
6875
6875
6875
6875
6875
6875
6875
6875
6876
6876
6876
6876
6876
6876
6876
6876
6876
6876
6876
6876
6877
6877
6877
6877
6877
6877
6877
6877
6877
6877
6877
6877
6877
6878
6878
6878
6878
6878
6878
6878
6878
6878
6878
6878
6878
6879
6879
6879
6879
6879
6879
6879
6879
6879
6879
6879
6879
6879
6880
6880
6880
6880
6880
6880
6880
6880
6880
6880
6880
6880
6881
6881
6881
6881
6881
6881
6881
6881
6881
6881
6881
6881
6881
6882
6882
6882
6882
6882
6882
6882
6882
6882
6882
6882
6882
6883
6883
6883
6883
6883
6883
6883
6883
6883
6883
6883
6883
6883
6884
6884
6884
6884
6884
6884
6884
6884
6884
6884
6884
6884
6885
6885
6885
6885
6885
6885
6885
6885
6885
6885
6885
6885
6885
6886
6886
6886
6886
6886
6886
6886
6886
6886
6886
6886
6886
6887
6887
6887
6887
6887
6887
6887
6887
6887
6887
6887
6887
6887
6888
6888
6888
6888
6888
6888
6888
6888
6888
6888
6888
6888
6889
6889
6889
6889
6889
6889
6889
6889
6889
6889
6889
6889
6889
6890
6890
6890
6890
6890
6890
6890
6890
6890
6890
6890
6890
6891
6891
6891
6891
6891
6891
6891
6891
6891
6891
6891
6891
6891
6892
6892
6892
6892
6892
6892
6892
6892
6892
6892
6892
6892
6893
6893
6893
6893
6893
6893
6893
6893
6893
6893
6893
6893
6893
6894
6894
6894
6894
6894
6894
6894
6894
6894
6894
6894
6894
6895
6895
6895
6895
6895
6895
6895
6895
6895
6895
6895
6895
6895
6896
6896
6896
6896
6896
6896
6896
6896
6896
6896
6896
6896
6897
6897
6897
6897
6897
6897
6897
6897
6897
6897
6897
6897
6897
6898
6898
6898
6898
6898
6898
6898
6898
6898
6898
6898
6898
6899
6899
6899
6899
6899
6899
6899
6899
6899
6899
6899
6899
6899
6900
6900
6900
6900
6900
6900
6900
6900
6900
6900
6900
6900
6901
6901
6901
6901
6901
6901
6901
6901
6901
6901
6901
6901
6901
6902
6902
6902
6902
6902
6902
6902
6902
6902
6902
6902
6902
6903
6903
6903
6903
6903
6903
6903
6903
6903
6903
6903
6903
6903
6904
6904
6904
6904
6904
6904
6904
6904
6904
6904
6904
6904
6905
6905
6905
6905
6905
6905
6905
6905
6905
6905
6905
6905
6905
6906
6906
6906
6906
6906
6906
6906
6906
6906
6906
6906
6906
6907
6907
6907
6907
6907
6907
6907
6907
6907
6907
6907
6907
6907
6908
6908
6908
6908
6908
6908
6908
6908
6908
6908
6908
6908
6909
6909
6909
6909
6909
6909
6909
6909
6909
6909
6909
6909
6909
6910
6910
6910
6910
6910
6910
6910
6910
6910
6910
6910
6910
6911
6911
6911
6911
6911
6911
6911
6911
6911
6911
6911
6911
6911
6912
6912
6912
6912
6912
6912
6912
6912
6912
6912
6912
6912
6913
6913
6913
6913
6913
6913
6913
6913
6913
6913
6913
6913
6913
6914
6914
6914
6914
6914
6914
6914
6914
6914
6914
6914
6914
6915
6915
6915
6915
6915
6915
6915
6915
6915
6915
6915
6915
6915
6916
6916
6916
6916
6916
6916
6916
6916
6916
6916
6916
6916
6917
6917
6917
6917
6917
6917
6917
6917
6917
6917
6917
6917
6917
6918
6918
6918
6918
6918
6918
6918
6918
6918
6918
6918
6918
6919
6919
6919
6919
6919
6919
6919
6919
6919
6919
6919
6919
6919
6920
6920
6920
6920
6920
6920
6920
6920
6920
6920
6920
6920
6921
6921
6921
6921
6921
6921
6921
6921
6921
6921
6921
6921
6921
6922
6922
6922
6922
6922
6922
6922
6922
6922
6922
6922
6922
6923
6923
6923
6923
6923
6923
6923
6923
6923
6923
6923
6923
6923
6924
6924
6924
6924
6924
6924
6924
6924
6924
6924
6924
6924
6925
6925
6925
6925
6925
6925
6925
6925
6925
6925
6925
6925
6925
6926
6926
6926
6926
6926
6926
6926
6926
6926
6926
6926
6926
6927
6927
6927
6927
6927
6927
6927
6927
6927
6927
6927
6927
6927
6928
6928
6928
6928
6928
6928
6928
6928
6928
6928
6928
6928
6929
6929
6929
6929
6929
6929
6929
6929
6929
6929
6929
6929
6929
6930
6930
6930
6930
6930
6930
6930
6930
6930
6930
6930
6930
6931
6931
6931
6931
6931
6931
6931
6931
6931
6931
6931
6931
6931
6932
6932
6932
6932
6932
6932
6932
6932
6932
6932
6932
6932
6933
6933
6933
6933
6933
6933
6933
6933
6933
6933
6933
6933
6933
6934
6934
6934
6934
6934
6934
6934
6934
6934
6934
6934
6934
6935
6935
6935
6935
6935
6935
6935
6935
6935
6935
6935
6935
6935
6936
6936
6936
6936
6936
6936
6936
6936
6936
6936
6936
6936
6937
6937
6937
6937
6937
6937
6937
6937
6937
6937
6937
6937
6937
6938
6938
6938
6938
6938
6938
6938
6938
6938
6938
6938
6938
6939
6939
6939
6939
6939
6939
6939
6939
6939
6939
6939
6939
6939
6940
6940
6940
6940
6940
6940
6940
6940
6940
6940
6940
6940
6941
6941
6941
6941
6941
6941
6941
6941
6941
6941
6941
6941
6941
6942
6942
6942
6942
6942
6942
6942
6942
6942
6942
6942
6942
6943
6943
6943
6943
6943
6943
6943
6943
6943
6943
6943
6943
6943
6944
6944
6944
6944
6944
6944
6944
6944
6944
6944
6944
6944
6945
6945
6945
6945
6945
6945
6945
6945
6945
6945
6945
6945
6945
6946
6946
6946
6946
6946
6946
6946
6946
6946
6946
6946
6946
6947
6947
6947
6947
6947
6947
6947
6947
6947
6947
6947
6947
6947
6948
6948
6948
6948
6948
6948
6948
6948
6948
6948
6948
6948
6949
6949
6949
6949
6949
6949
6949
6949
6949
6949
6949
6949
6949
6950
6950
6950
6950
6950
6950
6950
6950
6950
6950
6950
6950
6951
6951
6951
6951
6951
6951
6951
6951
6951
6951
6951
6951
6951
6952
6952
6952
6952
6952
6952
6952
6952
6952
6952
6952
6952
6953
6953
6953
6953
6953
6953
6953
6953
6953
6953
6953
6953
6953
6954
6954
6954
6954
6954
6954
6954
6954
6954
6954
6954
6954
6955
6955
6955
6955
6955
6955
6955
6955
6955
6955
6955
6955
6955
6956
6956
6956
6956
6956
6956
6956
6956
6956
6956
6956
6956
6957
6957
6957
6957
6957
6957
6957
6957
6957
6957
6957
6957
6957
6958
6958
6958
6958
6958
6958
6958
6958
6958
6958
6958
6958
6959
6959
6959
6959
6959
6959
6959
6959
6959
6959
6959
6959
6959
6960
6960
6960
6960
6960
6960
6960
6960
6960
6960
6960
6960
6961
6961
6961
6961
6961
6961
6961
6961
6961
6961
6961
6961
6961
6962
6962
6962
6962
6962
6962
6962
6962
6962
6962
6962
6962
6963
6963
6963
6963
6963
6963
6963
6963
6963
6963
6963
6963
6963
6964
6964
6964
6964
6964
6964
6964
6964
6964
6964
6964
6964
6965
6965
6965
6965
6965
6965
6965
6965
6965
6965
6965
6965
6965
6966
6966
6966
6966
6966
6966
6966
6966
6966
6966
6966
6966
6967
6967
6967
6967
6967
6967
6967
6967
6967
6967
6967
6967
6967
6968
6968
6968
6968
6968
6968
6968
6968
6968
6968
6968
6968
6969
6969
6969
6969
6969
6969
6969
6969
6969
6969
6969
6969
6969
6970
6970
6970
6970
6970
6970
6970
6970
6970
6970
6970
6970
6971
6971
6971
6971
6971
6971
6971
6971
6971
6971
6971
6971
6971
6972
6972
6972
6972
6972
6972
6972
6972
6972
6972
6972
6972
6973
6973
6973
6973
6973
6973
6973
6973
6973
6973
6973
6973
6973
6974
6974
6974
6974
6974
6974
6974
6974
6974
6974
6974
6974
6975
6975
6975
6975
6975
6975
6975
6975
6975
6975
6975
6975
6975
6976
6976
6976
6976
6976
6976
6976
6976
6976
6976
6976
6976
6977
6977
6977
6977
6977
6977
6977
6977
6977
6977
6977
6977
6977
6978
6978
6978
6978
6978
6978
6978
6978
6978
6978
6978
6978
6979
6979
6979
6979
6979
6979
6979
6979
6979
6979
6979
6979
6979
6980
6980
6980
6980
6980
6980
6980
6980
6980
6980
6980
6980
6981
6981
6981
6981
6981
6981
6981
6981
6981
6981
6981
6981
6981
6982
6982
6982
6982
6982
6982
6982
6982
6982
6982
6982
6982
6983
6983
6983
6983
6983
6983
6983
6983
6983
6983
6983
6983
6983
6984
6984
6984
6984
6984
6984
6984
6984
6984
6984
6984
6984
6985
6985
6985
6985
6985
6985
6985
6985
6985
6985
6985
6985
6985
6986
6986
6986
6986
6986
6986
6986
6986
6986
6986
6986
6986
6987
6987
6987
6987
6987
6987
6987
6987
6987
6987
6987
6987
6987
6988
6988
6988
6988
6988
6988
6988
6988
6988
6988
6988
6988
6989
6989
6989
6989
6989
6989
6989
6989
6989
6989
6989
6989
6989
6990
6990
6990
6990
6990
6990
6990
6990
6990
6990
6990
6990
6991
6991
6991
6991
6991
6991
6991
6991
6991
6991
6991
6991
6991
6992
6992
6992
6992
6992
6992
6992
6992
6992
6992
6992
6992
6993
6993
6993
6993
6993
6993
6993
6993
6993
6993
6993
6993
6993
6994
6994
6994
6994
6994
6994
6994
6994
6994
6994
6994
6994
6995
6995
6995
6995
6995
6995
6995
6995
6995
6995
6995
6995
6995
6996
6996
6996
6996
6996
6996
6996
6996
6996
6996
6996
6996
6997
6997
6997
6997
6997
6997
6997
6997
6997
6997
6997
6997
6997
6998
6998
6998
6998
6998
6998
6998
6998
6998
6998
6998
6998
6999
6999
6999
6999
6999
6999
6999
6999
6999
6999
6999
6999
6999
7000
7000
7000
7000
7000
7000
7000
7000
7000
7000
7000
7000
7001
7001
7001
7001
7001
7001
7001
7001
7001
7001
7001
7001
7001
7002
7002
7002
7002
7002
7002
7002
7002
7002
7002
7002
7002
7003
7003
7003
7003
7003
7003
7003
7003
7003
7003
7003
7003
7003
7004
7004
7004
7004
7004
7004
7004
7004
7004
7004
7004
7004
7005
7005
7005
7005
7005
7005
7005
7005
7005
7005
7005
7005
7005
7006
7006
7006
7006
7006
7006
7006
7006
7006
7006
7006
7006
7007
7007
7007
7007
7007
7007
7007
7007
7007
7007
7007
7007
7007
7008
7008
7008
7008
7008
7008
7008
7008
7008
7008
7008
7008
7009
7009
7009
7009
7009
7009
7009
7009
7009
7009
7009
7009
7009
7010
7010
7010
7010
7010
7010
7010
7010
7010
7010
7010
7010
7011
7011
7011
7011
7011
7011
7011
7011
7011
7011
7011
7011
7011
7012
7012
7012
7012
7012
7012
7012
7012
7012
7012
7012
7012
7013
7013
7013
7013
7013
7013
7013
7013
7013
7013
7013
7013
7013
7014
7014
7014
7014
7014
7014
7014
7014
7014
7014
7014
7014
7015
7015
7015
7015
7015
7015
7015
7015
7015
7015
7015
7015
7015
7016
7016
7016
7016
7016
7016
7016
7016
7016
7016
7016
7016
7017
7017
7017
7017
7017
7017
7017
7017
7017
7017
7017
7017
7017
7018
7018
7018
7018
7018
7018
7018
7018
7018
7018
7018
7018
7019
7019
7019
7019
7019
7019
7019
7019
7019
7019
7019
7019
7019
7020
7020
7020
7020
7020
7020
7020
7020
7020
7020
7020
7020
7021
7021
7021
7021
7021
7021
7021
7021
7021
7021
7021
7021
7021
7022
7022
7022
7022
7022
7022
7022
7022
7022
7022
7022
7022
7023
7023
7023
7023
7023
7023
7023
7023
7023
7023
7023
7023
7023
7024
7024
7024
7024
7024
7024
7024
7024
7024
7024
7024
7024
7025
7025
7025
7025
7025
7025
7025
7025
7025
7025
7025
7025
7025
7026
7026
7026
7026
7026
7026
7026
7026
7026
7026
7026
7026
7027
7027
7027
7027
7027
7027
7027
7027
7027
7027
7027
7027
7027
7028
7028
7028
7028
7028
7028
7028
7028
7028
7028
7028
7028
7029
7029
7029
7029
7029
7029
7029
7029
7029
7029
7029
7029
7029
7030
7030
7030
7030
7030
7030
7030
7030
7030
7030
7030
7030
7031
7031
7031
7031
7031
7031
7031
7031
7031
7031
7031
7031
7031
7032
7032
7032
7032
7032
7032
7032
7032
7032
7032
7032
7032
7033
7033
7033
7033
7033
7033
7033
7033
7033
7033
7033
7033
7033
7034
7034
7034
7034
7034
7034
7034
7034
7034
7034
7034
7034
7035
7035
7035
7035
7035
7035
7035
7035
7035
7035
7035
7035
7035
7036
7036
7036
7036
7036
7036
7036
7036
7036
7036
7036
7036
7037
7037
7037
7037
7037
7037
7037
7037
7037
7037
7037
7037
7037
7038
7038
7038
7038
7038
7038
7038
7038
7038
7038
7038
7038
7039
7039
7039
7039
7039
7039
7039
7039
7039
7039
7039
7039
7039
7040
7040
7040
7040
7040
7040
7040
7040
7040
7040
7040
7040
7041
7041
7041
7041
7041
7041
7041
7041
7041
7041
7041
7041
7041
7042
7042
7042
7042
7042
7042
7042
7042
7042
7042
7042
7042
7043
7043
7043
7043
7043
7043
7043
7043
7043
7043
7043
7043
7043
7044
7044
7044
7044
7044
7044
7044
7044
7044
7044
7044
7044
7045
7045
7045
7045
7045
7045
7045
7045
7045
7045
7045
7045
7045
7046
7046
7046
7046
7046
7046
7046
7046
7046
7046
7046
7046
7047
7047
7047
7047
7047
7047
7047
7047
7047
7047
7047
7047
7047
7048
7048
7048
7048
7048
7048
7048
7048
7048
7048
7048
7048
7049
7049
7049
7049
7049
7049
7049
7049
7049
7049
7049
7049
7049
7050
7050
7050
7050
7050
7050
7050
7050
7050
7050
7050
7050
7051
7051
7051
7051
7051
7051
7051
7051
7051
7051
7051
7051
7051
7052
7052
7052
7052
7052
7052
7052
7052
7052
7052
7052
7052
7053
7053
7053
7053
7053
7053
7053
7053
7053
7053
7053
7053
7053
7054
7054
7054
7054
7054
7054
7054
7054
7054
7054
7054
7054
7055
7055
7055
7055
7055
7055
7055
7055
7055
7055
7055
7055
7055
7056
7056
7056
7056
7056
7056
7056
7056
7056
7056
7056
7056
7057
7057
7057
7057
7057
7057
7057
7057
7057
7057
7057
7057
7057
7058
7058
7058
7058
7058
7058
7058
7058
7058
7058
7058
7058
7059
7059
7059
7059
7059
7059
7059
7059
7059
7059
7059
7059
7059
7060
7060
7060
7060
7060
7060
7060
7060
7060
7060
7060
7060
7061
7061
7061
7061
7061
7061
7061
7061
7061
7061
7061
7061
7061
7062
7062
7062
7062
7062
7062
7062
7062
7062
7062
7062
7062
7063
7063
7063
7063
7063
7063
7063
7063
7063
7063
7063
7063
7063
7064
7064
7064
7064
7064
7064
7064
7064
7064
7064
7064
7064
7065
7065
7065
7065
7065
7065
7065
7065
7065
7065
7065
7065
7065
7066
7066
7066
7066
7066
7066
7066
7066
7066
7066
7066
7066
7067
7067
7067
7067
7067
7067
7067
7067
7067
7067
7067
7067
7067
7068
7068
7068
7068
7068
7068
7068
7068
7068
7068
7068
7068
7069
7069
7069
7069
7069
7069
7069
7069
7069
7069
7069
7069
7069
7070
7070
7070
7070
7070
7070
7070
7070
7070
7070
7070
7070
7071
7071
7071
7071
7071
7071
7071
7071
7071
7071
7071
7071
7071
7072
7072
7072
7072
7072
7072
7072
7072
7072
7072
7072
7072
7073
7073
7073
7073
7073
7073
7073
7073
7073
7073
7073
7073
7073
7074
7074
7074
7074
7074
7074
7074
7074
7074
7074
7074
7074
7075
7075
7075
7075
7075
7075
7075
7075
7075
7075
7075
7075
7075
7076
7076
7076
7076
7076
7076
7076
7076
7076
7076
7076
7076
7077
7077
7077
7077
7077
7077
7077
7077
7077
7077
7077
7077
7077
7078
7078
7078
7078
7078
7078
7078
7078
7078
7078
7078
7078
7079
7079
7079
7079
7079
7079
7079
7079
7079
7079
7079
7079
7079
7080
7080
7080
7080
7080
7080
7080
7080
7080
7080
7080
7080
7081
7081
7081
7081
7081
7081
7081
7081
7081
7081
7081
7081
7081
7082
7082
7082
7082
7082
7082
7082
7082
7082
7082
7082
7082
7083
7083
7083
7083
7083
7083
7083
7083
7083
7083
7083
7083
7083
7084
7084
7084
7084
7084
7084
7084
7084
7084
7084
7084
7084
7085
7085
7085
7085
7085
7085
7085
7085
7085
7085
7085
7085
7085
7086
7086
7086
7086
7086
7086
7086
7086
7086
7086
7086
7086
7087
7087
7087
7087
7087
7087
7087
7087
7087
7087
7087
7087
7087
7088
7088
7088
7088
7088
7088
7088
7088
7088
7088
7088
7088
7089
7089
7089
7089
7089
7089
7089
7089
7089
7089
7089
7089
7089
7090
7090
7090
7090
7090
7090
7090
7090
7090
7090
7090
7090
7091
7091
7091
7091
7091
7091
7091
7091
7091
7091
7091
7091
7091
7092
7092
7092
7092
7092
7092
7092
7092
7092
7092
7092
7092
7093
7093
7093
7093
7093
7093
7093
7093
7093
7093
7093
7093
7093
7094
7094
7094
7094
7094
7094
7094
7094
7094
7094
7094
7094
7095
7095
7095
7095
7095
7095
7095
7095
7095
7095
7095
7095
7095
7096
7096
7096
7096
7096
7096
7096
7096
7096
7096
7096
7096
7097
7097
7097
7097
7097
7097
7097
7097
7097
7097
7097
7097
7097
7098
7098
7098
7098
7098
7098
7098
7098
7098
7098
7098
7098
7099
7099
7099
7099
7099
7099
7099
7099
7099
7099
7099
7099
7099
7100
7100
7100
7100
7100
7100
7100
7100
7100
7100
7100
7100
7101
7101
7101
7101
7101
7101
7101
7101
7101
7101
7101
7101
7101
7102
7102
7102
7102
7102
7102
7102
7102
7102
7102
7102
7102
7103
7103
7103
7103
7103
7103
7103
7103
7103
7103
7103
7103
7103
7104
7104
7104
7104
7104
7104
7104
7104
7104
7104
7104
7104
7105
7105
7105
7105
7105
7105
7105
7105
7105
7105
7105
7105
7105
7106
7106
7106
7106
7106
7106
7106
7106
7106
7106
7106
7106
7107
7107
7107
7107
7107
7107
7107
7107
7107
7107
7107
7107
7107
7108
7108
7108
7108
7108
7108
7108
7108
7108
7108
7108
7108
7109
7109
7109
7109
7109
7109
7109
7109
7109
7109
7109
7109
7109
7110
7110
7110
7110
7110
7110
7110
7110
7110
7110
7110
7110
7111
7111
7111
7111
7111
7111
7111
7111
7111
7111
7111
7111
7111
7112
7112
7112
7112
7112
7112
7112
7112
7112
7112
7112
7112
7113
7113
7113
7113
7113
7113
7113
7113
7113
7113
7113
7113
7113
7114
7114
7114
7114
7114
7114
7114
7114
7114
7114
7114
7114
7115
7115
7115
7115
7115
7115
7115
7115
7115
7115
7115
7115
7115
7116
7116
7116
7116
7116
7116
7116
7116
7116
7116
7116
7116
7117
7117
7117
7117
7117
7117
7117
7117
7117
7117
7117
7117
7117
7118
7118
7118
7118
7118
7118
7118
7118
7118
7118
7118
7118
7119
7119
7119
7119
7119
7119
7119
7119
7119
7119
7119
7119
7119
7120
7120
7120
7120
7120
7120
7120
7120
7120
7120
7120
7120
7121
7121
7121
7121
7121
7121
7121
7121
7121
7121
7121
7121
7121
7122
7122
7122
7122
7122
7122
7122
7122
7122
7122
7122
7122
7123
7123
7123
7123
7123
7123
7123
7123
7123
7123
7123
7123
7123
7124
7124
7124
7124
7124
7124
7124
7124
7124
7124
7124
7124
7125
7125
7125
7125
7125
7125
7125
7125
7125
7125
7125
7125
7125
7126
7126
7126
7126
7126
7126
7126
7126
7126
7126
7126
7126
7127
7127
7127
7127
7127
7127
7127
7127
7127
7127
7127
7127
7127
7128
7128
7128
7128
7128
7128
7128
7128
7128
7128
7128
7128
7129
7129
7129
7129
7129
7129
7129
7129
7129
7129
7129
7129
7129
7130
7130
7130
7130
7130
7130
7130
7130
7130
7130
7130
7130
7131
7131
7131
7131
7131
7131
7131
7131
7131
7131
7131
7131
7131
7132
7132
7132
7132
7132
7132
7132
7132
7132
7132
7132
7132
7133
7133
7133
7133
7133
7133
7133
7133
7133
7133
7133
7133
7133
7134
7134
7134
7134
7134
7134
7134
7134
7134
7134
7134
7134
7135
7135
7135
7135
7135
7135
7135
7135
7135
7135
7135
7135
7135
7136
7136
7136
7136
7136
7136
7136
7136
7136
7136
7136
7136
7137
7137
7137
7137
7137
7137
7137
7137
7137
7137
7137
7137
7137
7138
7138
7138
7138
7138
7138
7138
7138
7138
7138
7138
7138
7139
7139
7139
7139
7139
7139
7139
7139
7139
7139
7139
7139
7139
7140
7140
7140
7140
7140
7140
7140
7140
7140
7140
7140
7140
7141
7141
7141
7141
7141
7141
7141
7141
7141
7141
7141
7141
7141
7142
7142
7142
7142
7142
7142
7142
7142
7142
7142
7142
7142
7143
7143
7143
7143
7143
7143
7143
7143
7143
7143
7143
7143
7143
7144
7144
7144
7144
7144
7144
7144
7144
7144
7144
7144
7144
7145
7145
7145
7145
7145
7145
7145
7145
7145
7145
7145
7145
7145
7146
7146
7146
7146
7146
7146
7146
7146
7146
7146
7146
7146
7147
7147
7147
7147
7147
7147
7147
7147
7147
7147
7147
7147
7147
7148
7148
7148
7148
7148
7148
7148
7148
7148
7148
7148
7148
7149
7149
7149
7149
7149
7149
7149
7149
7149
7149
7149
7149
7149
7150
7150
7150
7150
7150
7150
7150
7150
7150
7150
7150
7150
7151
7151
7151
7151
7151
7151
7151
7151
7151
7151
7151
7151
7151
7152
7152
7152
7152
7152
7152
7152
7152
7152
7152
7152
7152
7153
7153
7153
7153
7153
7153
7153
7153
7153
7153
7153
7153
7153
7154
7154
7154
7154
7154
7154
7154
7154
7154
7154
7154
7154
7155
7155
7155
7155
7155
7155
7155
7155
7155
7155
7155
7155
7155
7156
7156
7156
7156
7156
7156
7156
7156
7156
7156
7156
7156
7157
7157
7157
7157
7157
7157
7157
7157
7157
7157
7157
7157
7157
7158
7158
7158
7158
7158
7158
7158
7158
7158
7158
7158
7158
7159
7159
7159
7159
7159
7159
7159
7159
7159
7159
7159
7159
7159
7160
7160
7160
7160
7160
7160
7160
7160
7160
7160
7160
7160
7161
7161
7161
7161
7161
7161
7161
7161
7161
7161
7161
7161
7161
7162
7162
7162
7162
7162
7162
7162
7162
7162
7162
7162
7162
7163
7163
7163
7163
7163
7163
7163
7163
7163
7163
7163
7163
7163
7164
7164
7164
7164
7164
7164
7164
7164
7164
7164
7164
7164
7165
7165
7165
7165
7165
7165
7165
7165
7165
7165
7165
7165
7165
7166
7166
7166
7166
7166
7166
7166
7166
7166
7166
7166
7166
7167
7167
7167
7167
7167
7167
7167
7167
7167
7167
7167
7167
7167
7168
7168
7168
7168
7168
7168
7168
7168
7168
7168
7168
7168
7169
7169
7169
7169
7169
7169
7169
7169
7169
7169
7169
7169
7169
7170
7170
7170
7170
7170
7170
7170
7170
7170
7170
7170
7170
7171
7171
7171
7171
7171
7171
7171
7171
7171
7171
7171
7171
7171
7172
7172
7172
7172
7172
7172
7172
7172
7172
7172
7172
7172
7173
7173
7173
7173
7173
7173
7173
7173
7173
7173
7173
7173
7173
7174
7174
7174
7174
7174
7174
7174
7174
7174
7174
7174
7174
7175
7175
7175
7175
7175
7175
7175
7175
7175
7175
7175
7175
7175
7176
7176
7176
7176
7176
7176
7176
7176
7176
7176
7176
7176
7177
7177
7177
7177
7177
7177
7177
7177
7177
7177
7177
7177
7177
7178
7178
7178
7178
7178
7178
7178
7178
7178
7178
7178
7178
7179
7179
7179
7179
7179
7179
7179
7179
7179
7179
7179
7179
7179
7180
7180
7180
7180
7180
7180
7180
7180
7180
7180
7180
7180
7181
7181
7181
7181
7181
7181
7181
7181
7181
7181
7181
7181
7181
7182
7182
7182
7182
7182
7182
7182
7182
7182
7182
7182
7182
7183
7183
7183
7183
7183
7183
7183
7183
7183
7183
7183
7183
7183
7184
7184
7184
7184
7184
7184
7184
7184
7184
7184
7184
7184
7185
7185
7185
7185
7185
7185
7185
7185
7185
7185
7185
7185
7185
7186
7186
7186
7186
7186
7186
7186
7186
7186
7186
7186
7186
7187
7187
7187
7187
7187
7187
7187
7187
7187
7187
7187
7187
7187
7188
7188
7188
7188
7188
7188
7188
7188
7188
7188
7188
7188
7189
7189
7189
7189
7189
7189
7189
7189
7189
7189
7189
7189
7189
7190
7190
7190
7190
7190
7190
7190
7190
7190
7190
7190
7190
7191
7191
7191
7191
7191
7191
7191
7191
7191
7191
7191
7191
7191
7192
7192
7192
7192
7192
7192
7192
7192
7192
7192
7192
7192
7193
7193
7193
7193
7193
7193
7193
7193
7193
7193
7193
7193
7193
7194
7194
7194
7194
7194
7194
7194
7194
7194
7194
7194
7194
7195
7195
7195
7195
7195
7195
7195
7195
7195
7195
7195
7195
7195
7196
7196
7196
7196
7196
7196
7196
7196
7196
7196
7196
7196
7197
7197
7197
7197
7197
7197
7197
7197
7197
7197
7197
7197
7197
7198
7198
7198
7198
7198
7198
7198
7198
7198
7198
7198
7198
7199
7199
7199
7199
7199
7199
7199
7199
7199
7199
7199
7199
7199
7200
7200
7200
7200
7200
7200
7200
7200
7200
7200
7200
7200
7201
7201
7201
7201
7201
7201
7201
7201
7201
7201
7201
7201
7201
7202
7202
7202
7202
7202
7202
7202
7202
7202
7202
7202
7202
7203
7203
7203
7203
7203
7203
7203
7203
7203
7203
7203
7203
7203
7204
7204
7204
7204
7204
7204
7204
7204
7204
7204
7204
7204
7205
7205
7205
7205
7205
7205
7205
7205
7205
7205
7205
7205
7205
7206
7206
7206
7206
7206
7206
7206
7206
7206
7206
7206
7206
7207
7207
7207
7207
7207
7207
7207
7207
7207
7207
7207
7207
7207
7208
7208
7208
7208
7208
7208
7208
7208
7208
7208
7208
7208
7209
7209
7209
7209
7209
7209
7209
7209
7209
7209
7209
7209
7209
7210
7210
7210
7210
7210
7210
7210
7210
7210
7210
7210
7210
7211
7211
7211
7211
7211
7211
7211
7211
7211
7211
7211
7211
7211
7212
7212
7212
7212
7212
7212
7212
7212
7212
7212
7212
7212
7213
7213
7213
7213
7213
7213
7213
7213
7213
7213
7213
7213
7213
7214
7214
7214
7214
7214
7214
7214
7214
7214
7214
7214
7214
7215
7215
7215
7215
7215
7215
7215
7215
7215
7215
7215
7215
7215
7216
7216
7216
7216
7216
7216
7216
7216
7216
7216
7216
7216
7217
7217
7217
7217
7217
7217
7217
7217
7217
7217
7217
7217
7217
7218
7218
7218
7218
7218
7218
7218
7218
7218
7218
7218
7218
7219
7219
7219
7219
7219
7219
7219
7219
7219
7219
7219
7219
7219
7220
7220
7220
7220
7220
7220
7220
7220
7220
7220
7220
7220
7221
7221
7221
7221
7221
7221
7221
7221
7221
7221
7221
7221
7221
7222
7222
7222
7222
7222
7222
7222
7222
7222
7222
7222
7222
7223
7223
7223
7223
7223
7223
7223
7223
7223
7223
7223
7223
7223
7224
7224
7224
7224
7224
7224
7224
7224
7224
7224
7224
7224
7225
7225
7225
7225
7225
7225
7225
7225
7225
7225
7225
7225
7225
7226
7226
7226
7226
7226
7226
7226
7226
7226
7226
7226
7226
7227
7227
7227
7227
7227
7227
7227
7227
7227
7227
7227
7227
7227
7228
7228
7228
7228
7228
7228
7228
7228
7228
7228
7228
7228
7229
7229
7229
7229
7229
7229
7229
7229
7229
7229
7229
7229
7229
7230
7230
7230
7230
7230
7230
7230
7230
7230
7230
7230
7230
7231
7231
7231
7231
7231
7231
7231
7231
7231
7231
7231
7231
7231
7232
7232
7232
7232
7232
7232
7232
7232
7232
7232
7232
7232
7233
7233
7233
7233
7233
7233
7233
7233
7233
7233
7233
7233
7233
7234
7234
7234
7234
7234
7234
7234
7234
7234
7234
7234
7234
7235
7235
7235
7235
7235
7235
7235
7235
7235
7235
7235
7235
7235
7236
7236
7236
7236
7236
7236
7236
7236
7236
7236
7236
7236
7237
7237
7237
7237
7237
7237
7237
7237
7237
7237
7237
7237
7237
7238
7238
7238
7238
7238
7238
7238
7238
7238
7238
7238
7238
7239
7239
7239
7239
7239
7239
7239
7239
7239
7239
7239
7239
7239
7240
7240
7240
7240
7240
7240
7240
7240
7240
7240
7240
7240
7241
7241
7241
7241
7241
7241
7241
7241
7241
7241
7241
7241
7241
7242
7242
7242
7242
7242
7242
7242
7242
7242
7242
7242
7242
7243
7243
7243
7243
7243
7243
7243
7243
7243
7243
7243
7243
7243
7244
7244
7244
7244
7244
7244
7244
7244
7244
7244
7244
7244
7245
7245
7245
7245
7245
7245
7245
7245
7245
7245
7245
7245
7245
7246
7246
7246
7246
7246
7246
7246
7246
7246
7246
7246
7246
7247
7247
7247
7247
7247
7247
7247
7247
7247
7247
7247
7247
7247
7248
7248
7248
7248
7248
7248
7248
7248
7248
7248
7248
7248
7249
7249
7249
7249
7249
7249
7249
7249
7249
7249
7249
7249
7249
7250
7250
7250
7250
7250
7250
7250
7250
7250
7250
7250
7250
7251
7251
7251
7251
7251
7251
7251
7251
7251
7251
7251
7252
7252
7252
7252
7252
7252
7252
7252
7252
7252
7253
7253
7253
7253
7253
7253
7253
7253
7253
7253
7253
7254
7254
7254
7254
7254
7254
7254
7254
7254
7254
7255
7255
7255
7255
7255
7255
7255
7255
7255
7255
7256
7256
7256
7256
7256
7256
7256
7256
7256
7256
7256
7257
7257
7257
7257
7257
7257
7257
7257
7257
7257
7258
7258
7258
7258
7258
7258
7258
7258
7258
7258
7258
7259
7259
7259
7259
7259
7259
7259
7259
7259
7259
7260
7260
7260
7260
7260
7260
7260
7260
7260
7260
7261
7261
7261
7261
7261
7261
7261
7261
7261
7261
7261
7262
7262
7262
7262
7262
7262
7262
7262
7262
7262
7263
7263
7263
7263
7263
7263
7263
7263
7263
7263
7263
7264
7264
7264
7264
7264
7264
7264
7264
7264
7264
7265
7265
7265
7265
7265
7265
7265
7265
7265
7265
7266
7266
7266
7266
7266
7266
7266
7266
7266
7266
7266
7267
7267
7267
7267
7267
7267
7267
7267
7267
7267
7268
7268
7268
7268
7268
7268
7268
7268
7268
7268
7268
7269
7269
7269
7269
7269
7269
7269
7269
7269
7269
7270
7270
7270
7270
7270
7270
7270
7270
7270
7270
7271
7271
7271
7271
7271
7271
7271
7271
7271
7271
7271
7272
7272
7272
7272
7272
7272
7272
7272
7272
7272
7273
7273
7273
7273
7273
7273
7273
7273
7273
7273
7273
7274
7274
7274
7274
7274
7274
7274
7274
7274
7274
7275
7275
7275
7275
7275
7275
7275
7275
7275
7275
7276
7276
7276
7276
7276
7276
7276
7276
7276
7276
7276
7277
7277
7277
7277
7277
7277
7277
7277
7277
7277
7278
7278
7278
7278
7278
7278
7278
7278
7278
7278
7278
7279
7279
7279
7279
7279
7279
7279
7279
7279
7279
7280
7280
7280
7280
7280
7280
7280
7280
7280
7280
7281
7281
7281
7281
7281
7281
7281
7281
7281
7281
7281
7282
7282
7282
7282
7282
7282
7282
7282
7282
7282
7283
7283
7283
7283
7283
7283
7283
7283
7283
7283
7283
7284
7284
7284
7284
7284
7284
7284
7284
7284
7284
7285
7285
7285
7285
7285
7285
7285
7285
7285
7285
7286
7286
7286
7286
7286
7286
7286
7286
7286
7286
7286
7287
7287
7287
7287
7287
7287
7287
7287
7287
7287
7288
7288
7288
7288
7288
7288
7288
7288
7288
7288
7288
7289
7289
7289
7289
7289
7289
7289
7289
7289
7289
7290
7290
7290
7290
7290
7290
7290
7290
7290
7290
7291
7291
7291
7291
7291
7291
7291
7291
7291
7291
7291
7292
7292
7292
7292
7292
7292
7292
7292
7292
7292
7293
7293
7293
7293
7293
7293
7293
7293
7293
7293
7293
7294
7294
7294
7294
7294
7294
7294
7294
7294
7294
7295
7295
7295
7295
7295
7295
7295
7295
7295
7295
7296
7296
7296
7296
7296
7296
7296
7296
7296
7296
7296
7297
7297
7297
7297
7297
7297
7297
7297
7297
7297
7298
7298
7298
7298
7298
7298
7298
7298
7298
7298
7298
7299
7299
7299
7299
7299
7299
7299
7299
7299
7299
7300
7300
7300
7300
7300
7300
7300
7300
7300
7300
7301
7303
7305
7308
7310
7312
7315
7317
7320
7322
7324
7327
7329
7331
7334
7336
7339
7341
7343
7346
7348
7351
7353
7356
7358
7361
7363
7366
7368
7371
7373
7376
7378
7381
7383
7386
7388
7391
7393
7396
7398
7401
7403
7405
7408
7410
7412
7415
7417
7420
7422
7424
7427
7429
7431
7434
7436
7439
7441
7443
7446
7448
7451
7453
7455
7458
7460
7462
7465
7467
7470
7472
7474
7477
7479
7481
7484
7486
7489
7491
7493
7496
7498
7501
7503
7505
7508
7510
7512
7515
7517
7520
7522
7524
7527
7529
7531
7534
7536
7539
7541
7543
7546
7548
7551
7553
7555
7558
7560
7562
7565
7567
7570
7572
7574
7577
7579
7581
7584
7586
7589
7591
7593
7596
7598
7601
7603
7605
7608
7610
7612
7615
7617
7620
7622
7624
7627
7629
7631
7634
7636
7639
7641
7643
7646
7648
7651
7653
7656
7658
7661
7663
7666
7668
7671
7673
7676
7678
7681
7683
7686
7688
7691
7693
7696
7698
7701
7703
7705
7708
7710
7712
7715
7717
7720
7722
7724
7727
7729
7731
7734
7736
7739
7741
7743
7746
7748
7751
7753
7755
7758
7760
7762
7765
7767
7770
7772
7774
7777
7779
7781
7784
7786
7789
7791
7793
7796
7798
7801
7803
7805
7808
7810
7812
7815
7817
7820
7822
7824
7827
7829
7831
7834
7836
7839
7841
7843
7846
7848
7851
7853
7855
7858
7860
7862
7865
7867
7870
7872
7874
7877
7879
7881
7884
7886
7889
7891
7893
7896
7898
7901
7901
7901
7902
7902
7902
7903
7903
7903
7904
7904
7904
7905
7905
7905
7906
7906
7906
7907
7907
7908
7908
7908
7909
7909
7909
7910
7910
7910
7911
7911
7911
7912
7912
7912
7913
7913
7914
7914
7914
7915
7915
7915
7916
7916
7916
7917
7917
7917
7918
7918
7918
7919
7919
7920
7920
7920
7921
7921
7921
7922
7922
7922
7923
7923
7923
7924
7924
7924
7925
7925
7926
7926
7926
7927
7927
7927
7928
7928
7928
7929
7929
7929
7930
7930
7930
7931
7931
7931
7932
7932
7933
7933
7933
7934
7934
7934
7935
7935
7935
7936
7936
7936
7937
7937
7937
7938
7938
7939
7939
7939
7940
7940
7940
7941
7941
7941
7942
7942
7942
7943
7943
7943
7944
7944
7945
7945
7945
7946
7946
7946
7947
7947
7947
7948
7948
7948
7949
7949
7949
7950
7950
7951
7951
7951
7951
7951
7951
7951
7951
7951
7951
7951
7951
7951
7952
7952
7952
7952
7952
7952
7952
7952
7952
7952
7952
7952
7953
7953
7953
7953
7953
7953
7953
7953
7953
7953
7953
7953
7953
7954
7954
7954
7954
7954
7954
7954
7954
7954
7954
7954
7954
7955
7955
7955
7955
7955
7955
7955
7955
7955
7955
7955
7955
7955
7956
7956
7956
7956
7956
7956
7956
7956
7956
7956
7956
7956
7957
7957
7957
7957
7957
7957
7957
7957
7957
7957
7957
7957
7957
7958
7958
7958
7958
7958
7958
7958
7958
7958
7958
7958
7958
7959
7959
7959
7959
7959
7959
7959
7959
7959
7959
7959
7959
7959
7960
7960
7960
7960
7960
7960
7960
7960
7960
7960
7960
7960
7961
7961
7961
7961
7961
7961
7961
7961
7961
7961
7961
7961
7961
7962
7962
7962
7962
7962
7962
7962
7962
7962
7962
7962
7962
7963
7963
7963
7963
7963
7963
7963
7963
7963
7963
7963
7963
7963
7964
7964
7964
7964
7964
7964
7964
7964
7964
7964
7964
7964
7965
7965
7965
7965
7965
7965
7965
7965
7965
7965
7965
7965
7965
7966
7966
7966
7966
7966
7966
7966
7966
7966
7966
7966
7966
7967
7967
7967
7967
7967
7967
7967
7967
7967
7967
7967
7967
7967
7968
7968
7968
7968
7968
7968
7968
7968
7968
7968
7968
7968
7969
7969
7969
7969
7969
7969
7969
7969
7969
7969
7969
7969
7969
7970
7970
7970
7970
7970
7970
7970
7970
7970
7970
7970
7970
7971
7971
7971
7971
7971
7971
7971
7971
7971
7971
7971
7971
7971
7972
7972
7972
7972
7972
7972
7972
7972
7972
7972
7972
7972
7973
7973
7973
7973
7973
7973
7973
7973
7973
7973
7973
7973
7973
7974
7974
7974
7974
7974
7974
7974
7974
7974
7974
7974
7974
7975
7975
7975
7975
7975
7975
7975
7975
7975
7975
7975
7975
7975
7976
7976
7976
7976
7976
7976
7976
7976
7976
7976
7976
7976
7977
7977
7977
7977
7977
7977
7977
7977
7977
7977
7977
7977
7977
7978
7978
7978
7978
7978
7978
7978
7978
7978
7978
7978
7978
7979
7979
7979
7979
7979
7979
7979
7979
7979
7979
7979
7979
7979
7980
7980
7980
7980
7980
7980
7980
7980
7980
7980
7980
7980
7981
7981
7981
7981
7981
7981
7981
7981
7981
7981
7981
7981
7981
7982
7982
7982
7982
7982
7982
7982
7982
7982
7982
7982
7982
7983
7983
7983
7983
7983
7983
7983
7983
7983
7983
7983
7983
7983
7984
7984
7984
7984
7984
7984
7984
7984
7984
7984
7984
7984
7985
7985
7985
7985
7985
7985
7985
7985
7985
7985
7985
7985
7985
7986
7986
7986
7986
7986
7986
7986
7986
7986
7986
7986
7986
7987
7987
7987
7987
7987
7987
7987
7987
7987
7987
7987
7987
7987
7988
7988
7988
7988
7988
7988
7988
7988
7988
7988
7988
7988
7989
7989
7989
7989
7989
7989
7989
7989
7989
7989
7989
7989
7989
7990
7990
7990
7990
7990
7990
7990
7990
7990
7990
7990
7990
7991
7991
7991
7991
7991
7991
7991
7991
7991
7991
7991
7991
7991
7992
7992
7992
7992
7992
7992
7992
7992
7992
7992
7992
7992
7993
7993
7993
7993
7993
7993
7993
7993
7993
7993
7993
7993
7993
7994
7994
7994
7994
7994
7994
7994
7994
7994
7994
7994
7994
7995
7995
7995
7995
7995
7995
7995
7995
7995
7995
7995
7995
7995
7996
7996
7996
7996
7996
7996
7996
7996
7996
7996
7996
7996
7997
7997
7997
7997
7997
7997
7997
7997
7997
7997
7997
7997
7997
7998
7998
7998
7998
7998
7998
7998
7998
7998
7998
7998
7998
7999
7999
7999
7999
7999
7999
7999
7999
7999
7999
7999
7999
7999
8000
8000
8000
8000
8000
8000
8000
8000
8000
8000
8000
8000
8001
8001
8001
8001
8001
8001
8001
8001
8001
8001
8001
8001
8001
8002
8002
8002
8002
8002
8002
8002
8002
8002
8002
8002
8002
8003
8003
8003
8003
8003
8003
8003
8003
8003
8003
8003
8003
8003
8004
8004
8004
8004
8004
8004
8004
8004
8004
8004
8004
8004
8005
8005
8005
8005
8005
8005
8005
8005
8005
8005
8005
8005
8005
8006
8006
8006
8006
8006
8006
8006
8006
8006
8006
8006
8006
8007
8007
8007
8007
8007
8007
8007
8007
8007
8007
8007
8007
8007
8008
8008
8008
8008
8008
8008
8008
8008
8008
8008
8008
8008
8009
8009
8009
8009
8009
8009
8009
8009
8009
8009
8009
8009
8009
8010
8010
8010
8010
8010
8010
8010
8010
8010
8010
8010
8010
8011
8011
8011
8011
8011
8011
8011
8011
8011
8011
8011
8011
8011
8012
8012
8012
8012
8012
8012
8012
8012
8012
8012
8012
8012
8013
8013
8013
8013
8013
8013
8013
8013
8013
8013
8013
8013
8013
8014
8014
8014
8014
8014
8014
8014
8014
8014
8014
8014
8014
8015
8015
8015
8015
8015
8015
8015
8015
8015
8015
8015
8015
8015
8016
8016
8016
8016
8016
8016
8016
8016
8016
8016
8016
8016
8017
8017
8017
8017
8017
8017
8017
8017
8017
8017
8017
8017
8017
8018
8018
8018
8018
8018
8018
8018
8018
8018
8018
8018
8018
8019
8019
8019
8019
8019
8019
8019
8019
8019
8019
8019
8019
8019
8020
8020
8020
8020
8020
8020
8020
8020
8020
8020
8020
8020
8021
8021
8021
8021
8021
8021
8021
8021
8021
8021
8021
8021
8021
8022
8022
8022
8022
8022
8022
8022
8022
8022
8022
8022
8022
8023
8023
8023
8023
8023
8023
8023
8023
8023
8023
8023
8023
8023
8024
8024
8024
8024
8024
8024
8024
8024
8024
8024
8024
8024
8025
8025
8025
8025
8025
8025
8025
8025
8025
8025
8025
8025
8025
8026
8026
8026
8026
8026
8026
8026
8026
8026
8026
8026
8026
8027
8027
8027
8027
8027
8027
8027
8027
8027
8027
8027
8027
8027
8028
8028
8028
8028
8028
8028
8028
8028
8028
8028
8028
8028
8029
8029
8029
8029
8029
8029
8029
8029
8029
8029
8029
8029
8029
8030
8030
8030
8030
8030
8030
8030
8030
8030
8030
8030
8030
8031
8031
8031
8031
8031
8031
8031
8031
8031
8031
8031
8031
8031
8032
8032
8032
8032
8032
8032
8032
8032
8032
8032
8032
8032
8033
8033
8033
8033
8033
8033
8033
8033
8033
8033
8033
8033
8033
8034
8034
8034
8034
8034
8034
8034
8034
8034
8034
8034
8034
8035
8035
8035
8035
8035
8035
8035
8035
8035
8035
8035
8035
8035
8036
8036
8036
8036
8036
8036
8036
8036
8036
8036
8036
8036
8037
8037
8037
8037
8037
8037
8037
8037
8037
8037
8037
8037
8037
8038
8038
8038
8038
8038
8038
8038
8038
8038
8038
8038
8038
8039
8039
8039
8039
8039
8039
8039
8039
8039
8039
8039
8039
8039
8040
8040
8040
8040
8040
8040
8040
8040
8040
8040
8040
8040
8041
8041
8041
8041
8041
8041
8041
8041
8041
8041
8041
8041
8041
8042
8042
8042
8042
8042
8042
8042
8042
8042
8042
8042
8042
8043
8043
8043
8043
8043
8043
8043
8043
8043
8043
8043
8043
8043
8044
8044
8044
8044
8044
8044
8044
8044
8044
8044
8044
8044
8045
8045
8045
8045
8045
8045
8045
8045
8045
8045
8045
8045
8045
8046
8046
8046
8046
8046
8046
8046
8046
8046
8046
8046
8046
8047
8047
8047
8047
8047
8047
8047
8047
8047
8047
8047
8047
8047
8048
8048
8048
8048
8048
8048
8048
8048
8048
8048
8048
8048
8049
8049
8049
8049
8049
8049
8049
8049
8049
8049
8049
8049
8049
8050
8050
8050
8050
8050
8050
8050
8050
8050
8050
8050
8050
8051
8051
8051
8051
8051
8051
8051
8051
8051
8051
8051
8051
8051
8052
8052
8052
8052
8052
8052
8052
8052
8052
8052
8052
8052
8053
8053
8053
8053
8053
8053
8053
8053
8053
8053
8053
8053
8053
8054
8054
8054
8054
8054
8054
8054
8054
8054
8054
8054
8054
8055
8055
8055
8055
8055
8055
8055
8055
8055
8055
8055
8055
8055
8056
8056
8056
8056
8056
8056
8056
8056
8056
8056
8056
8056
8057
8057
8057
8057
8057
8057
8057
8057
8057
8057
8057
8057
8057
8058
8058
8058
8058
8058
8058
8058
8058
8058
8058
8058
8058
8059
8059
8059
8059
8059
8059
8059
8059
8059
8059
8059
8059
8059
8060
8060
8060
8060
8060
8060
8060
8060
8060
8060
8060
8060
8061
8061
8061
8061
8061
8061
8061
8061
8061
8061
8061
8061
8061
8062
8062
8062
8062
8062
8062
8062
8062
8062
8062
8062
8062
8063
8063
8063
8063
8063
8063
8063
8063
8063
8063
8063
8063
8063
8064
8064
8064
8064
8064
8064
8064
8064
8064
8064
8064
8064
8065
8065
8065
8065
8065
8065
8065
8065
8065
8065
8065
8065
8065
8066
8066
8066
8066
8066
8066
8066
8066
8066
8066
8066
8066
8067
8067
8067
8067
8067
8067
8067
8067
8067
8067
8067
8067
8067
8068
8068
8068
8068
8068
8068
8068
8068
8068
8068
8068
8068
8069
8069
8069
8069
8069
8069
8069
8069
8069
8069
8069
8069
8069
8070
8070
8070
8070
8070
8070
8070
8070
8070
8070
8070
8070
8071
8071
8071
8071
8071
8071
8071
8071
8071
8071
8071
8071
8071
8072
8072
8072
8072
8072
8072
8072
8072
8072
8072
8072
8072
8073
8073
8073
8073
8073
8073
8073
8073
8073
8073
8073
8073
8073
8074
8074
8074
8074
8074
8074
8074
8074
8074
8074
8074
8074
8075
8075
8075
8075
8075
8075
8075
8075
8075
8075
8075
8075
8075
8076
8076
8076
8076
8076
8076
8076
8076
8076
8076
8076
8076
8077
8077
8077
8077
8077
8077
8077
8077
8077
8077
8077
8077
8077
8078
8078
8078
8078
8078
8078
8078
8078
8078
8078
8078
8078
8079
8079
8079
8079
8079
8079
8079
8079
8079
8079
8079
8079
8079
8080
8080
8080
8080
8080
8080
8080
8080
8080
8080
8080
8080
8081
8081
8081
8081
8081
8081
8081
8081
8081
8081
8081
8081
8081
8082
8082
8082
8082
8082
8082
8082
8082
8082
8082
8082
8082
8083
8083
8083
8083
8083
8083
8083
8083
8083
8083
8083
8083
8083
8084
8084
8084
8084
8084
8084
8084
8084
8084
8084
8084
8084
8085
8085
8085
8085
8085
8085
8085
8085
8085
8085
8085
8085
8085
8086
8086
8086
8086
8086
8086
8086
8086
8086
8086
8086
8086
8087
8087
8087
8087
8087
8087
8087
8087
8087
8087
8087
8087
8087
8088
8088
8088
8088
8088
8088
8088
8088
8088
8088
8088
8088
8089
8089
8089
8089
8089
8089
8089
8089
8089
8089
8089
8089
8089
8090
8090
8090
8090
8090
8090
8090
8090
8090
8090
8090
8090
8091
8091
8091
8091
8091
8091
8091
8091
8091
8091
8091
8091
8091
8092
8092
8092
8092
8092
8092
8092
8092
8092
8092
8092
8092
8093
8093
8093
8093
8093
8093
8093
8093
8093
8093
8093
8093
8093
8094
8094
8094
8094
8094
8094
8094
8094
8094
8094
8094
8094
8095
8095
8095
8095
8095
8095
8095
8095
8095
8095
8095
8095
8095
8096
8096
8096
8096
8096
8096
8096
8096
8096
8096
8096
8096
8097
8097
8097
8097
8097
8097
8097
8097
8097
8097
8097
8097
8097
8098
8098
8098
8098
8098
8098
8098
8098
8098
8098
8098
8098
8099
8099
8099
8099
8099
8099
8099
8099
8099
8099
8099
8099
8099
8100
8100
8100
8100
8100
8100
8100
8100
8100
8100
8100
8100
8101
8101
8101
8101
8101
8101
8101
8101
8101
8101
8101
8101
8101
8102
8102
8102
8102
8102
8102
8102
8102
8102
8102
8102
8102
8103
8103
8103
8103
8103
8103
8103
8103
8103
8103
8103
8103
8103
8104
8104
8104
8104
8104
8104
8104
8104
8104
8104
8104
8104
8105
8105
8105
8105
8105
8105
8105
8105
8105
8105
8105
8105
8105
8106
8106
8106
8106
8106
8106
8106
8106
8106
8106
8106
8106
8107
8107
8107
8107
8107
8107
8107
8107
8107
8107
8107
8107
8107
8108
8108
8108
8108
8108
8108
8108
8108
8108
8108
8108
8108
8109
8109
8109
8109
8109
8109
8109
8109
8109
8109
8109
8109
8109
8110
8110
8110
8110
8110
8110
8110
8110
8110
8110
8110
8110
8111
8111
8111
8111
8111
8111
8111
8111
8111
8111
8111
8111
8111
8112
8112
8112
8112
8112
8112
8112
8112
8112
8112
8112
8112
8113
8113
8113
8113
8113
8113
8113
8113
8113
8113
8113
8113
8113
8114
8114
8114
8114
8114
8114
8114
8114
8114
8114
8114
8114
8115
8115
8115
8115
8115
8115
8115
8115
8115
8115
8115
8115
8115
8116
8116
8116
8116
8116
8116
8116
8116
8116
8116
8116
8116
8117
8117
8117
8117
8117
8117
8117
8117
8117
8117
8117
8117
8117
8118
8118
8118
8118
8118
8118
8118
8118
8118
8118
8118
8118
8119
8119
8119
8119
8119
8119
8119
8119
8119
8119
8119
8119
8119
8120
8120
8120
8120
8120
8120
8120
8120
8120
8120
8120
8120
8121
8121
8121
8121
8121
8121
8121
8121
8121
8121
8121
8121
8121
8122
8122
8122
8122
8122
8122
8122
8122
8122
8122
8122
8122
8123
8123
8123
8123
8123
8123
8123
8123
8123
8123
8123
8123
8123
8124
8124
8124
8124
8124
8124
8124
8124
8124
8124
8124
8124
8125
8125
8125
8125
8125
8125
8125
8125
8125
8125
8125
8125
8125
8126
8126
8126
8126
8126
8126
8126
8126
8126
8126
8126
8126
8127
8127
8127
8127
8127
8127
8127
8127
8127
8127
8127
8127
8127
8128
8128
8128
8128
8128
8128
8128
8128
8128
8128
8128
8128
8129
8129
8129
8129
8129
8129
8129
8129
8129
8129
8129
8129
8129
8130
8130
8130
8130
8130
8130
8130
8130
8130
8130
8130
8130
8131
8131
8131
8131
8131
8131
8131
8131
8131
8131
8131
8131
8131
8132
8132
8132
8132
8132
8132
8132
8132
8132
8132
8132
8132
8133
8133
8133
8133
8133
8133
8133
8133
8133
8133
8133
8133
8133
8134
8134
8134
8134
8134
8134
8134
8134
8134
8134
8134
8134
8135
8135
8135
8135
8135
8135
8135
8135
8135
8135
8135
8135
8135
8136
8136
8136
8136
8136
8136
8136
8136
8136
8136
8136
8136
8137
8137
8137
8137
8137
8137
8137
8137
8137
8137
8137
8137
8137
8138
8138
8138
8138
8138
8138
8138
8138
8138
8138
8138
8138
8139
8139
8139
8139
8139
8139
8139
8139
8139
8139
8139
8139
8139
8140
8140
8140
8140
8140
8140
8140
8140
8140
8140
8140
8140
8141
8141
8141
8141
8141
8141
8141
8141
8141
8141
8141
8141
8141
8142
8142
8142
8142
8142
8142
8142
8142
8142
8142
8142
8142
8143
8143
8143
8143
8143
8143
8143
8143
8143
8143
8143
8143
8143
8144
8144
8144
8144
8144
8144
8144
8144
8144
8144
8144
8144
8145
8145
8145
8145
8145
8145
8145
8145
8145
8145
8145
8145
8145
8146
8146
8146
8146
8146
8146
8146
8146
8146
8146
8146
8146
8147
8147
8147
8147
8147
8147
8147
8147
8147
8147
8147
8147
8147
8148
8148
8148
8148
8148
8148
8148
8148
8148
8148
8148
8148
8149
8149
8149
8149
8149
8149
8149
8149
8149
8149
8149
8149
8149
8150
8150
8150
8150
8150
8150
8150
8150
8150
8150
8150
8150
8151
8153
8155
8158
8160
8162
8165
8167
8170
8172
8174
8177
8179
8181
8184
8186
8189
8191
8193
8196
8198
8201
8203
8205
8208
8210
8212
8215
8217
8220
8222
8224
8227
8229
8231
8234
8236
8239
8241
8243
8246
8248
8251
8253
8256
8258
8261
8263
8266
8268
8271
8273
8276
8278
8281
8283
8286
8288
8291
8293
8296
8298
8301
8303
8305
8308
8310
8312
8315
8317
8320
8322
8324
8327
8329
8331
8334
8336
8339
8341
8343
8346
8348
8351
8353
8355
8358
8360
8362
8365
8367
8370
8372
8374
8377
8379
8381
8384
8386
8389
8391
8393
8396
8398
8401
8403
8405
8408
8410
8412
8415
8417
8420
8422
8424
8427
8429
8431
8434
8436
8439
8441
8443
8446
8448
8451
8453
8455
8458
8460
8462
8465
8467
8470
8472
8474
8477
8479
8481
8484
8486
8489
8491
8493
8496
8498
8501
8503
8505
8508
8510
8512
8515
8517
8520
8522
8524
8527
8529
8531
8534
8536
8539
8541
8543
8546
8548
8551
8553
8556
8558
8561
8563
8566
8568
8571
8573
8576
8578
8581
8583
8586
8588
8591
8593
8596
8598
8601
8603
8605
8608
8610
8612
8615
8617
8620
8622
8624
8627
8629
8631
8634
8636
8639
8641
8643
8646
8648
8651
8651
8651
8652
8652
8653
8653
8654
8654
8654
8655
8655
8656
8656
8657
8657
8658
8658
8658
8659
8659
8660
8660
8661
8661
8662
8662
8662
8663
8663
8664
8664
8665
8665
8666
8666
8666
8667
8667
8668
8668
8669
8669
8670
8670
8670
8671
8671
8672
8672
8673
8673
8674
8674
8674
8675
8675
8676
8676
8677
8677
8677
8678
8678
8679
8679
8680
8680
8681
8681
8681
8682
8682
8683
8683
8684
8684
8685
8685
8685
8686
8686
8687
8687
8688
8688
8689
8689
8689
8690
8690
8691
8691
8692
8692
8693
8693
8693
8694
8694
8695
8695
8696
8696
8697
8697
8697
8698
8698
8699
8699
8700
8700
8701
8701
8701
8701
8701
8701
8701
8701
8701
8701
8701
8701
8701
8702
8702
8702
8702
8702
8702
8702
8702
8702
8702
8702
8702
8703
8703
8703
8703
8703
8703
8703
8703
8703
8703
8703
8703
8703
8704
8704
8704
8704
8704
8704
8704
8704
8704
8704
8704
8704
8705
8705
8705
8705
8705
8705
8705
8705
8705
8705
8705
8705
8705
8706
8706
8706
8706
8706
8706
8706
8706
8706
8706
8706
8706
8707
8707
8707
8707
8707
8707
8707
8707
8707
8707
8707
8707
8707
8708
8708
8708
8708
8708
8708
8708
8708
8708
8708
8708
8708
8709
8709
8709
8709
8709
8709
8709
8709
8709
8709
8709
8709
8709
8710
8710
8710
8710
8710
8710
8710
8710
8710
8710
8710
8710
8711
8711
8711
8711
8711
8711
8711
8711
8711
8711
8711
8711
8711
8712
8712
8712
8712
8712
8712
8712
8712
8712
8712
8712
8712
8713
8713
8713
8713
8713
8713
8713
8713
8713
8713
8713
8713
8713
8714
8714
8714
8714
8714
8714
8714
8714
8714
8714
8714
8714
8715
8715
8715
8715
8715
8715
8715
8715
8715
8715
8715
8715
8715
8716
8716
8716
8716
8716
8716
8716
8716
8716
8716
8716
8716
8717
8717
8717
8717
8717
8717
8717
8717
8717
8717
8717
8717
8717
8718
8718
8718
8718
8718
8718
8718
8718
8718
8718
8718
8718
8719
8719
8719
8719
8719
8719
8719
8719
8719
8719
8719
8719
8719
8720
8720
8720
8720
8720
8720
8720
8720
8720
8720
8720
8720
8721
8721
8721
8721
8721
8721
8721
8721
8721
8721
8721
8721
8721
8722
8722
8722
8722
8722
8722
8722
8722
8722
8722
8722
8722
8723
8723
8723
8723
8723
8723
8723
8723
8723
8723
8723
8723
8723
8724
8724
8724
8724
8724
8724
8724
8724
8724
8724
8724
8724
8725
8725
8725
8725
8725
8725
8725
8725
8725
8725
8725
8725
8725
8726
8726
8726
8726
8726
8726
8726
8726
8726
8726
8726
8726
8727
8727
8727
8727
8727
8727
8727
8727
8727
8727
8727
8727
8727
8728
8728
8728
8728
8728
8728
8728
8728
8728
8728
8728
8728
8729
8729
8729
8729
8729
8729
8729
8729
8729
8729
8729
8729
8729
8730
8730
8730
8730
8730
8730
8730
8730
8730
8730
8730
8730
8731
8731
8731
8731
8731
8731
8731
8731
8731
8731
8731
8731
8731
8732
8732
8732
8732
8732
8732
8732
8732
8732
8732
8732
8732
8733
8733
8733
8733
8733
8733
8733
8733
8733
8733
8733
8733
8733
8734
8734
8734
8734
8734
8734
8734
8734
8734
8734
8734
8734
8735
8735
8735
8735
8735
8735
8735
8735
8735
8735
8735
8735
8735
8736
8736
8736
8736
8736
8736
8736
8736
8736
8736
8736
8736
8737
8737
8737
8737
8737
8737
8737
8737
8737
8737
8737
8737
8737
8738
8738
8738
8738
8738
8738
8738
8738
8738
8738
8738
8738
8739
8739
8739
8739
8739
8739
8739
8739
8739
8739
8739
8739
8739
8740
8740
8740
8740
8740
8740
8740
8740
8740
8740
8740
8740
8741
8741
8741
8741
8741
8741
8741
8741
8741
8741
8741
8741
8741
8742
8742
8742
8742
8742
8742
8742
8742
8742
8742
8742
8742
8743
8743
8743
8743
8743
8743
8743
8743
8743
8743
8743
8743
8743
8744
8744
8744
8744
8744
8744
8744
8744
8744
8744
8744
8744
8745
8745
8745
8745
8745
8745
8745
8745
8745
8745
8745
8745
8745
8746
8746
8746
8746
8746
8746
8746
8746
8746
8746
8746
8746
8747
8747
8747
8747
8747
8747
8747
8747
8747
8747
8747
8747
8747
8748
8748
8748
8748
8748
8748
8748
8748
8748
8748
8748
8748
8749
8749
8749
8749
8749
8749
8749
8749
8749
8749
8749
8749
8749
8750
8750
8750
8750
8750
8750
8750
8750
8750
8750
8750
8750
8751
8751
8751
8751
8751
8751
8751
8751
8751
8751
8751
8751
8751
8752
8752
8752
8752
8752
8752
8752
8752
8752
8752
8752
8752
8753
8753
8753
8753
8753
8753
8753
8753
8753
8753
8753
8753
8753
8754
8754
8754
8754
8754
8754
8754
8754
8754
8754
8754
8754
8755
8755
8755
8755
8755
8755
8755
8755
8755
8755
8755
8755
8755
8756
8756
8756
8756
8756
8756
8756
8756
8756
8756
8756
8756
8757
8757
8757
8757
8757
8757
8757
8757
8757
8757
8757
8757
8757
8758
8758
8758
8758
8758
8758
8758
8758
8758
8758
8758
8758
8759
8759
8759
8759
8759
8759
8759
8759
8759
8759
8759
8759
8759
8760
8760
8760
8760
8760
8760
8760
8760
8760
8760
8760
8760
8761
8761
8761
8761
8761
8761
8761
8761
8761
8761
8761
8761
8761
8762
8762
8762
8762
8762
8762
8762
8762
8762
8762
8762
8762
8763
8763
8763
8763
8763
8763
8763
8763
8763
8763
8763
8763
8763
8764
8764
8764
8764
8764
8764
8764
8764
8764
8764
8764
8764
8765
8765
8765
8765
8765
8765
8765
8765
8765
8765
8765
8765
8765
8766
8766
8766
8766
8766
8766
8766
8766
8766
8766
8766
8766
8767
8767
8767
8767
8767
8767
8767
8767
8767
8767
8767
8767
8767
8768
8768
8768
8768
8768
8768
8768
8768
8768
8768
8768
8768
8769
8769
8769
8769
8769
8769
8769
8769
8769
8769
8769
8769
8769
8770
8770
8770
8770
8770
8770
8770
8770
8770
8770
8770
8770
8771
8771
8771
8771
8771
8771
8771
8771
8771
8771
8771
8771
8771
8772
8772
8772
8772
8772
8772
8772
8772
8772
8772
8772
8772
8773
8773
8773
8773
8773
8773
8773
8773
8773
8773
8773
8773
8773
8774
8774
8774
8774
8774
8774
8774
8774
8774
8774
8774
8774
8775
8775
8775
8775
8775
8775
8775
8775
8775
8775
8775
8775
8775
8776
8776
8776
8776
8776
8776
8776
8776
8776
8776
8776
8776
8777
8777
8777
8777
8777
8777
8777
8777
8777
8777
8777
8777
8777
8778
8778
8778
8778
8778
8778
8778
8778
8778
8778
8778
8778
8779
8779
8779
8779
8779
8779
8779
8779
8779
8779
8779
8779
8779
8780
8780
8780
8780
8780
8780
8780
8780
8780
8780
8780
8780
8781
8781
8781
8781
8781
8781
8781
8781
8781
8781
8781
8781
8781
8782
8782
8782
8782
8782
8782
8782
8782
8782
8782
8782
8782
8783
8783
8783
8783
8783
8783
8783
8783
8783
8783
8783
8783
8783
8784
8784
8784
8784
8784
8784
8784
8784
8784
8784
8784
8784
8785
8785
8785
8785
8785
8785
8785
8785
8785
8785
8785
8785
8785
8786
8786
8786
8786
8786
8786
8786
8786
8786
8786
8786
8786
8787
8787
8787
8787
8787
8787
8787
8787
8787
8787
8787
8787
8787
8788
8788
8788
8788
8788
8788
8788
8788
8788
8788
8788
8788
8789
8789
8789
8789
8789
8789
8789
8789
8789
8789
8789
8789
8789
8790
8790
8790
8790
8790
8790
8790
8790
8790
8790
8790
8790
8791
8791
8791
8791
8791
8791
8791
8791
8791
8791
8791
8791
8791
8792
8792
8792
8792
8792
8792
8792
8792
8792
8792
8792
8792
8793
8793
8793
8793
8793
8793
8793
8793
8793
8793
8793
8793
8793
8794
8794
8794
8794
8794
8794
8794
8794
8794
8794
8794
8794
8795
8795
8795
8795
8795
8795
8795
8795
8795
8795
8795
8795
8795
8796
8796
8796
8796
8796
8796
8796
8796
8796
8796
8796
8796
8797
8797
8797
8797
8797
8797
8797
8797
8797
8797
8797
8797
8797
8798
8798
8798
8798
8798
8798
8798
8798
8798
8798
8798
8798
8799
8799
8799
8799
8799
8799
8799
8799
8799
8799
8799
8799
8799
8800
8800
8800
8800
8800
8800
8800
8800
8800
8800
8800
8800
8801
8801
8801
8801
8801
8801
8801
8801
8801
8801
8801
8801
8801
8802
8802
8802
8802
8802
8802
8802
8802
8802
8802
8802
8802
8803
8803
8803
8803
8803
8803
8803
8803
8803
8803
8803
8803
8803
8804
8804
8804
8804
8804
8804
8804
8804
8804
8804
8804
8804
8805
8805
8805
8805
8805
8805
8805
8805
8805
8805
8805
8805
8805
8806
8806
8806
8806
8806
8806
8806
8806
8806
8806
8806
8806
8807
8807
8807
8807
8807
8807
8807
8807
8807
8807
8807
8807
8807
8808
8808
8808
8808
8808
8808
8808
8808
8808
8808
8808
8808
8809
8809
8809
8809
8809
8809
8809
8809
8809
8809
8809
8809
8809
8810
8810
8810
8810
8810
8810
8810
8810
8810
8810
8810
8810
8811
8811
8811
8811
8811
8811
8811
8811
8811
8811
8811
8811
8811
8812
8812
8812
8812
8812
8812
8812
8812
8812
8812
8812
8812
8813
8813
8813
8813
8813
8813
8813
8813
8813
8813
8813
8813
8813
8814
8814
8814
8814
8814
8814
8814
8814
8814
8814
8814
8814
8815
8815
8815
8815
8815
8815
8815
8815
8815
8815
8815
8815
8815
8816
8816
8816
8816
8816
8816
8816
8816
8816
8816
8816
8816
8817
8817
8817
8817
8817
8817
8817
8817
8817
8817
8817
8817
8817
8818
8818
8818
8818
8818
8818
8818
8818
8818
8818
8818
8818
8819
8819
8819
8819
8819
8819
8819
8819
8819
8819
8819
8819
8819
8820
8820
8820
8820
8820
8820
8820
8820
8820
8820
8820
8820
8821
8821
8821
8821
8821
8821
8821
8821
8821
8821
8821
8821
8821
8822
8822
8822
8822
8822
8822
8822
8822
8822
8822
8822
8822
8823
8823
8823
8823
8823
8823
8823
8823
8823
8823
8823
8823
8823
8824
8824
8824
8824
8824
8824
8824
8824
8824
8824
8824
8824
8825
8825
8825
8825
8825
8825
8825
8825
8825
8825
8825
8825
8825
8826
8826
8826
8826
8826
8826
8826
8826
8826
8826
8826
8826
8827
8827
8827
8827
8827
8827
8827
8827
8827
8827
8827
8827
8827
8828
8828
8828
8828
8828
8828
8828
8828
8828
8828
8828
8828
8829
8829
8829
8829
8829
8829
8829
8829
8829
8829
8829
8829
8829
8830
8830
8830
8830
8830
8830
8830
8830
8830
8830
8830
8830
8831
8831
8831
8831
8831
8831
8831
8831
8831
8831
8831
8831
8831
8832
8832
8832
8832
8832
8832
8832
8832
8832
8832
8832
8832
8833
8833
8833
8833
8833
8833
8833
8833
8833
8833
8833
8833
8833
8834
8834
8834
8834
8834
8834
8834
8834
8834
8834
8834
8834
8835
8835
8835
8835
8835
8835
8835
8835
8835
8835
8835
8835
8835
8836
8836
8836
8836
8836
8836
8836
8836
8836
8836
8836
8836
8837
8837
8837
8837
8837
8837
8837
8837
8837
8837
8837
8837
8837
8838
8838
8838
8838
8838
8838
8838
8838
8838
8838
8838
8838
8839
8839
8839
8839
8839
8839
8839
8839
8839
8839
8839
8839
8839
8840
8840
8840
8840
8840
8840
8840
8840
8840
8840
8840
8840
8841
8841
8841
8841
8841
8841
8841
8841
8841
8841
8841
8841
8841
8842
8842
8842
8842
8842
8842
8842
8842
8842
8842
8842
8842
8843
8843
8843
8843
8843
8843
8843
8843
8843
8843
8843
8843
8843
8844
8844
8844
8844
8844
8844
8844
8844
8844
8844
8844
8844
8845
8845
8845
8845
8845
8845
8845
8845
8845
8845
8845
8845
8845
8846
8846
8846
8846
8846
8846
8846
8846
8846
8846
8846
8846
8847
8847
8847
8847
8847
8847
8847
8847
8847
8847
8847
8847
8847
8848
8848
8848
8848
8848
8848
8848
8848
8848
8848
8848
8848
8849
8849
8849
8849
8849
8849
8849
8849
8849
8849
8849
8849
8849
8850
8850
8850
8850
8850
8850
8850
8850
8850
8850
8850
8850
8851
8851
8851
8851
8851
8851
8851
8851
8851
8851
8851
8851
8851
8852
8852
8852
8852
8852
8852
8852
8852
8852
8852
8852
8852
8853
8853
8853
8853
8853
8853
8853
8853
8853
8853
8853
8853
8853
8854
8854
8854
8854
8854
8854
8854
8854
8854
8854
8854
8854
8855
8855
8855
8855
8855
8855
8855
8855
8855
8855
8855
8855
8855
8856
8856
8856
8856
8856
8856
8856
8856
8856
8856
8856
8856
8857
8857
8857
8857
8857
8857
8857
8857
8857
8857
8857
8857
8857
8858
8858
8858
8858
8858
8858
8858
8858
8858
8858
8858
8858
8859
8859
8859
8859
8859
8859
8859
8859
8859
8859
8859
8859
8859
8860
8860
8860
8860
8860
8860
8860
8860
8860
8860
8860
8860
8861
8861
8861
8861
8861
8861
8861
8861
8861
8861
8861
8861
8861
8862
8862
8862
8862
8862
8862
8862
8862
8862
8862
8862
8862
8863
8863
8863
8863
8863
8863
8863
8863
8863
8863
8863
8863
8863
8864
8864
8864
8864
8864
8864
8864
8864
8864
8864
8864
8864
8865
8865
8865
8865
8865
8865
8865
8865
8865
8865
8865
8865
8865
8866
8866
8866
8866
8866
8866
8866
8866
8866
8866
8866
8866
8867
8867
8867
8867
8867
8867
8867
8867
8867
8867
8867
8867
8867
8868
8868
8868
8868
8868
8868
8868
8868
8868
8868
8868
8868
8869
8869
8869
8869
8869
8869
8869
8869
8869
8869
8869
8869
8869
8870
8870
8870
8870
8870
8870
8870
8870
8870
8870
8870
8870
8871
8871
8871
8871
8871
8871
8871
8871
8871
8871
8871
8871
8871
8872
8872
8872
8872
8872
8872
8872
8872
8872
8872
8872
8872
8873
8873
8873
8873
8873
8873
8873
8873
8873
8873
8873
8873
8873
8874
8874
8874
8874
8874
8874
8874
8874
8874
8874
8874
8874
8875
8875
8875
8875
8875
8875
8875
8875
8875
8875
8875
8875
8875
8876
8876
8876
8876
8876
8876
8876
8876
8876
8876
8876
8876
8877
8877
8877
8877
8877
8877
8877
8877
8877
8877
8877
8877
8877
8878
8878
8878
8878
8878
8878
8878
8878
8878
8878
8878
8878
8879
8879
8879
8879
8879
8879
8879
8879
8879
8879
8879
8879
8879
8880
8880
8880
8880
8880
8880
8880
8880
8880
8880
8880
8880
8881
8881
8881
8881
8881
8881
8881
8881
8881
8881
8881
8881
8881
8882
8882
8882
8882
8882
8882
8882
8882
8882
8882
8882
8882
8883
8883
8883
8883
8883
8883
8883
8883
8883
8883
8883
8883
8883
8884
8884
8884
8884
8884
8884
8884
8884
8884
8884
8884
8884
8885
8885
8885
8885
8885
8885
8885
8885
8885
8885
8885
8885
8885
8886
8886
8886
8886
8886
8886
8886
8886
8886
8886
8886
8886
8887
8887
8887
8887
8887
8887
8887
8887
8887
8887
8887
8887
8887
8888
8888
8888
8888
8888
8888
8888
8888
8888
8888
8888
8888
8889
8889
8889
8889
8889
8889
8889
8889
8889
8889
8889
8889
8889
8890
8890
8890
8890
8890
8890
8890
8890
8890
8890
8890
8890
8891
8891
8891
8891
8891
8891
8891
8891
8891
8891
8891
8891
8891
8892
8892
8892
8892
8892
8892
8892
8892
8892
8892
8892
8892
8893
8893
8893
8893
8893
8893
8893
8893
8893
8893
8893
8893
8893
8894
8894
8894
8894
8894
8894
8894
8894
8894
8894
8894
8894
8895
8895
8895
8895
8895
8895
8895
8895
8895
8895
8895
8895
8895
8896
8896
8896
8896
8896
8896
8896
8896
8896
8896
8896
8896
8897
8897
8897
8897
8897
8897
8897
8897
8897
8897
8897
8897
8897
8898
8898
8898
8898
8898
8898
8898
8898
8898
8898
8898
8898
8899
8899
8899
8899
8899
8899
8899
8899
8899
8899
8899
8899
8899
8900
8900
8900
8900
8900
8900
8900
8900
8900
8900
8900
8900
8901
8901
8901
8901
8901
8901
8901
8901
8901
8901
8901
8901
8901
8902
8902
8902
8902
8902
8902
8902
8902
8902
8902
8902
8902
8903
8903
8903
8903
8903
8903
8903
8903
8903
8903
8903
8903
8903
8904
8904
8904
8904
8904
8904
8904
8904
8904
8904
8904
8904
8905
8905
8905
8905
8905
8905
8905
8905
8905
8905
8905
8905
8905
8906
8906
8906
8906
8906
8906
8906
8906
8906
8906
8906
8906
8907
8907
8907
8907
8907
8907
8907
8907
8907
8907
8907
8907
8907
8908
8908
8908
8908
8908
8908
8908
8908
8908
8908
8908
8908
8909
8909
8909
8909
8909
8909
8909
8909
8909
8909
8909
8909
8909
8910
8910
8910
8910
8910
8910
8910
8910
8910
8910
8910
8910
8911
8911
8911
8911
8911
8911
8911
8911
8911
8911
8911
8911
8911
8912
8912
8912
8912
8912
8912
8912
8912
8912
8912
8912
8912
8913
8913
8913
8913
8913
8913
8913
8913
8913
8913
8913
8913
8913
8914
8914
8914
8914
8914
8914
8914
8914
8914
8914
8914
8914
8915
8915
8915
8915
8915
8915
8915
8915
8915
8915
8915
8915
8915
8916
8916
8916
8916
8916
8916
8916
8916
8916
8916
8916
8916
8917
8917
8917
8917
8917
8917
8917
8917
8917
8917
8917
8917
8917
8918
8918
8918
8918
8918
8918
8918
8918
8918
8918
8918
8918
8919
8919
8919
8919
8919
8919
8919
8919
8919
8919
8919
8919
8919
8920
8920
8920
8920
8920
8920
8920
8920
8920
8920
8920
8920
8921
8921
8921
8921
8921
8921
8921
8921
8921
8921
8921
8921
8921
8922
8922
8922
8922
8922
8922
8922
8922
8922
8922
8922
8922
8923
8923
8923
8923
8923
8923
8923
8923
8923
8923
8923
8923
8923
8924
8924
8924
8924
8924
8924
8924
8924
8924
8924
8924
8924
8925
8925
8925
8925
8925
8925
8925
8925
8925
8925
8925
8925
8925
8926
8926
8926
8926
8926
8926
8926
8926
8926
8926
8926
8926
8927
8927
8927
8927
8927
8927
8927
8927
8927
8927
8927
8927
8927
8928
8928
8928
8928
8928
8928
8928
8928
8928
8928
8928
8928
8929
8929
8929
8929
8929
8929
8929
8929
8929
8929
8929
8929
8929
8930
8930
8930
8930
8930
8930
8930
8930
8930
8930
8930
8930
8931
8931
8931
8931
8931
8931
8931
8931
8931
8931
8931
8931
8931
8932
8932
8932
8932
8932
8932
8932
8932
8932
8932
8932
8932
8933
8933
8933
8933
8933
8933
8933
8933
8933
8933
8933
8933
8933
8934
8934
8934
8934
8934
8934
8934
8934
8934
8934
8934
8934
8935
8935
8935
8935
8935
8935
8935
8935
8935
8935
8935
8935
8935
8936
8936
8936
8936
8936
8936
8936
8936
8936
8936
8936
8936
8937
8937
8937
8937
8937
8937
8937
8937
8937
8937
8937
8937
8937
8938
8938
8938
8938
8938
8938
8938
8938
8938
8938
8938
8938
8939
8939
8939
8939
8939
8939
8939
8939
8939
8939
8939
8939
8939
8940
8940
8940
8940
8940
8940
8940
8940
8940
8940
8940
8940
8941
8941
8941
8941
8941
8941
8941
8941
8941
8941
8941
8941
8941
8942
8942
8942
8942
8942
8942
8942
8942
8942
8942
8942
8942
8943
8943
8943
8943
8943
8943
8943
8943
8943
8943
8943
8943
8943
8944
8944
8944
8944
8944
8944
8944
8944
8944
8944
8944
8944
8945
8945
8945
8945
8945
8945
8945
8945
8945
8945
8945
8945
8945
8946
8946
8946
8946
8946
8946
8946
8946
8946
8946
8946
8946
8947
8947
8947
8947
8947
8947
8947
8947
8947
8947
8947
8947
8947
8948
8948
8948
8948
8948
8948
8948
8948
8948
8948
8948
8948
8949
8949
8949
8949
8949
8949
8949
8949
8949
8949
8949
8949
8949
8950
8950
8950
8950
8950
8950
8950
8950
8950
8950
8950
8950
8951
8951
8951
8951
8951
8951
8951
8951
8951
8951
8951
8951
8951
8952
8952
8952
8952
8952
8952
8952
8952
8952
8952
8952
8952
8953
8953
8953
8953
8953
8953
8953
8953
8953
8953
8953
8953
8953
8954
8954
8954
8954
8954
8954
8954
8954
8954
8954
8954
8954
8955
8955
8955
8955
8955
8955
8955
8955
8955
8955
8955
8955
8955
8956
8956
8956
8956
8956
8956
8956
8956
8956
8956
8956
8956
8957
8957
8957
8957
8957
8957
8957
8957
8957
8957
8957
8957
8957
8958
8958
8958
8958
8958
8958
8958
8958
8958
8958
8958
8958
8959
8959
8959
8959
8959
8959
8959
8959
8959
8959
8959
8959
8959
8960
8960
8960
8960
8960
8960
8960
8960
8960
8960
8960
8960
8961
8961
8961
8961
8961
8961
8961
8961
8961
8961
8961
8961
8961
8962
8962
8962
8962
8962
8962
8962
8962
8962
8962
8962
8962
8963
8963
8963
8963
8963
8963
8963
8963
8963
8963
8963
8963
8963
8964
8964
8964
8964
8964
8964
8964
8964
8964
8964
8964
8964
8965
8965
8965
8965
8965
8965
8965
8965
8965
8965
8965
8965
8965
8966
8966
8966
8966
8966
8966
8966
8966
8966
8966
8966
8966
8967
8967
8967
8967
8967
8967
8967
8967
8967
8967
8967
8967
8967
8968
8968
8968
8968
8968
8968
8968
8968
8968
8968
8968
8968
8969
8969
8969
8969
8969
8969
8969
8969
8969
8969
8969
8969
8969
8970
8970
8970
8970
8970
8970
8970
8970
8970
8970
8970
8970
8971
8971
8971
8971
8971
8971
8971
8971
8971
8971
8971
8971
8971
8972
8972
8972
8972
8972
8972
8972
8972
8972
8972
8972
8972
8973
8973
8973
8973
8973
8973
8973
8973
8973
8973
8973
8973
8973
8974
8974
8974
8974
8974
8974
8974
8974
8974
8974
8974
8974
8975
8975
8975
8975
8975
8975
8975
8975
8975
8975
8975
8975
8975
8976
8976
8976
8976
8976
8976
8976
8976
8976
8976
8976
8976
8977
8977
8977
8977
8977
8977
8977
8977
8977
8977
8977
8977
8977
8978
8978
8978
8978
8978
8978
8978
8978
8978
8978
8978
8978
8979
8979
8979
8979
8979
8979
8979
8979
8979
8979
8979
8979
8979
8980
8980
8980
8980
8980
8980
8980
8980
8980
8980
8980
8980
8981
8981
8981
8981
8981
8981
8981
8981
8981
8981
8981
8981
8981
8982
8982
8982
8982
8982
8982
8982
8982
8982
8982
8982
8982
8983
8983
8983
8983
8983
8983
8983
8983
8983
8983
8983
8983
8983
8984
8984
8984
8984
8984
8984
8984
8984
8984
8984
8984
8984
8985
8985
8985
8985
8985
8985
8985
8985
8985
8985
8985
8985
8985
8986
8986
8986
8986
8986
8986
8986
8986
8986
8986
8986
8986
8987
8987
8987
8987
8987
8987
8987
8987
8987
8987
8987
8987
8987
8988
8988
8988
8988
8988
8988
8988
8988
8988
8988
8988
8988
8989
8989
8989
8989
8989
8989
8989
8989
8989
8989
8989
8989
8989
8990
8990
8990
8990
8990
8990
8990
8990
8990
8990
8990
8990
8991
8991
8991
8991
8991
8991
8991
8991
8991
8991
8991
8991
8991
8992
8992
8992
8992
8992
8992
8992
8992
8992
8992
8992
8992
8993
8993
8993
8993
8993
8993
8993
8993
8993
8993
8993
8993
8993
8994
8994
8994
8994
8994
8994
8994
8994
8994
8994
8994
8994
8995
8995
8995
8995
8995
8995
8995
8995
8995
8995
8995
8995
8995
8996
8996
8996
8996
8996
8996
8996
8996
8996
8996
8996
8996
8997
8997
8997
8997
8997
8997
8997
8997
8997
8997
8997
8997
8997
8998
8998
8998
8998
8998
8998
8998
8998
8998
8998
8998
8998
8999
8999
8999
8999
8999
8999
8999
8999
8999
8999
8999
8999
8999
9000
9000
9000
9000
9000
9000
9000
9000
9000
9000
9000
9000
9001
9001
9001
9001
9001
9001
9001
9001
9001
9001
9001
9001
9001
9002
9002
9002
9002
9002
9002
9002
9002
9002
9002
9002
9002
9003
9003
9003
9003
9003
9003
9003
9003
9003
9003
9003
9003
9003
9004
9004
9004
9004
9004
9004
9004
9004
9004
9004
9004
9004
9005
9005
9005
9005
9005
9005
9005
9005
9005
9005
9005
9005
9005
9006
9006
9006
9006
9006
9006
9006
9006
9006
9006
9006
9006
9007
9007
9007
9007
9007
9007
9007
9007
9007
9007
9007
9007
9007
9008
9008
9008
9008
9008
9008
9008
9008
9008
9008
9008
9008
9009
9009
9009
9009
9009
9009
9009
9009
9009
9009
9009
9009
9009
9010
9010
9010
9010
9010
9010
9010
9010
9010
9010
9010
9010
9011
9011
9011
9011
9011
9011
9011
9011
9011
9011
9011
9011
9011
9012
9012
9012
9012
9012
9012
9012
9012
9012
9012
9012
9012
9013
9013
9013
9013
9013
9013
9013
9013
9013
9013
9013
9013
9013
9014
9014
9014
9014
9014
9014
9014
9014
9014
9014
9014
9014
9015
9015
9015
9015
9015
9015
9015
9015
9015
9015
9015
9015
9015
9016
9016
9016
9016
9016
9016
9016
9016
9016
9016
9016
9016
9017
9017
9017
9017
9017
9017
9017
9017
9017
9017
9017
9017
9017
9018
9018
9018
9018
9018
9018
9018
9018
9018
9018
9018
9018
9019
9019
9019
9019
9019
9019
9019
9019
9019
9019
9019
9019
9019
9020
9020
9020
9020
9020
9020
9020
9020
9020
9020
9020
9020
9021
9021
9021
9021
9021
9021
9021
9021
9021
9021
9021
9021
9021
9022
9022
9022
9022
9022
9022
9022
9022
9022
9022
9022
9022
9023
9023
9023
9023
9023
9023
9023
9023
9023
9023
9023
9023
9023
9024
9024
9024
9024
9024
9024
9024
9024
9024
9024
9024
9024
9025
9025
9025
9025
9025
9025
9025
9025
9025
9025
9025
9025
9025
9026
9026
9026
9026
9026
9026
9026
9026
9026
9026
9026
9026
9027
9027
9027
9027
9027
9027
9027
9027
9027
9027
9027
9027
9027
9028
9028
9028
9028
9028
9028
9028
9028
9028
9028
9028
9028
9029
9029
9029
9029
9029
9029
9029
9029
9029
9029
9029
9029
9029
9030
9030
9030
9030
9030
9030
9030
9030
9030
9030
9030
9030
9031
9031
9031
9031
9031
9031
9031
9031
9031
9031
9031
9031
9031
9032
9032
9032
9032
9032
9032
9032
9032
9032
9032
9032
9032
9033
9033
9033
9033
9033
9033
9033
9033
9033
9033
9033
9033
9033
9034
9034
9034
9034
9034
9034
9034
9034
9034
9034
9034
9034
9035
9035
9035
9035
9035
9035
9035
9035
9035
9035
9035
9035
9035
9036
9036
9036
9036
9036
9036
9036
9036
9036
9036
9036
9036
9037
9037
9037
9037
9037
9037
9037
9037
9037
9037
9037
9037
9037
9038
9038
9038
9038
9038
9038
9038
9038
9038
9038
9038
9038
9039
9039
9039
9039
9039
9039
9039
9039
9039
9039
9039
9039
9039
9040
9040
9040
9040
9040
9040
9040
9040
9040
9040
9040
9040
9041
9041
9041
9041
9041
9041
9041
9041
9041
9041
9041
9041
9041
9042
9042
9042
9042
9042
9042
9042
9042
9042
9042
9042
9042
9043
9043
9043
9043
9043
9043
9043
9043
9043
9043
9043
9043
9043
9044
9044
9044
9044
9044
9044
9044
9044
9044
9044
9044
9044
9045
9045
9045
9045
9045
9045
9045
9045
9045
9045
9045
9045
9045
9046
9046
9046
9046
9046
9046
9046
9046
9046
9046
9046
9046
9047
9047
9047
9047
9047
9047
9047
9047
9047
9047
9047
9047
9047
9048
9048
9048
9048
9048
9048
9048
9048
9048
9048
9048
9048
9049
9049
9049
9049
9049
9049
9049
9049
9049
9049
9049
9049
9049
9050
9050
9050
9050
9050
9050
9050
9050
9050
9050
9050
9050
9051
9051
9051
9051
9051
9051
9051
9051
9051
9051
9051
9051
9051
9052
9052
9052
9052
9052
9052
9052
9052
9052
9052
9052
9052
9053
9053
9053
9053
9053
9053
9053
9053
9053
9053
9053
9053
9053
9054
9054
9054
9054
9054
9054
9054
9054
9054
9054
9054
9054
9055
9055
9055
9055
9055
9055
9055
9055
9055
9055
9055
9055
9055
9056
9056
9056
9056
9056
9056
9056
9056
9056
9056
9056
9056
9057
9057
9057
9057
9057
9057
9057
9057
9057
9057
9057
9057
9057
9058
9058
9058
9058
9058
9058
9058
9058
9058
9058
9058
9058
9059
9059
9059
9059
9059
9059
9059
9059
9059
9059
9059
9059
9059
9060
9060
9060
9060
9060
9060
9060
9060
9060
9060
9060
9060
9061
9061
9061
9061
9061
9061
9061
9061
9061
9061
9061
9061
9061
9062
9062
9062
9062
9062
9062
9062
9062
9062
9062
9062
9062
9063
9063
9063
9063
9063
9063
9063
9063
9063
9063
9063
9063
9063
9064
9064
9064
9064
9064
9064
9064
9064
9064
9064
9064
9064
9065
9065
9065
9065
9065
9065
9065
9065
9065
9065
9065
9065
9065
9066
9066
9066
9066
9066
9066
9066
9066
9066
9066
9066
9066
9067
9067
9067
9067
9067
9067
9067
9067
9067
9067
9067
9067
9067
9068
9068
9068
9068
9068
9068
9068
9068
9068
9068
9068
9068
9069
9069
9069
9069
9069
9069
9069
9069
9069
9069
9069
9069
9069
9070
9070
9070
9070
9070
9070
9070
9070
9070
9070
9070
9070
9071
9071
9071
9071
9071
9071
9071
9071
9071
9071
9071
9071
9071
9072
9072
9072
9072
9072
9072
9072
9072
9072
9072
9072
9072
9073
9073
9073
9073
9073
9073
9073
9073
9073
9073
9073
9073
9073
9074
9074
9074
9074
9074
9074
9074
9074
9074
9074
9074
9074
9075
9075
9075
9075
9075
9075
9075
9075
9075
9075
9075
9075
9075
9076
9076
9076
9076
9076
9076
9076
9076
9076
9076
9076
9076
9077
9077
9077
9077
9077
9077
9077
9077
9077
9077
9077
9077
9077
9078
9078
9078
9078
9078
9078
9078
9078
9078
9078
9078
9078
9079
9079
9079
9079
9079
9079
9079
9079
9079
9079
9079
9079
9079
9080
9080
9080
9080
9080
9080
9080
9080
9080
9080
9080
9080
9081
9081
9081
9081
9081
9081
9081
9081
9081
9081
9081
9081
9081
9082
9082
9082
9082
9082
9082
9082
9082
9082
9082
9082
9082
9083
9083
9083
9083
9083
9083
9083
9083
9083
9083
9083
9083
9083
9084
9084
9084
9084
9084
9084
9084
9084
9084
9084
9084
9084
9085
9085
9085
9085
9085
9085
9085
9085
9085
9085
9085
9085
9085
9086
9086
9086
9086
9086
9086
9086
9086
9086
9086
9086
9086
9087
9087
9087
9087
9087
9087
9087
9087
9087
9087
9087
9087
9087
9088
9088
9088
9088
9088
9088
9088
9088
9088
9088
9088
9088
9089
9089
9089
9089
9089
9089
9089
9089
9089
9089
9089
9089
9089
9090
9090
9090
9090
9090
9090
9090
9090
9090
9090
9090
9090
9091
9091
9091
9091
9091
9091
9091
9091
9091
9091
9091
9091
9091
9092
9092
9092
9092
9092
9092
9092
9092
9092
9092
9092
9092
9093
9093
9093
9093
9093
9093
9093
9093
9093
9093
9093
9093
9093
9094
9094
9094
9094
9094
9094
9094
9094
9094
9094
9094
9094
9095
9095
9095
9095
9095
9095
9095
9095
9095
9095
9095
9095
9095
9096
9096
9096
9096
9096
9096
9096
9096
9096
9096
9096
9096
9097
9097
9097
9097
9097
9097
9097
9097
9097
9097
9097
9097
9097
9098
9098
9098
9098
9098
9098
9098
9098
9098
9098
9098
9098
9099
9099
9099
9099
9099
9099
9099
9099
9099
9099
9099
9099
9099
9100
9100
9100
9100
9100
9100
9100
9100
9100
9100
9100
9100
9101
9101
9101
9101
9101
9101
9101
9101
9101
9101
9101
9101
9101
9102
9102
9102
9102
9102
9102
9102
9102
9102
9102
9102
9102
9103
9103
9103
9103
9103
9103
9103
9103
9103
9103
9103
9103
9103
9104
9104
9104
9104
9104
9104
9104
9104
9104
9104
9104
9104
9105
9105
9105
9105
9105
9105
9105
9105
9105
9105
9105
9105
9105
9106
9106
9106
9106
9106
9106
9106
9106
9106
9106
9106
9106
9107
9107
9107
9107
9107
9107
9107
9107
9107
9107
9107
9107
9107
9108
9108
9108
9108
9108
9108
9108
9108
9108
9108
9108
9108
9109
9109
9109
9109
9109
9109
9109
9109
9109
9109
9109
9109
9109
9110
9110
9110
9110
9110
9110
9110
9110
9110
9110
9110
9110
9111
9111
9111
9111
9111
9111
9111
9111
9111
9111
9111
9111
9111
9112
9112
9112
9112
9112
9112
9112
9112
9112
9112
9112
9112
9113
9113
9113
9113
9113
9113
9113
9113
9113
9113
9113
9113
9113
9114
9114
9114
9114
9114
9114
9114
9114
9114
9114
9114
9114
9115
9115
9115
9115
9115
9115
9115
9115
9115
9115
9115
9115
9115
9116
9116
9116
9116
9116
9116
9116
9116
9116
9116
9116
9116
9117
9117
9117
9117
9117
9117
9117
9117
9117
9117
9117
9117
9117
9118
9118
9118
9118
9118
9118
9118
9118
9118
9118
9118
9118
9119
9119
9119
9119
9119
9119
9119
9119
9119
9119
9119
9119
9119
9120
9120
9120
9120
9120
9120
9120
9120
9120
9120
9120
9120
9121
9121
9121
9121
9121
9121
9121
9121
9121
9121
9121
9121
9121
9122
9122
9122
9122
9122
9122
9122
9122
9122
9122
9122
9122
9123
9123
9123
9123
9123
9123
9123
9123
9123
9123
9123
9123
9123
9124
9124
9124
9124
9124
9124
9124
9124
9124
9124
9124
9124
9125
9125
9125
9125
9125
9125
9125
9125
9125
9125
9125
9125
9125
9126
9126
9126
9126
9126
9126
9126
9126
9126
9126
9126
9126
9127
9127
9127
9127
9127
9127
9127
9127
9127
9127
9127
9127
9127
9128
9128
9128
9128
9128
9128
9128
9128
9128
9128
9128
9128
9129
9129
9129
9129
9129
9129
9129
9129
9129
9129
9129
9129
9129
9130
9130
9130
9130
9130
9130
9130
9130
9130
9130
9130
9130
9131
9131
9131
9131
9131
9131
9131
9131
9131
9131
9131
9131
9131
9132
9132
9132
9132
9132
9132
9132
9132
9132
9132
9132
9132
9133
9133
9133
9133
9133
9133
9133
9133
9133
9133
9133
9133
9133
9134
9134
9134
9134
9134
9134
9134
9134
9134
9134
9134
9134
9135
9135
9135
9135
9135
9135
9135
9135
9135
9135
9135
9135
9135
9136
9136
9136
9136
9136
9136
9136
9136
9136
9136
9136
9136
9137
9137
9137
9137
9137
9137
9137
9137
9137
9137
9137
9137
9137
9138
9138
9138
9138
9138
9138
9138
9138
9138
9138
9138
9138
9139
9139
9139
9139
9139
9139
9139
9139
9139
9139
9139
9139
9139
9140
9140
9140
9140
9140
9140
9140
9140
9140
9140
9140
9140
9141
9141
9141
9141
9141
9141
9141
9141
9141
9141
9141
9141
9141
9142
9142
9142
9142
9142
9142
9142
9142
9142
9142
9142
9142
9143
9143
9143
9143
9143
9143
9143
9143
9143
9143
9143
9143
9143
9144
9144
9144
9144
9144
9144
9144
9144
9144
9144
9144
9144
9145
9145
9145
9145
9145
9145
9145
9145
9145
9145
9145
9145
9145
9146
9146
9146
9146
9146
9146
9146
9146
9146
9146
9146
9146
9147
9147
9147
9147
9147
9147
9147
9147
9147
9147
9147
9147
9147
9148
9148
9148
9148
9148
9148
9148
9148
9148
9148
9148
9148
9149
9149
9149
9149
9149
9149
9149
9149
9149
9149
9149
9149
9149
9150
9150
9150
9150
9150
9150
9150
9150
9150
9150
9150
9150
9151
9151
9151
9151
9151
9151
9151
9151
9151
9151
9151
9151
9151
9152
9152
9152
9152
9152
9152
9152
9152
9152
9152
9152
9152
9153
9153
9153
9153
9153
9153
9153
9153
9153
9153
9153
9153
9153
9154
9154
9154
9154
9154
9154
9154
9154
9154
9154
9154
9154
9155
9155
9155
9155
9155
9155
9155
9155
9155
9155
9155
9155
9155
9156
9156
9156
9156
9156
9156
9156
9156
9156
9156
9156
9156
9157
9157
9157
9157
9157
9157
9157
9157
9157
9157
9157
9157
9157
9158
9158
9158
9158
9158
9158
9158
9158
9158
9158
9158
9158
9159
9159
9159
9159
9159
9159
9159
9159
9159
9159
9159
9159
9159
9160
9160
9160
9160
9160
9160
9160
9160
9160
9160
9160
9160
9161
9161
9161
9161
9161
9161
9161
9161
9161
9161
9161
9161
9161
9162
9162
9162
9162
9162
9162
9162
9162
9162
9162
9162
9162
9163
9163
9163
9163
9163
9163
9163
9163
9163
9163
9163
9163
9163
9164
9164
9164
9164
9164
9164
9164
9164
9164
9164
9164
9164
9165
9165
9165
9165
9165
9165
9165
9165
9165
9165
9165
9165
9165
9166
9166
9166
9166
9166
9166
9166
9166
9166
9166
9166
9166
9167
9167
9167
9167
9167
9167
9167
9167
9167
9167
9167
9167
9167
9168
9168
9168
9168
9168
9168
9168
9168
9168
9168
9168
9168
9169
9169
9169
9169
9169
9169
9169
9169
9169
9169
9169
9169
9169
9170
9170
9170
9170
9170
9170
9170
9170
9170
9170
9170
9170
9171
9171
9171
9171
9171
9171
9171
9171
9171
9171
9171
9171
9171
9172
9172
9172
9172
9172
9172
9172
9172
9172
9172
9172
9172
9173
9173
9173
9173
9173
9173
9173
9173
9173
9173
9173
9173
9173
9174
9174
9174
9174
9174
9174
9174
9174
9174
9174
9174
9174
9175
9175
9175
9175
9175
9175
9175
9175
9175
9175
9175
9175
9175
9176
9176
9176
9176
9176
9176
9176
9176
9176
9176
9176
9176
9177
9177
9177
9177
9177
9177
9177
9177
9177
9177
9177
9177
9177
9178
9178
9178
9178
9178
9178
9178
9178
9178
9178
9178
9178
9179
9179
9179
9179
9179
9179
9179
9179
9179
9179
9179
9179
9179
9180
9180
9180
9180
9180
9180
9180
9180
9180
9180
9180
9180
9181
9181
9181
9181
9181
9181
9181
9181
9181
9181
9181
9181
9181
9182
9182
9182
9182
9182
9182
9182
9182
9182
9182
9182
9182
9183
9183
9183
9183
9183
9183
9183
9183
9183
9183
9183
9183
9183
9184
9184
9184
9184
9184
9184
9184
9184
9184
9184
9184
9184
9185
9185
9185
9185
9185
9185
9185
9185
9185
9185
9185
9185
9185
9186
9186
9186
9186
9186
9186
9186
9186
9186
9186
9186
9186
9187
9187
9187
9187
9187
9187
9187
9187
9187
9187
9187
9187
9187
9188
9188
9188
9188
9188
9188
9188
9188
9188
9188
9188
9188
9189
9189
9189
9189
9189
9189
9189
9189
9189
9189
9189
9189
9189
9190
9190
9190
9190
9190
9190
9190
9190
9190
9190
9190
9190
9191
9191
9191
9191
9191
9191
9191
9191
9191
9191
9191
9191
9191
9192
9192
9192
9192
9192
9192
9192
9192
9192
9192
9192
9192
9193
9193
9193
9193
9193
9193
9193
9193
9193
9193
9193
9193
9193
9194
9194
9194
9194
9194
9194
9194
9194
9194
9194
9194
9194
9195
9195
9195
9195
9195
9195
9195
9195
9195
9195
9195
9195
9195
9196
9196
9196
9196
9196
9196
9196
9196
9196
9196
9196
9196
9197
9197
9197
9197
9197
9197
9197
9197
9197
9197
9197
9197
9197
9198
9198
9198
9198
9198
9198
9198
9198
9198
9198
9198
9198
9199
9199
9199
9199
9199
9199
9199
9199
9199
9199
9199
9199
9199
9200
9200
9200
9200
9200
9200
9200
9200
9200
9200
9200
9200
9201
9201
9201
9201
9201
9201
9201
9201
9201
9201
9201
9201
9201
9202
9202
9202
9202
9202
9202
9202
9202
9202
9202
9202
9202
9203
9203
9203
9203
9203
9203
9203
9203
9203
9203
9203
9203
9203
9204
9204
9204
9204
9204
9204
9204
9204
9204
9204
9204
9204
9205
9205
9205
9205
9205
9205
9205
9205
9205
9205
9205
9205
9205
9206
9206
9206
9206
9206
9206
9206
9206
9206
9206
9206
9206
9207
9207
9207
9207
9207
9207
9207
9207
9207
9207
9207
9207
9207
9208
9208
9208
9208
9208
9208
9208
9208
9208
9208
9208
9208
9209
9209
9209
9209
9209
9209
9209
9209
9209
9209
9209
9209
9209
9210
9210
9210
9210
9210
9210
9210
9210
9210
9210
9210
9210
9211
9211
9211
9211
9211
9211
9211
9211
9211
9211
9211
9211
9211
9212
9212
9212
9212
9212
9212
9212
9212
9212
9212
9212
9212
9213
9213
9213
9213
9213
9213
9213
9213
9213
9213
9213
9213
9213
9214
9214
9214
9214
9214
9214
9214
9214
9214
9214
9214
9214
9215
9215
9215
9215
9215
9215
9215
9215
9215
9215
9215
9215
9215
9216
9216
9216
9216
9216
9216
9216
9216
9216
9216
9216
9216
9217
9217
9217
9217
9217
9217
9217
9217
9217
9217
9217
9217
9217
9218
9218
9218
9218
9218
9218
9218
9218
9218
9218
9218
9218
9219
9219
9219
9219
9219
9219
9219
9219
9219
9219
9219
9219
9219
9220
9220
9220
9220
9220
9220
9220
9220
9220
9220
9220
9220
9221
9221
9221
9221
9221
9221
9221
9221
9221
9221
9221
9221
9221
9222
9222
9222
9222
9222
9222
9222
9222
9222
9222
9222
9222
9223
9223
9223
9223
9223
9223
9223
9223
9223
9223
9223
9223
9223
9224
9224
9224
9224
9224
9224
9224
9224
9224
9224
9224
9224
9225
9225
9225
9225
9225
9225
9225
9225
9225
9225
9225
9225
9225
9226
9226
9226
9226
9226
9226
9226
9226
9226
9226
9226
9226
9227
9227
9227
9227
9227
9227
9227
9227
9227
9227
9227
9227
9227
9228
9228
9228
9228
9228
9228
9228
9228
9228
9228
9228
9228
9229
9229
9229
9229
9229
9229
9229
9229
9229
9229
9229
9229
9229
9230
9230
9230
9230
9230
9230
9230
9230
9230
9230
9230
9230
9231
9231
9231
9231
9231
9231
9231
9231
9231
9231
9231
9231
9231
9232
9232
9232
9232
9232
9232
9232
9232
9232
9232
9232
9232
9233
9233
9233
9233
9233
9233
9233
9233
9233
9233
9233
9233
9233
9234
9234
9234
9234
9234
9234
9234
9234
9234
9234
9234
9234
9235
9235
9235
9235
9235
9235
9235
9235
9235
9235
9235
9235
9235
9236
9236
9236
9236
9236
9236
9236
9236
9236
9236
9236
9236
9237
9237
9237
9237
9237
9237
9237
9237
9237
9237
9237
9237
9237
9238
9238
9238
9238
9238
9238
9238
9238
9238
9238
9238
9238
9239
9239
9239
9239
9239
9239
9239
9239
9239
9239
9239
9239
9239
9240
9240
9240
9240
9240
9240
9240
9240
9240
9240
9240
9240
9241
9241
9241
9241
9241
9241
9241
9241
9241
9241
9241
9241
9241
9242
9242
9242
9242
9242
9242
9242
9242
9242
9242
9242
9242
9243
9243
9243
9243
9243
9243
9243
9243
9243
9243
9243
9243
9243
9244
9244
9244
9244
9244
9244
9244
9244
9244
9244
9244
9244
9245
9245
9245
9245
9245
9245
9245
9245
9245
9245
9245
9245
9245
9246
9246
9246
9246
9246
9246
9246
9246
9246
9246
9246
9246
9247
9247
9247
9247
9247
9247
9247
9247
9247
9247
9247
9247
9247
9248
9248
9248
9248
9248
9248
9248
9248
9248
9248
9248
9248
9249
9249
9249
9249
9249
9249
9249
9249
9249
9249
9249
9249
9249
9250
9250
9250
9250
9250
9250
9250
9250
9250
9250
9250
9250
9251
9251
9251
9251
9251
9251
9251
9251
9251
9251
9251
9251
9251
9252
9252
9252
9252
9252
9252
9252
9252
9252
9252
9252
9252
9253
9253
9253
9253
9253
9253
9253
9253
9253
9253
9253
9253
9253
9254
9254
9254
9254
9254
9254
9254
9254
9254
9254
9254
9254
9255
9255
9255
9255
9255
9255
9255
9255
9255
9255
9255
9255
9255
9256
9256
9256
9256
9256
9256
9256
9256
9256
9256
9256
9256
9257
9257
9257
9257
9257
9257
9257
9257
9257
9257
9257
9257
9257
9258
9258
9258
9258
9258
9258
9258
9258
9258
9258
9258
9258
9259
9259
9259
9259
9259
9259
9259
9259
9259
9259
9259
9259
9259
9260
9260
9260
9260
9260
9260
9260
9260
9260
9260
9260
9260
9261
9261
9261
9261
9261
9261
9261
9261
9261
9261
9261
9261
9261
9262
9262
9262
9262
9262
9262
9262
9262
9262
9262
9262
9262
9263
9263
9263
9263
9263
9263
9263
9263
9263
9263
9263
9263
9263
9264
9264
9264
9264
9264
9264
9264
9264
9264
9264
9264
9264
9265
9265
9265
9265
9265
9265
9265
9265
9265
9265
9265
9265
9265
9266
9266
9266
9266
9266
9266
9266
9266
9266
9266
9266
9266
9267
9267
9267
9267
9267
9267
9267
9267
9267
9267
9267
9267
9267
9268
9268
9268
9268
9268
9268
9268
9268
9268
9268
9268
9268
9269
9269
9269
9269
9269
9269
9269
9269
9269
9269
9269
9269
9269
9270
9270
9270
9270
9270
9270
9270
9270
9270
9270
9270
9270
9271
9271
9271
9271
9271
9271
9271
9271
9271
9271
9271
9271
9271
9272
9272
9272
9272
9272
9272
9272
9272
9272
9272
9272
9272
9273
9273
9273
9273
9273
9273
9273
9273
9273
9273
9273
9273
9273
9274
9274
9274
9274
9274
9274
9274
9274
9274
9274
9274
9274
9275
9275
9275
9275
9275
9275
9275
9275
9275
9275
9275
9275
9275
9276
9276
9276
9276
9276
9276
9276
9276
9276
9276
9276
9276
9277
9277
9277
9277
9277
9277
9277
9277
9277
9277
9277
9277
9277
9278
9278
9278
9278
9278
9278
9278
9278
9278
9278
9278
9278
9279
9279
9279
9279
9279
9279
9279
9279
9279
9279
9279
9279
9279
9280
9280
9280
9280
9280
9280
9280
9280
9280
9280
9280
9280
9281
9281
9281
9281
9281
9281
9281
9281
9281
9281
9281
9281
9281
9282
9282
9282
9282
9282
9282
9282
9282
9282
9282
9282
9282
9283
9283
9283
9283
9283
9283
9283
9283
9283
9283
9283
9283
9283
9284
9284
9284
9284
9284
9284
9284
9284
9284
9284
9284
9284
9285
9285
9285
9285
9285
9285
9285
9285
9285
9285
9285
9285
9285
9286
9286
9286
9286
9286
9286
9286
9286
9286
9286
9286
9286
9287
9287
9287
9287
9287
9287
9287
9287
9287
9287
9287
9287
9287
9288
9288
9288
9288
9288
9288
9288
9288
9288
9288
9288
9288
9289
9289
9289
9289
9289
9289
9289
9289
9289
9289
9289
9289
9289
9290
9290
9290
9290
9290
9290
9290
9290
9290
9290
9290
9290
9291
9291
9291
9291
9291
9291
9291
9291
9291
9291
9291
9291
9291
9292
9292
9292
9292
9292
9292
9292
9292
9292
9292
9292
9292
9293
9293
9293
9293
9293
9293
9293
9293
9293
9293
9293
9293
9293
9294
9294
9294
9294
9294
9294
9294
9294
9294
9294
9294
9294
9295
9295
9295
9295
9295
9295
9295
9295
9295
9295
9295
9295
9295
9296
9296
9296
9296
9296
9296
9296
9296
9296
9296
9296
9296
9297
9297
9297
9297
9297
9297
9297
9297
9297
9297
9297
9297
9297
9298
9298
9298
9298
9298
9298
9298
9298
9298
9298
9298
9298
9299
9299
9299
9299
9299
9299
9299
9299
9299
9299
9299
9299
9299
9300
9300
9300
9300
9300
9300
9300
9300
9300
9300
9300
9300
9301
9301
9301
9301
9301
9301
9301
9301
9301
9301
9301
9301
9301
9302
9302
9302
9302
9302
9302
9302
9302
9302
9302
9302
9302
9303
9303
9303
9303
9303
9303
9303
9303
9303
9303
9303
9303
9303
9304
9304
9304
9304
9304
9304
9304
9304
9304
9304
9304
9304
9305
9305
9305
9305
9305
9305
9305
9305
9305
9305
9305
9305
9305
9306
9306
9306
9306
9306
9306
9306
9306
9306
9306
9306
9306
9307
9307
9307
9307
9307
9307
9307
9307
9307
9307
9307
9307
9307
9308
9308
9308
9308
9308
9308
9308
9308
9308
9308
9308
9308
9309
9309
9309
9309
9309
9309
9309
9309
9309
9309
9309
9309
9309
9310
9310
9310
9310
9310
9310
9310
9310
9310
9310
9310
9310
9311
9311
9311
9311
9311
9311
9311
9311
9311
9311
9311
9311
9311
9312
9312
9312
9312
9312
9312
9312
9312
9312
9312
9312
9312
9313
9313
9313
9313
9313
9313
9313
9313
9313
9313
9313
9313
9313
9314
9314
9314
9314
9314
9314
9314
9314
9314
9314
9314
9314
9315
9315
9315
9315
9315
9315
9315
9315
9315
9315
9315
9315
9315
9316
9316
9316
9316
9316
9316
9316
9316
9316
9316
9316
9316
9317
9317
9317
9317
9317
9317
9317
9317
9317
9317
9317
9317
9317
9318
9318
9318
9318
9318
9318
9318
9318
9318
9318
9318
9318
9319
9319
9319
9319
9319
9319
9319
9319
9319
9319
9319
9319
9319
9320
9320
9320
9320
9320
9320
9320
9320
9320
9320
9320
9320
9321
9321
9321
9321
9321
9321
9321
9321
9321
9321
9321
9321
9321
9322
9322
9322
9322
9322
9322
9322
9322
9322
9322
9322
9322
9323
9323
9323
9323
9323
9323
9323
9323
9323
9323
9323
9323
9323
9324
9324
9324
9324
9324
9324
9324
9324
9324
9324
9324
9324
9325
9325
9325
9325
9325
9325
9325
9325
9325
9325
9325
9325
9325
9326
9326
9326
9326
9326
9326
9326
9326
9326
9326
9326
9326
9327
9327
9327
9327
9327
9327
9327
9327
9327
9327
9327
9327
9327
9328
9328
9328
9328
9328
9328
9328
9328
9328
9328
9328
9328
9329
9329
9329
9329
9329
9329
9329
9329
9329
9329
9329
9329
9329
9330
9330
9330
9330
9330
9330
9330
9330
9330
9330
9330
9330
9331
9331
9331
9331
9331
9331
9331
9331
9331
9331
9331
9331
9331
9332
9332
9332
9332
9332
9332
9332
9332
9332
9332
9332
9332
9333
9333
9333
9333
9333
9333
9333
9333
9333
9333
9333
9333
9333
9334
9334
9334
9334
9334
9334
9334
9334
9334
9334
9334
9334
9335
9335
9335
9335
9335
9335
9335
9335
9335
9335
9335
9335
9335
9336
9336
9336
9336
9336
9336
9336
9336
9336
9336
9336
9336
9337
9337
9337
9337
9337
9337
9337
9337
9337
9337
9337
9337
9337
9338
9338
9338
9338
9338
9338
9338
9338
9338
9338
9338
9338
9339
9339
9339
9339
9339
9339
9339
9339
9339
9339
9339
9339
9339
9340
9340
9340
9340
9340
9340
9340
9340
9340
9340
9340
9340
9341
9341
9341
9341
9341
9341
9341
9341
9341
9341
9341
9341
9341
9342
9342
9342
9342
9342
9342
9342
9342
9342
9342
9342
9342
9343
9343
9343
9343
9343
9343
9343
9343
9343
9343
9343
9343
9343
9344
9344
9344
9344
9344
9344
9344
9344
9344
9344
9344
9344
9345
9345
9345
9345
9345
9345
9345
9345
9345
9345
9345
9345
9345
9346
9346
9346
9346
9346
9346
9346
9346
9346
9346
9346
9346
9347
9347
9347
9347
9347
9347
9347
9347
9347
9347
9347
9347
9347
9348
9348
9348
9348
9348
9348
9348
9348
9348
9348
9348
9348
9349
9349
9349
9349
9349
9349
9349
9349
9349
9349
9349
9349
9349
9350
9350
9350
9350
9350
9350
9350
9350
9350
9350
9350
9350
9351
9351
9351
9351
9351
9351
9351
9351
9351
9351
9351
9351
9351
9352
9352
9352
9352
9352
9352
9352
9352
9352
9352
9352
9352
9353
9353
9353
9353
9353
9353
9353
9353
9353
9353
9353
9353
9353
9354
9354
9354
9354
9354
9354
9354
9354
9354
9354
9354
9354
9355
9355
9355
9355
9355
9355
9355
9355
9355
9355
9355
9355
9355
9356
9356
9356
9356
9356
9356
9356
9356
9356
9356
9356
9356
9357
9357
9357
9357
9357
9357
9357
9357
9357
9357
9357
9357
9357
9358
9358
9358
9358
9358
9358
9358
9358
9358
9358
9358
9358
9359
9359
9359
9359
9359
9359
9359
9359
9359
9359
9359
9359
9359
9360
9360
9360
9360
9360
9360
9360
9360
9360
9360
9360
9360
9361
9361
9361
9361
9361
9361
9361
9361
9361
9361
9361
9361
9361
9362
9362
9362
9362
9362
9362
9362
9362
9362
9362
9362
9362
9363
9363
9363
9363
9363
9363
9363
9363
9363
9363
9363
9363
9363
9364
9364
9364
9364
9364
9364
9364
9364
9364
9364
9364
9364
9365
9365
9365
9365
9365
9365
9365
9365
9365
9365
9365
9365
9365
9366
9366
9366
9366
9366
9366
9366
9366
9366
9366
9366
9366
9367
9367
9367
9367
9367
9367
9367
9367
9367
9367
9367
9367
9367
9368
9368
9368
9368
9368
9368
9368
9368
9368
9368
9368
9368
9369
9369
9369
9369
9369
9369
9369
9369
9369
9369
9369
9369
9369
9370
9370
9370
9370
9370
9370
9370
9370
9370
9370
9370
9370
9371
9371
9371
9371
9371
9371
9371
9371
9371
9371
9371
9371
9371
9372
9372
9372
9372
9372
9372
9372
9372
9372
9372
9372
9372
9373
9373
9373
9373
9373
9373
9373
9373
9373
9373
9373
9373
9373
9374
9374
9374
9374
9374
9374
9374
9374
9374
9374
9374
9374
9375
9375
9375
9375
9375
9375
9375
9375
9375
9375
9375
9375
9375
9376
9376
9376
9376
9376
9376
9376
9376
9376
9376
9376
9376
9377
9377
9377
9377
9377
9377
9377
9377
9377
9377
9377
9377
9377
9378
9378
9378
9378
9378
9378
9378
9378
9378
9378
9378
9378
9379
9379
9379
9379
9379
9379
9379
9379
9379
9379
9379
9379
9379
9380
9380
9380
9380
9380
9380
9380
9380
9380
9380
9380
9380
9381
9381
9381
9381
9381
9381
9381
9381
9381
9381
9381
9381
9381
9382
9382
9382
9382
9382
9382
9382
9382
9382
9382
9382
9382
9383
9383
9383
9383
9383
9383
9383
9383
9383
9383
9383
9383
9383
9384
9384
9384
9384
9384
9384
9384
9384
9384
9384
9384
9384
9385
9385
9385
9385
9385
9385
9385
9385
9385
9385
9385
9385
9385
9386
9386
9386
9386
9386
9386
9386
9386
9386
9386
9386
9386
9387
9387
9387
9387
9387
9387
9387
9387
9387
9387
9387
9387
9387
9388
9388
9388
9388
9388
9388
9388
9388
9388
9388
9388
9388
9389
9389
9389
9389
9389
9389
9389
9389
9389
9389
9389
9389
9389
9390
9390
9390
9390
9390
9390
9390
9390
9390
9390
9390
9390
9391
9391
9391
9391
9391
9391
9391
9391
9391
9391
9391
9391
9391
9392
9392
9392
9392
9392
9392
9392
9392
9392
9392
9392
9392
9393
9393
9393
9393
9393
9393
9393
9393
9393
9393
9393
9393
9393
9394
9394
9394
9394
9394
9394
9394
9394
9394
9394
9394
9394
9395
9395
9395
9395
9395
9395
9395
9395
9395
9395
9395
9395
9395
9396
9396
9396
9396
9396
9396
9396
9396
9396
9396
9396
9396
9397
9397
9397
9397
9397
9397
9397
9397
9397
9397
9397
9397
9397
9398
9398
9398
9398
9398
9398
9398
9398
9398
9398
9398
9398
9399
9399
9399
9399
9399
9399
9399
9399
9399
9399
9399
9399
9399
9400
9400
9400
9400
9400
9400
9400
9400
9400
9400
9400
9400
9401
9401
9401
9401
9401
9401
9401
9401
9401
9401
9401
9401
9401
9402
9402
9402
9402
9402
9402
9402
9402
9402
9402
9402
9402
9403
9403
9403
9403
9403
9403
9403
9403
9403
9403
9403
9403
9403
9404
9404
9404
9404
9404
9404
9404
9404
9404
9404
9404
9404
9405
9405
9405
9405
9405
9405
9405
9405
9405
9405
9405
9405
9405
9406
9406
9406
9406
9406
9406
9406
9406
9406
9406
9406
9406
9407
9407
9407
9407
9407
9407
9407
9407
9407
9407
9407
9407
9407
9408
9408
9408
9408
9408
9408
9408
9408
9408
9408
9408
9408
9409
9409
9409
9409
9409
9409
9409
9409
9409
9409
9409
9409
9409
9410
9410
9410
9410
9410
9410
9410
9410
9410
9410
9410
9410
9411
9411
9411
9411
9411
9411
9411
9411
9411
9411
9411
9411
9411
9412
9412
9412
9412
9412
9412
9412
9412
9412
9412
9412
9412
9413
9413
9413
9413
9413
9413
9413
9413
9413
9413
9413
9413
9413
9414
9414
9414
9414
9414
9414
9414
9414
9414
9414
9414
9414
9415
9415
9415
9415
9415
9415
9415
9415
9415
9415
9415
9415
9415
9416
9416
9416
9416
9416
9416
9416
9416
9416
9416
9416
9416
9417
9417
9417
9417
9417
9417
9417
9417
9417
9417
9417
9417
9417
9418
9418
9418
9418
9418
9418
9418
9418
9418
9418
9418
9418
9419
9419
9419
9419
9419
9419
9419
9419
9419
9419
9419
9419
9419
9420
9420
9420
9420
9420
9420
9420
9420
9420
9420
9420
9420
9421
9421
9421
9421
9421
9421
9421
9421
9421
9421
9421
9421
9421
9422
9422
9422
9422
9422
9422
9422
9422
9422
9422
9422
9422
9423
9423
9423
9423
9423
9423
9423
9423
9423
9423
9423
9423
9423
9424
9424
9424
9424
9424
9424
9424
9424
9424
9424
9424
9424
9425
9425
9425
9425
9425
9425
9425
9425
9425
9425
9425
9425
9425
9426
9426
9426
9426
9426
9426
9426
9426
9426
9426
9426
9426
9427
9427
9427
9427
9427
9427
9427
9427
9427
9427
9427
9427
9427
9428
9428
9428
9428
9428
9428
9428
9428
9428
9428
9428
9428
9429
9429
9429
9429
9429
9429
9429
9429
9429
9429
9429
9429
9429
9430
9430
9430
9430
9430
9430
9430
9430
9430
9430
9430
9430
9431
9431
9431
9431
9431
9431
9431
9431
9431
9431
9431
9431
9431
9432
9432
9432
9432
9432
9432
9432
9432
9432
9432
9432
9432
9433
9433
9433
9433
9433
9433
9433
9433
9433
9433
9433
9433
9433
9434
9434
9434
9434
9434
9434
9434
9434
9434
9434
9434
9434
9435
9435
9435
9435
9435
9435
9435
9435
9435
9435
9435
9435
9435
9436
9436
9436
9436
9436
9436
9436
9436
9436
9436
9436
9436
9437
9437
9437
9437
9437
9437
9437
9437
9437
9437
9437
9437
9437
9438
9438
9438
9438
9438
9438
9438
9438
9438
9438
9438
9438
9439
9439
9439
9439
9439
9439
9439
9439
9439
9439
9439
9439
9439
9440
9440
9440
9440
9440
9440
9440
9440
9440
9440
9440
9440
9441
9441
9441
9441
9441
9441
9441
9441
9441
9441
9441
9441
9441
9442
9442
9442
9442
9442
9442
9442
9442
9442
9442
9442
9442
9443
9443
9443
9443
9443
9443
9443
9443
9443
9443
9443
9443
9443
9444
9444
9444
9444
9444
9444
9444
9444
9444
9444
9444
9444
9445
9445
9445
9445
9445
9445
9445
9445
9445
9445
9445
9445
9445
9446
9446
9446
9446
9446
9446
9446
9446
9446
9446
9446
9446
9447
9447
9447
9447
9447
9447
9447
9447
9447
9447
9447
9447
9447
9448
9448
9448
9448
9448
9448
9448
9448
9448
9448
9448
9448
9449
9449
9449
9449
9449
9449
9449
9449
9449
9449
9449
9449
9449
9450
9450
9450
9450
9450
9450
9450
9450
9450
9450
9450
9450
9451
9451
9451
9451
9451
9451
9451
9451
9451
9451
9451
9451
9451
9452
9452
9452
9452
9452
9452
9452
9452
9452
9452
9452
9452
9453
9453
9453
9453
9453
9453
9453
9453
9453
9453
9453
9453
9453
9454
9454
9454
9454
9454
9454
9454
9454
9454
9454
9454
9454
9455
9455
9455
9455
9455
9455
9455
9455
9455
9455
9455
9455
9455
9456
9456
9456
9456
9456
9456
9456
9456
9456
9456
9456
9456
9457
9457
9457
9457
9457
9457
9457
9457
9457
9457
9457
9457
9457
9458
9458
9458
9458
9458
9458
9458
9458
9458
9458
9458
9458
9459
9459
9459
9459
9459
9459
9459
9459
9459
9459
9459
9459
9459
9460
9460
9460
9460
9460
9460
9460
9460
9460
9460
9460
9460
9461
9461
9461
9461
9461
9461
9461
9461
9461
9461
9461
9461
9461
9462
9462
9462
9462
9462
9462
9462
9462
9462
9462
9462
9462
9463
9463
9463
9463
9463
9463
9463
9463
9463
9463
9463
9463
9463
9464
9464
9464
9464
9464
9464
9464
9464
9464
9464
9464
9464
9465
9465
9465
9465
9465
9465
9465
9465
9465
9465
9465
9465
9465
9466
9466
9466
9466
9466
9466
9466
9466
9466
9466
9466
9466
9467
9467
9467
9467
9467
9467
9467
9467
9467
9467
9467
9467
9467
9468
9468
9468
9468
9468
9468
9468
9468
9468
9468
9468
9468
9469
9469
9469
9469
9469
9469
9469
9469
9469
9469
9469
9469
9469
9470
9470
9470
9470
9470
9470
9470
9470
9470
9470
9470
9470
9471
9471
9471
9471
9471
9471
9471
9471
9471
9471
9471
9471
9471
9472
9472
9472
9472
9472
9472
9472
9472
9472
9472
9472
9472
9473
9473
9473
9473
9473
9473
9473
9473
9473
9473
9473
9473
9473
9474
9474
9474
9474
9474
9474
9474
9474
9474
9474
9474
9474
9475
9475
9475
9475
9475
9475
9475
9475
9475
9475
9475
9475
9475
9476
9476
9476
9476
9476
9476
9476
9476
9476
9476
9476
9476
9477
9477
9477
9477
9477
9477
9477
9477
9477
9477
9477
9477
9477
9478
9478
9478
9478
9478
9478
9478
9478
9478
9478
9478
9478
9479
9479
9479
9479
9479
9479
9479
9479
9479
9479
9479
9479
9479
9480
9480
9480
9480
9480
9480
9480
9480
9480
9480
9480
9480
9481
9481
9481
9481
9481
9481
9481
9481
9481
9481
9481
9481
9481
9482
9482
9482
9482
9482
9482
9482
9482
9482
9482
9482
9482
9483
9483
9483
9483
9483
9483
9483
9483
9483
9483
9483
9483
9483
9484
9484
9484
9484
9484
9484
9484
9484
9484
9484
9484
9484
9485
9485
9485
9485
9485
9485
9485
9485
9485
9485
9485
9485
9485
9486
9486
9486
9486
9486
9486
9486
9486
9486
9486
9486
9486
9487
9487
9487
9487
9487
9487
9487
9487
9487
9487
9487
9487
9487
9488
9488
9488
9488
9488
9488
9488
9488
9488
9488
9488
9488
9489
9489
9489
9489
9489
9489
9489
9489
9489
9489
9489
9489
9489
9490
9490
9490
9490
9490
9490
9490
9490
9490
9490
9490
9490
9491
9491
9491
9491
9491
9491
9491
9491
9491
9491
9491
9491
9491
9492
9492
9492
9492
9492
9492
9492
9492
9492
9492
9492
9492
9493
9493
9493
9493
9493
9493
9493
9493
9493
9493
9493
9493
9493
9494
9494
9494
9494
9494
9494
9494
9494
9494
9494
9494
9494
9495
9495
9495
9495
9495
9495
9495
9495
9495
9495
9495
9495
9495
9496
9496
9496
9496
9496
9496
9496
9496
9496
9496
9496
9496
9497
9497
9497
9497
9497
9497
9497
9497
9497
9497
9497
9497
9497
9498
9498
9498
9498
9498
9498
9498
9498
9498
9498
9498
9498
9499
9499
9499
9499
9499
9499
9499
9499
9499
9499
9499
9499
9499
9500
9500
9500
9500
9500
9500
9500
9500
9500
9500
9500
9500
9501
9501
9501
9501
9501
9501
9501
9501
9501
9501
9501
9501
9501
9502
9502
9502
9502
9502
9502
9502
9502
9502
9502
9502
9502
9503
9503
9503
9503
9503
9503
9503
9503
9503
9503
9503
9503
9503
9504
9504
9504
9504
9504
9504
9504
9504
9504
9504
9504
9504
9505
9505
9505
9505
9505
9505
9505
9505
9505
9505
9505
9505
9505
9506
9506
9506
9506
9506
9506
9506
9506
9506
9506
9506
9506
9507
9507
9507
9507
9507
9507
9507
9507
9507
9507
9507
9507
9507
9508
9508
9508
9508
9508
9508
9508
9508
9508
9508
9508
9508
9509
9509
9509
9509
9509
9509
9509
9509
9509
9509
9509
9509
9509
9510
9510
9510
9510
9510
9510
9510
9510
9510
9510
9510
9510
9511
9511
9511
9511
9511
9511
9511
9511
9511
9511
9511
9511
9511
9512
9512
9512
9512
9512
9512
9512
9512
9512
9512
9512
9512
9513
9513
9513
9513
9513
9513
9513
9513
9513
9513
9513
9513
9513
9514
9514
9514
9514
9514
9514
9514
9514
9514
9514
9514
9514
9515
9515
9515
9515
9515
9515
9515
9515
9515
9515
9515
9515
9515
9516
9516
9516
9516
9516
9516
9516
9516
9516
9516
9516
9516
9517
9517
9517
9517
9517
9517
9517
9517
9517
9517
9517
9517
9517
9518
9518
9518
9518
9518
9518
9518
9518
9518
9518
9518
9518
9519
9519
9519
9519
9519
9519
9519
9519
9519
9519
9519
9519
9519
9520
9520
9520
9520
9520
9520
9520
9520
9520
9520
9520
9520
9521
9521
9521
9521
9521
9521
9521
9521
9521
9521
9521
9521
9521
9522
9522
9522
9522
9522
9522
9522
9522
9522
9522
9522
9522
9523
9523
9523
9523
9523
9523
9523
9523
9523
9523
9523
9523
9523
9524
9524
9524
9524
9524
9524
9524
9524
9524
9524
9524
9524
9525
9525
9525
9525
9525
9525
9525
9525
9525
9525
9525
9525
9525
9526
9526
9526
9526
9526
9526
9526
9526
9526
9526
9526
9526
9527
9527
9527
9527
9527
9527
9527
9527
9527
9527
9527
9527
9527
9528
9528
9528
9528
9528
9528
9528
9528
9528
9528
9528
9528
9529
9529
9529
9529
9529
9529
9529
9529
9529
9529
9529
9529
9529
9530
9530
9530
9530
9530
9530
9530
9530
9530
9530
9530
9530
9531
9531
9531
9531
9531
9531
9531
9531
9531
9531
9531
9531
9531
9532
9532
9532
9532
9532
9532
9532
9532
9532
9532
9532
9532
9533
9533
9533
9533
9533
9533
9533
9533
9533
9533
9533
9533
9533
9534
9534
9534
9534
9534
9534
9534
9534
9534
9534
9534
9534
9535
9535
9535
9535
9535
9535
9535
9535
9535
9535
9535
9535
9535
9536
9536
9536
9536
9536
9536
9536
9536
9536
9536
9536
9536
9537
9537
9537
9537
9537
9537
9537
9537
9537
9537
9537
9537
9537
9538
9538
9538
9538
9538
9538
9538
9538
9538
9538
9538
9538
9539
9539
9539
9539
9539
9539
9539
9539
9539
9539
9539
9539
9539
9540
9540
9540
9540
9540
9540
9540
9540
9540
9540
9540
9540
9541
9541
9541
9541
9541
9541
9541
9541
9541
9541
9541
9541
9541
9542
9542
9542
9542
9542
9542
9542
9542
9542
9542
9542
9542
9543
9543
9543
9543
9543
9543
9543
9543
9543
9543
9543
9543
9543
9544
9544
9544
9544
9544
9544
9544
9544
9544
9544
9544
9544
9545
9545
9545
9545
9545
9545
9545
9545
9545
9545
9545
9545
9545
9546
9546
9546
9546
9546
9546
9546
9546
9546
9546
9546
9546
9547
9547
9547
9547
9547
9547
9547
9547
9547
9547
9547
9547
9547
9548
9548
9548
9548
9548
9548
9548
9548
9548
9548
9548
9548
9549
9549
9549
9549
9549
9549
9549
9549
9549
9549
9549
9549
9549
9550
9550
9550
9550
9550
9550
9550
9550
9550
9550
9550
9550
9551
9551
9551
9551
9551
9551
9551
9551
9551
9551
9551
9551
9551
9552
9552
9552
9552
9552
9552
9552
9552
9552
9552
9552
9552
9553
9553
9553
9553
9553
9553
9553
9553
9553
9553
9553
9553
9553
9554
9554
9554
9554
9554
9554
9554
9554
9554
9554
9554
9554
9555
9555
9555
9555
9555
9555
9555
9555
9555
9555
9555
9555
9555
9556
9556
9556
9556
9556
9556
9556
9556
9556
9556
9556
9556
9557
9557
9557
9557
9557
9557
9557
9557
9557
9557
9557
9557
9557
9558
9558
9558
9558
9558
9558
9558
9558
9558
9558
9558
9558
9559
9559
9559
9559
9559
9559
9559
9559
9559
9559
9559
9559
9559
9560
9560
9560
9560
9560
9560
9560
9560
9560
9560
9560
9560
9561
9561
9561
9561
9561
9561
9561
9561
9561
9561
9561
9561
9561
9562
9562
9562
9562
9562
9562
9562
9562
9562
9562
9562
9562
9563
9563
9563
9563
9563
9563
9563
9563
9563
9563
9563
9563
9563
9564
9564
9564
9564
9564
9564
9564
9564
9564
9564
9564
9564
9565
9565
9565
9565
9565
9565
9565
9565
9565
9565
9565
9565
9565
9566
9566
9566
9566
9566
9566
9566
9566
9566
9566
9566
9566
9567
9567
9567
9567
9567
9567
9567
9567
9567
9567
9567
9567
9567
9568
9568
9568
9568
9568
9568
9568
9568
9568
9568
9568
9568
9569
9569
9569
9569
9569
9569
9569
9569
9569
9569
9569
9569
9569
9570
9570
9570
9570
9570
9570
9570
9570
9570
9570
9570
9570
9571
9571
9571
9571
9571
9571
9571
9571
9571
9571
9571
9571
9571
9572
9572
9572
9572
9572
9572
9572
9572
9572
9572
9572
9572
9573
9573
9573
9573
9573
9573
9573
9573
9573
9573
9573
9573
9573
9574
9574
9574
9574
9574
9574
9574
9574
9574
9574
9574
9574
9575
9575
9575
9575
9575
9575
9575
9575
9575
9575
9575
9575
9575
9576
9576
9576
9576
9576
9576
9576
9576
9576
9576
9576
9576
9577
9577
9577
9577
9577
9577
9577
9577
9577
9577
9577
9577
9577
9578
9578
9578
9578
9578
9578
9578
9578
9578
9578
9578
9578
9579
9579
9579
9579
9579
9579
9579
9579
9579
9579
9579
9579
9579
9580
9580
9580
9580
9580
9580
9580
9580
9580
9580
9580
9580
9581
9581
9581
9581
9581
9581
9581
9581
9581
9581
9581
9581
9581
9582
9582
9582
9582
9582
9582
9582
9582
9582
9582
9582
9582
9583
9583
9583
9583
9583
9583
9583
9583
9583
9583
9583
9583
9583
9584
9584
9584
9584
9584
9584
9584
9584
9584
9584
9584
9584
9585
9585
9585
9585
9585
9585
9585
9585
9585
9585
9585
9585
9585
9586
9586
9586
9586
9586
9586
9586
9586
9586
9586
9586
9586
9587
9587
9587
9587
9587
9587
9587
9587
9587
9587
9587
9587
9587
9588
9588
9588
9588
9588
9588
9588
9588
9588
9588
9588
9588
9589
9589
9589
9589
9589
9589
9589
9589
9589
9589
9589
9589
9589
9590
9590
9590
9590
9590
9590
9590
9590
9590
9590
9590
9590
9591
9591
9591
9591
9591
9591
9591
9591
9591
9591
9591
9591
9591
9592
9592
9592
9592
9592
9592
9592
9592
9592
9592
9592
9592
9593
9593
9593
9593
9593
9593
9593
9593
9593
9593
9593
9593
9593
9594
9594
9594
9594
9594
9594
9594
9594
9594
9594
9594
9594
9595
9595
9595
9595
9595
9595
9595
9595
9595
9595
9595
9595
9595
9596
9596
9596
9596
9596
9596
9596
9596
9596
9596
9596
9596
9597
9597
9597
9597
9597
9597
9597
9597
9597
9597
9597
9597
9597
9598
9598
9598
9598
9598
9598
9598
9598
9598
9598
9598
9598
9599
9599
9599
9599
9599
9599
9599
9599
9599
9599
9599
9599
9599
9600
9600
9600
9600
9600
9600
9600
9600
9600
9600
9600
9600
9601
9601
9601
9601
9601
9601
9601
9601
9601
9601
9601
9601
9601
9602
9602
9602
9602
9602
9602
9602
9602
9602
9602
9602
9602
9603
9603
9603
9603
9603
9603
9603
9603
9603
9603
9603
9603
9603
9604
9604
9604
9604
9604
9604
9604
9604
9604
9604
9604
9604
9605
9605
9605
9605
9605
9605
9605
9605
9605
9605
9605
9605
9605
9606
9606
9606
9606
9606
9606
9606
9606
9606
9606
9606
9606
9607
9607
9607
9607
9607
9607
9607
9607
9607
9607
9607
9607
9607
9608
9608
9608
9608
9608
9608
9608
9608
9608
9608
9608
9608
9609
9609
9609
9609
9609
9609
9609
9609
9609
9609
9609
9609
9609
9610
9610
9610
9610
9610
9610
9610
9610
9610
9610
9610
9610
9611
9611
9611
9611
9611
9611
9611
9611
9611
9611
9611
9611
9611
9612
9612
9612
9612
9612
9612
9612
9612
9612
9612
9612
9612
9613
9613
9613
9613
9613
9613
9613
9613
9613
9613
9613
9613
9613
9614
9614
9614
9614
9614
9614
9614
9614
9614
9614
9614
9614
9615
9615
9615
9615
9615
9615
9615
9615
9615
9615
9615
9615
9615
9616
9616
9616
9616
9616
9616
9616
9616
9616
9616
9616
9616
9617
9617
9617
9617
9617
9617
9617
9617
9617
9617
9617
9617
9617
9618
9618
9618
9618
9618
9618
9618
9618
9618
9618
9618
9618
9619
9619
9619
9619
9619
9619
9619
9619
9619
9619
9619
9619
9619
9620
9620
9620
9620
9620
9620
9620
9620
9620
9620
9620
9620
9621
9621
9621
9621
9621
9621
9621
9621
9621
9621
9621
9621
9621
9622
9622
9622
9622
9622
9622
9622
9622
9622
9622
9622
9622
9623
9623
9623
9623
9623
9623
9623
9623
9623
9623
9623
9623
9623
9624
9624
9624
9624
9624
9624
9624
9624
9624
9624
9624
9624
9625
9625
9625
9625
9625
9625
9625
9625
9625
9625
9625
9625
9625
9626
9626
9626
9626
9626
9626
9626
9626
9626
9626
9626
9626
9627
9627
9627
9627
9627
9627
9627
9627
9627
9627
9627
9627
9627
9628
9628
9628
9628
9628
9628
9628
9628
9628
9628
9628
9628
9629
9629
9629
9629
9629
9629
9629
9629
9629
9629
9629
9629
9629
9630
9630
9630
9630
9630
9630
9630
9630
9630
9630
9630
9630
9631
9631
9631
9631
9631
9631
9631
9631
9631
9631
9631
9631
9631
9632
9632
9632
9632
9632
9632
9632
9632
9632
9632
9632
9632
9633
9633
9633
9633
9633
9633
9633
9633
9633
9633
9633
9633
9633
9634
9634
9634
9634
9634
9634
9634
9634
9634
9634
9634
9634
9635
9635
9635
9635
9635
9635
9635
9635
9635
9635
9635
9635
9635
9636
9636
9636
9636
9636
9636
9636
9636
9636
9636
9636
9636
9637
9637
9637
9637
9637
9637
9637
9637
9637
9637
9637
9637
9637
9638
9638
9638
9638
9638
9638
9638
9638
9638
9638
9638
9638
9639
9639
9639
9639
9639
9639
9639
9639
9639
9639
9639
9639
9639
9640
9640
9640
9640
9640
9640
9640
9640
9640
9640
9640
9640
9641
9641
9641
9641
9641
9641
9641
9641
9641
9641
9641
9641
9641
9642
9642
9642
9642
9642
9642
9642
9642
9642
9642
9642
9642
9643
9643
9643
9643
9643
9643
9643
9643
9643
9643
9643
9643
9643
9644
9644
9644
9644
9644
9644
9644
9644
9644
9644
9644
9644
9645
9645
9645
9645
9645
9645
9645
9645
9645
9645
9645
9645
9645
9646
9646
9646
9646
9646
9646
9646
9646
9646
9646
9646
9646
9647
9647
9647
9647
9647
9647
9647
9647
9647
9647
9647
9647
9647
9648
9648
9648
9648
9648
9648
9648
9648
9648
9648
9648
9648
9649
9649
9649
9649
9649
9649
9649
9649
9649
9649
9649
9649
9649
9650
9650
9650
9650
9650
9650
9650
9650
9650
9650
9650
9650
9651
9651
9651
9651
9651
9651
9651
9651
9651
9651
9651
9651
9651
9652
9652
9652
9652
9652
9652
9652
9652
9652
9652
9652
9652
9653
9653
9653
9653
9653
9653
9653
9653
9653
9653
9653
9653
9653
9654
9654
9654
9654
9654
9654
9654
9654
9654
9654
9654
9654
9655
9655
9655
9655
9655
9655
9655
9655
9655
9655
9655
9655
9655
9656
9656
9656
9656
9656
9656
9656
9656
9656
9656
9656
9656
9657
9657
9657
9657
9657
9657
9657
9657
9657
9657
9657
9657
9657
9658
9658
9658
9658
9658
9658
9658
9658
9658
9658
9658
9658
9659
9659
9659
9659
9659
9659
9659
9659
9659
9659
9659
9659
9659
9660
9660
9660
9660
9660
9660
9660
9660
9660
9660
9660
9660
9661
9661
9661
9661
9661
9661
9661
9661
9661
9661
9661
9661
9661
9662
9662
9662
9662
9662
9662
9662
9662
9662
9662
9662
9662
9663
9663
9663
9663
9663
9663
9663
9663
9663
9663
9663
9663
9663
9664
9664
9664
9664
9664
9664
9664
9664
9664
9664
9664
9664
9665
9665
9665
9665
9665
9665
9665
9665
9665
9665
9665
9665
9665
9666
9666
9666
9666
9666
9666
9666
9666
9666
9666
9666
9666
9667
9667
9667
9667
9667
9667
9667
9667
9667
9667
9667
9667
9667
9668
9668
9668
9668
9668
9668
9668
9668
9668
9668
9668
9668
9669
9669
9669
9669
9669
9669
9669
9669
9669
9669
9669
9669
9669
9670
9670
9670
9670
9670
9670
9670
9670
9670
9670
9670
9670
9671
9671
9671
9671
9671
9671
9671
9671
9671
9671
9671
9671
9671
9672
9672
9672
9672
9672
9672
9672
9672
9672
9672
9672
9672
9673
9673
9673
9673
9673
9673
9673
9673
9673
9673
9673
9673
9673
9674
9674
9674
9674
9674
9674
9674
9674
9674
9674
9674
9674
9675
9675
9675
9675
9675
9675
9675
9675
9675
9675
9675
9675
9675
9676
9676
9676
9676
9676
9676
9676
9676
9676
9676
9676
9676
9677
9677
9677
9677
9677
9677
9677
9677
9677
9677
9677
9677
9677
9678
9678
9678
9678
9678
9678
9678
9678
9678
9678
9678
9678
9679
9679
9679
9679
9679
9679
9679
9679
9679
9679
9679
9679
9679
9680
9680
9680
9680
9680
9680
9680
9680
9680
9680
9680
9680
9681
9681
9681
9681
9681
9681
9681
9681
9681
9681
9681
9681
9681
9682
9682
9682
9682
9682
9682
9682
9682
9682
9682
9682
9682
9683
9683
9683
9683
9683
9683
9683
9683
9683
9683
9683
9683
9683
9684
9684
9684
9684
9684
9684
9684
9684
9684
9684
9684
9684
9685
9685
9685
9685
9685
9685
9685
9685
9685
9685
9685
9685
9685
9686
9686
9686
9686
9686
9686
9686
9686
9686
9686
9686
9686
9687
9687
9687
9687
9687
9687
9687
9687
9687
9687
9687
9687
9687
9688
9688
9688
9688
9688
9688
9688
9688
9688
9688
9688
9688
9689
9689
9689
9689
9689
9689
9689
9689
9689
9689
9689
9689
9689
9690
9690
9690
9690
9690
9690
9690
9690
9690
9690
9690
9690
9691
9691
9691
9691
9691
9691
9691
9691
9691
9691
9691
9691
9691
9692
9692
9692
9692
9692
9692
9692
9692
9692
9692
9692
9692
9693
9693
9693
9693
9693
9693
9693
9693
9693
9693
9693
9693
9693
9694
9694
9694
9694
9694
9694
9694
9694
9694
9694
9694
9694
9695
9695
9695
9695
9695
9695
9695
9695
9695
9695
9695
9695
9695
9696
9696
9696
9696
9696
9696
9696
9696
9696
9696
9696
9696
9697
9697
9697
9697
9697
9697
9697
9697
9697
9697
9697
9697
9697
9698
9698
9698
9698
9698
9698
9698
9698
9698
9698
9698
9698
9699
9699
9699
9699
9699
9699
9699
9699
9699
9699
9699
9699
9699
9700
9700
9700
9700
9700
9700
9700
9700
9700
9700
9700
9700
9701
9701
9701
9701
9701
9701
9701
9701
9701
9701
9701
9701
9701
9702
9702
9702
9702
9702
9702
9702
9702
9702
9702
9702
9702
9703
9703
9703
9703
9703
9703
9703
9703
9703
9703
9703
9703
9703
9704
9704
9704
9704
9704
9704
9704
9704
9704
9704
9704
9704
9705
9705
9705
9705
9705
9705
9705
9705
9705
9705
9705
9705
9705
9706
9706
9706
9706
9706
9706
9706
9706
9706
9706
9706
9706
9707
9707
9707
9707
9707
9707
9707
9707
9707
9707
9707
9707
9707
9708
9708
9708
9708
9708
9708
9708
9708
9708
9708
9708
9708
9709
9709
9709
9709
9709
9709
9709
9709
9709
9709
9709
9709
9709
9710
9710
9710
9710
9710
9710
9710
9710
9710
9710
9710
9710
9711
9711
9711
9711
9711
9711
9711
9711
9711
9711
9711
9711
9711
9712
9712
9712
9712
9712
9712
9712
9712
9712
9712
9712
9712
9713
9713
9713
9713
9713
9713
9713
9713
9713
9713
9713
9713
9713
9714
9714
9714
9714
9714
9714
9714
9714
9714
9714
9714
9714
9715
9715
9715
9715
9715
9715
9715
9715
9715
9715
9715
9715
9715
9716
9716
9716
9716
9716
9716
9716
9716
9716
9716
9716
9716
9717
9717
9717
9717
9717
9717
9717
9717
9717
9717
9717
9717
9717
9718
9718
9718
9718
9718
9718
9718
9718
9718
9718
9718
9718
9719
9719
9719
9719
9719
9719
9719
9719
9719
9719
9719
9719
9719
9720
9720
9720
9720
9720
9720
9720
9720
9720
9720
9720
9720
9721
9721
9721
9721
9721
9721
9721
9721
9721
9721
9721
9721
9721
9722
9722
9722
9722
9722
9722
9722
9722
9722
9722
9722
9722
9723
9723
9723
9723
9723
9723
9723
9723
9723
9723
9723
9723
9723
9724
9724
9724
9724
9724
9724
9724
9724
9724
9724
9724
9724
9725
9725
9725
9725
9725
9725
9725
9725
9725
9725
9725
9725
9725
9726
9726
9726
9726
9726
9726
9726
9726
9726
9726
9726
9726
9727
9727
9727
9727
9727
9727
9727
9727
9727
9727
9727
9727
9727
9728
9728
9728
9728
9728
9728
9728
9728
9728
9728
9728
9728
9729
9729
9729
9729
9729
9729
9729
9729
9729
9729
9729
9729
9729
9730
9730
9730
9730
9730
9730
9730
9730
9730
9730
9730
9730
9731
9731
9731
9731
9731
9731
9731
9731
9731
9731
9731
9731
9731
9732
9732
9732
9732
9732
9732
9732
9732
9732
9732
9732
9732
9733
9733
9733
9733
9733
9733
9733
9733
9733
9733
9733
9733
9733
9734
9734
9734
9734
9734
9734
9734
9734
9734
9734
9734
9734
9735
9735
9735
9735
9735
9735
9735
9735
9735
9735
9735
9735
9735
9736
9736
9736
9736
9736
9736
9736
9736
9736
9736
9736
9736
9737
9737
9737
9737
9737
9737
9737
9737
9737
9737
9737
9737
9737
9738
9738
9738
9738
9738
9738
9738
9738
9738
9738
9738
9738
9739
9739
9739
9739
9739
9739
9739
9739
9739
9739
9739
9739
9739
9740
9740
9740
9740
9740
9740
9740
9740
9740
9740
9740
9740
9741
9741
9741
9741
9741
9741
9741
9741
9741
9741
9741
9741
9741
9742
9742
9742
9742
9742
9742
9742
9742
9742
9742
9742
9742
9743
9743
9743
9743
9743
9743
9743
9743
9743
9743
9743
9743
9743
9744
9744
9744
9744
9744
9744
9744
9744
9744
9744
9744
9744
9745
9745
9745
9745
9745
9745
9745
9745
9745
9745
9745
9745
9745
9746
9746
9746
9746
9746
9746
9746
9746
9746
9746
9746
9746
9747
9747
9747
9747
9747
9747
9747
9747
9747
9747
9747
9747
9747
9748
9748
9748
9748
9748
9748
9748
9748
9748
9748
9748
9748
9749
9749
9749
9749
9749
9749
9749
9749
9749
9749
9749
9749
9749
9750
9750
9750
9750
9750
9750
9750
9750
9750
9750
9750
9750
9751
9751
9751
9751
9751
9751
9751
9751
9751
9751
9751
9751
9751
9752
9752
9752
9752
9752
9752
9752
9752
9752
9752
9752
9752
9753
9753
9753
9753
9753
9753
9753
9753
9753
9753
9753
9753
9753
9754
9754
9754
9754
9754
9754
9754
9754
9754
9754
9754
9754
9755
9755
9755
9755
9755
9755
9755
9755
9755
9755
9755
9755
9755
9756
9756
9756
9756
9756
9756
9756
9756
9756
9756
9756
9756
9757
9757
9757
9757
9757
9757
9757
9757
9757
9757
9757
9757
9757
9758
9758
9758
9758
9758
9758
9758
9758
9758
9758
9758
9758
9759
9759
9759
9759
9759
9759
9759
9759
9759
9759
9759
9759
9759
9760
9760
9760
9760
9760
9760
9760
9760
9760
9760
9760
9760
9761
9761
9761
9761
9761
9761
9761
9761
9761
9761
9761
9761
9761
9762
9762
9762
9762
9762
9762
9762
9762
9762
9762
9762
9762
9763
9763
9763
9763
9763
9763
9763
9763
9763
9763
9763
9763
9763
9764
9764
9764
9764
9764
9764
9764
9764
9764
9764
9764
9764
9765
9765
9765
9765
9765
9765
9765
9765
9765
9765
9765
9765
9765
9766
9766
9766
9766
9766
9766
9766
9766
9766
9766
9766
9766
9767
9767
9767
9767
9767
9767
9767
9767
9767
9767
9767
9767
9767
9768
9768
9768
9768
9768
9768
9768
9768
9768
9768
9768
9768
9769
9769
9769
9769
9769
9769
9769
9769
9769
9769
9769
9769
9769
9770
9770
9770
9770
9770
9770
9770
9770
9770
9770
9770
9770
9771
9771
9771
9771
9771
9771
9771
9771
9771
9771
9771
9771
9771
9772
9772
9772
9772
9772
9772
9772
9772
9772
9772
9772
9772
9773
9773
9773
9773
9773
9773
9773
9773
9773
9773
9773
9773
9773
9774
9774
9774
9774
9774
9774
9774
9774
9774
9774
9774
9774
9775
9775
9775
9775
9775
9775
9775
9775
9775
9775
9775
9775
9775
9776
9776
9776
9776
9776
9776
9776
9776
9776
9776
9776
9776
9777
9777
9777
9777
9777
9777
9777
9777
9777
9777
9777
9777
9777
9778
9778
9778
9778
9778
9778
9778
9778
9778
9778
9778
9778
9779
9779
9779
9779
9779
9779
9779
9779
9779
9779
9779
9779
9779
9780
9780
9780
9780
9780
9780
9780
9780
9780
9780
9780
9780
9781
9781
9781
9781
9781
9781
9781
9781
9781
9781
9781
9781
9781
9782
9782
9782
9782
9782
9782
9782
9782
9782
9782
9782
9782
9783
9783
9783
9783
9783
9783
9783
9783
9783
9783
9783
9783
9783
9784
9784
9784
9784
9784
9784
9784
9784
9784
9784
9784
9784
9785
9785
9785
9785
9785
9785
9785
9785
9785
9785
9785
9785
9785
9786
9786
9786
9786
9786
9786
9786
9786
9786
9786
9786
9786
9787
9787
9787
9787
9787
9787
9787
9787
9787
9787
9787
9787
9787
9788
9788
9788
9788
9788
9788
9788
9788
9788
9788
9788
9788
9789
9789
9789
9789
9789
9789
9789
9789
9789
9789
9789
9789
9789
9790
9790
9790
9790
9790
9790
9790
9790
9790
9790
9790
9790
9791
9791
9791
9791
9791
9791
9791
9791
9791
9791
9791
9791
9791
9792
9792
9792
9792
9792
9792
9792
9792
9792
9792
9792
9792
9793
9793
9793
9793
9793
9793
9793
9793
9793
9793
9793
9793
9793
9794
9794
9794
9794
9794
9794
9794
9794
9794
9794
9794
9794
9795
9795
9795
9795
9795
9795
9795
9795
9795
9795
9795
9795
9795
9796
9796
9796
9796
9796
9796
9796
9796
9796
9796
9796
9796
9797
9797
9797
9797
9797
9797
9797
9797
9797
9797
9797
9797
9797
9798
9798
9798
9798
9798
9798
9798
9798
9798
9798
9798
9798
9799
9799
9799
9799
9799
9799
9799
9799
9799
9799
9799
9799
9799
9800
9800
9800
9800
9800
9800
9800
9800
9800
9800
9800
9800
9801
9801
9801
9801
9801
9801
9801
9801
9801
9801
9801
9801
9801
9802
9802
9802
9802
9802
9802
9802
9802
9802
9802
9802
9802
9803
9803
9803
9803
9803
9803
9803
9803
9803
9803
9803
9803
9803
9804
9804
9804
9804
9804
9804
9804
9804
9804
9804
9804
9804
9805
9805
9805
9805
9805
9805
9805
9805
9805
9805
9805
9805
9805
9806
9806
9806
9806
9806
9806
9806
9806
9806
9806
9806
9806
9807
9807
9807
9807
9807
9807
9807
9807
9807
9807
9807
9807
9807
9808
9808
9808
9808
9808
9808
9808
9808
9808
9808
9808
9808
9809
9809
9809
9809
9809
9809
9809
9809
9809
9809
9809
9809
9809
9810
9810
9810
9810
9810
9810
9810
9810
9810
9810
9810
9810
9811
9811
9811
9811
9811
9811
9811
9811
9811
9811
9811
9811
9811
9812
9812
9812
9812
9812
9812
9812
9812
9812
9812
9812
9812
9813
9813
9813
9813
9813
9813
9813
9813
9813
9813
9813
9813
9813
9814
9814
9814
9814
9814
9814
9814
9814
9814
9814
9814
9814
9815
9815
9815
9815
9815
9815
9815
9815
9815
9815
9815
9815
9815
9816
9816
9816
9816
9816
9816
9816
9816
9816
9816
9816
9816
9817
9817
9817
9817
9817
9817
9817
9817
9817
9817
9817
9817
9817
9818
9818
9818
9818
9818
9818
9818
9818
9818
9818
9818
9818
9819
9819
9819
9819
9819
9819
9819
9819
9819
9819
9819
9819
9819
9820
9820
9820
9820
9820
9820
9820
9820
9820
9820
9820
9820
9821
9821
9821
9821
9821
9821
9821
9821
9821
9821
9821
9821
9821
9822
9822
9822
9822
9822
9822
9822
9822
9822
9822
9822
9822
9823
9823
9823
9823
9823
9823
9823
9823
9823
9823
9823
9823
9823
9824
9824
9824
9824
9824
9824
9824
9824
9824
9824
9824
9824
9825
9825
9825
9825
9825
9825
9825
9825
9825
9825
9825
9825
9825
9826
9826
9826
9826
9826
9826
9826
9826
9826
9826
9826
9826
9827
9827
9827
9827
9827
9827
9827
9827
9827
9827
9827
9827
9827
9828
9828
9828
9828
9828
9828
9828
9828
9828
9828
9828
9828
9829
9829
9829
9829
9829
9829
9829
9829
9829
9829
9829
9829
9829
9830
9830
9830
9830
9830
9830
9830
9830
9830
9830
9830
9830
9831
9831
9831
9831
9831
9831
9831
9831
9831
9831
9831
9831
9831
9832
9832
9832
9832
9832
9832
9832
9832
9832
9832
9832
9832
9833
9833
9833
9833
9833
9833
9833
9833
9833
9833
9833
9833
9833
9834
9834
9834
9834
9834
9834
9834
9834
9834
9834
9834
9834
9835
9835
9835
9835
9835
9835
9835
9835
9835
9835
9835
9835
9835
9836
9836
9836
9836
9836
9836
9836
9836
9836
9836
9836
9836
9837
9837
9837
9837
9837
9837
9837
9837
9837
9837
9837
9837
9837
9838
9838
9838
9838
9838
9838
9838
9838
9838
9838
9838
9838
9839
9839
9839
9839
9839
9839
9839
9839
9839
9839
9839
9839
9839
9840
9840
9840
9840
9840
9840
9840
9840
9840
9840
9840
9840
9841
9841
9841
9841
9841
9841
9841
9841
9841
9841
9841
9841
9841
9842
9842
9842
9842
9842
9842
9842
9842
9842
9842
9842
9842
9843
9843
9843
9843
9843
9843
9843
9843
9843
9843
9843
9843
9843
9844
9844
9844
9844
9844
9844
9844
9844
9844
9844
9844
9844
9845
9845
9845
9845
9845
9845
9845
9845
9845
9845
9845
9845
9845
9846
9846
9846
9846
9846
9846
9846
9846
9846
9846
9846
9846
9847
9847
9847
9847
9847
9847
9847
9847
9847
9847
9847
9847
9847
9848
9848
9848
9848
9848
9848
9848
9848
9848
9848
9848
9848
9849
9849
9849
9849
9849
9849
9849
9849
9849
9849
9849
9849
9849
9850
9850
9850
9850
9850
9850
9850
9850
9850
9850
9850
9850
9851
9851
9851
9851
9851
9851
9851
9851
9851
9851
9851
9851
9851
9852
9852
9852
9852
9852
9852
9852
9852
9852
9852
9852
9852
9853
9853
9853
9853
9853
9853
9853
9853
9853
9853
9853
9853
9853
9854
9854
9854
9854
9854
9854
9854
9854
9854
9854
9854
9854
9855
9855
9855
9855
9855
9855
9855
9855
9855
9855
9855
9855
9855
9856
9856
9856
9856
9856
9856
9856
9856
9856
9856
9856
9856
9857
9857
9857
9857
9857
9857
9857
9857
9857
9857
9857
9857
9857
9858
9858
9858
9858
9858
9858
9858
9858
9858
9858
9858
9858
9859
9859
9859
9859
9859
9859
9859
9859
9859
9859
9859
9859
9859
9860
9860
9860
9860
9860
9860
9860
9860
9860
9860
9860
9860
9861
9861
9861
9861
9861
9861
9861
9861
9861
9861
9861
9861
9861
9862
9862
9862
9862
9862
9862
9862
9862
9862
9862
9862
9862
9863
9863
9863
9863
9863
9863
9863
9863
9863
9863
9863
9863
9863
9864
9864
9864
9864
9864
9864
9864
9864
9864
9864
9864
9864
9865
9865
9865
9865
9865
9865
9865
9865
9865
9865
9865
9865
9865
9866
9866
9866
9866
9866
9866
9866
9866
9866
9866
9866
9866
9867
9867
9867
9867
9867
9867
9867
9867
9867
9867
9867
9867
9867
9868
9868
9868
9868
9868
9868
9868
9868
9868
9868
9868
9868
9869
9869
9869
9869
9869
9869
9869
9869
9869
9869
9869
9869
9869
9870
9870
9870
9870
9870
9870
9870
9870
9870
9870
9870
9870
9871
9871
9871
9871
9871
9871
9871
9871
9871
9871
9871
9871
9871
9872
9872
9872
9872
9872
9872
9872
9872
9872
9872
9872
9872
9873
9873
9873
9873
9873
9873
9873
9873
9873
9873
9873
9873
9873
9874
9874
9874
9874
9874
9874
9874
9874
9874
9874
9874
9874
9875
9875
9875
9875
9875
9875
9875
9875
9875
9875
9875
9875
9875
9876
9876
9876
9876
9876
9876
9876
9876
9876
9876
9876
9876
9877
9877
9877
9877
9877
9877
9877
9877
9877
9877
9877
9877
9877
9878
9878
9878
9878
9878
9878
9878
9878
9878
9878
9878
9878
9879
9879
9879
9879
9879
9879
9879
9879
9879
9879
9879
9879
9879
9880
9880
9880
9880
9880
9880
9880
9880
9880
9880
9880
9880
9881
9881
9881
9881
9881
9881
9881
9881
9881
9881
9881
9881
9881
9882
9882
9882
9882
9882
9882
9882
9882
9882
9882
9882
9882
9883
9883
9883
9883
9883
9883
9883
9883
9883
9883
9883
9883
9883
9884
9884
9884
9884
9884
9884
9884
9884
9884
9884
9884
9884
9885
9885
9885
9885
9885
9885
9885
9885
9885
9885
9885
9885
9885
9886
9886
9886
9886
9886
9886
9886
9886
9886
9886
9886
9886
9887
9887
9887
9887
9887
9887
9887
9887
9887
9887
9887
9887
9887
9888
9888
9888
9888
9888
9888
9888
9888
9888
9888
9888
9888
9889
9889
9889
9889
9889
9889
9889
9889
9889
9889
9889
9889
9889
9890
9890
9890
9890
9890
9890
9890
9890
9890
9890
9890
9890
9891
9891
9891
9891
9891
9891
9891
9891
9891
9891
9891
9891
9891
9892
9892
9892
9892
9892
9892
9892
9892
9892
9892
9892
9892
9893
9893
9893
9893
9893
9893
9893
9893
9893
9893
9893
9893
9893
9894
9894
9894
9894
9894
9894
9894
9894
9894
9894
9894
9894
9895
9895
9895
9895
9895
9895
9895
9895
9895
9895
9895
9895
9895
9896
9896
9896
9896
9896
9896
9896
9896
9896
9896
9896
9896
9897
9897
9897
9897
9897
9897
9897
9897
9897
9897
9897
9897
9897
9898
9898
9898
9898
9898
9898
9898
9898
9898
9898
9898
9898
9899
9899
9899
9899
9899
9899
9899
9899
9899
9899
9899
9899
9899
9900
9900
9900
9900
9900
9900
9900
9900
9900
9900
9900
9900
9901
9901
9901
9901
9901
9901
9901
9901
9901
9901
9901
9901
9901
9902
9902
9902
9902
9902
9902
9902
9902
9902
9902
9902
9902
9903
9903
9903
9903
9903
9903
9903
9903
9903
9903
9903
9903
9903
9904
9904
9904
9904
9904
9904
9904
9904
9904
9904
9904
9904
9905
9905
9905
9905
9905
9905
9905
9905
9905
9905
9905
9905
9905
9906
9906
9906
9906
9906
9906
9906
9906
9906
9906
9906
9906
9907
9907
9907
9907
9907
9907
9907
9907
9907
9907
9907
9907
9907
9908
9908
9908
9908
9908
9908
9908
9908
9908
9908
9908
9908
9909
9909
9909
9909
9909
9909
9909
9909
9909
9909
9909
9909
9909
9910
9910
9910
9910
9910
9910
9910
9910
9910
9910
9910
9910
9911
9911
9911
9911
9911
9911
9911
9911
9911
9911
9911
9911
9911
9912
9912
9912
9912
9912
9912
9912
9912
9912
9912
9912
9912
9913
9913
9913
9913
9913
9913
9913
9913
9913
9913
9913
9913
9913
9914
9914
9914
9914
9914
9914
9914
9914
9914
9914
9914
9914
9915
9915
9915
9915
9915
9915
9915
9915
9915
9915
9915
9915
9915
9916
9916
9916
9916
9916
9916
9916
9916
9916
9916
9916
9916
9917
9917
9917
9917
9917
9917
9917
9917
9917
9917
9917
9917
9917
9918
9918
9918
9918
9918
9918
9918
9918
9918
9918
9918
9918
9919
9919
9919
9919
9919
9919
9919
9919
9919
9919
9919
9919
9919
9920
9920
9920
9920
9920
9920
9920
9920
9920
9920
9920
9920
9921
9921
9921
9921
9921
9921
9921
9921
9921
9921
9921
9921
9921
9922
9922
9922
9922
9922
9922
9922
9922
9922
9922
9922
9922
9923
9923
9923
9923
9923
9923
9923
9923
9923
9923
9923
9923
9923
9924
9924
9924
9924
9924
9924
9924
9924
9924
9924
9924
9924
9925
9925
9925
9925
9925
9925
9925
9925
9925
9925
9925
9925
9925
9926
9926
9926
9926
9926
9926
9926
9926
9926
9926
9926
9926
9927
9927
9927
9927
9927
9927
9927
9927
9927
9927
9927
9927
9927
9928
9928
9928
9928
9928
9928
9928
9928
9928
9928
9928
9928
9929
9929
9929
9929
9929
9929
9929
9929
9929
9929
9929
9929
9929
9930
9930
9930
9930
9930
9930
9930
9930
9930
9930
9930
9930
9931
9931
9931
9931
9931
9931
9931
9931
9931
9931
9931
9931
9931
9932
9932
9932
9932
9932
9932
9932
9932
9932
9932
9932
9932
9933
9933
9933
9933
9933
9933
9933
9933
9933
9933
9933
9933
9933
9934
9934
9934
9934
9934
9934
9934
9934
9934
9934
9934
9934
9935
9935
9935
9935
9935
9935
9935
9935
9935
9935
9935
9935
9935
9936
9936
9936
9936
9936
9936
9936
9936
9936
9936
9936
9936
9937
9937
9937
9937
9937
9937
9937
9937
9937
9937
9937
9937
9937
9938
9938
9938
9938
9938
9938
9938
9938
9938
9938
9938
9938
9939
9939
9939
9939
9939
9939
9939
9939
9939
9939
9939
9939
9939
9940
9940
9940
9940
9940
9940
9940
9940
9940
9940
9940
9940
9941
9941
9941
9941
9941
9941
9941
9941
9941
9941
9941
9941
9941
9942
9942
9942
9942
9942
9942
9942
9942
9942
9942
9942
9942
9943
9943
9943
9943
9943
9943
9943
9943
9943
9943
9943
9943
9943
9944
9944
9944
9944
9944
9944
9944
9944
9944
9944
9944
9944
9945
9945
9945
9945
9945
9945
9945
9945
9945
9945
9945
9945
9945
9946
9946
9946
9946
9946
9946
9946
9946
9946
9946
9946
9946
9947
9947
9947
9947
9947
9947
9947
9947
9947
9947
9947
9947
9947
9948
9948
9948
9948
9948
9948
9948
9948
9948
9948
9948
9948
9949
9949
9949
9949
9949
9949
9949
9949
9949
9949
9949
9949
9949
9950
9950
9950
9950
9950
9950
9950
9950
9950
9950
9950
9950
9951
9951
9951
9951
9951
9951
9951
9951
9951
9951
9951
9951
9951
9952
9952
9952
9952
9952
9952
9952
9952
9952
9952
9952
9952
9953
9953
9953
9953
9953
9953
9953
9953
9953
9953
9953
9953
9953
9954
9954
9954
9954
9954
9954
9954
9954
9954
9954
9954
9954
9955
9955
9955
9955
9955
9955
9955
9955
9955
9955
9955
9955
9955
9956
9956
9956
9956
9956
9956
9956
9956
9956
9956
9956
9956
9957
9957
9957
9957
9957
9957
9957
9957
9957
9957
9957
9957
9957
9958
9958
9958
9958
9958
9958
9958
9958
9958
9958
9958
9958
9959
9959
9959
9959
9959
9959
9959
9959
9959
9959
9959
9959
9959
9960
9960
9960
9960
9960
9960
9960
9960
9960
9960
9960
9960
9961
9961
9961
9961
9961
9961
9961
9961
9961
9961
9961
9961
9961
9962
9962
9962
9962
9962
9962
9962
9962
9962
9962
9962
9962
9963
9963
9963
9963
9963
9963
9963
9963
9963
9963
9963
9963
9963
9964
9964
9964
9964
9964
9964
9964
9964
9964
9964
9964
9964
9965
9965
9965
9965
9965
9965
9965
9965
9965
9965
9965
9965
9965
9966
9966
9966
9966
9966
9966
9966
9966
9966
9966
9966
9966
9967
9967
9967
9967
9967
9967
9967
9967
9967
9967
9967
9967
9967
9968
9968
9968
9968
9968
9968
9968
9968
9968
9968
9968
9968
9969
9969
9969
9969
9969
9969
9969
9969
9969
9969
9969
9969
9969
9970
9970
9970
9970
9970
9970
9970
9970
9970
9970
9970
9970
9971
9971
9971
9971
9971
9971
9971
9971
9971
9971
9971
9971
9971
9972
9972
9972
9972
9972
9972
9972
9972
9972
9972
9972
9972
9973
9973
9973
9973
9973
9973
9973
9973
9973
9973
9973
9973
9973
9974
9974
9974
9974
9974
9974
9974
9974
9974
9974
9974
9974
9975
9975
9975
9975
9975
9975
9975
9975
9975
9975
9975
9975
9975
9976
9976
9976
9976
9976
9976
9976
9976
9976
9976
9976
9976
9977
9977
9977
9977
9977
9977
9977
9977
9977
9977
9977
9977
9977
9978
9978
9978
9978
9978
9978
9978
9978
9978
9978
9978
9978
9979
9979
9979
9979
9979
9979
9979
9979
9979
9979
9979
9979
9979
9980
9980
9980
9980
9980
9980
9980
9980
9980
9980
9980
9980
9981
9981
9981
9981
9981
9981
9981
9981
9981
9981
9981
9981
9981
9982
9982
9982
9982
9982
9982
9982
9982
9982
9982
9982
9982
9983
9983
9983
9983
9983
9983
9983
9983
9983
9983
9983
9983
9983
9984
9984
9984
9984
9984
9984
9984
9984
9984
9984
9984
9984
9985
9985
9985
9985
9985
9985
9985
9985
9985
9985
9985
9985
9985
9986
9986
9986
9986
9986
9986
9986
9986
9986
9986
9986
9986
9987
9987
9987
9987
9987
9987
9987
9987
9987
9987
9987
9987
9987
9988
9988
9988
9988
9988
9988
9988
9988
9988
9988
9988
9988
9989
9989
9989
9989
9989
9989
9989
9989
9989
9989
9989
9989
9989
9990
9990
9990
9990
9990
9990
9990
9990
9990
9990
9990
9990
9991
9991
9991
9991
9991
9991
9991
9991
9991
9991
9991
9991
9991
9992
9992
9992
9992
9992
9992
9992
9992
9992
9992
9992
9992
9993
9993
9993
9993
9993
9993
9993
9993
9993
9993
9993
9993
9993
9994
9994
9994
9994
9994
9994
9994
9994
9994
9994
9994
9994
9995
9995
9995
9995
9995
9995
9995
9995
9995
9995
9995
9995
9995
9996
9996
9996
9996
9996
9996
9996
9996
9996
9996
9996
9996
9997
9997
9997
9997
9997
9997
9997
9997
9997
9997
9997
9997
9997
9998
9998
9998
9998
9998
9998
9998
9998
9998
9998
9998
9998
9999
9999
9999
9999
9999
9999
9999
9999
9999
9999
9999
9999
9999
10000
10000
10000
10000
10000
10000
10000
10000
10000
10000
10000
10000
10001
10001
10001
10001
10001
10001
10001
10001
10001
10001
10001
10001
10001
10002
10002
10002
10002
10002
10002
10002
10002
10002
10002
10002
10002
10003
10003
10003
10003
10003
10003
10003
10003
10003
10003
10003
10003
10003
10004
10004
10004
10004
10004
10004
10004
10004
10004
10004
10004
10004
10005
10005
10005
10005
10005
10005
10005
10005
10005
10005
10005
10005
10005
10006
10006
10006
10006
10006
10006
10006
10006
10006
10006
10006
10006
10007
10007
10007
10007
10007
10007
10007
10007
10007
10007
10007
10007
10007
10008
10008
10008
10008
10008
10008
10008
10008
10008
10008
10008
10008
10009
10009
10009
10009
10009
10009
10009
10009
10009
10009
10009
10009
10009
10010
10010
10010
10010
10010
10010
10010
10010
10010
10010
10010
10010
10011
10011
10011
10011
10011
10011
10011
10011
10011
10011
10011
10011
10011
10012
10012
10012
10012
10012
10012
10012
10012
10012
10012
10012
10012
10013
10013
10013
10013
10013
10013
10013
10013
10013
10013
10013
10013
10013
10014
10014
10014
10014
10014
10014
10014
10014
10014
10014
10014
10014
10015
10015
10015
10015
10015
10015
10015
10015
10015
10015
10015
10015
10015
10016
10016
10016
10016
10016
10016
10016
10016
10016
10016
10016
10016
10017
10017
10017
10017
10017
10017
10017
10017
10017
10017
10017
10017
10017
10018
10018
10018
10018
10018
10018
10018
10018
10018
10018
10018
10018
10019
10019
10019
10019
10019
10019
10019
10019
10019
10019
10019
10019
10019
10020
10020
10020
10020
10020
10020
10020
10020
10020
10020
10020
10020
10021
10021
10021
10021
10021
10021
10021
10021
10021
10021
10021
10021
10021
10022
10022
10022
10022
10022
10022
10022
10022
10022
10022
10022
10022
10023
10023
10023
10023
10023
10023
10023
10023
10023
10023
10023
10023
10023
10024
10024
10024
10024
10024
10024
10024
10024
10024
10024
10024
10024
10025
10025
10025
10025
10025
10025
10025
10025
10025
10025
10025
10025
10025
10026
10026
10026
10026
10026
10026
10026
10026
10026
10026
10026
10026
10027
10027
10027
10027
10027
10027
10027
10027
10027
10027
10027
10027
10027
10028
10028
10028
10028
10028
10028
10028
10028
10028
10028
10028
10028
10029
10029
10029
10029
10029
10029
10029
10029
10029
10029
10029
10029
10029
10030
10030
10030
10030
10030
10030
10030
10030
10030
10030
10030
10030
10031
10031
10031
10031
10031
10031
10031
10031
10031
10031
10031
10031
10031
10032
10032
10032
10032
10032
10032
10032
10032
10032
10032
10032
10032
10033
10033
10033
10033
10033
10033
10033
10033
10033
10033
10033
10033
10033
10034
10034
10034
10034
10034
10034
10034
10034
10034
10034
10034
10034
10035
10035
10035
10035
10035
10035
10035
10035
10035
10035
10035
10035
10035
10036
10036
10036
10036
10036
10036
10036
10036
10036
10036
10036
10036
10037
10037
10037
10037
10037
10037
10037
10037
10037
10037
10037
10037
10037
10038
10038
10038
10038
10038
10038
10038
10038
10038
10038
10038
10038
10039
10039
10039
10039
10039
10039
10039
10039
10039
10039
10039
10039
10039
10040
10040
10040
10040
10040
10040
10040
10040
10040
10040
10040
10040
10041
10041
10041
10041
10041
10041
10041
10041
10041
10041
10041
10041
10041
10042
10042
10042
10042
10042
10042
10042
10042
10042
10042
10042
10042
10043
10043
10043
10043
10043
10043
10043
10043
10043
10043
10043
10043
10043
10044
10044
10044
10044
10044
10044
10044
10044
10044
10044
10044
10044
10045
10045
10045
10045
10045
10045
10045
10045
10045
10045
10045
10045
10045
10046
10046
10046
10046
10046
10046
10046
10046
10046
10046
10046
10046
10047
10047
10047
10047
10047
10047
10047
10047
10047
10047
10047
10047
10047
10048
10048
10048
10048
10048
10048
10048
10048
10048
10048
10048
10048
10049
10049
10049
10049
10049
10049
10049
10049
10049
10049
10049
10049
10049
10050
10050
10050
10050
10050
10050
10050
10050
10050
10050
10050
10050
10051
10051
10051
10051
10051
10051
10051
10051
10051
10051
10051
10051
10051
10052
10052
10052
10052
10052
10052
10052
10052
10052
10052
10052
10052
10053
10053
10053
10053
10053
10053
10053
10053
10053
10053
10053
10053
10053
10054
10054
10054
10054
10054
10054
10054
10054
10054
10054
10054
10054
10055
10055
10055
10055
10055
10055
10055
10055
10055
10055
10055
10055
10055
10056
10056
10056
10056
10056
10056
10056
10056
10056
10056
10056
10056
10057
10057
10057
10057
10057
10057
10057
10057
10057
10057
10057
10057
10057
10058
10058
10058
10058
10058
10058
10058
10058
10058
10058
10058
10058
10059
10059
10059
10059
10059
10059
10059
10059
10059
10059
10059
10059
10059
10060
10060
10060
10060
10060
10060
10060
10060
10060
10060
10060
10060
10061
10061
10061
10061
10061
10061
10061
10061
10061
10061
10061
10061
10061
10062
10062
10062
10062
10062
10062
10062
10062
10062
10062
10062
10062
10063
10063
10063
10063
10063
10063
10063
10063
10063
10063
10063
10063
10063
10064
10064
10064
10064
10064
10064
10064
10064
10064
10064
10064
10064
10065
10065
10065
10065
10065
10065
10065
10065
10065
10065
10065
10065
10065
10066
10066
10066
10066
10066
10066
10066
10066
10066
10066
10066
10066
10067
10067
10067
10067
10067
10067
10067
10067
10067
10067
10067
10067
10067
10068
10068
10068
10068
10068
10068
10068
10068
10068
10068
10068
10068
10069
10069
10069
10069
10069
10069
10069
10069
10069
10069
10069
10069
10069
10070
10070
10070
10070
10070
10070
10070
10070
10070
10070
10070
10070
10071
10071
10071
10071
10071
10071
10071
10071
10071
10071
10071
10071
10071
10072
10072
10072
10072
10072
10072
10072
10072
10072
10072
10072
10072
10073
10073
10073
10073
10073
10073
10073
10073
10073
10073
10073
10073
10073
10074
10074
10074
10074
10074
10074
10074
10074
10074
10074
10074
10074
10075
10075
10075
10075
10075
10075
10075
10075
10075
10075
10075
10075
10075
10076
10076
10076
10076
10076
10076
10076
10076
10076
10076
10076
10076
10077
10077
10077
10077
10077
10077
10077
10077
10077
10077
10077
10077
10077
10078
10078
10078
10078
10078
10078
10078
10078
10078
10078
10078
10078
10079
10079
10079
10079
10079
10079
10079
10079
10079
10079
10079
10079
10079
10080
10080
10080
10080
10080
10080
10080
10080
10080
10080
10080
10080
10081
10081
10081
10081
10081
10081
10081
10081
10081
10081
10081
10081
10081
10082
10082
10082
10082
10082
10082
10082
10082
10082
10082
10082
10082
10083
10083
10083
10083
10083
10083
10083
10083
10083
10083
10083
10083
10083
10084
10084
10084
10084
10084
10084
10084
10084
10084
10084
10084
10084
10085
10085
10085
10085
10085
10085
10085
10085
10085
10085
10085
10085
10085
10086
10086
10086
10086
10086
10086
10086
10086
10086
10086
10086
10086
10087
10087
10087
10087
10087
10087
10087
10087
10087
10087
10087
10087
10087
10088
10088
10088
10088
10088
10088
10088
10088
10088
10088
10088
10088
10089
10089
10089
10089
10089
10089
10089
10089
10089
10089
10089
10089
10089
10090
10090
10090
10090
10090
10090
10090
10090
10090
10090
10090
10090
10091
10091
10091
10091
10091
10091
10091
10091
10091
10091
10091
10091
10091
10092
10092
10092
10092
10092
10092
10092
10092
10092
10092
10092
10092
10093
10093
10093
10093
10093
10093
10093
10093
10093
10093
10093
10093
10093
10094
10094
10094
10094
10094
10094
10094
10094
10094
10094
10094
10094
10095
10095
10095
10095
10095
10095
10095
10095
10095
10095
10095
10095
10095
10096
10096
10096
10096
10096
10096
10096
10096
10096
10096
10096
10096
10097
10097
10097
10097
10097
10097
10097
10097
10097
10097
10097
10097
10097
10098
10098
10098
10098
10098
10098
10098
10098
10098
10098
10098
10098
10099
10099
10099
10099
10099
10099
10099
10099
10099
10099
10099
10099
10099
10100
10100
10100
10100
10100
10100
10100
10100
10100
10100
10100
10100
10101
10101
10101
10101
10101
10101
10101
10101
10101
10101
10101
10101
10101
10102
10102
10102
10102
10102
10102
10102
10102
10102
10102
10102
10102
10103
10103
10103
10103
10103
10103
10103
10103
10103
10103
10103
10103
10103
10104
10104
10104
10104
10104
10104
10104
10104
10104
10104
10104
10104
10105
10105
10105
10105
10105
10105
10105
10105
10105
10105
10105
10105
10105
10106
10106
10106
10106
10106
10106
10106
10106
10106
10106
10106
10106
10107
10107
10107
10107
10107
10107
10107
10107
10107
10107
10107
10107
10107
10108
10108
10108
10108
10108
10108
10108
10108
10108
10108
10108
10108
10109
10109
10109
10109
10109
10109
10109
10109
10109
10109
10109
10109
10109
10110
10110
10110
10110
10110
10110
10110
10110
10110
10110
10110
10110
10111
10111
10111
10111
10111
10111
10111
10111
10111
10111
10111
10111
10111
10112
10112
10112
10112
10112
10112
10112
10112
10112
10112
10112
10112
10113
10113
10113
10113
10113
10113
10113
10113
10113
10113
10113
10113
10113
10114
10114
10114
10114
10114
10114
10114
10114
10114
10114
10114
10114
10115
10115
10115
10115
10115
10115
10115
10115
10115
10115
10115
10115
10115
10116
10116
10116
10116
10116
10116
10116
10116
10116
10116
10116
10116
10117
10117
10117
10117
10117
10117
10117
10117
10117
10117
10117
10117
10117
10118
10118
10118
10118
10118
10118
10118
10118
10118
10118
10118
10118
10119
10119
10119
10119
10119
10119
10119
10119
10119
10119
10119
10119
10119
10120
10120
10120
10120
10120
10120
10120
10120
10120
10120
10120
10120
10121
10121
10121
10121
10121
10121
10121
10121
10121
10121
10121
10121
10121
10122
10122
10122
10122
10122
10122
10122
10122
10122
10122
10122
10122
10123
10123
10123
10123
10123
10123
10123
10123
10123
10123
10123
10123
10123
10124
10124
10124
10124
10124
10124
10124
10124
10124
10124
10124
10124
10125
10125
10125
10125
10125
10125
10125
10125
10125
10125
10125
10125
10125
10126
10126
10126
10126
10126
10126
10126
10126
10126
10126
10126
10126
10127
10127
10127
10127
10127
10127
10127
10127
10127
10127
10127
10127
10127
10128
10128
10128
10128
10128
10128
10128
10128
10128
10128
10128
10128
10129
10129
10129
10129
10129
10129
10129
10129
10129
10129
10129
10129
10129
10130
10130
10130
10130
10130
10130
10130
10130
10130
10130
10130
10130
10131
10131
10131
10131
10131
10131
10131
10131
10131
10131
10131
10131
10131
10132
10132
10132
10132
10132
10132
10132
10132
10132
10132
10132
10132
10133
10133
10133
10133
10133
10133
10133
10133
10133
10133
10133
10133
10133
10134
10134
10134
10134
10134
10134
10134
10134
10134
10134
10134
10134
10135
10135
10135
10135
10135
10135
10135
10135
10135
10135
10135
10135
10135
10136
10136
10136
10136
10136
10136
10136
10136
10136
10136
10136
10136
10137
10137
10137
10137
10137
10137
10137
10137
10137
10137
10137
10137
10137
10138
10138
10138
10138
10138
10138
10138
10138
10138
10138
10138
10138
10139
10139
10139
10139
10139
10139
10139
10139
10139
10139
10139
10139
10139
10140
10140
10140
10140
10140
10140
10140
10140
10140
10140
10140
10140
10141
10141
10141
10141
10141
10141
10141
10141
10141
10141
10141
10141
10141
10142
10142
10142
10142
10142
10142
10142
10142
10142
10142
10142
10142
10143
10143
10143
10143
10143
10143
10143
10143
10143
10143
10143
10143
10143
10144
10144
10144
10144
10144
10144
10144
10144
10144
10144
10144
10144
10145
10145
10145
10145
10145
10145
10145
10145
10145
10145
10145
10145
10145
10146
10146
10146
10146
10146
10146
10146
10146
10146
10146
10146
10146
10147
10147
10147
10147
10147
10147
10147
10147
10147
10147
10147
10147
10147
10148
10148
10148
10148
10148
10148
10148
10148
10148
10148
10148
10148
10149
10149
10149
10149
10149
10149
10149
10149
10149
10149
10149
10149
10149
10150
10150
10150
10150
10150
10150
10150
10150
10150
10150
10150
10150
10151
10151
10151
10151
10151
10151
10151
10151
10151
10151
10151
10151
10151
10152
10152
10152
10152
10152
10152
10152
10152
10152
10152
10152
10152
10153
10153
10153
10153
10153
10153
10153
10153
10153
10153
10153
10153
10153
10154
10154
10154
10154
10154
10154
10154
10154
10154
10154
10154
10154
10155
10155
10155
10155
10155
10155
10155
10155
10155
10155
10155
10155
10155
10156
10156
10156
10156
10156
10156
10156
10156
10156
10156
10156
10156
10157
10157
10157
10157
10157
10157
10157
10157
10157
10157
10157
10157
10157
10158
10158
10158
10158
10158
10158
10158
10158
10158
10158
10158
10158
10159
10159
10159
10159
10159
10159
10159
10159
10159
10159
10159
10159
10159
10160
10160
10160
10160
10160
10160
10160
10160
10160
10160
10160
10160
10161
10161
10161
10161
10161
10161
10161
10161
10161
10161
10161
10161
10161
10162
10162
10162
10162
10162
10162
10162
10162
10162
10162
10162
10162
10163
10163
10163
10163
10163
10163
10163
10163
10163
10163
10163
10163
10163
10164
10164
10164
10164
10164
10164
10164
10164
10164
10164
10164
10164
10165
10165
10165
10165
10165
10165
10165
10165
10165
10165
10165
10165
10165
10166
10166
10166
10166
10166
10166
10166
10166
10166
10166
10166
10166
10167
10167
10167
10167
10167
10167
10167
10167
10167
10167
10167
10167
10167
10168
10168
10168
10168
10168
10168
10168
10168
10168
10168
10168
10168
10169
10169
10169
10169
10169
10169
10169
10169
10169
10169
10169
10169
10169
10170
10170
10170
10170
10170
10170
10170
10170
10170
10170
10170
10170
10171
10171
10171
10171
10171
10171
10171
10171
10171
10171
10171
10171
10171
10172
10172
10172
10172
10172
10172
10172
10172
10172
10172
10172
10172
10173
10173
10173
10173
10173
10173
10173
10173
10173
10173
10173
10173
10173
10174
10174
10174
10174
10174
10174
10174
10174
10174
10174
10174
10174
10175
10175
10175
10175
10175
10175
10175
10175
10175
10175
10175
10175
10175
10176
10176
10176
10176
10176
10176
10176
10176
10176
10176
10176
10176
10177
10177
10177
10177
10177
10177
10177
10177
10177
10177
10177
10177
10177
10178
10178
10178
10178
10178
10178
10178
10178
10178
10178
10178
10178
10179
10179
10179
10179
10179
10179
10179
10179
10179
10179
10179
10179
10179
10180
10180
10180
10180
10180
10180
10180
10180
10180
10180
10180
10180
10181
10181
10181
10181
10181
10181
10181
10181
10181
10181
10181
10181
10181
10182
10182
10182
10182
10182
10182
10182
10182
10182
10182
10182
10182
10183
10183
10183
10183
10183
10183
10183
10183
10183
10183
10183
10183
10183
10184
10184
10184
10184
10184
10184
10184
10184
10184
10184
10184
10184
10185
10185
10185
10185
10185
10185
10185
10185
10185
10185
10185
10185
10185
10186
10186
10186
10186
10186
10186
10186
10186
10186
10186
10186
10186
10187
10187
10187
10187
10187
10187
10187
10187
10187
10187
10187
10187
10187
10188
10188
10188
10188
10188
10188
10188
10188
10188
10188
10188
10188
10189
10189
10189
10189
10189
10189
10189
10189
10189
10189
10189
10189
10189
10190
10190
10190
10190
10190
10190
10190
10190
10190
10190
10190
10190
10191
10191
10191
10191
10191
10191
10191
10191
10191
10191
10191
10191
10191
10192
10192
10192
10192
10192
10192
10192
10192
10192
10192
10192
10192
10193
10193
10193
10193
10193
10193
10193
10193
10193
10193
10193
10193
10193
10194
10194
10194
10194
10194
10194
10194
10194
10194
10194
10194
10194
10195
10195
10195
10195
10195
10195
10195
10195
10195
10195
10195
10195
10195
10196
10196
10196
10196
10196
10196
10196
10196
10196
10196
10196
10196
10197
10197
10197
10197
10197
10197
10197
10197
10197
10197
10197
10197
10197
10198
10198
10198
10198
10198
10198
10198
10198
10198
10198
10198
10198
10199
10199
10199
10199
10199
10199
10199
10199
10199
10199
10199
10199
10199
10200
10200
10200
10200
10200
10200
10200
10200
10200
10200
10200
10200
10201
10202
10204
10206
10208
10209
10211
10213
10215
10217
10218
10220
10222
10224
10226
10227
10229
10231
10233
10234
10236
10238
10240
10242
10243
10245
10247
10249
10251
10253
10255
10258
10260
10262
10265
10267
10270
10272
10274
10277
10279
10281
10284
10286
10289
10291
10293
10296
10298
10301
10303
10305
10308
10310
10312
10315
10317
10320
10322
10324
10327
10329
10331
10334
10336
10339
10341
10343
10346
10348
10351
10353
10355
10358
10360
10362
10365
10367
10370
10372
10374
10377
10379
10381
10384
10386
10389
10391
10393
10396
10398
10401
10403
10406
10408
10411
10413
10416
10418
10421
10423
10426
10428
10431
10433
10436
10438
10441
10443
10446
10448
10451
10453
10455
10458
10460
10462
10465
10467
10470
10472
10474
10477
10479
10481
10484
10486
10489
10491
10493
10496
10498
10501
10503
10505
10508
10510
10512
10515
10517
10520
10522
10524
10527
10529
10531
10534
10536
10539
10541
10543
10546
10548
10551
10553
10555
10558
10560
10562
10565
10567
10570
10572
10574
10577
10579
10581
10584
10586
10589
10591
10593
10596
10598
10601
10603
10605
10608
10610
10612
10615
10617
10620
10622
10624
10627
10629
10631
10634
10636
10639
10641
10643
10646
10648
10651
10653
10655
10658
10660
10662
10665
10667
10670
10672
10674
10677
10679
10681
10684
10686
10689
10691
10693
10696
10698
10701
10703
10706
10708
10711
10713
10716
10718
10721
10723
10726
10728
10731
10733
10736
10738
10741
10743
10746
10748
10751
10753
10755
10758
10760
10762
10765
10767
10770
10772
10774
10777
10779
10781
10784
10786
10789
10791
10793
10796
10798
10801
10803
10805
10808
10810
10812
10815
10817
10820
10822
10824
10827
10829
10831
10834
10836
10839
10841
10843
10846
10848
10851
10853
10855
10858
10860
10862
10865
10867
10870
10872
10874
10877
10879
10881
10884
10886
10889
10891
10893
10896
10898
10901
10903
10905
10908
10910
10912
10915
10917
10920
10922
10924
10927
10929
10931
10934
10936
10939
10941
10943
10946
10948
10951
10953
10955
10958
10960
10962
10965
10967
10970
10972
10974
10977
10979
10981
10984
10986
10989
10991
10993
10996
10998
11001
11003
11006
11008
11011
11013
11016
11018
11021
11023
11026
11028
11031
11033
11036
11038
11041
11043
11046
11048
11051
11053
11055
11058
11060
11062
11065
11067
11070
11072
11074
11077
11079
11081
11084
11086
11089
11091
11093
11096
11098
11101
11103
11105
11108
11110
11112
11115
11117
11120
11122
11124
11127
11129
11131
11134
11136
11139
11141
11143
11146
11148
11151
11153
11155
11158
11160
11162
11165
11167
11170
11172
11174
11177
11179
11181
11184
11186
11189
11191
11193
11196
11198
11201
11203
11205
11208
11210
11212
11215
11217
11220
11222
11224
11227
11229
11231
11234
11236
11239
11241
11243
11246
11248
11251
11253
11255
11258
11260
11262
11265
11267
11270
11272
11274
11277
11279
11281
11284
11286
11289
11291
11293
11296
11298
11301
11303
11306
11308
11311
11313
11316
11318
11321
11323
11326
11328
11331
11333
11336
11338
11341
11343
11346
11348
11351
11353
11355
11358
11360
11362
11365
11367
11370
11372
11374
11377
11379
11381
11384
11386
11389
11391
11393
11396
11398
11401
11403
11405
11408
11410
11412
11415
11417
11420
11422
11424
11427
11429
11431
11434
11436
11439
11441
11443
11446
11448
11451
11453
11455
11458
11460
11462
11465
11467
11470
11472
11474
11477
11479
11481
11484
11486
11489
11491
11493
11496
11498
11501
11503
11505
11508
11510
11512
11515
11517
11520
11522
11524
11527
11529
11531
11534
11536
11539
11541
11543
11546
11548
11551
11553
11555
11558
11560
11562
11565
11567
11570
11572
11574
11577
11579
11581
11584
11586
11589
11591
11593
11596
11598
11601
11603
11606
11608
11611
11613
11616
11618
11621
11623
11626
11628
11631
11633
11636
11638
11641
11643
11646
11648
11651
11653
11655
11658
11660
11662
11665
11667
11670
11672
11674
11677
11679
11681
11684
11686
11689
11691
11693
11696
11698
11701
11703
11705
11708
11710
11712
11715
11717
11720
11722
11724
11727
11729
11731
11734
11736
11739
11741
11743
11746
11748
11751
11753
11755
11758
11760
11762
11765
11767
11770
11772
11774
11777
11779
11781
11784
11786
11789
11791
11793
11796
11798
11801
11803
11805
11808
11810
11812
11815
11817
11820
11822
11824
11827
11829
11831
11834
11836
11839
11841
11843
11846
11848
11851
11853
11855
11858
11860
11862
11865
11867
11870
11872
11874
11877
11879
11881
11884
11886
11889
11891
11893
11896
11898
11901
11903
11906
11908
11911
11913
11916
11918
11921
11923
11926
11928
11931
11933
11936
11938
11941
11943
11946
11948
11951
11953
11955
11958
11960
11962
11965
11967
11970
11972
11974
11977
11979
11981
11984
11986
11989
11991
11993
11996
11998
12001
12003
12005
12008
12010
12012
12015
12017
12020
12022
12024
12027
12029
12031
12034
12036
12039
12041
12043
12046
12048
12051
12053
12055
12058
12060
12062
12065
12067
12070
12072
12074
12077
12079
12081
12084
12086
12089
12091
12093
12096
12098
12101
12103
12105
12108
12110
12112
12115
12117
12120
12122
12124
12127
12129
12131
12134
12136
12139
12141
12143
12146
12148
12151
12153
12155
12158
12160
12162
12165
12167
12170
12172
12174
12177
12179
12181
12184
12186
12189
12191
12193
12196
12198
12201
12203
12206
12208
12211
12213
12216
12218
12221
12223
12226
12228
12231
12233
12236
12238
12241
12243
12246
12248
12251
12253
12255
12258
12260
12262
12265
12267
12270
12272
12274
12277
12279
12281
12284
12286
12289
12291
12293
12296
12298
12301
12303
12305
12308
12310
12312
12315
12317
12320
12322
12324
12327
12329
12331
12334
12336
12339
12341
12343
12346
12348
12351
12353
12355
12358
12360
12362
12365
12367
12370
12372
12374
12377
12379
12381
12384
12386
12389
12391
12393
12396
12398
12401
12403
12405
12408
12410
12412
12415
12417
12420
12422
12424
12427
12429
12431
12434
12436
12439
12441
12443
12446
12448
12451
12453
12455
12458
12460
12462
12465
12467
12470
12472
12474
12477
12479
12481
12484
12486
12489
12491
12493
12496
12498
12501
12503
12506
12508
12511
12513
12516
12518
12521
12523
12526
12528
12531
12533
12536
12538
12541
12543
12546
12548
12551
12553
12555
12558
12560
12562
12565
12567
12570
12572
12574
12577
12579
12581
12584
12586
12589
12591
12593
12596
12598
12601
12603
12605
12608
12610
12612
12615
12617
12620
12622
12624
12627
12629
12631
12634
12636
12639
12641
12643
12646
12648
12651
12653
12655
12658
12660
12662
12665
12667
12670
12672
12674
12677
12679
12681
12684
12686
12689
12691
12693
12696
12698
12701
12703
12705
12708
12710
12712
12715
12717
12720
12722
12724
12727
12729
12731
12734
12736
12739
12741
12743
12746
12748
12751
12753
12755
12758
12760
12762
12765
12767
12770
12772
12774
12777
12779
12781
12784
12786
12789
12791
12793
12796
12798
12801
12803
12806
12808
12811
12813
12816
12818
12821
12823
12826
12828
12831
12833
12836
12838
12841
12843
12846
12848
12851
12853
12855
12858
12860
12862
12865
12867
12870
12872
12874
12877
12879
12881
12884
12886
12889
12891
12893
12896
12898
12901
12903
12905
12908
12910
12912
12915
12917
12920
12922
12924
12927
12929
12931
12934
12936
12939
12941
12943
12946
12948
12951
12953
12955
12958
12960
12962
12965
12967
12970
12972
12974
12977
12979
12981
12984
12986
12989
12991
12993
12996
12998
13001
13003
13005
13008
13010
13012
13015
13017
13020
13022
13024
13027
13029
13031
13034
13036
13039
13041
13043
13046
13048
13051
13053
13055
13058
13060
13062
13065
13067
13070
13072
13074
13077
13079
13081
13084
13086
13089
13091
13093
13096
13098
13101
13103
13106
13108
13111
13113
13116
13118
13121
13123
13126
13128
13131
13133
13136
13138
13141
13143
13146
13148
13151
13153
13155
13158
13160
13162
13165
13167
13170
13172
13174
13177
13179
13181
13184
13186
13189
13191
13193
13196
13198
13201
13203
13205
13208
13210
13212
13215
13217
13220
13222
13224
13227
13229
13231
13234
13236
13239
13241
13243
13246
13248
13251
13253
13255
13258
13260
13262
13265
13267
13270
13272
13274
13277
13279
13281
13284
13286
13289
13291
13293
13296
13298
13301
13303
13305
13308
13310
13312
13315
13317
13320
13322
13324
13327
13329
13331
13334
13336
13339
13341
13343
13346
13348
13351
13353
13355
13358
13360
13362
13365
13367
13370
13372
13374
13377
13379
13381
13384
13386
13389
13391
13393
13396
13398
13401
13403
13406
13408
13411
13413
13416
13418
13421
13423
13426
13428
13431
13433
13436
13438
13441
13443
13446
13448
13451
13453
13455
13458
13460
13462
13465
13467
13470
13472
13474
13477
13479
13481
13484
13486
13489
13491
13493
13496
13498
13501
13503
13505
13508
13510
13512
13515
13517
13520
13522
13524
13527
13529
13531
13534
13536
13539
13541
13543
13546
13548
13551
13553
13555
13558
13560
13562
13565
13567
13570
13572
13574
13577
13579
13581
13584
13586
13589
13591
13593
13596
13598
13601
13603
13605
13608
13610
13612
13615
13617
13620
13622
13624
13627
13629
13631
13634
13636
13639
13641
13643
13646
13648
13651
13653
13655
13658
13660
13662
13665
13667
13670
13672
13674
13677
13679
13681
13684
13686
13689
13691
13693
13696
13698
13701
13703
13706
13708
13711
13713
13716
13718
13721
13723
13726
13728
13731
13733
13736
13738
13741
13743
13746
13748
13751
13753
13755
13758
13760
13762
13765
13767
13770
13772
13774
13777
13779
13781
13784
13786
13789
13791
13793
13796
13798
13801
13803
13805
13808
13810
13812
13815
13817
13820
13822
13824
13827
13829
13831
13834
13836
13839
13841
13843
13846
13848
13851
13853
13855
13858
13860
13862
13865
13867
13870
13872
13874
13877
13879
13881
13884
13886
13889
13891
13893
13896
13898
13901
13903
13905
13908
13910
13912
13915
13917
13920
13922
13924
13927
13929
13931
13934
13936
13939
13941
13943
13946
13948
13951
13953
13955
13958
13960
13962
13965
13967
13970
13972
13974
13977
13979
13981
13984
13986
13989
13991
13993
13996
13998
14001
14003
14006
14008
14011
14013
14016
14018
14021
14023
14026
14028
14031
14033
14036
14038
14041
14043
14046
14048
14051
14053
14055
14058
14060
14062
14065
14067
14070
14072
14074
14077
14079
14081
14084
14086
14089
14091
14093
14096
14098
14101
14103
14105
14108
14110
14112
14115
14117
14120
14122
14124
14127
14129
14131
14134
14136
14139
14141
14143
14146
14148
14151
14153
14155
14158
14160
14162
14165
14167
14170
14172
14174
14177
14179
14181
14184
14186
14189
14191
14193
14196
14198
14201
14203
14205
14208
14210
14212
14215
14217
14220
14222
14224
14227
14229
14231
14234
14236
14239
14241
14243
14246
14248
14251
14253
14255
14258
14260
14262
14265
14267
14270
14272
14274
14277
14279
14281
14284
14286
14289
14291
14293
14296
14298
14301
14303
14306
14308
14311
14313
14316
14318
14321
14323
14326
14328
14331
14333
14336
14338
14341
14343
14346
14348
14351
14353
14355
14358
14360
14362
14365
14367
14370
14372
14374
14377
14379
14381
14384
14386
14389
14391
14393
14396
14398
14401
14403
14405
14408
14410
14412
14415
14417
14420
14422
14424
14427
14429
14431
14434
14436
14439
14441
14443
14446
14448
14451
14453
14455
14458
14460
14462
14465
14467
14470
14472
14474
14477
14479
14481
14484
14486
14489
14491
14493
14496
14498
14501
14503
14505
14508
14510
14512
14515
14517
14520
14522
14524
14527
14529
14531
14534
14536
14539
14541
14543
14546
14548
14551
14553
14555
14558
14560
14562
14565
14567
14570
14572
14574
14577
14579
14581
14584
14586
14589
14591
14593
14596
14598
14601
14603
14606
14608
14611
14613
14616
14618
14621
14623
14626
14628
14631
14633
14636
14638
14641
14643
14646
14648
14651
14653
14655
14658
14660
14662
14665
14667
14670
14672
14674
14677
14679
14681
14684
14686
14689
14691
14693
14696
14698
14701
14703
14705
14708
14710
14712
14715
14717
14720
14722
14724
14727
14729
14731
14734
14736
14739
14741
14743
14746
14748
14751
14753
14755
14758
14760
14762
14765
14767
14770
14772
14774
14777
14779
14781
14784
14786
14789
14791
14793
14796
14798
14801
14803
14805
14808
14810
14812
14815
14817
14820
14822
14824
14827
14829
14831
14834
14836
14839
14841
14843
14846
14848
14851
14853
14855
14858
14860
14862
14865
14867
14870
14872
14874
14877
14879
14881
14884
14886
14889
14891
14893
14896
14898
14901
14903
14906
14908
14911
14913
14916
14918
14921
14923
14926
14928
14931
14933
14936
14938
14941
14943
14946
14948
14951
14953
14955
14958
14960
14962
14965
14967
14970
14972
14974
14977
14979
14981
14984
14986
14989
14991
14993
14996
14998
15001
15003
15005
15008
15010
15012
15015
15017
15020
15022
15024
15027
15029
15031
15034
15036
15039
15041
15043
15046
15048
15051
15053
15055
15058
15060
15062
15065
15067
15070
15072
15074
15077
15079
15081
15084
15086
15089
15091
15093
15096
15098
15101
15103
15105
15108
15110
15112
15115
15117
15120
15122
15124
15127
15129
15131
15134
15136
15139
15141
15143
15146
15148
15151
15153
15155
15158
15160
15162
15165
15167
15170
15172
15174
15177
15179
15181
15184
15186
15189
15191
15193
15196
15198
15201
15203
15206
15208
15211
15213
15216
15218
15221
15223
15226
15228
15231
15233
15236
15238
15241
15243
15246
15248
15251
15253
15255
15258
15260
15262
15265
15267
15270
15272
15274
15277
15279
15281
15284
15286
15289
15291
15293
15296
15298
15301
15303
15305
15308
15310
15312
15315
15317
15320
15322
15324
15327
15329
15331
15334
15336
15339
15341
15343
15346
15348
15351
15353
15355
15358
15360
15362
15365
15367
15370
15372
15374
15377
15379
15381
15384
15386
15389
15391
15393
15396
15398
15401
15403
15405
15408
15410
15412
15415
15417
15420
15422
15424
15427
15429
15431
15434
15436
15439
15441
15443
15446
15448
15451
15453
15455
15458
15460
15462
15465
15467
15470
15472
15474
15477
15479
15481
15484
15486
15489
15491
15493
15496
15498
15501
15503
15506
15508
15511
15513
15516
15518
15521
15523
15526
15528
15531
15533
15536
15538
15541
15543
15546
15548
15551
15553
15555
15558
15560
15562
15565
15567
15570
15572
15574
15577
15579
15581
15584
15586
15589
15591
15593
15596
15598
15601
15603
15605
15608
15610
15612
15615
15617
15620
15622
15624
15627
15629
15631
15634
15636
15639
15641
15643
15646
15648
15651
15653
15655
15658
15660
15662
15665
15667
15670
15672
15674
15677
15679
15681
15684
15686
15689
15691
15693
15696
15698
15701
15703
15705
15708
15710
15712
15715
15717
15720
15722
15724
15727
15729
15731
15734
15736
15739
15741
15743
15746
15748
15751
15753
15755
15758
15760
15762
15765
15767
15770
15772
15774
15777
15779
15781
15784
15786
15789
15791
15793
15796
15798
15801
15803
15806
15808
15811
15813
15816
15818
15821
15823
15826
15828
15831
15833
15836
15838
15841
15843
15846
15848
15851
15853
15855
15858
15860
15862
15865
15867
15870
15872
15874
15877
15879
15881
15884
15886
15889
15891
15893
15896
15898
15901
15903
15905
15908
15910
15912
15915
15917
15920
15922
15924
15927
15929
15931
15934
15936
15939
15941
15943
15946
15948
15951
15953
15955
15958
15960
15962
15965
15967
15970
15972
15974
15977
15979
15981
15984
15986
15989
15991
15993
15996
15998
16001
16003
16005
16008
16010
16012
16015
16017
16020
16022
16024
16027
16029
16031
16034
16036
16039
16041
16043
16046
16048
16051
16053
16055
16058
16060
16062
16065
16067
16070
16072
16074
16077
16079
16081
16084
16086
16089
16091
16093
16096
16098
16101
16103
16106
16108
16111
16113
16116
16118
16121
16123
16126
16128
16131
16133
16136
16138
16141
16143
16146
16148
16151
16153
16155
16158
16160
16162
16165
16167
16170
16172
16174
16177
16179
16181
16184
16186
16189
16191
16193
16196
16198
16201
16203
16205
16208
16210
16212
16215
16217
16220
16222
16224
16227
16229
16231
16234
16236
16239
16241
16243
16246
16248
16251
16253
16255
16258
16260
16262
16265
16267
16270
16272
16274
16277
16279
16281
16284
16286
16289
16291
16293
16296
16298
16301
16303
16305
16308
16310
16312
16315
16317
16320
16322
16324
16327
16329
16331
16334
16336
16339
16341
16343
16346
16348
16351
16353
16355
16358
16360
16362
16365
16367
16370
16372
16374
16377
16379
16381
16384
16386
16389
16391
16393
16396
16398
16401
16403
16406
16408
16411
16413
16416
16418
16421
16423
16426
16428
16431
16433
16436
16438
16441
16443
16446
16448
16451
16453
16455
16458
16460
16462
16465
16467
16470
16472
16474
16477
16479
16481
16484
16486
16489
16491
16493
16496
16498
16501
16503
16505
16508
16510
16512
16515
16517
16520
16522
16524
16527
16529
16531
16534
16536
16539
16541
16543
16546
16548
16551
16553
16555
16558
16560
16562
16565
16567
16570
16572
16574
16577
16579
16581
16584
16586
16589
16591
16593
16596
16598
16601
16603
16605
16608
16610
16612
16615
16617
16620
16622
16624
16627
16629
16631
16634
16636
16639
16641
16643
16646
16648
16651
16653
16655
16658
16660
16662
16665
16667
16670
16672
16674
16677
16679
16681
16684
16686
16689
16691
16693
16696
16698
16701
16703
16706
16708
16711
16713
16716
16718
16721
16723
16726
16728
16731
16733
16736
16738
16741
16743
16746
16748
16751
16753
16755
16758
16760
16762
16765
16767
16770
16772
16774
16777
16779
16781
16784
16786
16789
16791
16793
16796
16798
16801
16803
16805
16808
16810
16812
16815
16817
16820
16822
16824
16827
16829
16831
16834
16836
16839
16841
16843
16846
16848
16851
16853
16855
16858
16860
16862
16865
16867
16870
16872
16874
16877
16879
16881
16884
16886
16889
16891
16893
16896
16898
16901
16903
16905
16908
16910
16912
16915
16917
16920
16922
16924
16927
16929
16931
16934
16936
16939
16941
16943
16946
16948
16951
16953
16955
16958
16960
16962
16965
16967
16970
16972
16974
16977
16979
16981
16984
16986
16989
16991
16993
16996
16998
17001
17003
17006
17008
17011
17013
17016
17018
17021
17023
17026
17028
17031
17033
17036
17038
17041
17043
17046
17048
17051
17053
17055
17058
17060
17062
17065
17067
17070
17072
17074
17077
17079
17081
17084
17086
17089
17091
17093
17096
17098
17101
17103
17105
17108
17110
17112
17115
17117
17120
17122
17124
17127
17129
17131
17134
17136
17139
17141
17143
17146
17148
17151
17153
17155
17158
17160
17162
17165
17167
17170
17172
17174
17177
17179
17181
17184
17186
17189
17191
17193
17196
17198
17201
17203
17205
17208
17210
17212
17215
17217
17220
17222
17224
17227
17229
17231
17234
17236
17239
17241
17243
17246
17248
17251
17253
17255
17258
17260
17262
17265
17267
17270
17272
17274
17277
17279
17281
17284
17286
17289
17291
17293
17296
17298
17301
17303
17306
17308
17311
17313
17316
17318
17321
17323
17326
17328
17331
17333
17336
17338
17341
17343
17346
17348
17351
17353
17355
17358
17360
17362
17365
17367
17370
17372
17374
17377
17379
17381
17384
17386
17389
17391
17393
17396
17398
17401
17403
17405
17408
17410
17412
17415
17417
17420
17422
17424
17427
17429
17431
17434
17436
17439
17441
17443
17446
17448
17451
17453
17455
17458
17460
17462
17465
17467
17470
17472
17474
17477
17479
17481
17484
17486
17489
17491
17493
17496
17498
17501
17503
17505
17508
17510
17512
17515
17517
17520
17522
17524
17527
17529
17531
17534
17536
17539
17541
17543
17546
17548
17551
17553
17555
17558
17560
17562
17565
17567
17570
17572
17574
17577
17579
17581
17584
17586
17589
17591
17593
17596
17598
17601
17603
17606
17608
17611
17613
17616
17618
17621
17623
17626
17628
17631
17633
17636
17638
17641
17643
17646
17648
17651
17653
17655
17658
17660
17662
17665
17667
17670
17672
17674
17677
17679
17681
17684
17686
17689
17691
17693
17696
17698
17701
17703
17705
17708
17710
17712
17715
17717
17720
17722
17724
17727
17729
17731
17734
17736
17739
17741
17743
17746
17748
17751
17753
17755
17758
17760
17762
17765
17767
17770
17772
17774
17777
17779
17781
17784
17786
17789
17791
17793
17796
17798
17801
17803
17805
17808
17810
17812
17815
17817
17820
17822
17824
17827
17829
17831
17834
17836
17839
17841
17843
17846
17848
17851
17853
17855
17858
17860
17862
17865
17867
17870
17872
17874
17877
17879
17881
17884
17886
17889
17891
17893
17896
17898
17901
17903
17906
17908
17911
17913
17916
17918
17921
17923
17926
17928
17931
17933
17936
17938
17941
17943
17946
17948
17951
17953
17955
17958
17960
17962
17965
17967
17970
17972
17974
17977
17979
17981
17984
17986
17989
17991
17993
17996
17998
18001
18003
18005
18008
18010
18012
18015
18017
18020
18022
18024
18027
18029
18031
18034
18036
18039
18041
18043
18046
18048
18051
18053
18055
18058
18060
18062
18065
18067
18070
18072
18074
18077
18079
18081
18084
18086
18089
18091
18093
18096
18098
18101
18103
18105
18108
18110
18112
18115
18117
18120
18122
18124
18127
18129
18131
18134
18136
18139
18141
18143
18146
18148
18151
18153
18155
18158
18160
18162
18165
18167
18170
18172
18174
18177
18179
18181
18184
18186
18189
18191
18193
18196
18198
18201
18203
18206
18208
18211
18213
18216
18218
18221
18223
18226
18228
18231
18233
18236
18238
18241
18243
18246
18248
18251
18253
18255
18258
18260
18262
18265
18267
18270
18272
18274
18277
18279
18281
18284
18286
18289
18291
18293
18296
18298
18301
18303
18305
18308
18310
18312
18315
18317
18320
18322
18324
18327
18329
18331
18334
18336
18339
18341
18343
18346
18348
18351
18353
18355
18358
18360
18362
18365
18367
18370
18372
18374
18377
18379
18381
18384
18386
18389
18391
18393
18396
18398
18401
18403
18405
18408
18410
18412
18415
18417
18420
18422
18424
18427
18429
18431
18434
18436
18439
18441
18443
18446
18448
18451
18453
18455
18458
18460
18462
18465
18467
18470
18472
18474
18477
18479
18481
18484
18486
18489
18491
18493
18496
18498
18501
18503
18506
18508
18511
18513
18516
18518
18521
18523
18526
18528
18531
18533
18536
18538
18541
18543
18546
18548
18551
18553
18555
18558
18560
18562
18565
18567
18570
18572
18574
18577
18579
18581
18584
18586
18589
18591
18593
18596
18598
18601
18603
18605
18608
18610
18612
18615
18617
18620
18622
18624
18627
18629
18631
18634
18636
18639
18641
18643
18646
18648
18651
18653
18655
18658
18660
18662
18665
18667
18670
18672
18674
18677
18679
18681
18684
18686
18689
18691
18693
18696
18698
18701
18703
18705
18708
18710
18712
18715
18717
18720
18722
18724
18727
18729
18731
18734
18736
18739
18741
18743
18746
18748
18751
18753
18755
18758
18760
18762
18765
18767
18770
18772
18774
18777
18779
18781
18784
18786
18789
18791
18793
18796
18798
18801
18803
18806
18808
18811
18813
18816
18818
18821
18823
18826
18828
18831
18833
18836
18838
18841
18843
18846
18848
18851
18853
18855
18858
18860
18862
18865
18867
18870
18872
18874
18877
18879
18881
18884
18886
18889
18891
18893
18896
18898
18901
18903
18905
18908
18910
18912
18915
18917
18920
18922
18924
18927
18929
18931
18934
18936
18939
18941
18943
18946
18948
18951
18953
18955
18958
18960
18962
18965
18967
18970
18972
18974
18977
18979
18981
18984
18986
18989
18991
18993
18996
18998
19001
19003
19005
19008
19010
19012
19015
19017
19020
19022
19024
19027
19029
19031
19034
19036
19039
19041
19043
19046
19048
19051
19053
19055
19058
19060
19062
19065
19067
19070
19072
19074
19077
19079
19081
19084
19086
19089
19091
19093
19096
19098
19101
19103
19106
19108
19111
19113
19116
19118
19121
19123
19126
19128
19131
19133
19136
19138
19141
19143
19146
19148
19151
19153
19155
19158
19160
19162
19165
19167
19170
19172
19174
19177
19179
19181
19184
19186
19189
19191
19193
19196
19198
19201
19203
19205
19208
19210
19212
19215
19217
19220
19222
19224
19227
19229
19231
19234
19236
19239
19241
19243
19246
19248
19251
19253
19255
19258
19260
19262
19265
19267
19270
19272
19274
19277
19279
19281
19284
19286
19289
19291
19293
19296
19298
19301
19303
19305
19308
19310
19312
19315
19317
19320
19322
19324
19327
19329
19331
19334
19336
19339
19341
19343
19346
19348
19351
19353
19355
19358
19360
19362
19365
19367
19370
19372
19374
19377
19379
19381
19384
19386
19389
19391
19393
19396
19398
19401
19403
19406
19408
19411
19413
19416
19418
19421
19423
19426
19428
19431
19433
19436
19438
19441
19443
19446
19448
19451
19453
19455
19458
19460
19462
19465
19467
19470
19472
19474
19477
19479
19481
19484
19486
19489
19491
19493
19496
19498
19501
19503
19505
19508
19510
19512
19515
19517
19520
19522
19524
19527
19529
19531
19534
19536
19539
19541
19543
19546
19548
19551
19553
19555
19558
19560
19562
19565
19567
19570
19572
19574
19577
19579
19581
19584
19586
19589
19591
19593
19596
19598
19601
19603
19605
19608
19610
19612
19615
19617
19620
19622
19624
19627
19629
19631
19634
19636
19639
19641
19643
19646
19648
19651
19653
19655
19658
19660
19662
19665
19667
19670
19672
19674
19677
19679
19681
19684
19686
19689
19691
19693
19696
19698
19701
19703
19706
19708
19711
19713
19716
19718
19721
19723
19726
19728
19731
19733
19736
19738
19741
19743
19746
19748
19751
19753
19755
19758
19760
19762
19765
19767
19770
19772
19774
19777
19779
19781
19784
19786
19789
19791
19793
19796
19798
19801
19803
19805
19808
19810
19812
19815
19817
19820
19822
19824
19827
19829
19831
19834
19836
19839
19841
19843
19846
19848
19851
19853
19855
19858
19860
19862
19865
19867
19870
19872
19874
19877
19879
19881
19884
19886
19889
19891
19893
19896
19898
19901
19903
19905
19908
19910
19912
19915
19917
19920
19922
19924
19927
19929
19931
19934
19936
19939
19941
19943
19946
19948
19951
19953
19955
19958
19960
19962
19965
19967
19970
19972
19974
19977
19979
19981
19984
19986
19989
19991
19993
19996
19998
20001
20003
20006
20008
20011
20013
20016
20018
20021
20023
20026
20028
20031
20033
20036
20038
20041
20043
20046
20048
20051
20053
20055
20058
20060
20062
20065
20067
20070
20072
20074
20077
20079
20081
20084
20086
20089
20091
20093
20096
20098
20101
20103
20105
20108
20110
20112
20115
20117
20120
20122
20124
20127
20129
20131
20134
20136
20139
20141
20143
20146
20148
20151
20153
20155
20158
20160
20162
20165
20167
20170
20172
20174
20177
20179
20181
20184
20186
20189
20191
20193
20196
20198
20201
20203
20205
20208
20210
20212
20215
20217
20220
20222
20224
20227
20229
20231
20234
20236
20239
20241
20243
20246
20248
20251
20253
20255
20258
20260
20262
20265
20267
20270
20272
20274
20277
20279
20281
20284
20286
20289
20291
20293
20296
20298
20301
20303
20306
20308
20311
20313
20316
20318
20321
20323
20326
20328
20331
20333
20336
20338
20341
20343
20346
20348
20351
20353
20355
20358
20360
20362
20365
20367
20370
20372
20374
20377
20379
20381
20384
20386
20389
20391
20393
20396
20398
20401
20403
20405
20408
20410
20412
20415
20417
20420
20422
20424
20427
20429
20431
20434
20436
20439
20441
20443
20446
20448
20451
20453
20455
20458
20460
20462
20465
20467
20470
20472
20474
20477
20479
20481
20484
20486
20489
20491
20493
20496
20498
20501
20503
20505
20508
20510
20512
20515
20517
20520
20522
20524
20527
20529
20531
20534
20536
20539
20541
20543
20546
20548
20551
20553
20555
20558
20560
20562
20565
20567
20570
20572
20574
20577
20579
20581
20584
20586
20589
20591
20593
20596
20598
20601
20603
20606
20608
20611
20613
20616
20618
20621
20623
20626
20628
20631
20633
20636
20638
20641
20643
20646
20648
20651
20653
20655
20658
20660
20662
20665
20667
20670
20672
20674
20677
20679
20681
20684
20686
20689
20691
20693
20696
20698
20701
20703
20705
20708
20710
20712
20715
20717
20720
20722
20724
20727
20729
20731
20734
20736
20739
20741
20743
20746
20748
20751
20753
20755
20758
20760
20762
20765
20767
20770
20772
20774
20777
20779
20781
20784
20786
20789
20791
20793
20796
20798
20801
20803
20805
20808
20810
20812
20815
20817
20820
20822
20824
20827
20829
20831
20834
20836
20839
20841
20843
20846
20848
20851
20853
20855
20858
20860
20862
20865
20867
20870
20872
20874
20877
20879
20881
20884
20886
20889
20891
20893
20896
20898
20901
20903
20906
20908
20911
20913
20916
20918
20921
20923
20926
20928
20931
20933
20936
20938
20941
20943
20946
20948
20951
20953
20955
20958
20960
20962
20965
20967
20970
20972
20974
20977
20979
20981
20984
20986
20989
20991
20993
20996
20998
21001
21003
21005
21008
21010
21012
21015
21017
21020
21022
21024
21027
21029
21031
21034
21036
21039
21041
21043
21046
21048
21051
21053
21055
21058
21060
21062
21065
21067
21070
21072
21074
21077
21079
21081
21084
21086
21089
21091
21093
21096
21098
21101
21103
21105
21108
21110
21112
21115
21117
21120
21122
21124
21127
21129
21131
21134
21136
21139
21141
21143
21146
21148
21151
21153
21155
21158
21160
21162
21165
21167
21170
21172
21174
21177
21179
21181
21184
21186
21189
21191
21193
21196
21198
21201
21203
21206
21208
21211
21213
21216
21218
21221
21223
21226
21228
21231
21233
21236
21238
21241
21243
21246
21248
21251
21253
21255
21258
21260
21262
21265
21267
21270
21272
21274
21277
21279
21281
21284
21286
21289
21291
21293
21296
21298
21301
21303
21305
21308
21310
21312
21315
21317
21320
21322
21324
21327
21329
21331
21334
21336
21339
21341
21343
21346
21348
21351
21353
21355
21358
21360
21362
21365
21367
21370
21372
21374
21377
21379
21381
21384
21386
21389
21391
21393
21396
21398
21401
21403
21405
21408
21410
21412
21415
21417
21420
21422
21424
21427
21429
21431
21434
21436
21439
21441
21443
21446
21448
21451
21453
21455
21458
21460
21462
21465
21467
21470
21472
21474
21477
21479
21481
21484
21486
21489
21491
21493
21496
21498
21501
21503
21506
21508
21511
21513
21516
21518
21521
21523
21526
21528
21531
21533
21536
21538
21541
21543
21546
21548
21551
21553
21555
21558
21560
21562
21565
21567
21570
21572
21574
21577
21579
21581
21584
21586
21589
21591
21593
21596
21598
21601
21603
21605
21608
21610
21612
21615
21617
21620
21622
21624
21627
21629
21631
21634
21636
21639
21641
21643
21646
21648
21651
21653
21655
21658
21660
21662
21665
21667
21670
21672
21674
21677
21679
21681
21684
21686
21689
21691
21693
21696
21698
21701
21703
21705
21708
21710
21712
21715
21717
21720
21722
21724
21727
21729
21731
21734
21736
21739
21741
21743
21746
21748
21751
21753
21755
21758
21760
21762
21765
21767
21770
21772
21774
21777
21779
21781
21784
21786
21789
21791
21793
21796
21798
21801
21803
21806
21808
21811
21813
21816
21818
21821
21823
21826
21828
21831
21833
21836
21838
21841
21843
21846
21848
21851
21853
21855
21858
21860
21862
21865
21867
21870
21872
21874
21877
21879
21881
21884
21886
21889
21891
21893
21896
21898
21901
21903
21905
21908
21910
21912
21915
21917
21920
21922
21924
21927
21929
21931
21934
21936
21939
21941
21943
21946
21948
21951
21953
21955
21958
21960
21962
21965
21967
21970
21972
21974
21977
21979
21981
21984
21986
21989
21991
21993
21996
21998
22001
22003
22005
22008
22010
22012
22015
22017
22020
22022
22024
22027
22029
22031
22034
22036
22039
22041
22043
22046
22048
22051
22053
22055
22058
22060
22062
22065
22067
22070
22072
22074
22077
22079
22081
22084
22086
22089
22091
22093
22096
22098
22101
22103
22106
22108
22111
22113
22116
22118
22121
22123
22126
22128
22131
22133
22136
22138
22141
22143
22146
22148
22151
22153
22155
22158
22160
22162
22165
22167
22170
22172
22174
22177
22179
22181
22184
22186
22189
22191
22193
22196
22198
22201
22203
22205
22208
22210
22212
22215
22217
22220
22222
22224
22227
22229
22231
22234
22236
22239
22241
22243
22246
22248
22251
22253
22255
22258
22260
22262
22265
22267
22270
22272
22274
22277
22279
22281
22284
22286
22289
22291
22293
22296
22298
22301
22303
22305
22308
22310
22312
22315
22317
22320
22322
22324
22327
22329
22331
22334
22336
22339
22341
22343
22346
22348
22351
22353
22355
22358
22360
22362
22365
22367
22370
22372
22374
22377
22379
22381
22384
22386
22389
22391
22393
22396
22398
22401
22403
22406
22408
22411
22413
22416
22418
22421
22423
22426
22428
22431
22433
22436
22438
22441
22443
22446
22448
22451
22453
22455
22458
22460
22462
22465
22467
22470
22472
22474
22477
22479
22481
22484
22486
22489
22491
22493
22496
22498
22501
22503
22505
22508
22510
22512
22515
22517
22520
22522
22524
22527
22529
22531
22534
22536
22539
22541
22543
22546
22548
22551
22553
22555
22558
22560
22562
22565
22567
22570
22572
22574
22577
22579
22581
22584
22586
22589
22591
22593
22596
22598
22601
22603
22605
22608
22610
22612
22615
22617
22620
22622
22624
22627
22629
22631
22634
22636
22639
22641
22643
22646
22648
22651
22653
22655
22658
22660
22662
22665
22667
22670
22672
22674
22677
22679
22681
22684
22686
22689
22691
22693
22696
22698
22701
22703
22706
22708
22711
22713
22716
22718
22721
22723
22726
22728
22731
22733
22736
22738
22741
22743
22746
22748
22751
22753
22755
22758
22760
22762
22765
22767
22770
22772
22774
22777
22779
22781
22784
22786
22789
22791
22793
22796
22798
22801
22803
22805
22808
22810
22812
22815
22817
22820
22822
22824
22827
22829
22831
22834
22836
22839
22841
22843
22846
22848
22851
22853
22855
22858
22860
22862
22865
22867
22870
22872
22874
22877
22879
22881
22884
22886
22889
22891
22893
22896
22898
22901
22903
22905
22908
22910
22912
22915
22917
22920
22922
22924
22927
22929
22931
22934
22936
22939
22941
22943
22946
22948
22951
22953
22955
22958
22960
22962
22965
22967
22970
22972
22974
22977
22979
22981
22984
22986
22989
22991
22993
22996
22998
23001
23003
23006
23008
23011
23013
23016
23018
23021
23023
23026
23028
23031
23033
23036
23038
23041
23043
23046
23048
23051
23053
23055
23058
23060
23062
23065
23067
23070
23072
23074
23077
23079
23081
23084
23086
23089
23091
23093
23096
23098
23101
23103
23105
23108
23110
23112
23115
23117
23120
23122
23124
23127
23129
23131
23134
23136
23139
23141
23143
23146
23148
23151
23153
23155
23158
23160
23162
23165
23167
23170
23172
23174
23177
23179
23181
23184
23186
23189
23191
23193
23196
23198
23201
23203
23205
23208
23210
23212
23215
23217
23220
23222
23224
23227
23229
23231
23234
23236
23239
23241
23243
23246
23248
23251
23253
23255
23258
23260
23262
23265
23267
23270
23272
23274
23277
23279
23281
23284
23286
23289
23291
23293
23296
23298
23301
23303
23306
23308
23311
23313
23316
23318
23321
23323
23326
23328
23331
23333
23336
23338
23341
23343
23346
23348
23351
23353
23355
23358
23360
23362
23365
23367
23370
23372
23374
23377
23379
23381
23384
23386
23389
23391
23393
23396
23398
23401
23403
23405
23408
23410
23412
23415
23417
23420
23422
23424
23427
23429
23431
23434
23436
23439
23441
23443
23446
23448
23451
23453
23455
23458
23460
23462
23465
23467
23470
23472
23474
23477
23479
23481
23484
23486
23489
23491
23493
23496
23498
23501
23503
23505
23508
23510
23512
23515
23517
23520
23522
23524
23527
23529
23531
23534
23536
23539
23541
23543
23546
23548
23551
23553
23555
23558
23560
23562
23565
23567
23570
23572
23574
23577
23579
23581
23584
23586
23589
23591
23593
23596
23598
23601
23603
23606
23608
23611
23613
23616
23618
23621
23623
23626
23628
23631
23633
23636
23638
23641
23643
23646
23648
23651
23653
23655
23658
23660
23662
23665
23667
23670
23672
23674
23677
23679
23681
23684
23686
23689
23691
23693
23696
23698
23701
23703
23705
23708
23710
23712
23715
23717
23720
23722
23724
23727
23729
23731
23734
23736
23739
23741
23743
23746
23748
23751
23753
23755
23758
23760
23762
23765
23767
23770
23772
23774
23777
23779
23781
23784
23786
23789
23791
23793
23796
23798
23801
23803
23805
23808
23810
23812
23815
23817
23820
23822
23824
23827
23829
23831
23834
23836
23839
23841
23843
23846
23848
23851
23853
23855
23858
23860
23862
23865
23867
23870
23872
23874
23877
23879
23881
23884
23886
23889
23891
23893
23896
23898
23901
23903
23906
23908
23911
23913
23916
23918
23921
23923
23926
23928
23931
23933
23936
23938
23941
23943
23946
23948
23951
23953
23955
23958
23960
23962
23965
23967
23970
23972
23974
23977
23979
23981
23984
23986
23989
23991
23993
23996
23998
24001
24003
24005
24008
24010
24012
24015
24017
24020
24022
24024
24027
24029
24031
24034
24036
24039
24041
24043
24046
24048
24051
24053
24055
24058
24060
24062
24065
24067
24070
24072
24074
24077
24079
24081
24084
24086
24089
24091
24093
24096
24098
24101
24103
24105
24108
24110
24112
24115
24117
24120
24122
24124
24127
24129
24131
24134
24136
24139
24141
24143
24146
24148
24151
24153
24155
24158
24160
24162
24165
24167
24170
24172
24174
24177
24179
24181
24184
24186
24189
24191
24193
24196
24198
24201
24203
24206
24208
24211
24213
24216
24218
24221
24223
24226
24228
24231
24233
24236
24238
24241
24243
24246
24248
24251
24253
24255
24258
24260
24262
24265
24267
24270
24272
24274
24277
24279
24281
24284
24286
24289
24291
24293
24296
24298
24301
24303
24305
24308
24310
24312
24315
24317
24320
24322
24324
24327
24329
24331
24334
24336
24339
24341
24343
24346
24348
24351
24353
24355
24358
24360
24362
24365
24367
24370
24372
24374
24377
24379
24381
24384
24386
24389
24391
24393
24396
24398
24401
24403
24405
24408
24410
24412
24415
24417
24420
24422
24424
24427
24429
24431
24434
24436
24439
24441
24443
24446
24448
24451
24453
24455
24458
24460
24462
24465
24467
24470
24472
24474
24477
24479
24481
24484
24486
24489
24491
24493
24496
24498
24501
24503
24506
24508
24511
24513
24516
24518
24521
24523
24526
24528
24531
24533
24536
24538
24541
24543
24546
24548
24551
24553
24555
24558
24560
24562
24565
24567
24570
24572
24574
24577
24579
24581
24584
24586
24589
24591
24593
24596
24598
24601
24603
24605
24608
24610
24612
24615
24617
24620
24622
24624
24627
24629
24631
24634
24636
24639
24641
24643
24646
24648
24651
24653
24655
24658
24660
24662
24665
24667
24670
24672
24674
24677
24679
24681
24684
24686
24689
24691
24693
24696
24698
24701
24703
24705
24708
24710
24712
24715
24717
24720
24722
24724
24727
24729
24731
24734
24736
24739
24741
24743
24746
24748
24751
24753
24755
24758
24760
24762
24765
24767
24770
24772
24774
24777
24779
24781
24784
24786
24789
24791
24793
24796
24798
24801
24803
24806
24808
24811
24813
24816
24818
24821
24823
24826
24828
24831
24833
24836
24838
24841
24843
24846
24848
24851
24853
24855
24858
24860
24862
24865
24867
24870
24872
24874
24877
24879
24881
24884
24886
24889
24891
24893
24896
24898
24901
24903
24905
24908
24910
24912
24915
24917
24920
24922
24924
24927
24929
24931
24934
24936
24939
24941
24943
24946
24948
24951
24953
24955
24958
24960
24962
24965
24967
24970
24972
24974
24977
24979
24981
24984
24986
24989
24991
24993
24996
24998
25001
25003
25005
25008
25010
25012
25015
25017
25020
25022
25024
25027
25029
25031
25034
25036
25039
25041
25043
25046
25048
25051
25053
25055
25058
25060
25062
25065
25067
25070
25072
25074
25077
25079
25081
25084
25086
25089
25091
25093
25096
25098
25101
25103
25106
25108
25111
25113
25116
25118
25121
25123
25126
25128
25131
25133
25136
25138
25141
25143
25146
25148
25151
25153
25155
25158
25160
25162
25165
25167
25170
25172
25174
25177
25179
25181
25184
25186
25189
25191
25193
25196
25198
25201
25203
25205
25208
25210
25212
25215
25217
25220
25222
25224
25227
25229
25231
25234
25236
25239
25241
25243
25246
25248
25251
25253
25255
25258
25260
25262
25265
25267
25270
25272
25274
25277
25279
25281
25284
25286
25289
25291
25293
25296
25298
25301
25303
25305
25308
25310
25312
25315
25317
25320
25322
25324
25327
25329
25331
25334
25336
25339
25341
25343
25346
25348
25351
25353
25355
25358
25360
25362
25365
25367
25370
25372
25374
25377
25379
25381
25384
25386
25389
25391
25393
25396
25398
25401
25403
25406
25408
25411
25413
25416
25418
25421
25423
25426
25428
25431
25433
25436
25438
25441
25443
25446
25448
25451
25453
25455
25458
25460
25462
25465
25467
25470
25472
25474
25477
25479
25481
25484
25486
25489
25491
25493
25496
25498
25501
25503
25505
25508
25510
25512
25515
25517
25520
25522
25524
25527
25529
25531
25534
25536
25539
25541
25543
25546
25548
25551
25553
25555
25558
25560
25562
25565
25567
25570
25572
25574
25577
25579
25581
25584
25586
25589
25591
25593
25596
25598
25601
25603
25605
25608
25610
25612
25615
25617
25620
25622
25624
25627
25629
25631
25634
25636
25639
25641
25643
25646
25648
25651
25653
25655
25658
25660
25662
25665
25667
25670
25672
25674
25677
25679
25681
25684
25686
25689
25691
25693
25696
25698
25701
25703
25706
25708
25711
25713
25716
25718
25721
25723
25726
25728
25731
25733
25736
25738
25741
25743
25746
25748
25751
25753
25755
25758
25760
25762
25765
25767
25770
25772
25774
25777
25779
25781
25784
25786
25789
25791
25793
25796
25798
25801
25803
25805
25808
25810
25812
25815
25817
25820
25822
25824
25827
25829
25831
25834
25836
25839
25841
25843
25846
25848
25851
25853
25855
25858
25860
25862
25865
25867
25870
25872
25874
25877
25879
25881
25884
25886
25889
25891
25893
25896
25898
25901
25903
25905
25908
25910
25912
25915
25917
25920
25922
25924
25927
25929
25931
25934
25936
25939
25941
25943
25946
25948
25951
25953
25955
25958
25960
25962
25965
25967
25970
25972
25974
25977
25979
25981
25984
25986
25989
25991
25993
25996
25998
26001
26003
26006
26008
26011
26013
26016
26018
26021
26023
26026
26028
26031
26033
26036
26038
26041
26043
26046
26048
26051
26053
26055
26058
26060
26062
26065
26067
26070
26072
26074
26077
26079
26081
26084
26086
26089
26091
26093
26096
26098
26101
26103
26105
26108
26110
26112
26115
26117
26120
26122
26124
26127
26129
26131
26134
26136
26139
26141
26143
26146
26148
26151
26153
26155
26158
26160
26162
26165
26167
26170
26172
26174
26177
26179
26181
26184
26186
26189
26191
26193
26196
26198
26201
26203
26205
26208
26210
26212
26215
26217
26220
26222
26224
26227
26229
26231
26234
26236
26239
26241
26243
26246
26248
26251
26253
26255
26258
26260
26262
26265
26267
26270
26272
26274
26277
26279
26281
26284
26286
26289
26291
26293
26296
26298
26301
26303
26306
26308
26311
26313
26316
26318
26321
26323
26326
26328
26331
26333
26336
26338
26341
26343
26346
26348
26351
26353
26355
26358
26360
26362
26365
26367
26370
26372
26374
26377
26379
26381
26384
26386
26389
26391
26393
26396
26398
26401
26403
26405
26408
26410
26412
26415
26417
26420
26422
26424
26427
26429
26431
26434
26436
26439
26441
26443
26446
26448
26451
26453
26455
26458
26460
26462
26465
26467
26470
26472
26474
26477
26479
26481
26484
26486
26489
26491
26493
26496
26498
26501
26503
26505
26508
26510
26512
26515
26517
26520
26522
26524
26527
26529
26531
26534
26536
26539
26541
26543
26546
26548
26551
26553
26555
26558
26560
26562
26565
26567
26570
26572
26574
26577
26579
26581
26584
26586
26589
26591
26593
26596
26598
26601
26603
26606
26608
26611
26613
26616
26618
26621
26623
26626
26628
26631
26633
26636
26638
26641
26643
26646
26648
26651
26653
26655
26658
26660
26662
26665
26667
26670
26672
26674
26677
26679
26681
26684
26686
26689
26691
26693
26696
26698
26701
26703
26705
26708
26710
26712
26715
26717
26720
26722
26724
26727
26729
26731
26734
26736
26739
26741
26743
26746
26748
26751
26753
26755
26758
26760
26762
26765
26767
26770
26772
26774
26777
26779
26781
26784
26786
26789
26791
26793
26796
26798
26801
26803
26805
26808
26810
26812
26815
26817
26820
26822
26824
26827
26829
26831
26834
26836
26839
26841
26843
26846
26848
26851
26853
26855
26858
26860
26862
26865
26867
26870
26872
26874
26877
26879
26881
26884
26886
26889
26891
26893
26896
26898
26901
26903
26906
26908
26911
26913
26916
26918
26921
26923
26926
26928
26931
26933
26936
26938
26941
26943
26946
26948
26951
26953
26955
26958
26960
26962
26965
26967
26970
26972
26974
26977
26979
26981
26984
26986
26989
26991
26993
26996
26998
27001
27003
27005
27008
27010
27012
27015
27017
27020
27022
27024
27027
27029
27031
27034
27036
27039
27041
27043
27046
27048
27051
27053
27055
27058
27060
27062
27065
27067
27070
27072
27074
27077
27079
27081
27084
27086
27089
27091
27093
27096
27098
27101
27103
27105
27108
27110
27112
27115
27117
27120
27122
27124
27127
27129
27131
27134
27136
27139
27141
27143
27146
27148
27151
27153
27155
27158
27160
27162
27165
27167
27170
27172
27174
27177
27179
27181
27184
27186
27189
27191
27193
27196
27198
27201
27203
27206
27208
27211
27213
27216
27218
27221
27223
27226
27228
27231
27233
27236
27238
27241
27243
27246
27248
27251
27253
27255
27258
27260
27262
27265
27267
27270
27272
27274
27277
27279
27281
27284
27286
27289
27291
27293
27296
27298
27301
27303
27305
27308
27310
27312
27315
27317
27320
27322
27324
27327
27329
27331
27334
27336
27339
27341
27343
27346
27348
27351
27353
27355
27358
27360
27362
27365
27367
27370
27372
27374
27377
27379
27381
27384
27386
27389
27391
27393
27396
27398
27401
27403
27405
27408
27410
27412
27415
27417
27420
27422
27424
27427
27429
27431
27434
27436
27439
27441
27443
27446
27448
27451
27453
27455
27458
27460
27462
27465
27467
27470
27472
27474
27477
27479
27481
27484
27486
27489
27491
27493
27496
27498
27501
27503
27506
27508
27511
27513
27516
27518
27521
27523
27526
27528
27531
27533
27536
27538
27541
27543
27546
27548
27551
27553
27555
27558
27560
27562
27565
27567
27570
27572
27574
27577
27579
27581
27584
27586
27589
27591
27593
27596
27598
27601
27603
27605
27608
27610
27612
27615
27617
27620
27622
27624
27627
27629
27631
27634
27636
27639
27641
27643
27646
27648
27651
27653
27655
27658
27660
27662
27665
27667
27670
27672
27674
27677
27679
27681
27684
27686
27689
27691
27693
27696
27698
27701
27703
27705
27708
27710
27712
27715
27717
27720
27722
27724
27727
27729
27731
27734
27736
27739
27741
27743
27746
27748
27751
27753
27755
27758
27760
27762
27765
27767
27770
27772
27774
27777
27779
27781
27784
27786
27789
27791
27793
27796
27798
27801
27803
27806
27808
27811
27813
27816
27818
27821
27823
27826
27828
27831
27833
27836
27838
27841
27843
27846
27848
27851
27853
27855
27858
27860
27862
27865
27867
27870
27872
27874
27877
27879
27881
27884
27886
27889
27891
27893
27896
27898
27901
27903
27905
27908
27910
27912
27915
27917
27920
27922
27924
27927
27929
27931
27934
27936
27939
27941
27943
27946
27948
27951
27953
27955
27958
27960
27962
27965
27967
27970
27972
27974
27977
27979
27981
27984
27986
27989
27991
27993
27996
27998
28001
28003
28005
28008
28010
28012
28015
28017
28020
28022
28024
28027
28029
28031
28034
28036
28039
28041
28043
28046
28048
28051
28053
28055
28058
28060
28062
28065
28067
28070
28072
28074
28077
28079
28081
28084
28086
28089
28091
28093
28096
28098
28101
28103
28106
28108
28111
28113
28116
28118
28121
28123
28126
28128
28131
28133
28136
28138
28141
28143
28146
28148
28151
28153
28155
28158
28160
28162
28165
28167
28170
28172
28174
28177
28179
28181
28184
28186
28189
28191
28193
28196
28198
28201
28203
28205
28208
28210
28212
28215
28217
28220
28222
28224
28227
28229
28231
28234
28236
28239
28241
28243
28246
28248
28251
28253
28255
28258
28260
28262
28265
28267
28270
28272
28274
28277
28279
28281
28284
28286
28289
28291
28293
28296
28298
28301
28303
28305
28308
28310
28312
28315
28317
28320
28322
28324
28327
28329
28331
28334
28336
28339
28341
28343
28346
28348
28351
28353
28355
28358
28360
28362
28365
28367
28370
28372
28374
28377
28379
28381
28384
28386
28389
28391
28393
28396
28398
28401
28403
28406
28408
28411
28413
28416
28418
28421
28423
28426
28428
28431
28433
28436
28438
28441
28443
28446
28448
28451
28453
28455
28458
28460
28462
28465
28467
28470
28472
28474
28477
28479
28481
28484
28486
28489
28491
28493
28496
28498
28501
28503
28505
28508
28510
28512
28515
28517
28520
28522
28524
28527
28529
28531
28534
28536
28539
28541
28543
28546
28548
28551
28553
28555
28558
28560
28562
28565
28567
28570
28572
28574
28577
28579
28581
28584
28586
28589
28591
28593
28596
28598
28601
28603
28605
28608
28610
28612
28615
28617
28620
28622
28624
28627
28629
28631
28634
28636
28639
28641
28643
28646
28648
28651
28653
28655
28658
28660
28662
28665
28667
28670
28672
28674
28677
28679
28681
28684
28686
28689
28691
28693
28696
28698
28701
28703
28706
28708
28711
28713
28716
28718
28721
28723
28726
28728
28731
28733
28736
28738
28741
28743
28746
28748
28751
28753
28755
28758
28760
28762
28765
28767
28770
28772
28774
28777
28779
28781
28784
28786
28789
28791
28793
28796
28798
28801
28803
28805
28808
28810
28812
28815
28817
28820
28822
28824
28827
28829
28831
28834
28836
28839
28841
28843
28846
28848
28851
28853
28855
28858
28860
28862
28865
28867
28870
28872
28874
28877
28879
28881
28884
28886
28889
28891
28893
28896
28898
28901
28903
28905
28908
28910
28912
28915
28917
28920
28922
28924
28927
28929
28931
28934
28936
28939
28941
28943
28946
28948
28951
28953
28955
28958
28960
28962
28965
28967
28970
28972
28974
28977
28979
28981
28984
28986
28989
28991
28993
28996
28998
29001
29003
29006
29008
29011
29013
29016
29018
29021
29023
29026
29028
29031
29033
29036
29038
29041
29043
29046
29048
29051
29053
29055
29058
29060
29062
29065
29067
29070
29072
29074
29077
29079
29081
29084
29086
29089
29091
29093
29096
29098
29101
29103
29105
29108
29110
29112
29115
29117
29120
29122
29124
29127
29129
29131
29134
29136
29139
29141
29143
29146
29148
29151
29153
29155
29158
29160
29162
29165
29167
29170
29172
29174
29177
29179
29181
29184
29186
29189
29191
29193
29196
29198
29201
29203
29205
29208
29210
29212
29215
29217
29220
29222
29224
29227
29229
29231
29234
29236
29239
29241
29243
29246
29248
29251
29253
29255
29258
29260
29262
29265
29267
29270
29272
29274
29277
29279
29281
29284
29286
29289
29291
29293
29296
29298
29301
29303
29306
29308
29311
29313
29316
29318
29321
29323
29326
29328
29331
29333
29336
29338
29341
29343
29346
29348
29351
29353
29355
29358
29360
29362
29365
29367
29370
29372
29374
29377
29379
29381
29384
29386
29389
29391
29393
29396
29398
29401
29403
29405
29408
29410
29412
29415
29417
29420
29422
29424
29427
29429
29431
29434
29436
29439
29441
29443
29446
29448
29451
29453
29455
29458
29460
29462
29465
29467
29470
29472
29474
29477
29479
29481
29484
29486
29489
29491
29493
29496
29498
29501
29503
29505
29508
29510
29512
29515
29517
29520
29522
29524
29527
29529
29531
29534
29536
29539
29541
29543
29546
29548
29551
29553
29555
29558
29560
29562
29565
29567
29570
29572
29574
29577
29579
29581
29584
29586
29589
29591
29593
29596
29598
29601
29603
29606
29608
29611
29613
29616
29618
29621
29623
29626
29628
29631
29633
29636
29638
29641
29643
29646
29648
29651
29653
29655
29658
29660
29662
29665
29667
29670
29672
29674
29677
29679
29681
29684
29686
29689
29691
29693
29696
29698
29701
29703
29705
29708
29710
29712
29715
29717
29720
29722
29724
29727
29729
29731
29734
29736
29739
29741
29743
29746
29748
29751
29753
29755
29758
29760
29762
29765
29767
29770
29772
29774
29777
29779
29781
29784
29786
29789
29791
29793
29796
29798
29801
29803
29805
29808
29810
29812
29815
29817
29820
29822
29824
29827
29829
29831
29834
29836
29839
29841
29843
29846
29848
29851
29853
29855
29858
29860
29862
29865
29867
29870
29872
29874
29877
29879
29881
29884
29886
29889
29891
29893
29896
29898
29901
29903
29906
29908
29911
29913
29916
29918
29921
29923
29926
29928
29931
29933
29936
29938
29941
29943
29946
29948
29951
29953
29955
29958
29960
29962
29965
29967
29970
29972
29974
29977
29979
29981
29984
29986
29989
29991
29993
29996
29998
30001
30003
30005
30008
30010
30012
30015
30017
30020
30022
30024
30027
30029
30031
30034
30036
30039
30041
30043
30046
30048
30051
30053
30055
30058
30060
30062
30065
30067
30070
30072
30074
30077
30079
30081
30084
30086
30089
30091
30093
30096
30098
30101
30103
30105
30108
30110
30112
30115
30117
30120
30122
30124
30127
30129
30131
30134
30136
30139
30141
30143
30146
30148
30151
30153
30155
30158
30160
30162
30165
30167
30170
30172
30174
30177
30179
30181
30184
30186
30189
30191
30193
30196
30198
30201
30203
30206
30208
30211
30213
30216
30218
30221
30223
30226
30228
30231
30233
30236
30238
30241
30243
30246
30248
30251
30253
30255
30258
30260
30262
30265
30267
30270
30272
30274
30277
30279
30281
30284
30286
30289
30291
30293
30296
30298
30301
30303
30305
30308
30310
30312
30315
30317
30320
30322
30324
30327
30329
30331
30334
30336
30339
30341
30343
30346
30348
30351
30353
30355
30358
30360
30362
30365
30367
30370
30372
30374
30377
30379
30381
30384
30386
30389
30391
30393
30396
30398
30401
30403
30405
30408
30410
30412
30415
30417
30420
30422
30424
30427
30429
30431
30434
30436
30439
30441
30443
30446
30448
30451
30453
30455
30458
30460
30462
30465
30467
30470
30472
30474
30477
30479
30481
30484
30486
30489
30491
30493
30496
30498
30501
30503
30506
30508
30511
30513
30516
30518
30521
30523
30526
30528
30531
30533
30536
30538
30541
30543
30546
30548
30551
30553
30555
30558
30560
30562
30565
30567
30570
30572
30574
30577
30579
30581
30584
30586
30589
30591
30593
30596
30598
30601
30603
30605
30608
30610
30612
30615
30617
30620
30622
30624
30627
30629
30631
30634
30636
30639
30641
30643
30646
30648
30651
30653
30655
30658
30660
30662
30665
30667
30670
30672
30674
30677
30679
30681
30684
30686
30689
30691
30693
30696
30698
30701
30703
30705
30708
30710
30712
30715
30717
30720
30722
30724
30727
30729
30731
30734
30736
30739
30741
30743
30746
30748
30751
30753
30755
30758
30760
30762
30765
30767
30770
30772
30774
30777
30779
30781
30784
30786
30789
30791
30793
30796
30798
30801
30803
30806
30808
30811
30813
30816
30818
30821
30823
30826
30828
30831
30833
30836
30838
30841
30843
30846
30848
30851
30853
30855
30858
30860
30862
30865
30867
30870
30872
30874
30877
30879
30881
30884
30886
30889
30891
30893
30896
30898
30901
30903
30905
30908
30910
30912
30915
30917
30920
30922
30924
30927
30929
30931
30934
30936
30939
30941
30943
30946
30948
30951
30953
30955
30958
30960
30962
30965
30967
30970
30972
30974
30977
30979
30981
30984
30986
30989
30991
30993
30996
30998
31001
31003
31005
31008
31010
31012
31015
31017
31020
31022
31024
31027
31029
31031
31034
31036
31039
31041
31043
31046
31048
31051
31053
31055
31058
31060
31062
31065
31067
31070
31072
31074
31077
31079
31081
31084
31086
31089
31091
31093
31096
31098
31101
31103
31106
31108
31111
31113
31116
31118
31121
31123
31126
31128
31131
31133
31136
31138
31141
31143
31146
31148
31151
31153
31155
31158
31160
31162
31165
31167
31170
31172
31174
31177
31179
31181
31184
31186
31189
31191
31193
31196
31198
31201
31203
31205
31208
31210
31212
31215
31217
31220
31222
31224
31227
31229
31231
31234
31236
31239
31241
31243
31246
31248
31251
31253
31255
31258
31260
31262
31265
31267
31270
31272
31274
31277
31279
31281
31284
31286
31289
31291
31293
31296
31298
31301
31303
31305
31308
31310
31312
31315
31317
31320
31322
31324
31327
31329
31331
31334
31336
31339
31341
31343
31346
31348
31351
31353
31355
31358
31360
31362
31365
31367
31370
31372
31374
31377
31379
31381
31384
31386
31389
31391
31393
31396
31398
31401
31403
31406
31408
31411
31413
31416
31418
31421
31423
31426
31428
31431
31433
31436
31438
31441
31443
31446
31448
31451
31453
31455
31458
31460
31462
31465
31467
31470
31472
31474
31477
31479
31481
31484
31486
31489
31491
31493
31496
31498
31501
31503
31505
31508
31510
31512
31515
31517
31520
31522
31524
31527
31529
31531
31534
31536
31539
31541
31543
31546
31548
31551
31553
31555
31558
31560
31562
31565
31567
31570
31572
31574
31577
31579
31581
31584
31586
31589
31591
31593
31596
31598
31601
31603
31605
31608
31610
31612
31615
31617
31620
31622
31624
31627
31629
31631
31634
31636
31639
31641
31643
31646
31648
31651
31653
31655
31658
31660
31662
31665
31667
31670
31672
31674
31677
31679
31681
31684
31686
31689
31691
31693
31696
31698
31701
31703
31706
31708
31711
31713
31716
31718
31721
31723
31726
31728
31731
31733
31736
31738
31741
31743
31746
31748
31751
31753
31755
31758
31760
31762
31765
31767
31770
31772
31774
31777
31779
31781
31784
31786
31789
31791
31793
31796
31798
31801
31803
31805
31808
31810
31812
31815
31817
31820
31822
31824
31827
31829
31831
31834
31836
31839
31841
31843
31846
31848
31851
31853
31855
31858
31860
31862
31865
31867
31870
31872
31874
31877
31879
31881
31884
31886
31889
31891
31893
31896
31898
31901
31903
31905
31908
31910
31912
31915
31917
31920
31922
31924
31927
31929
31931
31934
31936
31939
31941
31943
31946
31948
31951
31953
31955
31958
31960
31962
31965
31967
31970
31972
31974
31977
31979
31981
31984
31986
31989
31991
31993
31996
31998
32001
32003
32006
32008
32011
32013
32016
32018
32021
32023
32026
32028
32031
32033
32036
32038
32041
32043
32046
32048
32051
32053
32055
32058
32060
32062
32065
32067
32070
32072
32074
32077
32079
32081
32084
32086
32089
32091
32093
32096
32098
32101
32103
32105
32108
32110
32112
32115
32117
32120
32122
32124
32127
32129
32131
32134
32136
32139
32141
32143
32146
32148
32151
32153
32155
32158
32160
32162
32165
32167
32170
32172
32174
32177
32179
32181
32184
32186
32189
32191
32193
32196
32198
32201
32203
32205
32208
32210
32212
32215
32217
32220
32222
32224
32227
32229
32231
32234
32236
32239
32241
32243
32246
32248
32251
32253
32255
32258
32260
32262
32265
32267
32270
32272
32274
32277
32279
32281
32284
32286
32289
32291
32293
32296
32298
32301
32303
32306
32308
32311
32313
32316
32318
32321
32323
32326
32328
32331
32333
32336
32338
32341
32343
32346
32348
32351
32353
32355
32358
32360
32362
32365
32367
32370
32372
32374
32377
32379
32381
32384
32386
32389
32391
32393
32396
32398
32401
32403
32405
32408
32410
32412
32415
32417
32420
32422
32424
32427
32429
32431
32434
32436
32439
32441
32443
32446
32448
32451
32453
32455
32458
32460
32462
32465
32467
32470
32472
32474
32477
32479
32481
32484
32486
32489
32491
32493
32496
32498
32501
32503
32505
32508
32510
32512
32515
32517
32520
32522
32524
32527
32529
32531
32534
32536
32539
32541
32543
32546
32548
32551
32553
32555
32558
32560
32562
32565
32567
32570
32572
32574
32577
32579
32581
32584
32586
32589
32591
32593
32596
32598
32601
32603
32606
32608
32611
32613
32616
32618
32621
32623
32626
32628
32631
32633
32636
32638
32641
32643
32646
32648
32651
32653
32655
32658
32660
32662
32665
32667
32670
32672
32674
32677
32679
32681
32684
32686
32689
32691
32693
32696
32698
32701
32703
32705
32708
32710
32712
32715
32717
32720
32722
32724
32727
32729
32731
32734
32736
32739
32741
32743
32746
32748
32751
32753
32755
32758
32760
32762
32765
32767
32770
32772
32774
32777
32779
32781
32784
32786
32789
32791
32793
32796
32798
32801
32803
32805
32808
32810
32812
32815
32817
32820
32822
32824
32827
32829
32831
32834
32836
32839
32841
32843
32846
32848
32851
32853
32855
32858
32860
32862
32865
32867
32870
32872
32874
32877
32879
32881
32884
32886
32889
32891
32893
32896
32898
32901
32903
32906
32908
32911
32913
32916
32918
32921
32923
32926
32928
32931
32933
32936
32938
32941
32943
32946
32948
32951
32953
32955
32958
32960
32962
32965
32967
32970
32972
32974
32977
32979
32981
32984
32986
32989
32991
32993
32996
32998
33001
33003
33005
33008
33010
33012
33015
33017
33020
33022
33024
33027
33029
33031
33034
33036
33039
33041
33043
33046
33048
33051
33053
33055
33058
33060
33062
33065
33067
33070
33072
33074
33077
33079
33081
33084
33086
33089
33091
33093
33096
33098
33101
33103
33105
33108
33110
33112
33115
33117
33120
33122
33124
33127
33129
33131
33134
33136
33139
33141
33143
33146
33148
33151
33153
33155
33158
33160
33162
33165
33167
33170
33172
33174
33177
33179
33181
33184
33186
33189
33191
33193
33196
33198
33201
33203
33206
33208
33211
33213
33216
33218
33221
33223
33226
33228
33231
33233
33236
33238
33241
33243
33246
33248
33251
33253
33255
33258
33260
33262
33265
33267
33270
33272
33274
33277
33279
33281
33284
33286
33289
33291
33293
33296
33298
33301
33303
33305
33308
33310
33312
33315
33317
33320
33322
33324
33327
33329
33331
33334
33336
33339
33341
33343
33346
33348
33351
33353
33355
33358
33360
33362
33365
33367
33370
33372
33374
33377
33379
33381
33384
33386
33389
33391
33393
33396
33398
33401
33403
33405
33408
33410
33412
33415
33417
33420
33422
33424
33427
33429
33431
33434
33436
33439
33441
33443
33446
33448
33451
33453
33455
33458
33460
33462
33465
33467
33470
33472
33474
33477
33479
33481
33484
33486
33489
33491
33493
33496
33498
33501
33503
33506
33508
33511
33513
33516
33518
33521
33523
33526
33528
33531
33533
33536
33538
33541
33543
33546
33548
33551
33553
33555
33558
33560
33562
33565
33567
33570
33572
33574
33577
33579
33581
33584
33586
33589
33591
33593
33596
33598
33601
33603
33605
33608
33610
33612
33615
33617
33620
33622
33624
33627
33629
33631
33634
33636
33639
33641
33643
33646
33648
33651
33653
33655
33658
33660
33662
33665
33667
33670
33672
33674
33677
33679
33681
33684
33686
33689
33691
33693
33696
33698
33701
33703
33705
33708
33710
33712
33715
33717
33720
33722
33724
33727
33729
33731
33734
33736
33739
33741
33743
33746
33748
33751
33753
33755
33758
33760
33762
33765
33767
33770
33772
33774
33777
33779
33781
33784
33786
33789
33791
33793
33796
33798
33801
33803
33806
33808
33811
33813
33816
33818
33821
33823
33826
33828
33831
33833
33836
33838
33841
33843
33846
33848
33851
33853
33855
33858
33860
33862
33865
33867
33870
33872
33874
33877
33879
33881
33884
33886
33889
33891
33893
33896
33898
33901
33903
33905
33908
33910
33912
33915
33917
33920
33922
33924
33927
33929
33931
33934
33936
33939
33941
33943
33946
33948
33951
33953
33955
33958
33960
33962
33965
33967
33970
33972
33974
33977
33979
33981
33984
33986
33989
33991
33993
33996
33998
34001
34003
34005
34008
34010
34012
34015
34017
34020
34022
34024
34027
34029
34031
34034
34036
34039
34041
34043
34046
34048
34051
34053
34055
34058
34060
34062
34065
34067
34070
34072
34074
34077
34079
34081
34084
34086
34089
34091
34093
34096
34098
34101
34103
34106
34108
34111
34113
34116
34118
34121
34123
34126
34128
34131
34133
34136
34138
34141
34143
34146
34148
34151
34153
34155
34158
34160
34162
34165
34167
34170
34172
34174
34177
34179
34181
34184
34186
34189
34191
34193
34196
34198
34201
34203
34205
34208
34210
34212
34215
34217
34220
34222
34224
34227
34229
34231
34234
34236
34239
34241
34243
34246
34248
34251
34253
34255
34258
34260
34262
34265
34267
34270
34272
34274
34277
34279
34281
34284
34286
34289
34291
34293
34296
34298
